certification_slug,domain_slug,objective_id,title,description,option_a,option_b,option_c,option_d,correct_option,difficulty,tags,explanation,reference_urls
aws-saa-c03,resilient-arch,RA-1,SAA-C03 — RA-1 (EASY) #1,What is the primary purpose of Design scalable and loosely coupled solutions using AWS services?,Use an approach that contradicts the exam objective and ignores documented constraints.,"Deploy without monitoring, backup, or access controls required by the blueprint.",Mix controls from unrelated domains that do not address the stated objective.,"Follow the documented approach for Design scalable and loosely coupled solutions using AWS services, using recommended services and controls per the exam guide.",B,EASY,aws-saa-c03|resilient-arch|RA-1|easy|blueprint-seed,**Answer: B** — Design scalable and loosely coupled solutions using AWS services. Review the official AWS exam guide (SAA-C03) and linked documentation. Objective: RA-1.,https://docs.aws.amazon.com/|https://aws.amazon.com/certification/certified-solutions-architect-associate/
aws-saa-c03,resilient-arch,RA-1,SAA-C03 — RA-1 (EASY) #2,Which concept is fundamental to Design scalable and loosely coupled solutions using AWS services?,"Deploy without monitoring, backup, or access controls required by the blueprint.",Mix controls from unrelated domains that do not address the stated objective.,"Implement Design scalable and loosely coupled solutions using AWS services using AWS best practices for Design Resilient Architectures, including monitoring and least privilege.",Use an approach that contradicts the exam objective and ignores documented constraints.,C,EASY,aws-saa-c03|resilient-arch|RA-1|easy|blueprint-seed,**Answer: C** — Design scalable and loosely coupled solutions using AWS services. Review the official AWS exam guide (SAA-C03) and linked documentation. Objective: RA-1.,https://docs.aws.amazon.com/|https://aws.amazon.com/certification/certified-solutions-architect-associate/
aws-saa-c03,resilient-arch,RA-1,SAA-C03 — RA-1 (EASY) #3,Identify the core principle behind Design scalable and loosely coupled solutions using AWS services?,Mix controls from unrelated domains that do not address the stated objective.,Apply the official Design Resilient Architectures guidance: Design scalable and loosely coupled solutions using AWS services — this aligns with exam blueprint expectations and vendor documentation.,Use an approach that contradicts the exam objective and ignores documented constraints.,"Deploy without monitoring, backup, or access controls required by the blueprint.",D,EASY,aws-saa-c03|resilient-arch|RA-1|easy|blueprint-seed,**Answer: D** — Design scalable and loosely coupled solutions using AWS services. Review the official AWS exam guide (SAA-C03) and linked documentation. Objective: RA-1.,https://docs.aws.amazon.com/|https://aws.amazon.com/certification/certified-solutions-architect-associate/
aws-saa-c03,resilient-arch,RA-1,SAA-C03 — RA-1 (EASY) #4,Which description accurately reflects Design scalable and loosely coupled solutions using AWS services?,"Follow the documented approach for Design scalable and loosely coupled solutions using AWS services, using recommended services and controls per the exam guide.",Use an approach that contradicts the exam objective and ignores documented constraints.,"Deploy without monitoring, backup, or access controls required by the blueprint.",Mix controls from unrelated domains that do not address the stated objective.,A,EASY,aws-saa-c03|resilient-arch|RA-1|easy|blueprint-seed,**Answer: A** — Design scalable and loosely coupled solutions using AWS services. Review the official AWS exam guide (SAA-C03) and linked documentation. Objective: RA-1.,https://docs.aws.amazon.com/|https://aws.amazon.com/certification/certified-solutions-architect-associate/
aws-saa-c03,resilient-arch,RA-1,SAA-C03 — RA-1 (EASY) #5,Which statement best defines the scope of Design scalable and loosely coupled solutions using AWS services?,Use an approach that contradicts the exam objective and ignores documented constraints.,"Deploy without monitoring, backup, or access controls required by the blueprint.",Mix controls from unrelated domains that do not address the stated objective.,"Implement Design scalable and loosely coupled solutions using AWS services using AWS best practices for Design Resilient Architectures, including monitoring and least privilege.",B,EASY,aws-saa-c03|resilient-arch|RA-1|easy|blueprint-seed,**Answer: B** — Design scalable and loosely coupled solutions using AWS services. Review the official AWS exam guide (SAA-C03) and linked documentation. Objective: RA-1.,https://docs.aws.amazon.com/|https://aws.amazon.com/certification/certified-solutions-architect-associate/
aws-saa-c03,resilient-arch,RA-1,SAA-C03 — RA-1 (EASY) #6,What is the primary purpose of Design scalable and loosely coupled solutions using AWS services?,"Deploy without monitoring, backup, or access controls required by the blueprint.",Mix controls from unrelated domains that do not address the stated objective.,Apply the official Design Resilient Architectures guidance: Design scalable and loosely coupled solutions using AWS services — this aligns with exam blueprint expectations and vendor documentation.,Use an approach that contradicts the exam objective and ignores documented constraints.,C,EASY,aws-saa-c03|resilient-arch|RA-1|easy|blueprint-seed,**Answer: C** — Design scalable and loosely coupled solutions using AWS services. Review the official AWS exam guide (SAA-C03) and linked documentation. Objective: RA-1.,https://docs.aws.amazon.com/|https://aws.amazon.com/certification/certified-solutions-architect-associate/
aws-saa-c03,resilient-arch,RA-1,SAA-C03 — RA-1 (EASY) #7,Which concept is fundamental to Design scalable and loosely coupled solutions using AWS services?,Mix controls from unrelated domains that do not address the stated objective.,"Follow the documented approach for Design scalable and loosely coupled solutions using AWS services, using recommended services and controls per the exam guide.",Use an approach that contradicts the exam objective and ignores documented constraints.,"Deploy without monitoring, backup, or access controls required by the blueprint.",D,EASY,aws-saa-c03|resilient-arch|RA-1|easy|blueprint-seed,**Answer: D** — Design scalable and loosely coupled solutions using AWS services. Review the official AWS exam guide (SAA-C03) and linked documentation. Objective: RA-1.,https://docs.aws.amazon.com/|https://aws.amazon.com/certification/certified-solutions-architect-associate/
aws-saa-c03,resilient-arch,RA-1,SAA-C03 — RA-1 (EASY) #8,Identify the core principle behind Design scalable and loosely coupled solutions using AWS services?,"Implement Design scalable and loosely coupled solutions using AWS services using AWS best practices for Design Resilient Architectures, including monitoring and least privilege.",Use an approach that contradicts the exam objective and ignores documented constraints.,"Deploy without monitoring, backup, or access controls required by the blueprint.",Mix controls from unrelated domains that do not address the stated objective.,A,EASY,aws-saa-c03|resilient-arch|RA-1|easy|blueprint-seed,**Answer: A** — Design scalable and loosely coupled solutions using AWS services. Review the official AWS exam guide (SAA-C03) and linked documentation. Objective: RA-1.,https://docs.aws.amazon.com/|https://aws.amazon.com/certification/certified-solutions-architect-associate/
aws-saa-c03,resilient-arch,RA-1,SAA-C03 — RA-1 (EASY) #9,Which description accurately reflects Design scalable and loosely coupled solutions using AWS services?,Use an approach that contradicts the exam objective and ignores documented constraints.,"Deploy without monitoring, backup, or access controls required by the blueprint.",Mix controls from unrelated domains that do not address the stated objective.,Apply the official Design Resilient Architectures guidance: Design scalable and loosely coupled solutions using AWS services — this aligns with exam blueprint expectations and vendor documentation.,B,EASY,aws-saa-c03|resilient-arch|RA-1|easy|blueprint-seed,**Answer: B** — Design scalable and loosely coupled solutions using AWS services. Review the official AWS exam guide (SAA-C03) and linked documentation. Objective: RA-1.,https://docs.aws.amazon.com/|https://aws.amazon.com/certification/certified-solutions-architect-associate/
aws-saa-c03,resilient-arch,RA-1,SAA-C03 — RA-1 (EASY) #10,Which statement best defines the scope of Design scalable and loosely coupled solutions using AWS services?,"Deploy without monitoring, backup, or access controls required by the blueprint.",Mix controls from unrelated domains that do not address the stated objective.,"Follow the documented approach for Design scalable and loosely coupled solutions using AWS services, using recommended services and controls per the exam guide.",Use an approach that contradicts the exam objective and ignores documented constraints.,C,EASY,aws-saa-c03|resilient-arch|RA-1|easy|blueprint-seed,**Answer: C** — Design scalable and loosely coupled solutions using AWS services. Review the official AWS exam guide (SAA-C03) and linked documentation. Objective: RA-1.,https://docs.aws.amazon.com/|https://aws.amazon.com/certification/certified-solutions-architect-associate/
aws-saa-c03,resilient-arch,RA-1,SAA-C03 — RA-1 (EASY) #11,What is the primary purpose of Design scalable and loosely coupled solutions using AWS services?,Mix controls from unrelated domains that do not address the stated objective.,"Implement Design scalable and loosely coupled solutions using AWS services using AWS best practices for Design Resilient Architectures, including monitoring and least privilege.",Use an approach that contradicts the exam objective and ignores documented constraints.,"Deploy without monitoring, backup, or access controls required by the blueprint.",D,EASY,aws-saa-c03|resilient-arch|RA-1|easy|blueprint-seed,**Answer: D** — Design scalable and loosely coupled solutions using AWS services. Review the official AWS exam guide (SAA-C03) and linked documentation. Objective: RA-1.,https://docs.aws.amazon.com/|https://aws.amazon.com/certification/certified-solutions-architect-associate/
aws-saa-c03,resilient-arch,RA-1,SAA-C03 — RA-1 (MEDIUM) #12,"During a project review, stakeholders ask how to Design scalable and loosely coupled solutions using AWS services in the context of AWS Solutions Architect Associate?",Apply the official Design Resilient Architectures guidance: Design scalable and loosely coupled solutions using AWS services — this aligns with exam blueprint expectations and vendor documentation.,Use an approach that contradicts the exam objective and ignores documented constraints.,"Deploy without monitoring, backup, or access controls required by the blueprint.",Mix controls from unrelated domains that do not address the stated objective.,A,MEDIUM,aws-saa-c03|resilient-arch|RA-1|medium|blueprint-seed,**Answer: A** — Design scalable and loosely coupled solutions using AWS services. Review the official AWS exam guide (SAA-C03) and linked documentation. Objective: RA-1.,https://docs.aws.amazon.com/|https://aws.amazon.com/certification/certified-solutions-architect-associate/
aws-saa-c03,resilient-arch,RA-1,SAA-C03 — RA-1 (MEDIUM) #13,Which configuration satisfies requirements for Design scalable and loosely coupled solutions using AWS services in the context of AWS Solutions Architect Associate?,Use an approach that contradicts the exam objective and ignores documented constraints.,"Deploy without monitoring, backup, or access controls required by the blueprint.",Mix controls from unrelated domains that do not address the stated objective.,"Follow the documented approach for Design scalable and loosely coupled solutions using AWS services, using recommended services and controls per the exam guide.",B,MEDIUM,aws-saa-c03|resilient-arch|RA-1|medium|blueprint-seed,**Answer: B** — Design scalable and loosely coupled solutions using AWS services. Review the official AWS exam guide (SAA-C03) and linked documentation. Objective: RA-1.,https://docs.aws.amazon.com/|https://aws.amazon.com/certification/certified-solutions-architect-associate/
aws-saa-c03,resilient-arch,RA-1,SAA-C03 — RA-1 (MEDIUM) #14,What is the recommended design when applying Design scalable and loosely coupled solutions using AWS services in the context of AWS Solutions Architect Associate?,"Deploy without monitoring, backup, or access controls required by the blueprint.",Mix controls from unrelated domains that do not address the stated objective.,"Implement Design scalable and loosely coupled solutions using AWS services using AWS best practices for Design Resilient Architectures, including monitoring and least privilege.",Use an approach that contradicts the exam objective and ignores documented constraints.,C,MEDIUM,aws-saa-c03|resilient-arch|RA-1|medium|blueprint-seed,**Answer: C** — Design scalable and loosely coupled solutions using AWS services. Review the official AWS exam guide (SAA-C03) and linked documentation. Objective: RA-1.,https://docs.aws.amazon.com/|https://aws.amazon.com/certification/certified-solutions-architect-associate/
aws-saa-c03,resilient-arch,RA-1,SAA-C03 — RA-1 (MEDIUM) #15,A team must implement a solution for Design scalable and loosely coupled solutions using AWS services in the context of AWS Solutions Architect Associate?,Mix controls from unrelated domains that do not address the stated objective.,Apply the official Design Resilient Architectures guidance: Design scalable and loosely coupled solutions using AWS services — this aligns with exam blueprint expectations and vendor documentation.,Use an approach that contradicts the exam objective and ignores documented constraints.,"Deploy without monitoring, backup, or access controls required by the blueprint.",D,MEDIUM,aws-saa-c03|resilient-arch|RA-1|medium|blueprint-seed,**Answer: D** — Design scalable and loosely coupled solutions using AWS services. Review the official AWS exam guide (SAA-C03) and linked documentation. Objective: RA-1.,https://docs.aws.amazon.com/|https://aws.amazon.com/certification/certified-solutions-architect-associate/
aws-saa-c03,resilient-arch,RA-1,SAA-C03 — RA-1 (MEDIUM) #16,Which approach aligns with best practices when Design scalable and loosely coupled solutions using AWS services in the context of AWS Solutions Architect Associate?,"Follow the documented approach for Design scalable and loosely coupled solutions using AWS services, using recommended services and controls per the exam guide.",Use an approach that contradicts the exam objective and ignores documented constraints.,"Deploy without monitoring, backup, or access controls required by the blueprint.",Mix controls from unrelated domains that do not address the stated objective.,A,MEDIUM,aws-saa-c03|resilient-arch|RA-1|medium|blueprint-seed,**Answer: A** — Design scalable and loosely coupled solutions using AWS services. Review the official AWS exam guide (SAA-C03) and linked documentation. Objective: RA-1.,https://docs.aws.amazon.com/|https://aws.amazon.com/certification/certified-solutions-architect-associate/
aws-saa-c03,resilient-arch,RA-1,SAA-C03 — RA-1 (MEDIUM) #17,"During a project review, stakeholders ask how to Design scalable and loosely coupled solutions using AWS services in the context of AWS Solutions Architect Associate?",Use an approach that contradicts the exam objective and ignores documented constraints.,"Deploy without monitoring, backup, or access controls required by the blueprint.",Mix controls from unrelated domains that do not address the stated objective.,"Implement Design scalable and loosely coupled solutions using AWS services using AWS best practices for Design Resilient Architectures, including monitoring and least privilege.",B,MEDIUM,aws-saa-c03|resilient-arch|RA-1|medium|blueprint-seed,**Answer: B** — Design scalable and loosely coupled solutions using AWS services. Review the official AWS exam guide (SAA-C03) and linked documentation. Objective: RA-1.,https://docs.aws.amazon.com/|https://aws.amazon.com/certification/certified-solutions-architect-associate/
aws-saa-c03,resilient-arch,RA-1,SAA-C03 — RA-1 (MEDIUM) #18,Which configuration satisfies requirements for Design scalable and loosely coupled solutions using AWS services in the context of AWS Solutions Architect Associate?,"Deploy without monitoring, backup, or access controls required by the blueprint.",Mix controls from unrelated domains that do not address the stated objective.,Apply the official Design Resilient Architectures guidance: Design scalable and loosely coupled solutions using AWS services — this aligns with exam blueprint expectations and vendor documentation.,Use an approach that contradicts the exam objective and ignores documented constraints.,C,MEDIUM,aws-saa-c03|resilient-arch|RA-1|medium|blueprint-seed,**Answer: C** — Design scalable and loosely coupled solutions using AWS services. Review the official AWS exam guide (SAA-C03) and linked documentation. Objective: RA-1.,https://docs.aws.amazon.com/|https://aws.amazon.com/certification/certified-solutions-architect-associate/
aws-saa-c03,resilient-arch,RA-1,SAA-C03 — RA-1 (MEDIUM) #19,What is the recommended design when applying Design scalable and loosely coupled solutions using AWS services in the context of AWS Solutions Architect Associate?,Mix controls from unrelated domains that do not address the stated objective.,"Follow the documented approach for Design scalable and loosely coupled solutions using AWS services, using recommended services and controls per the exam guide.",Use an approach that contradicts the exam objective and ignores documented constraints.,"Deploy without monitoring, backup, or access controls required by the blueprint.",D,MEDIUM,aws-saa-c03|resilient-arch|RA-1|medium|blueprint-seed,**Answer: D** — Design scalable and loosely coupled solutions using AWS services. Review the official AWS exam guide (SAA-C03) and linked documentation. Objective: RA-1.,https://docs.aws.amazon.com/|https://aws.amazon.com/certification/certified-solutions-architect-associate/
aws-saa-c03,resilient-arch,RA-1,SAA-C03 — RA-1 (MEDIUM) #20,A team must implement a solution for Design scalable and loosely coupled solutions using AWS services in the context of AWS Solutions Architect Associate?,"Implement Design scalable and loosely coupled solutions using AWS services using AWS best practices for Design Resilient Architectures, including monitoring and least privilege.",Use an approach that contradicts the exam objective and ignores documented constraints.,"Deploy without monitoring, backup, or access controls required by the blueprint.",Mix controls from unrelated domains that do not address the stated objective.,A,MEDIUM,aws-saa-c03|resilient-arch|RA-1|medium|blueprint-seed,**Answer: A** — Design scalable and loosely coupled solutions using AWS services. Review the official AWS exam guide (SAA-C03) and linked documentation. Objective: RA-1.,https://docs.aws.amazon.com/|https://aws.amazon.com/certification/certified-solutions-architect-associate/
aws-saa-c03,resilient-arch,RA-1,SAA-C03 — RA-1 (MEDIUM) #21,Which approach aligns with best practices when Design scalable and loosely coupled solutions using AWS services in the context of AWS Solutions Architect Associate?,Use an approach that contradicts the exam objective and ignores documented constraints.,"Deploy without monitoring, backup, or access controls required by the blueprint.",Mix controls from unrelated domains that do not address the stated objective.,Apply the official Design Resilient Architectures guidance: Design scalable and loosely coupled solutions using AWS services — this aligns with exam blueprint expectations and vendor documentation.,B,MEDIUM,aws-saa-c03|resilient-arch|RA-1|medium|blueprint-seed,**Answer: B** — Design scalable and loosely coupled solutions using AWS services. Review the official AWS exam guide (SAA-C03) and linked documentation. Objective: RA-1.,https://docs.aws.amazon.com/|https://aws.amazon.com/certification/certified-solutions-architect-associate/
aws-saa-c03,resilient-arch,RA-1,SAA-C03 — RA-1 (MEDIUM) #22,"During a project review, stakeholders ask how to Design scalable and loosely coupled solutions using AWS services in the context of AWS Solutions Architect Associate?","Deploy without monitoring, backup, or access controls required by the blueprint.",Mix controls from unrelated domains that do not address the stated objective.,"Follow the documented approach for Design scalable and loosely coupled solutions using AWS services, using recommended services and controls per the exam guide.",Use an approach that contradicts the exam objective and ignores documented constraints.,C,MEDIUM,aws-saa-c03|resilient-arch|RA-1|medium|blueprint-seed,**Answer: C** — Design scalable and loosely coupled solutions using AWS services. Review the official AWS exam guide (SAA-C03) and linked documentation. Objective: RA-1.,https://docs.aws.amazon.com/|https://aws.amazon.com/certification/certified-solutions-architect-associate/
aws-saa-c03,resilient-arch,RA-1,SAA-C03 — RA-1 (MEDIUM) #23,Which configuration satisfies requirements for Design scalable and loosely coupled solutions using AWS services in the context of AWS Solutions Architect Associate?,Mix controls from unrelated domains that do not address the stated objective.,"Implement Design scalable and loosely coupled solutions using AWS services using AWS best practices for Design Resilient Architectures, including monitoring and least privilege.",Use an approach that contradicts the exam objective and ignores documented constraints.,"Deploy without monitoring, backup, or access controls required by the blueprint.",D,MEDIUM,aws-saa-c03|resilient-arch|RA-1|medium|blueprint-seed,**Answer: D** — Design scalable and loosely coupled solutions using AWS services. Review the official AWS exam guide (SAA-C03) and linked documentation. Objective: RA-1.,https://docs.aws.amazon.com/|https://aws.amazon.com/certification/certified-solutions-architect-associate/
aws-saa-c03,resilient-arch,RA-1,SAA-C03 — RA-1 (MEDIUM) #24,What is the recommended design when applying Design scalable and loosely coupled solutions using AWS services in the context of AWS Solutions Architect Associate?,Apply the official Design Resilient Architectures guidance: Design scalable and loosely coupled solutions using AWS services — this aligns with exam blueprint expectations and vendor documentation.,Use an approach that contradicts the exam objective and ignores documented constraints.,"Deploy without monitoring, backup, or access controls required by the blueprint.",Mix controls from unrelated domains that do not address the stated objective.,A,MEDIUM,aws-saa-c03|resilient-arch|RA-1|medium|blueprint-seed,**Answer: A** — Design scalable and loosely coupled solutions using AWS services. Review the official AWS exam guide (SAA-C03) and linked documentation. Objective: RA-1.,https://docs.aws.amazon.com/|https://aws.amazon.com/certification/certified-solutions-architect-associate/
aws-saa-c03,resilient-arch,RA-1,SAA-C03 — RA-1 (MEDIUM) #25,A team must implement a solution for Design scalable and loosely coupled solutions using AWS services in the context of AWS Solutions Architect Associate?,Use an approach that contradicts the exam objective and ignores documented constraints.,"Deploy without monitoring, backup, or access controls required by the blueprint.",Mix controls from unrelated domains that do not address the stated objective.,"Follow the documented approach for Design scalable and loosely coupled solutions using AWS services, using recommended services and controls per the exam guide.",B,MEDIUM,aws-saa-c03|resilient-arch|RA-1|medium|blueprint-seed,**Answer: B** — Design scalable and loosely coupled solutions using AWS services. Review the official AWS exam guide (SAA-C03) and linked documentation. Objective: RA-1.,https://docs.aws.amazon.com/|https://aws.amazon.com/certification/certified-solutions-architect-associate/
aws-saa-c03,resilient-arch,RA-1,SAA-C03 — RA-1 (MEDIUM) #26,Which approach aligns with best practices when Design scalable and loosely coupled solutions using AWS services in the context of AWS Solutions Architect Associate?,"Deploy without monitoring, backup, or access controls required by the blueprint.",Mix controls from unrelated domains that do not address the stated objective.,"Implement Design scalable and loosely coupled solutions using AWS services using AWS best practices for Design Resilient Architectures, including monitoring and least privilege.",Use an approach that contradicts the exam objective and ignores documented constraints.,C,MEDIUM,aws-saa-c03|resilient-arch|RA-1|medium|blueprint-seed,**Answer: C** — Design scalable and loosely coupled solutions using AWS services. Review the official AWS exam guide (SAA-C03) and linked documentation. Objective: RA-1.,https://docs.aws.amazon.com/|https://aws.amazon.com/certification/certified-solutions-architect-associate/
aws-saa-c03,resilient-arch,RA-1,SAA-C03 — RA-1 (HARD) #27,A production incident involves trade-offs between cost and resilience for Design scalable and loosely coupled solutions using AWS services for Design Resilient Architectures?,Mix controls from unrelated domains that do not address the stated objective.,Apply the official Design Resilient Architectures guidance: Design scalable and loosely coupled solutions using AWS services — this aligns with exam blueprint expectations and vendor documentation.,Use an approach that contradicts the exam objective and ignores documented constraints.,"Deploy without monitoring, backup, or access controls required by the blueprint.",D,HARD,aws-saa-c03|resilient-arch|RA-1|hard|blueprint-seed,**Answer: D** — Design scalable and loosely coupled solutions using AWS services. Review the official AWS exam guide (SAA-C03) and linked documentation. Objective: RA-1.,https://docs.aws.amazon.com/|https://aws.amazon.com/certification/certified-solutions-architect-associate/
aws-saa-c03,resilient-arch,RA-1,SAA-C03 — RA-1 (HARD) #28,Complex regulatory requirements demand that you Design scalable and loosely coupled solutions using AWS services for Design Resilient Architectures?,"Follow the documented approach for Design scalable and loosely coupled solutions using AWS services, using recommended services and controls per the exam guide.",Use an approach that contradicts the exam objective and ignores documented constraints.,"Deploy without monitoring, backup, or access controls required by the blueprint.",Mix controls from unrelated domains that do not address the stated objective.,A,HARD,aws-saa-c03|resilient-arch|RA-1|hard|blueprint-seed,**Answer: A** — Design scalable and loosely coupled solutions using AWS services. Review the official AWS exam guide (SAA-C03) and linked documentation. Objective: RA-1.,https://docs.aws.amazon.com/|https://aws.amazon.com/certification/certified-solutions-architect-associate/
aws-saa-c03,resilient-arch,RA-1,SAA-C03 — RA-1 (HARD) #29,A multi-team rollout must balance security and velocity for Design scalable and loosely coupled solutions using AWS services for Design Resilient Architectures?,Use an approach that contradicts the exam objective and ignores documented constraints.,"Deploy without monitoring, backup, or access controls required by the blueprint.",Mix controls from unrelated domains that do not address the stated objective.,"Implement Design scalable and loosely coupled solutions using AWS services using AWS best practices for Design Resilient Architectures, including monitoring and least privilege.",B,HARD,aws-saa-c03|resilient-arch|RA-1|hard|blueprint-seed,**Answer: B** — Design scalable and loosely coupled solutions using AWS services. Review the official AWS exam guide (SAA-C03) and linked documentation. Objective: RA-1.,https://docs.aws.amazon.com/|https://aws.amazon.com/certification/certified-solutions-architect-associate/
aws-saa-c03,resilient-arch,RA-1,SAA-C03 — RA-1 (HARD) #30,An enterprise requires zero-downtime architecture while Design scalable and loosely coupled solutions using AWS services for Design Resilient Architectures?,"Deploy without monitoring, backup, or access controls required by the blueprint.",Mix controls from unrelated domains that do not address the stated objective.,Apply the official Design Resilient Architectures guidance: Design scalable and loosely coupled solutions using AWS services — this aligns with exam blueprint expectations and vendor documentation.,Use an approach that contradicts the exam objective and ignores documented constraints.,C,HARD,aws-saa-c03|resilient-arch|RA-1|hard|blueprint-seed,**Answer: C** — Design scalable and loosely coupled solutions using AWS services. Review the official AWS exam guide (SAA-C03) and linked documentation. Objective: RA-1.,https://docs.aws.amazon.com/|https://aws.amazon.com/certification/certified-solutions-architect-associate/
aws-saa-c03,resilient-arch,RA-1,SAA-C03 — RA-1 (HARD) #31,"Given strict compliance, auditability, and multi-region constraints, how should you Design scalable and loosely coupled solutions using AWS services for Design Resilient Architectures?",Mix controls from unrelated domains that do not address the stated objective.,"Follow the documented approach for Design scalable and loosely coupled solutions using AWS services, using recommended services and controls per the exam guide.",Use an approach that contradicts the exam objective and ignores documented constraints.,"Deploy without monitoring, backup, or access controls required by the blueprint.",D,HARD,aws-saa-c03|resilient-arch|RA-1|hard|blueprint-seed,**Answer: D** — Design scalable and loosely coupled solutions using AWS services. Review the official AWS exam guide (SAA-C03) and linked documentation. Objective: RA-1.,https://docs.aws.amazon.com/|https://aws.amazon.com/certification/certified-solutions-architect-associate/
aws-saa-c03,resilient-arch,RA-1,SAA-C03 — RA-1 (HARD) #32,A production incident involves trade-offs between cost and resilience for Design scalable and loosely coupled solutions using AWS services for Design Resilient Architectures?,"Implement Design scalable and loosely coupled solutions using AWS services using AWS best practices for Design Resilient Architectures, including monitoring and least privilege.",Use an approach that contradicts the exam objective and ignores documented constraints.,"Deploy without monitoring, backup, or access controls required by the blueprint.",Mix controls from unrelated domains that do not address the stated objective.,A,HARD,aws-saa-c03|resilient-arch|RA-1|hard|blueprint-seed,**Answer: A** — Design scalable and loosely coupled solutions using AWS services. Review the official AWS exam guide (SAA-C03) and linked documentation. Objective: RA-1.,https://docs.aws.amazon.com/|https://aws.amazon.com/certification/certified-solutions-architect-associate/
aws-saa-c03,resilient-arch,RA-1,SAA-C03 — RA-1 (HARD) #33,Complex regulatory requirements demand that you Design scalable and loosely coupled solutions using AWS services for Design Resilient Architectures?,Use an approach that contradicts the exam objective and ignores documented constraints.,"Deploy without monitoring, backup, or access controls required by the blueprint.",Mix controls from unrelated domains that do not address the stated objective.,Apply the official Design Resilient Architectures guidance: Design scalable and loosely coupled solutions using AWS services — this aligns with exam blueprint expectations and vendor documentation.,B,HARD,aws-saa-c03|resilient-arch|RA-1|hard|blueprint-seed,**Answer: B** — Design scalable and loosely coupled solutions using AWS services. Review the official AWS exam guide (SAA-C03) and linked documentation. Objective: RA-1.,https://docs.aws.amazon.com/|https://aws.amazon.com/certification/certified-solutions-architect-associate/
aws-saa-c03,resilient-arch,RA-1,SAA-C03 — RA-1 (HARD) #34,A multi-team rollout must balance security and velocity for Design scalable and loosely coupled solutions using AWS services for Design Resilient Architectures?,"Deploy without monitoring, backup, or access controls required by the blueprint.",Mix controls from unrelated domains that do not address the stated objective.,"Follow the documented approach for Design scalable and loosely coupled solutions using AWS services, using recommended services and controls per the exam guide.",Use an approach that contradicts the exam objective and ignores documented constraints.,C,HARD,aws-saa-c03|resilient-arch|RA-1|hard|blueprint-seed,**Answer: C** — Design scalable and loosely coupled solutions using AWS services. Review the official AWS exam guide (SAA-C03) and linked documentation. Objective: RA-1.,https://docs.aws.amazon.com/|https://aws.amazon.com/certification/certified-solutions-architect-associate/
aws-saa-c03,resilient-arch,RA-1,SAA-C03 — RA-1 (HARD) #35,An enterprise requires zero-downtime architecture while Design scalable and loosely coupled solutions using AWS services for Design Resilient Architectures?,Mix controls from unrelated domains that do not address the stated objective.,"Implement Design scalable and loosely coupled solutions using AWS services using AWS best practices for Design Resilient Architectures, including monitoring and least privilege.",Use an approach that contradicts the exam objective and ignores documented constraints.,"Deploy without monitoring, backup, or access controls required by the blueprint.",D,HARD,aws-saa-c03|resilient-arch|RA-1|hard|blueprint-seed,**Answer: D** — Design scalable and loosely coupled solutions using AWS services. Review the official AWS exam guide (SAA-C03) and linked documentation. Objective: RA-1.,https://docs.aws.amazon.com/|https://aws.amazon.com/certification/certified-solutions-architect-associate/
aws-saa-c03,resilient-arch,RA-1,SAA-C03 — RA-1 (HARD) #36,"Given strict compliance, auditability, and multi-region constraints, how should you Design scalable and loosely coupled solutions using AWS services for Design Resilient Architectures?",Apply the official Design Resilient Architectures guidance: Design scalable and loosely coupled solutions using AWS services — this aligns with exam blueprint expectations and vendor documentation.,Use an approach that contradicts the exam objective and ignores documented constraints.,"Deploy without monitoring, backup, or access controls required by the blueprint.",Mix controls from unrelated domains that do not address the stated objective.,A,HARD,aws-saa-c03|resilient-arch|RA-1|hard|blueprint-seed,**Answer: A** — Design scalable and loosely coupled solutions using AWS services. Review the official AWS exam guide (SAA-C03) and linked documentation. Objective: RA-1.,https://docs.aws.amazon.com/|https://aws.amazon.com/certification/certified-solutions-architect-associate/
aws-saa-c03,resilient-arch,RA-1,SAA-C03 — RA-1 (HARD) #37,A production incident involves trade-offs between cost and resilience for Design scalable and loosely coupled solutions using AWS services for Design Resilient Architectures?,Use an approach that contradicts the exam objective and ignores documented constraints.,"Deploy without monitoring, backup, or access controls required by the blueprint.",Mix controls from unrelated domains that do not address the stated objective.,"Follow the documented approach for Design scalable and loosely coupled solutions using AWS services, using recommended services and controls per the exam guide.",B,HARD,aws-saa-c03|resilient-arch|RA-1|hard|blueprint-seed,**Answer: B** — Design scalable and loosely coupled solutions using AWS services. Review the official AWS exam guide (SAA-C03) and linked documentation. Objective: RA-1.,https://docs.aws.amazon.com/|https://aws.amazon.com/certification/certified-solutions-architect-associate/
aws-saa-c03,resilient-arch,RA-1,SAA-C03 — RA-1 (HARD) #38,Complex regulatory requirements demand that you Design scalable and loosely coupled solutions using AWS services for Design Resilient Architectures?,"Deploy without monitoring, backup, or access controls required by the blueprint.",Mix controls from unrelated domains that do not address the stated objective.,"Implement Design scalable and loosely coupled solutions using AWS services using AWS best practices for Design Resilient Architectures, including monitoring and least privilege.",Use an approach that contradicts the exam objective and ignores documented constraints.,C,HARD,aws-saa-c03|resilient-arch|RA-1|hard|blueprint-seed,**Answer: C** — Design scalable and loosely coupled solutions using AWS services. Review the official AWS exam guide (SAA-C03) and linked documentation. Objective: RA-1.,https://docs.aws.amazon.com/|https://aws.amazon.com/certification/certified-solutions-architect-associate/
aws-saa-c03,resilient-arch,RA-2,SAA-C03 — RA-2 (EASY) #1,What is the primary purpose of Design highly available and fault-tolerant architectures?,Use an approach that contradicts the exam objective and ignores documented constraints.,"Deploy without monitoring, backup, or access controls required by the blueprint.",Mix controls from unrelated domains that do not address the stated objective.,"Follow the documented approach for Design highly available and fault-tolerant architectures, using recommended services and controls per the exam guide.",B,EASY,aws-saa-c03|resilient-arch|RA-2|easy|blueprint-seed,**Answer: B** — Design highly available and fault-tolerant architectures. Review the official AWS exam guide (SAA-C03) and linked documentation. Objective: RA-2.,https://docs.aws.amazon.com/|https://aws.amazon.com/certification/certified-solutions-architect-associate/
aws-saa-c03,resilient-arch,RA-2,SAA-C03 — RA-2 (EASY) #2,Which concept is fundamental to Design highly available and fault-tolerant architectures?,"Deploy without monitoring, backup, or access controls required by the blueprint.",Mix controls from unrelated domains that do not address the stated objective.,"Implement Design highly available and fault-tolerant architectures using AWS best practices for Design Resilient Architectures, including monitoring and least privilege.",Use an approach that contradicts the exam objective and ignores documented constraints.,C,EASY,aws-saa-c03|resilient-arch|RA-2|easy|blueprint-seed,**Answer: C** — Design highly available and fault-tolerant architectures. Review the official AWS exam guide (SAA-C03) and linked documentation. Objective: RA-2.,https://docs.aws.amazon.com/|https://aws.amazon.com/certification/certified-solutions-architect-associate/
aws-saa-c03,resilient-arch,RA-2,SAA-C03 — RA-2 (EASY) #3,Identify the core principle behind Design highly available and fault-tolerant architectures?,Mix controls from unrelated domains that do not address the stated objective.,Apply the official Design Resilient Architectures guidance: Design highly available and fault-tolerant architectures — this aligns with exam blueprint expectations and vendor documentation.,Use an approach that contradicts the exam objective and ignores documented constraints.,"Deploy without monitoring, backup, or access controls required by the blueprint.",D,EASY,aws-saa-c03|resilient-arch|RA-2|easy|blueprint-seed,**Answer: D** — Design highly available and fault-tolerant architectures. Review the official AWS exam guide (SAA-C03) and linked documentation. Objective: RA-2.,https://docs.aws.amazon.com/|https://aws.amazon.com/certification/certified-solutions-architect-associate/
aws-saa-c03,resilient-arch,RA-2,SAA-C03 — RA-2 (EASY) #4,Which description accurately reflects Design highly available and fault-tolerant architectures?,"Follow the documented approach for Design highly available and fault-tolerant architectures, using recommended services and controls per the exam guide.",Use an approach that contradicts the exam objective and ignores documented constraints.,"Deploy without monitoring, backup, or access controls required by the blueprint.",Mix controls from unrelated domains that do not address the stated objective.,A,EASY,aws-saa-c03|resilient-arch|RA-2|easy|blueprint-seed,**Answer: A** — Design highly available and fault-tolerant architectures. Review the official AWS exam guide (SAA-C03) and linked documentation. Objective: RA-2.,https://docs.aws.amazon.com/|https://aws.amazon.com/certification/certified-solutions-architect-associate/
aws-saa-c03,resilient-arch,RA-2,SAA-C03 — RA-2 (EASY) #5,Which statement best defines the scope of Design highly available and fault-tolerant architectures?,Use an approach that contradicts the exam objective and ignores documented constraints.,"Deploy without monitoring, backup, or access controls required by the blueprint.",Mix controls from unrelated domains that do not address the stated objective.,"Implement Design highly available and fault-tolerant architectures using AWS best practices for Design Resilient Architectures, including monitoring and least privilege.",B,EASY,aws-saa-c03|resilient-arch|RA-2|easy|blueprint-seed,**Answer: B** — Design highly available and fault-tolerant architectures. Review the official AWS exam guide (SAA-C03) and linked documentation. Objective: RA-2.,https://docs.aws.amazon.com/|https://aws.amazon.com/certification/certified-solutions-architect-associate/
aws-saa-c03,resilient-arch,RA-2,SAA-C03 — RA-2 (EASY) #6,What is the primary purpose of Design highly available and fault-tolerant architectures?,"Deploy without monitoring, backup, or access controls required by the blueprint.",Mix controls from unrelated domains that do not address the stated objective.,Apply the official Design Resilient Architectures guidance: Design highly available and fault-tolerant architectures — this aligns with exam blueprint expectations and vendor documentation.,Use an approach that contradicts the exam objective and ignores documented constraints.,C,EASY,aws-saa-c03|resilient-arch|RA-2|easy|blueprint-seed,**Answer: C** — Design highly available and fault-tolerant architectures. Review the official AWS exam guide (SAA-C03) and linked documentation. Objective: RA-2.,https://docs.aws.amazon.com/|https://aws.amazon.com/certification/certified-solutions-architect-associate/
aws-saa-c03,resilient-arch,RA-2,SAA-C03 — RA-2 (EASY) #7,Which concept is fundamental to Design highly available and fault-tolerant architectures?,Mix controls from unrelated domains that do not address the stated objective.,"Follow the documented approach for Design highly available and fault-tolerant architectures, using recommended services and controls per the exam guide.",Use an approach that contradicts the exam objective and ignores documented constraints.,"Deploy without monitoring, backup, or access controls required by the blueprint.",D,EASY,aws-saa-c03|resilient-arch|RA-2|easy|blueprint-seed,**Answer: D** — Design highly available and fault-tolerant architectures. Review the official AWS exam guide (SAA-C03) and linked documentation. Objective: RA-2.,https://docs.aws.amazon.com/|https://aws.amazon.com/certification/certified-solutions-architect-associate/
aws-saa-c03,resilient-arch,RA-2,SAA-C03 — RA-2 (EASY) #8,Identify the core principle behind Design highly available and fault-tolerant architectures?,"Implement Design highly available and fault-tolerant architectures using AWS best practices for Design Resilient Architectures, including monitoring and least privilege.",Use an approach that contradicts the exam objective and ignores documented constraints.,"Deploy without monitoring, backup, or access controls required by the blueprint.",Mix controls from unrelated domains that do not address the stated objective.,A,EASY,aws-saa-c03|resilient-arch|RA-2|easy|blueprint-seed,**Answer: A** — Design highly available and fault-tolerant architectures. Review the official AWS exam guide (SAA-C03) and linked documentation. Objective: RA-2.,https://docs.aws.amazon.com/|https://aws.amazon.com/certification/certified-solutions-architect-associate/
aws-saa-c03,resilient-arch,RA-2,SAA-C03 — RA-2 (EASY) #9,Which description accurately reflects Design highly available and fault-tolerant architectures?,Use an approach that contradicts the exam objective and ignores documented constraints.,"Deploy without monitoring, backup, or access controls required by the blueprint.",Mix controls from unrelated domains that do not address the stated objective.,Apply the official Design Resilient Architectures guidance: Design highly available and fault-tolerant architectures — this aligns with exam blueprint expectations and vendor documentation.,B,EASY,aws-saa-c03|resilient-arch|RA-2|easy|blueprint-seed,**Answer: B** — Design highly available and fault-tolerant architectures. Review the official AWS exam guide (SAA-C03) and linked documentation. Objective: RA-2.,https://docs.aws.amazon.com/|https://aws.amazon.com/certification/certified-solutions-architect-associate/
aws-saa-c03,resilient-arch,RA-2,SAA-C03 — RA-2 (EASY) #10,Which statement best defines the scope of Design highly available and fault-tolerant architectures?,"Deploy without monitoring, backup, or access controls required by the blueprint.",Mix controls from unrelated domains that do not address the stated objective.,"Follow the documented approach for Design highly available and fault-tolerant architectures, using recommended services and controls per the exam guide.",Use an approach that contradicts the exam objective and ignores documented constraints.,C,EASY,aws-saa-c03|resilient-arch|RA-2|easy|blueprint-seed,**Answer: C** — Design highly available and fault-tolerant architectures. Review the official AWS exam guide (SAA-C03) and linked documentation. Objective: RA-2.,https://docs.aws.amazon.com/|https://aws.amazon.com/certification/certified-solutions-architect-associate/
aws-saa-c03,resilient-arch,RA-2,SAA-C03 — RA-2 (EASY) #11,What is the primary purpose of Design highly available and fault-tolerant architectures?,Mix controls from unrelated domains that do not address the stated objective.,"Implement Design highly available and fault-tolerant architectures using AWS best practices for Design Resilient Architectures, including monitoring and least privilege.",Use an approach that contradicts the exam objective and ignores documented constraints.,"Deploy without monitoring, backup, or access controls required by the blueprint.",D,EASY,aws-saa-c03|resilient-arch|RA-2|easy|blueprint-seed,**Answer: D** — Design highly available and fault-tolerant architectures. Review the official AWS exam guide (SAA-C03) and linked documentation. Objective: RA-2.,https://docs.aws.amazon.com/|https://aws.amazon.com/certification/certified-solutions-architect-associate/
aws-saa-c03,resilient-arch,RA-2,SAA-C03 — RA-2 (MEDIUM) #12,"During a project review, stakeholders ask how to Design highly available and fault-tolerant architectures in the context of AWS Solutions Architect Associate?",Apply the official Design Resilient Architectures guidance: Design highly available and fault-tolerant architectures — this aligns with exam blueprint expectations and vendor documentation.,Use an approach that contradicts the exam objective and ignores documented constraints.,"Deploy without monitoring, backup, or access controls required by the blueprint.",Mix controls from unrelated domains that do not address the stated objective.,A,MEDIUM,aws-saa-c03|resilient-arch|RA-2|medium|blueprint-seed,**Answer: A** — Design highly available and fault-tolerant architectures. Review the official AWS exam guide (SAA-C03) and linked documentation. Objective: RA-2.,https://docs.aws.amazon.com/|https://aws.amazon.com/certification/certified-solutions-architect-associate/
aws-saa-c03,resilient-arch,RA-2,SAA-C03 — RA-2 (MEDIUM) #13,Which configuration satisfies requirements for Design highly available and fault-tolerant architectures in the context of AWS Solutions Architect Associate?,Use an approach that contradicts the exam objective and ignores documented constraints.,"Deploy without monitoring, backup, or access controls required by the blueprint.",Mix controls from unrelated domains that do not address the stated objective.,"Follow the documented approach for Design highly available and fault-tolerant architectures, using recommended services and controls per the exam guide.",B,MEDIUM,aws-saa-c03|resilient-arch|RA-2|medium|blueprint-seed,**Answer: B** — Design highly available and fault-tolerant architectures. Review the official AWS exam guide (SAA-C03) and linked documentation. Objective: RA-2.,https://docs.aws.amazon.com/|https://aws.amazon.com/certification/certified-solutions-architect-associate/
aws-saa-c03,resilient-arch,RA-2,SAA-C03 — RA-2 (MEDIUM) #14,What is the recommended design when applying Design highly available and fault-tolerant architectures in the context of AWS Solutions Architect Associate?,"Deploy without monitoring, backup, or access controls required by the blueprint.",Mix controls from unrelated domains that do not address the stated objective.,"Implement Design highly available and fault-tolerant architectures using AWS best practices for Design Resilient Architectures, including monitoring and least privilege.",Use an approach that contradicts the exam objective and ignores documented constraints.,C,MEDIUM,aws-saa-c03|resilient-arch|RA-2|medium|blueprint-seed,**Answer: C** — Design highly available and fault-tolerant architectures. Review the official AWS exam guide (SAA-C03) and linked documentation. Objective: RA-2.,https://docs.aws.amazon.com/|https://aws.amazon.com/certification/certified-solutions-architect-associate/
aws-saa-c03,resilient-arch,RA-2,SAA-C03 — RA-2 (MEDIUM) #15,A team must implement a solution for Design highly available and fault-tolerant architectures in the context of AWS Solutions Architect Associate?,Mix controls from unrelated domains that do not address the stated objective.,Apply the official Design Resilient Architectures guidance: Design highly available and fault-tolerant architectures — this aligns with exam blueprint expectations and vendor documentation.,Use an approach that contradicts the exam objective and ignores documented constraints.,"Deploy without monitoring, backup, or access controls required by the blueprint.",D,MEDIUM,aws-saa-c03|resilient-arch|RA-2|medium|blueprint-seed,**Answer: D** — Design highly available and fault-tolerant architectures. Review the official AWS exam guide (SAA-C03) and linked documentation. Objective: RA-2.,https://docs.aws.amazon.com/|https://aws.amazon.com/certification/certified-solutions-architect-associate/
aws-saa-c03,resilient-arch,RA-2,SAA-C03 — RA-2 (MEDIUM) #16,Which approach aligns with best practices when Design highly available and fault-tolerant architectures in the context of AWS Solutions Architect Associate?,"Follow the documented approach for Design highly available and fault-tolerant architectures, using recommended services and controls per the exam guide.",Use an approach that contradicts the exam objective and ignores documented constraints.,"Deploy without monitoring, backup, or access controls required by the blueprint.",Mix controls from unrelated domains that do not address the stated objective.,A,MEDIUM,aws-saa-c03|resilient-arch|RA-2|medium|blueprint-seed,**Answer: A** — Design highly available and fault-tolerant architectures. Review the official AWS exam guide (SAA-C03) and linked documentation. Objective: RA-2.,https://docs.aws.amazon.com/|https://aws.amazon.com/certification/certified-solutions-architect-associate/
aws-saa-c03,resilient-arch,RA-2,SAA-C03 — RA-2 (MEDIUM) #17,"During a project review, stakeholders ask how to Design highly available and fault-tolerant architectures in the context of AWS Solutions Architect Associate?",Use an approach that contradicts the exam objective and ignores documented constraints.,"Deploy without monitoring, backup, or access controls required by the blueprint.",Mix controls from unrelated domains that do not address the stated objective.,"Implement Design highly available and fault-tolerant architectures using AWS best practices for Design Resilient Architectures, including monitoring and least privilege.",B,MEDIUM,aws-saa-c03|resilient-arch|RA-2|medium|blueprint-seed,**Answer: B** — Design highly available and fault-tolerant architectures. Review the official AWS exam guide (SAA-C03) and linked documentation. Objective: RA-2.,https://docs.aws.amazon.com/|https://aws.amazon.com/certification/certified-solutions-architect-associate/
aws-saa-c03,resilient-arch,RA-2,SAA-C03 — RA-2 (MEDIUM) #18,Which configuration satisfies requirements for Design highly available and fault-tolerant architectures in the context of AWS Solutions Architect Associate?,"Deploy without monitoring, backup, or access controls required by the blueprint.",Mix controls from unrelated domains that do not address the stated objective.,Apply the official Design Resilient Architectures guidance: Design highly available and fault-tolerant architectures — this aligns with exam blueprint expectations and vendor documentation.,Use an approach that contradicts the exam objective and ignores documented constraints.,C,MEDIUM,aws-saa-c03|resilient-arch|RA-2|medium|blueprint-seed,**Answer: C** — Design highly available and fault-tolerant architectures. Review the official AWS exam guide (SAA-C03) and linked documentation. Objective: RA-2.,https://docs.aws.amazon.com/|https://aws.amazon.com/certification/certified-solutions-architect-associate/
aws-saa-c03,resilient-arch,RA-2,SAA-C03 — RA-2 (MEDIUM) #19,What is the recommended design when applying Design highly available and fault-tolerant architectures in the context of AWS Solutions Architect Associate?,Mix controls from unrelated domains that do not address the stated objective.,"Follow the documented approach for Design highly available and fault-tolerant architectures, using recommended services and controls per the exam guide.",Use an approach that contradicts the exam objective and ignores documented constraints.,"Deploy without monitoring, backup, or access controls required by the blueprint.",D,MEDIUM,aws-saa-c03|resilient-arch|RA-2|medium|blueprint-seed,**Answer: D** — Design highly available and fault-tolerant architectures. Review the official AWS exam guide (SAA-C03) and linked documentation. Objective: RA-2.,https://docs.aws.amazon.com/|https://aws.amazon.com/certification/certified-solutions-architect-associate/
aws-saa-c03,resilient-arch,RA-2,SAA-C03 — RA-2 (MEDIUM) #20,A team must implement a solution for Design highly available and fault-tolerant architectures in the context of AWS Solutions Architect Associate?,"Implement Design highly available and fault-tolerant architectures using AWS best practices for Design Resilient Architectures, including monitoring and least privilege.",Use an approach that contradicts the exam objective and ignores documented constraints.,"Deploy without monitoring, backup, or access controls required by the blueprint.",Mix controls from unrelated domains that do not address the stated objective.,A,MEDIUM,aws-saa-c03|resilient-arch|RA-2|medium|blueprint-seed,**Answer: A** — Design highly available and fault-tolerant architectures. Review the official AWS exam guide (SAA-C03) and linked documentation. Objective: RA-2.,https://docs.aws.amazon.com/|https://aws.amazon.com/certification/certified-solutions-architect-associate/
aws-saa-c03,resilient-arch,RA-2,SAA-C03 — RA-2 (MEDIUM) #21,Which approach aligns with best practices when Design highly available and fault-tolerant architectures in the context of AWS Solutions Architect Associate?,Use an approach that contradicts the exam objective and ignores documented constraints.,"Deploy without monitoring, backup, or access controls required by the blueprint.",Mix controls from unrelated domains that do not address the stated objective.,Apply the official Design Resilient Architectures guidance: Design highly available and fault-tolerant architectures — this aligns with exam blueprint expectations and vendor documentation.,B,MEDIUM,aws-saa-c03|resilient-arch|RA-2|medium|blueprint-seed,**Answer: B** — Design highly available and fault-tolerant architectures. Review the official AWS exam guide (SAA-C03) and linked documentation. Objective: RA-2.,https://docs.aws.amazon.com/|https://aws.amazon.com/certification/certified-solutions-architect-associate/
aws-saa-c03,resilient-arch,RA-2,SAA-C03 — RA-2 (MEDIUM) #22,"During a project review, stakeholders ask how to Design highly available and fault-tolerant architectures in the context of AWS Solutions Architect Associate?","Deploy without monitoring, backup, or access controls required by the blueprint.",Mix controls from unrelated domains that do not address the stated objective.,"Follow the documented approach for Design highly available and fault-tolerant architectures, using recommended services and controls per the exam guide.",Use an approach that contradicts the exam objective and ignores documented constraints.,C,MEDIUM,aws-saa-c03|resilient-arch|RA-2|medium|blueprint-seed,**Answer: C** — Design highly available and fault-tolerant architectures. Review the official AWS exam guide (SAA-C03) and linked documentation. Objective: RA-2.,https://docs.aws.amazon.com/|https://aws.amazon.com/certification/certified-solutions-architect-associate/
aws-saa-c03,resilient-arch,RA-2,SAA-C03 — RA-2 (MEDIUM) #23,Which configuration satisfies requirements for Design highly available and fault-tolerant architectures in the context of AWS Solutions Architect Associate?,Mix controls from unrelated domains that do not address the stated objective.,"Implement Design highly available and fault-tolerant architectures using AWS best practices for Design Resilient Architectures, including monitoring and least privilege.",Use an approach that contradicts the exam objective and ignores documented constraints.,"Deploy without monitoring, backup, or access controls required by the blueprint.",D,MEDIUM,aws-saa-c03|resilient-arch|RA-2|medium|blueprint-seed,**Answer: D** — Design highly available and fault-tolerant architectures. Review the official AWS exam guide (SAA-C03) and linked documentation. Objective: RA-2.,https://docs.aws.amazon.com/|https://aws.amazon.com/certification/certified-solutions-architect-associate/
aws-saa-c03,resilient-arch,RA-2,SAA-C03 — RA-2 (MEDIUM) #24,What is the recommended design when applying Design highly available and fault-tolerant architectures in the context of AWS Solutions Architect Associate?,Apply the official Design Resilient Architectures guidance: Design highly available and fault-tolerant architectures — this aligns with exam blueprint expectations and vendor documentation.,Use an approach that contradicts the exam objective and ignores documented constraints.,"Deploy without monitoring, backup, or access controls required by the blueprint.",Mix controls from unrelated domains that do not address the stated objective.,A,MEDIUM,aws-saa-c03|resilient-arch|RA-2|medium|blueprint-seed,**Answer: A** — Design highly available and fault-tolerant architectures. Review the official AWS exam guide (SAA-C03) and linked documentation. Objective: RA-2.,https://docs.aws.amazon.com/|https://aws.amazon.com/certification/certified-solutions-architect-associate/
aws-saa-c03,resilient-arch,RA-2,SAA-C03 — RA-2 (MEDIUM) #25,A team must implement a solution for Design highly available and fault-tolerant architectures in the context of AWS Solutions Architect Associate?,Use an approach that contradicts the exam objective and ignores documented constraints.,"Deploy without monitoring, backup, or access controls required by the blueprint.",Mix controls from unrelated domains that do not address the stated objective.,"Follow the documented approach for Design highly available and fault-tolerant architectures, using recommended services and controls per the exam guide.",B,MEDIUM,aws-saa-c03|resilient-arch|RA-2|medium|blueprint-seed,**Answer: B** — Design highly available and fault-tolerant architectures. Review the official AWS exam guide (SAA-C03) and linked documentation. Objective: RA-2.,https://docs.aws.amazon.com/|https://aws.amazon.com/certification/certified-solutions-architect-associate/
aws-saa-c03,resilient-arch,RA-2,SAA-C03 — RA-2 (MEDIUM) #26,Which approach aligns with best practices when Design highly available and fault-tolerant architectures in the context of AWS Solutions Architect Associate?,"Deploy without monitoring, backup, or access controls required by the blueprint.",Mix controls from unrelated domains that do not address the stated objective.,"Implement Design highly available and fault-tolerant architectures using AWS best practices for Design Resilient Architectures, including monitoring and least privilege.",Use an approach that contradicts the exam objective and ignores documented constraints.,C,MEDIUM,aws-saa-c03|resilient-arch|RA-2|medium|blueprint-seed,**Answer: C** — Design highly available and fault-tolerant architectures. Review the official AWS exam guide (SAA-C03) and linked documentation. Objective: RA-2.,https://docs.aws.amazon.com/|https://aws.amazon.com/certification/certified-solutions-architect-associate/
aws-saa-c03,resilient-arch,RA-2,SAA-C03 — RA-2 (HARD) #27,A production incident involves trade-offs between cost and resilience for Design highly available and fault-tolerant architectures for Design Resilient Architectures?,Mix controls from unrelated domains that do not address the stated objective.,Apply the official Design Resilient Architectures guidance: Design highly available and fault-tolerant architectures — this aligns with exam blueprint expectations and vendor documentation.,Use an approach that contradicts the exam objective and ignores documented constraints.,"Deploy without monitoring, backup, or access controls required by the blueprint.",D,HARD,aws-saa-c03|resilient-arch|RA-2|hard|blueprint-seed,**Answer: D** — Design highly available and fault-tolerant architectures. Review the official AWS exam guide (SAA-C03) and linked documentation. Objective: RA-2.,https://docs.aws.amazon.com/|https://aws.amazon.com/certification/certified-solutions-architect-associate/
aws-saa-c03,resilient-arch,RA-2,SAA-C03 — RA-2 (HARD) #28,Complex regulatory requirements demand that you Design highly available and fault-tolerant architectures for Design Resilient Architectures?,"Follow the documented approach for Design highly available and fault-tolerant architectures, using recommended services and controls per the exam guide.",Use an approach that contradicts the exam objective and ignores documented constraints.,"Deploy without monitoring, backup, or access controls required by the blueprint.",Mix controls from unrelated domains that do not address the stated objective.,A,HARD,aws-saa-c03|resilient-arch|RA-2|hard|blueprint-seed,**Answer: A** — Design highly available and fault-tolerant architectures. Review the official AWS exam guide (SAA-C03) and linked documentation. Objective: RA-2.,https://docs.aws.amazon.com/|https://aws.amazon.com/certification/certified-solutions-architect-associate/
aws-saa-c03,resilient-arch,RA-2,SAA-C03 — RA-2 (HARD) #29,A multi-team rollout must balance security and velocity for Design highly available and fault-tolerant architectures for Design Resilient Architectures?,Use an approach that contradicts the exam objective and ignores documented constraints.,"Deploy without monitoring, backup, or access controls required by the blueprint.",Mix controls from unrelated domains that do not address the stated objective.,"Implement Design highly available and fault-tolerant architectures using AWS best practices for Design Resilient Architectures, including monitoring and least privilege.",B,HARD,aws-saa-c03|resilient-arch|RA-2|hard|blueprint-seed,**Answer: B** — Design highly available and fault-tolerant architectures. Review the official AWS exam guide (SAA-C03) and linked documentation. Objective: RA-2.,https://docs.aws.amazon.com/|https://aws.amazon.com/certification/certified-solutions-architect-associate/
aws-saa-c03,resilient-arch,RA-2,SAA-C03 — RA-2 (HARD) #30,An enterprise requires zero-downtime architecture while Design highly available and fault-tolerant architectures for Design Resilient Architectures?,"Deploy without monitoring, backup, or access controls required by the blueprint.",Mix controls from unrelated domains that do not address the stated objective.,Apply the official Design Resilient Architectures guidance: Design highly available and fault-tolerant architectures — this aligns with exam blueprint expectations and vendor documentation.,Use an approach that contradicts the exam objective and ignores documented constraints.,C,HARD,aws-saa-c03|resilient-arch|RA-2|hard|blueprint-seed,**Answer: C** — Design highly available and fault-tolerant architectures. Review the official AWS exam guide (SAA-C03) and linked documentation. Objective: RA-2.,https://docs.aws.amazon.com/|https://aws.amazon.com/certification/certified-solutions-architect-associate/
aws-saa-c03,resilient-arch,RA-2,SAA-C03 — RA-2 (HARD) #31,"Given strict compliance, auditability, and multi-region constraints, how should you Design highly available and fault-tolerant architectures for Design Resilient Architectures?",Mix controls from unrelated domains that do not address the stated objective.,"Follow the documented approach for Design highly available and fault-tolerant architectures, using recommended services and controls per the exam guide.",Use an approach that contradicts the exam objective and ignores documented constraints.,"Deploy without monitoring, backup, or access controls required by the blueprint.",D,HARD,aws-saa-c03|resilient-arch|RA-2|hard|blueprint-seed,**Answer: D** — Design highly available and fault-tolerant architectures. Review the official AWS exam guide (SAA-C03) and linked documentation. Objective: RA-2.,https://docs.aws.amazon.com/|https://aws.amazon.com/certification/certified-solutions-architect-associate/
aws-saa-c03,resilient-arch,RA-2,SAA-C03 — RA-2 (HARD) #32,A production incident involves trade-offs between cost and resilience for Design highly available and fault-tolerant architectures for Design Resilient Architectures?,"Implement Design highly available and fault-tolerant architectures using AWS best practices for Design Resilient Architectures, including monitoring and least privilege.",Use an approach that contradicts the exam objective and ignores documented constraints.,"Deploy without monitoring, backup, or access controls required by the blueprint.",Mix controls from unrelated domains that do not address the stated objective.,A,HARD,aws-saa-c03|resilient-arch|RA-2|hard|blueprint-seed,**Answer: A** — Design highly available and fault-tolerant architectures. Review the official AWS exam guide (SAA-C03) and linked documentation. Objective: RA-2.,https://docs.aws.amazon.com/|https://aws.amazon.com/certification/certified-solutions-architect-associate/
aws-saa-c03,resilient-arch,RA-2,SAA-C03 — RA-2 (HARD) #33,Complex regulatory requirements demand that you Design highly available and fault-tolerant architectures for Design Resilient Architectures?,Use an approach that contradicts the exam objective and ignores documented constraints.,"Deploy without monitoring, backup, or access controls required by the blueprint.",Mix controls from unrelated domains that do not address the stated objective.,Apply the official Design Resilient Architectures guidance: Design highly available and fault-tolerant architectures — this aligns with exam blueprint expectations and vendor documentation.,B,HARD,aws-saa-c03|resilient-arch|RA-2|hard|blueprint-seed,**Answer: B** — Design highly available and fault-tolerant architectures. Review the official AWS exam guide (SAA-C03) and linked documentation. Objective: RA-2.,https://docs.aws.amazon.com/|https://aws.amazon.com/certification/certified-solutions-architect-associate/
aws-saa-c03,resilient-arch,RA-2,SAA-C03 — RA-2 (HARD) #34,A multi-team rollout must balance security and velocity for Design highly available and fault-tolerant architectures for Design Resilient Architectures?,"Deploy without monitoring, backup, or access controls required by the blueprint.",Mix controls from unrelated domains that do not address the stated objective.,"Follow the documented approach for Design highly available and fault-tolerant architectures, using recommended services and controls per the exam guide.",Use an approach that contradicts the exam objective and ignores documented constraints.,C,HARD,aws-saa-c03|resilient-arch|RA-2|hard|blueprint-seed,**Answer: C** — Design highly available and fault-tolerant architectures. Review the official AWS exam guide (SAA-C03) and linked documentation. Objective: RA-2.,https://docs.aws.amazon.com/|https://aws.amazon.com/certification/certified-solutions-architect-associate/
aws-saa-c03,resilient-arch,RA-2,SAA-C03 — RA-2 (HARD) #35,An enterprise requires zero-downtime architecture while Design highly available and fault-tolerant architectures for Design Resilient Architectures?,Mix controls from unrelated domains that do not address the stated objective.,"Implement Design highly available and fault-tolerant architectures using AWS best practices for Design Resilient Architectures, including monitoring and least privilege.",Use an approach that contradicts the exam objective and ignores documented constraints.,"Deploy without monitoring, backup, or access controls required by the blueprint.",D,HARD,aws-saa-c03|resilient-arch|RA-2|hard|blueprint-seed,**Answer: D** — Design highly available and fault-tolerant architectures. Review the official AWS exam guide (SAA-C03) and linked documentation. Objective: RA-2.,https://docs.aws.amazon.com/|https://aws.amazon.com/certification/certified-solutions-architect-associate/
aws-saa-c03,resilient-arch,RA-2,SAA-C03 — RA-2 (HARD) #36,"Given strict compliance, auditability, and multi-region constraints, how should you Design highly available and fault-tolerant architectures for Design Resilient Architectures?",Apply the official Design Resilient Architectures guidance: Design highly available and fault-tolerant architectures — this aligns with exam blueprint expectations and vendor documentation.,Use an approach that contradicts the exam objective and ignores documented constraints.,"Deploy without monitoring, backup, or access controls required by the blueprint.",Mix controls from unrelated domains that do not address the stated objective.,A,HARD,aws-saa-c03|resilient-arch|RA-2|hard|blueprint-seed,**Answer: A** — Design highly available and fault-tolerant architectures. Review the official AWS exam guide (SAA-C03) and linked documentation. Objective: RA-2.,https://docs.aws.amazon.com/|https://aws.amazon.com/certification/certified-solutions-architect-associate/
aws-saa-c03,resilient-arch,RA-2,SAA-C03 — RA-2 (HARD) #37,A production incident involves trade-offs between cost and resilience for Design highly available and fault-tolerant architectures for Design Resilient Architectures?,Use an approach that contradicts the exam objective and ignores documented constraints.,"Deploy without monitoring, backup, or access controls required by the blueprint.",Mix controls from unrelated domains that do not address the stated objective.,"Follow the documented approach for Design highly available and fault-tolerant architectures, using recommended services and controls per the exam guide.",B,HARD,aws-saa-c03|resilient-arch|RA-2|hard|blueprint-seed,**Answer: B** — Design highly available and fault-tolerant architectures. Review the official AWS exam guide (SAA-C03) and linked documentation. Objective: RA-2.,https://docs.aws.amazon.com/|https://aws.amazon.com/certification/certified-solutions-architect-associate/
aws-saa-c03,resilient-arch,RA-2,SAA-C03 — RA-2 (HARD) #38,Complex regulatory requirements demand that you Design highly available and fault-tolerant architectures for Design Resilient Architectures?,"Deploy without monitoring, backup, or access controls required by the blueprint.",Mix controls from unrelated domains that do not address the stated objective.,"Implement Design highly available and fault-tolerant architectures using AWS best practices for Design Resilient Architectures, including monitoring and least privilege.",Use an approach that contradicts the exam objective and ignores documented constraints.,C,HARD,aws-saa-c03|resilient-arch|RA-2|hard|blueprint-seed,**Answer: C** — Design highly available and fault-tolerant architectures. Review the official AWS exam guide (SAA-C03) and linked documentation. Objective: RA-2.,https://docs.aws.amazon.com/|https://aws.amazon.com/certification/certified-solutions-architect-associate/
aws-saa-c03,resilient-arch,RA-3,SAA-C03 — RA-3 (EASY) #1,What is the primary purpose of Design resilient storage and database solutions?,Use an approach that contradicts the exam objective and ignores documented constraints.,"Deploy without monitoring, backup, or access controls required by the blueprint.",Mix controls from unrelated domains that do not address the stated objective.,"Follow the documented approach for Design resilient storage and database solutions, using recommended services and controls per the exam guide.",B,EASY,aws-saa-c03|resilient-arch|RA-3|easy|blueprint-seed,**Answer: B** — Design resilient storage and database solutions. Review the official AWS exam guide (SAA-C03) and linked documentation. Objective: RA-3.,https://docs.aws.amazon.com/|https://aws.amazon.com/certification/certified-solutions-architect-associate/
aws-saa-c03,resilient-arch,RA-3,SAA-C03 — RA-3 (EASY) #2,Which concept is fundamental to Design resilient storage and database solutions?,"Deploy without monitoring, backup, or access controls required by the blueprint.",Mix controls from unrelated domains that do not address the stated objective.,"Implement Design resilient storage and database solutions using AWS best practices for Design Resilient Architectures, including monitoring and least privilege.",Use an approach that contradicts the exam objective and ignores documented constraints.,C,EASY,aws-saa-c03|resilient-arch|RA-3|easy|blueprint-seed,**Answer: C** — Design resilient storage and database solutions. Review the official AWS exam guide (SAA-C03) and linked documentation. Objective: RA-3.,https://docs.aws.amazon.com/|https://aws.amazon.com/certification/certified-solutions-architect-associate/
aws-saa-c03,resilient-arch,RA-3,SAA-C03 — RA-3 (EASY) #3,Identify the core principle behind Design resilient storage and database solutions?,Mix controls from unrelated domains that do not address the stated objective.,Apply the official Design Resilient Architectures guidance: Design resilient storage and database solutions — this aligns with exam blueprint expectations and vendor documentation.,Use an approach that contradicts the exam objective and ignores documented constraints.,"Deploy without monitoring, backup, or access controls required by the blueprint.",D,EASY,aws-saa-c03|resilient-arch|RA-3|easy|blueprint-seed,**Answer: D** — Design resilient storage and database solutions. Review the official AWS exam guide (SAA-C03) and linked documentation. Objective: RA-3.,https://docs.aws.amazon.com/|https://aws.amazon.com/certification/certified-solutions-architect-associate/
aws-saa-c03,resilient-arch,RA-3,SAA-C03 — RA-3 (EASY) #4,Which description accurately reflects Design resilient storage and database solutions?,"Follow the documented approach for Design resilient storage and database solutions, using recommended services and controls per the exam guide.",Use an approach that contradicts the exam objective and ignores documented constraints.,"Deploy without monitoring, backup, or access controls required by the blueprint.",Mix controls from unrelated domains that do not address the stated objective.,A,EASY,aws-saa-c03|resilient-arch|RA-3|easy|blueprint-seed,**Answer: A** — Design resilient storage and database solutions. Review the official AWS exam guide (SAA-C03) and linked documentation. Objective: RA-3.,https://docs.aws.amazon.com/|https://aws.amazon.com/certification/certified-solutions-architect-associate/
aws-saa-c03,resilient-arch,RA-3,SAA-C03 — RA-3 (EASY) #5,Which statement best defines the scope of Design resilient storage and database solutions?,Use an approach that contradicts the exam objective and ignores documented constraints.,"Deploy without monitoring, backup, or access controls required by the blueprint.",Mix controls from unrelated domains that do not address the stated objective.,"Implement Design resilient storage and database solutions using AWS best practices for Design Resilient Architectures, including monitoring and least privilege.",B,EASY,aws-saa-c03|resilient-arch|RA-3|easy|blueprint-seed,**Answer: B** — Design resilient storage and database solutions. Review the official AWS exam guide (SAA-C03) and linked documentation. Objective: RA-3.,https://docs.aws.amazon.com/|https://aws.amazon.com/certification/certified-solutions-architect-associate/
aws-saa-c03,resilient-arch,RA-3,SAA-C03 — RA-3 (EASY) #6,What is the primary purpose of Design resilient storage and database solutions?,"Deploy without monitoring, backup, or access controls required by the blueprint.",Mix controls from unrelated domains that do not address the stated objective.,Apply the official Design Resilient Architectures guidance: Design resilient storage and database solutions — this aligns with exam blueprint expectations and vendor documentation.,Use an approach that contradicts the exam objective and ignores documented constraints.,C,EASY,aws-saa-c03|resilient-arch|RA-3|easy|blueprint-seed,**Answer: C** — Design resilient storage and database solutions. Review the official AWS exam guide (SAA-C03) and linked documentation. Objective: RA-3.,https://docs.aws.amazon.com/|https://aws.amazon.com/certification/certified-solutions-architect-associate/
aws-saa-c03,resilient-arch,RA-3,SAA-C03 — RA-3 (EASY) #7,Which concept is fundamental to Design resilient storage and database solutions?,Mix controls from unrelated domains that do not address the stated objective.,"Follow the documented approach for Design resilient storage and database solutions, using recommended services and controls per the exam guide.",Use an approach that contradicts the exam objective and ignores documented constraints.,"Deploy without monitoring, backup, or access controls required by the blueprint.",D,EASY,aws-saa-c03|resilient-arch|RA-3|easy|blueprint-seed,**Answer: D** — Design resilient storage and database solutions. Review the official AWS exam guide (SAA-C03) and linked documentation. Objective: RA-3.,https://docs.aws.amazon.com/|https://aws.amazon.com/certification/certified-solutions-architect-associate/
aws-saa-c03,resilient-arch,RA-3,SAA-C03 — RA-3 (EASY) #8,Identify the core principle behind Design resilient storage and database solutions?,"Implement Design resilient storage and database solutions using AWS best practices for Design Resilient Architectures, including monitoring and least privilege.",Use an approach that contradicts the exam objective and ignores documented constraints.,"Deploy without monitoring, backup, or access controls required by the blueprint.",Mix controls from unrelated domains that do not address the stated objective.,A,EASY,aws-saa-c03|resilient-arch|RA-3|easy|blueprint-seed,**Answer: A** — Design resilient storage and database solutions. Review the official AWS exam guide (SAA-C03) and linked documentation. Objective: RA-3.,https://docs.aws.amazon.com/|https://aws.amazon.com/certification/certified-solutions-architect-associate/
aws-saa-c03,resilient-arch,RA-3,SAA-C03 — RA-3 (EASY) #9,Which description accurately reflects Design resilient storage and database solutions?,Use an approach that contradicts the exam objective and ignores documented constraints.,"Deploy without monitoring, backup, or access controls required by the blueprint.",Mix controls from unrelated domains that do not address the stated objective.,Apply the official Design Resilient Architectures guidance: Design resilient storage and database solutions — this aligns with exam blueprint expectations and vendor documentation.,B,EASY,aws-saa-c03|resilient-arch|RA-3|easy|blueprint-seed,**Answer: B** — Design resilient storage and database solutions. Review the official AWS exam guide (SAA-C03) and linked documentation. Objective: RA-3.,https://docs.aws.amazon.com/|https://aws.amazon.com/certification/certified-solutions-architect-associate/
aws-saa-c03,resilient-arch,RA-3,SAA-C03 — RA-3 (EASY) #10,Which statement best defines the scope of Design resilient storage and database solutions?,"Deploy without monitoring, backup, or access controls required by the blueprint.",Mix controls from unrelated domains that do not address the stated objective.,"Follow the documented approach for Design resilient storage and database solutions, using recommended services and controls per the exam guide.",Use an approach that contradicts the exam objective and ignores documented constraints.,C,EASY,aws-saa-c03|resilient-arch|RA-3|easy|blueprint-seed,**Answer: C** — Design resilient storage and database solutions. Review the official AWS exam guide (SAA-C03) and linked documentation. Objective: RA-3.,https://docs.aws.amazon.com/|https://aws.amazon.com/certification/certified-solutions-architect-associate/
aws-saa-c03,resilient-arch,RA-3,SAA-C03 — RA-3 (EASY) #11,What is the primary purpose of Design resilient storage and database solutions?,Mix controls from unrelated domains that do not address the stated objective.,"Implement Design resilient storage and database solutions using AWS best practices for Design Resilient Architectures, including monitoring and least privilege.",Use an approach that contradicts the exam objective and ignores documented constraints.,"Deploy without monitoring, backup, or access controls required by the blueprint.",D,EASY,aws-saa-c03|resilient-arch|RA-3|easy|blueprint-seed,**Answer: D** — Design resilient storage and database solutions. Review the official AWS exam guide (SAA-C03) and linked documentation. Objective: RA-3.,https://docs.aws.amazon.com/|https://aws.amazon.com/certification/certified-solutions-architect-associate/
aws-saa-c03,resilient-arch,RA-3,SAA-C03 — RA-3 (MEDIUM) #12,"During a project review, stakeholders ask how to Design resilient storage and database solutions in the context of AWS Solutions Architect Associate?",Apply the official Design Resilient Architectures guidance: Design resilient storage and database solutions — this aligns with exam blueprint expectations and vendor documentation.,Use an approach that contradicts the exam objective and ignores documented constraints.,"Deploy without monitoring, backup, or access controls required by the blueprint.",Mix controls from unrelated domains that do not address the stated objective.,A,MEDIUM,aws-saa-c03|resilient-arch|RA-3|medium|blueprint-seed,**Answer: A** — Design resilient storage and database solutions. Review the official AWS exam guide (SAA-C03) and linked documentation. Objective: RA-3.,https://docs.aws.amazon.com/|https://aws.amazon.com/certification/certified-solutions-architect-associate/
aws-saa-c03,resilient-arch,RA-3,SAA-C03 — RA-3 (MEDIUM) #13,Which configuration satisfies requirements for Design resilient storage and database solutions in the context of AWS Solutions Architect Associate?,Use an approach that contradicts the exam objective and ignores documented constraints.,"Deploy without monitoring, backup, or access controls required by the blueprint.",Mix controls from unrelated domains that do not address the stated objective.,"Follow the documented approach for Design resilient storage and database solutions, using recommended services and controls per the exam guide.",B,MEDIUM,aws-saa-c03|resilient-arch|RA-3|medium|blueprint-seed,**Answer: B** — Design resilient storage and database solutions. Review the official AWS exam guide (SAA-C03) and linked documentation. Objective: RA-3.,https://docs.aws.amazon.com/|https://aws.amazon.com/certification/certified-solutions-architect-associate/
aws-saa-c03,resilient-arch,RA-3,SAA-C03 — RA-3 (MEDIUM) #14,What is the recommended design when applying Design resilient storage and database solutions in the context of AWS Solutions Architect Associate?,"Deploy without monitoring, backup, or access controls required by the blueprint.",Mix controls from unrelated domains that do not address the stated objective.,"Implement Design resilient storage and database solutions using AWS best practices for Design Resilient Architectures, including monitoring and least privilege.",Use an approach that contradicts the exam objective and ignores documented constraints.,C,MEDIUM,aws-saa-c03|resilient-arch|RA-3|medium|blueprint-seed,**Answer: C** — Design resilient storage and database solutions. Review the official AWS exam guide (SAA-C03) and linked documentation. Objective: RA-3.,https://docs.aws.amazon.com/|https://aws.amazon.com/certification/certified-solutions-architect-associate/
aws-saa-c03,resilient-arch,RA-3,SAA-C03 — RA-3 (MEDIUM) #15,A team must implement a solution for Design resilient storage and database solutions in the context of AWS Solutions Architect Associate?,Mix controls from unrelated domains that do not address the stated objective.,Apply the official Design Resilient Architectures guidance: Design resilient storage and database solutions — this aligns with exam blueprint expectations and vendor documentation.,Use an approach that contradicts the exam objective and ignores documented constraints.,"Deploy without monitoring, backup, or access controls required by the blueprint.",D,MEDIUM,aws-saa-c03|resilient-arch|RA-3|medium|blueprint-seed,**Answer: D** — Design resilient storage and database solutions. Review the official AWS exam guide (SAA-C03) and linked documentation. Objective: RA-3.,https://docs.aws.amazon.com/|https://aws.amazon.com/certification/certified-solutions-architect-associate/
aws-saa-c03,resilient-arch,RA-3,SAA-C03 — RA-3 (MEDIUM) #16,Which approach aligns with best practices when Design resilient storage and database solutions in the context of AWS Solutions Architect Associate?,"Follow the documented approach for Design resilient storage and database solutions, using recommended services and controls per the exam guide.",Use an approach that contradicts the exam objective and ignores documented constraints.,"Deploy without monitoring, backup, or access controls required by the blueprint.",Mix controls from unrelated domains that do not address the stated objective.,A,MEDIUM,aws-saa-c03|resilient-arch|RA-3|medium|blueprint-seed,**Answer: A** — Design resilient storage and database solutions. Review the official AWS exam guide (SAA-C03) and linked documentation. Objective: RA-3.,https://docs.aws.amazon.com/|https://aws.amazon.com/certification/certified-solutions-architect-associate/
aws-saa-c03,resilient-arch,RA-3,SAA-C03 — RA-3 (MEDIUM) #17,"During a project review, stakeholders ask how to Design resilient storage and database solutions in the context of AWS Solutions Architect Associate?",Use an approach that contradicts the exam objective and ignores documented constraints.,"Deploy without monitoring, backup, or access controls required by the blueprint.",Mix controls from unrelated domains that do not address the stated objective.,"Implement Design resilient storage and database solutions using AWS best practices for Design Resilient Architectures, including monitoring and least privilege.",B,MEDIUM,aws-saa-c03|resilient-arch|RA-3|medium|blueprint-seed,**Answer: B** — Design resilient storage and database solutions. Review the official AWS exam guide (SAA-C03) and linked documentation. Objective: RA-3.,https://docs.aws.amazon.com/|https://aws.amazon.com/certification/certified-solutions-architect-associate/
aws-saa-c03,resilient-arch,RA-3,SAA-C03 — RA-3 (MEDIUM) #18,Which configuration satisfies requirements for Design resilient storage and database solutions in the context of AWS Solutions Architect Associate?,"Deploy without monitoring, backup, or access controls required by the blueprint.",Mix controls from unrelated domains that do not address the stated objective.,Apply the official Design Resilient Architectures guidance: Design resilient storage and database solutions — this aligns with exam blueprint expectations and vendor documentation.,Use an approach that contradicts the exam objective and ignores documented constraints.,C,MEDIUM,aws-saa-c03|resilient-arch|RA-3|medium|blueprint-seed,**Answer: C** — Design resilient storage and database solutions. Review the official AWS exam guide (SAA-C03) and linked documentation. Objective: RA-3.,https://docs.aws.amazon.com/|https://aws.amazon.com/certification/certified-solutions-architect-associate/
aws-saa-c03,resilient-arch,RA-3,SAA-C03 — RA-3 (MEDIUM) #19,What is the recommended design when applying Design resilient storage and database solutions in the context of AWS Solutions Architect Associate?,Mix controls from unrelated domains that do not address the stated objective.,"Follow the documented approach for Design resilient storage and database solutions, using recommended services and controls per the exam guide.",Use an approach that contradicts the exam objective and ignores documented constraints.,"Deploy without monitoring, backup, or access controls required by the blueprint.",D,MEDIUM,aws-saa-c03|resilient-arch|RA-3|medium|blueprint-seed,**Answer: D** — Design resilient storage and database solutions. Review the official AWS exam guide (SAA-C03) and linked documentation. Objective: RA-3.,https://docs.aws.amazon.com/|https://aws.amazon.com/certification/certified-solutions-architect-associate/
aws-saa-c03,resilient-arch,RA-3,SAA-C03 — RA-3 (MEDIUM) #20,A team must implement a solution for Design resilient storage and database solutions in the context of AWS Solutions Architect Associate?,"Implement Design resilient storage and database solutions using AWS best practices for Design Resilient Architectures, including monitoring and least privilege.",Use an approach that contradicts the exam objective and ignores documented constraints.,"Deploy without monitoring, backup, or access controls required by the blueprint.",Mix controls from unrelated domains that do not address the stated objective.,A,MEDIUM,aws-saa-c03|resilient-arch|RA-3|medium|blueprint-seed,**Answer: A** — Design resilient storage and database solutions. Review the official AWS exam guide (SAA-C03) and linked documentation. Objective: RA-3.,https://docs.aws.amazon.com/|https://aws.amazon.com/certification/certified-solutions-architect-associate/
aws-saa-c03,resilient-arch,RA-3,SAA-C03 — RA-3 (MEDIUM) #21,Which approach aligns with best practices when Design resilient storage and database solutions in the context of AWS Solutions Architect Associate?,Use an approach that contradicts the exam objective and ignores documented constraints.,"Deploy without monitoring, backup, or access controls required by the blueprint.",Mix controls from unrelated domains that do not address the stated objective.,Apply the official Design Resilient Architectures guidance: Design resilient storage and database solutions — this aligns with exam blueprint expectations and vendor documentation.,B,MEDIUM,aws-saa-c03|resilient-arch|RA-3|medium|blueprint-seed,**Answer: B** — Design resilient storage and database solutions. Review the official AWS exam guide (SAA-C03) and linked documentation. Objective: RA-3.,https://docs.aws.amazon.com/|https://aws.amazon.com/certification/certified-solutions-architect-associate/
aws-saa-c03,resilient-arch,RA-3,SAA-C03 — RA-3 (MEDIUM) #22,"During a project review, stakeholders ask how to Design resilient storage and database solutions in the context of AWS Solutions Architect Associate?","Deploy without monitoring, backup, or access controls required by the blueprint.",Mix controls from unrelated domains that do not address the stated objective.,"Follow the documented approach for Design resilient storage and database solutions, using recommended services and controls per the exam guide.",Use an approach that contradicts the exam objective and ignores documented constraints.,C,MEDIUM,aws-saa-c03|resilient-arch|RA-3|medium|blueprint-seed,**Answer: C** — Design resilient storage and database solutions. Review the official AWS exam guide (SAA-C03) and linked documentation. Objective: RA-3.,https://docs.aws.amazon.com/|https://aws.amazon.com/certification/certified-solutions-architect-associate/
aws-saa-c03,resilient-arch,RA-3,SAA-C03 — RA-3 (MEDIUM) #23,Which configuration satisfies requirements for Design resilient storage and database solutions in the context of AWS Solutions Architect Associate?,Mix controls from unrelated domains that do not address the stated objective.,"Implement Design resilient storage and database solutions using AWS best practices for Design Resilient Architectures, including monitoring and least privilege.",Use an approach that contradicts the exam objective and ignores documented constraints.,"Deploy without monitoring, backup, or access controls required by the blueprint.",D,MEDIUM,aws-saa-c03|resilient-arch|RA-3|medium|blueprint-seed,**Answer: D** — Design resilient storage and database solutions. Review the official AWS exam guide (SAA-C03) and linked documentation. Objective: RA-3.,https://docs.aws.amazon.com/|https://aws.amazon.com/certification/certified-solutions-architect-associate/
aws-saa-c03,resilient-arch,RA-3,SAA-C03 — RA-3 (MEDIUM) #24,What is the recommended design when applying Design resilient storage and database solutions in the context of AWS Solutions Architect Associate?,Apply the official Design Resilient Architectures guidance: Design resilient storage and database solutions — this aligns with exam blueprint expectations and vendor documentation.,Use an approach that contradicts the exam objective and ignores documented constraints.,"Deploy without monitoring, backup, or access controls required by the blueprint.",Mix controls from unrelated domains that do not address the stated objective.,A,MEDIUM,aws-saa-c03|resilient-arch|RA-3|medium|blueprint-seed,**Answer: A** — Design resilient storage and database solutions. Review the official AWS exam guide (SAA-C03) and linked documentation. Objective: RA-3.,https://docs.aws.amazon.com/|https://aws.amazon.com/certification/certified-solutions-architect-associate/
aws-saa-c03,resilient-arch,RA-3,SAA-C03 — RA-3 (MEDIUM) #25,A team must implement a solution for Design resilient storage and database solutions in the context of AWS Solutions Architect Associate?,Use an approach that contradicts the exam objective and ignores documented constraints.,"Deploy without monitoring, backup, or access controls required by the blueprint.",Mix controls from unrelated domains that do not address the stated objective.,"Follow the documented approach for Design resilient storage and database solutions, using recommended services and controls per the exam guide.",B,MEDIUM,aws-saa-c03|resilient-arch|RA-3|medium|blueprint-seed,**Answer: B** — Design resilient storage and database solutions. Review the official AWS exam guide (SAA-C03) and linked documentation. Objective: RA-3.,https://docs.aws.amazon.com/|https://aws.amazon.com/certification/certified-solutions-architect-associate/
aws-saa-c03,resilient-arch,RA-3,SAA-C03 — RA-3 (MEDIUM) #26,Which approach aligns with best practices when Design resilient storage and database solutions in the context of AWS Solutions Architect Associate?,"Deploy without monitoring, backup, or access controls required by the blueprint.",Mix controls from unrelated domains that do not address the stated objective.,"Implement Design resilient storage and database solutions using AWS best practices for Design Resilient Architectures, including monitoring and least privilege.",Use an approach that contradicts the exam objective and ignores documented constraints.,C,MEDIUM,aws-saa-c03|resilient-arch|RA-3|medium|blueprint-seed,**Answer: C** — Design resilient storage and database solutions. Review the official AWS exam guide (SAA-C03) and linked documentation. Objective: RA-3.,https://docs.aws.amazon.com/|https://aws.amazon.com/certification/certified-solutions-architect-associate/
aws-saa-c03,resilient-arch,RA-3,SAA-C03 — RA-3 (HARD) #27,A production incident involves trade-offs between cost and resilience for Design resilient storage and database solutions for Design Resilient Architectures?,Mix controls from unrelated domains that do not address the stated objective.,Apply the official Design Resilient Architectures guidance: Design resilient storage and database solutions — this aligns with exam blueprint expectations and vendor documentation.,Use an approach that contradicts the exam objective and ignores documented constraints.,"Deploy without monitoring, backup, or access controls required by the blueprint.",D,HARD,aws-saa-c03|resilient-arch|RA-3|hard|blueprint-seed,**Answer: D** — Design resilient storage and database solutions. Review the official AWS exam guide (SAA-C03) and linked documentation. Objective: RA-3.,https://docs.aws.amazon.com/|https://aws.amazon.com/certification/certified-solutions-architect-associate/
aws-saa-c03,resilient-arch,RA-3,SAA-C03 — RA-3 (HARD) #28,Complex regulatory requirements demand that you Design resilient storage and database solutions for Design Resilient Architectures?,"Follow the documented approach for Design resilient storage and database solutions, using recommended services and controls per the exam guide.",Use an approach that contradicts the exam objective and ignores documented constraints.,"Deploy without monitoring, backup, or access controls required by the blueprint.",Mix controls from unrelated domains that do not address the stated objective.,A,HARD,aws-saa-c03|resilient-arch|RA-3|hard|blueprint-seed,**Answer: A** — Design resilient storage and database solutions. Review the official AWS exam guide (SAA-C03) and linked documentation. Objective: RA-3.,https://docs.aws.amazon.com/|https://aws.amazon.com/certification/certified-solutions-architect-associate/
aws-saa-c03,resilient-arch,RA-3,SAA-C03 — RA-3 (HARD) #29,A multi-team rollout must balance security and velocity for Design resilient storage and database solutions for Design Resilient Architectures?,Use an approach that contradicts the exam objective and ignores documented constraints.,"Deploy without monitoring, backup, or access controls required by the blueprint.",Mix controls from unrelated domains that do not address the stated objective.,"Implement Design resilient storage and database solutions using AWS best practices for Design Resilient Architectures, including monitoring and least privilege.",B,HARD,aws-saa-c03|resilient-arch|RA-3|hard|blueprint-seed,**Answer: B** — Design resilient storage and database solutions. Review the official AWS exam guide (SAA-C03) and linked documentation. Objective: RA-3.,https://docs.aws.amazon.com/|https://aws.amazon.com/certification/certified-solutions-architect-associate/
aws-saa-c03,resilient-arch,RA-3,SAA-C03 — RA-3 (HARD) #30,An enterprise requires zero-downtime architecture while Design resilient storage and database solutions for Design Resilient Architectures?,"Deploy without monitoring, backup, or access controls required by the blueprint.",Mix controls from unrelated domains that do not address the stated objective.,Apply the official Design Resilient Architectures guidance: Design resilient storage and database solutions — this aligns with exam blueprint expectations and vendor documentation.,Use an approach that contradicts the exam objective and ignores documented constraints.,C,HARD,aws-saa-c03|resilient-arch|RA-3|hard|blueprint-seed,**Answer: C** — Design resilient storage and database solutions. Review the official AWS exam guide (SAA-C03) and linked documentation. Objective: RA-3.,https://docs.aws.amazon.com/|https://aws.amazon.com/certification/certified-solutions-architect-associate/
aws-saa-c03,resilient-arch,RA-3,SAA-C03 — RA-3 (HARD) #31,"Given strict compliance, auditability, and multi-region constraints, how should you Design resilient storage and database solutions for Design Resilient Architectures?",Mix controls from unrelated domains that do not address the stated objective.,"Follow the documented approach for Design resilient storage and database solutions, using recommended services and controls per the exam guide.",Use an approach that contradicts the exam objective and ignores documented constraints.,"Deploy without monitoring, backup, or access controls required by the blueprint.",D,HARD,aws-saa-c03|resilient-arch|RA-3|hard|blueprint-seed,**Answer: D** — Design resilient storage and database solutions. Review the official AWS exam guide (SAA-C03) and linked documentation. Objective: RA-3.,https://docs.aws.amazon.com/|https://aws.amazon.com/certification/certified-solutions-architect-associate/
aws-saa-c03,resilient-arch,RA-3,SAA-C03 — RA-3 (HARD) #32,A production incident involves trade-offs between cost and resilience for Design resilient storage and database solutions for Design Resilient Architectures?,"Implement Design resilient storage and database solutions using AWS best practices for Design Resilient Architectures, including monitoring and least privilege.",Use an approach that contradicts the exam objective and ignores documented constraints.,"Deploy without monitoring, backup, or access controls required by the blueprint.",Mix controls from unrelated domains that do not address the stated objective.,A,HARD,aws-saa-c03|resilient-arch|RA-3|hard|blueprint-seed,**Answer: A** — Design resilient storage and database solutions. Review the official AWS exam guide (SAA-C03) and linked documentation. Objective: RA-3.,https://docs.aws.amazon.com/|https://aws.amazon.com/certification/certified-solutions-architect-associate/
aws-saa-c03,resilient-arch,RA-3,SAA-C03 — RA-3 (HARD) #33,Complex regulatory requirements demand that you Design resilient storage and database solutions for Design Resilient Architectures?,Use an approach that contradicts the exam objective and ignores documented constraints.,"Deploy without monitoring, backup, or access controls required by the blueprint.",Mix controls from unrelated domains that do not address the stated objective.,Apply the official Design Resilient Architectures guidance: Design resilient storage and database solutions — this aligns with exam blueprint expectations and vendor documentation.,B,HARD,aws-saa-c03|resilient-arch|RA-3|hard|blueprint-seed,**Answer: B** — Design resilient storage and database solutions. Review the official AWS exam guide (SAA-C03) and linked documentation. Objective: RA-3.,https://docs.aws.amazon.com/|https://aws.amazon.com/certification/certified-solutions-architect-associate/
aws-saa-c03,resilient-arch,RA-3,SAA-C03 — RA-3 (HARD) #34,A multi-team rollout must balance security and velocity for Design resilient storage and database solutions for Design Resilient Architectures?,"Deploy without monitoring, backup, or access controls required by the blueprint.",Mix controls from unrelated domains that do not address the stated objective.,"Follow the documented approach for Design resilient storage and database solutions, using recommended services and controls per the exam guide.",Use an approach that contradicts the exam objective and ignores documented constraints.,C,HARD,aws-saa-c03|resilient-arch|RA-3|hard|blueprint-seed,**Answer: C** — Design resilient storage and database solutions. Review the official AWS exam guide (SAA-C03) and linked documentation. Objective: RA-3.,https://docs.aws.amazon.com/|https://aws.amazon.com/certification/certified-solutions-architect-associate/
aws-saa-c03,resilient-arch,RA-3,SAA-C03 — RA-3 (HARD) #35,An enterprise requires zero-downtime architecture while Design resilient storage and database solutions for Design Resilient Architectures?,Mix controls from unrelated domains that do not address the stated objective.,"Implement Design resilient storage and database solutions using AWS best practices for Design Resilient Architectures, including monitoring and least privilege.",Use an approach that contradicts the exam objective and ignores documented constraints.,"Deploy without monitoring, backup, or access controls required by the blueprint.",D,HARD,aws-saa-c03|resilient-arch|RA-3|hard|blueprint-seed,**Answer: D** — Design resilient storage and database solutions. Review the official AWS exam guide (SAA-C03) and linked documentation. Objective: RA-3.,https://docs.aws.amazon.com/|https://aws.amazon.com/certification/certified-solutions-architect-associate/
aws-saa-c03,resilient-arch,RA-3,SAA-C03 — RA-3 (HARD) #36,"Given strict compliance, auditability, and multi-region constraints, how should you Design resilient storage and database solutions for Design Resilient Architectures?",Apply the official Design Resilient Architectures guidance: Design resilient storage and database solutions — this aligns with exam blueprint expectations and vendor documentation.,Use an approach that contradicts the exam objective and ignores documented constraints.,"Deploy without monitoring, backup, or access controls required by the blueprint.",Mix controls from unrelated domains that do not address the stated objective.,A,HARD,aws-saa-c03|resilient-arch|RA-3|hard|blueprint-seed,**Answer: A** — Design resilient storage and database solutions. Review the official AWS exam guide (SAA-C03) and linked documentation. Objective: RA-3.,https://docs.aws.amazon.com/|https://aws.amazon.com/certification/certified-solutions-architect-associate/
aws-saa-c03,resilient-arch,RA-3,SAA-C03 — RA-3 (HARD) #37,A production incident involves trade-offs between cost and resilience for Design resilient storage and database solutions for Design Resilient Architectures?,Use an approach that contradicts the exam objective and ignores documented constraints.,"Deploy without monitoring, backup, or access controls required by the blueprint.",Mix controls from unrelated domains that do not address the stated objective.,"Follow the documented approach for Design resilient storage and database solutions, using recommended services and controls per the exam guide.",B,HARD,aws-saa-c03|resilient-arch|RA-3|hard|blueprint-seed,**Answer: B** — Design resilient storage and database solutions. Review the official AWS exam guide (SAA-C03) and linked documentation. Objective: RA-3.,https://docs.aws.amazon.com/|https://aws.amazon.com/certification/certified-solutions-architect-associate/
aws-saa-c03,resilient-arch,RA-3,SAA-C03 — RA-3 (HARD) #38,Complex regulatory requirements demand that you Design resilient storage and database solutions for Design Resilient Architectures?,"Deploy without monitoring, backup, or access controls required by the blueprint.",Mix controls from unrelated domains that do not address the stated objective.,"Implement Design resilient storage and database solutions using AWS best practices for Design Resilient Architectures, including monitoring and least privilege.",Use an approach that contradicts the exam objective and ignores documented constraints.,C,HARD,aws-saa-c03|resilient-arch|RA-3|hard|blueprint-seed,**Answer: C** — Design resilient storage and database solutions. Review the official AWS exam guide (SAA-C03) and linked documentation. Objective: RA-3.,https://docs.aws.amazon.com/|https://aws.amazon.com/certification/certified-solutions-architect-associate/
aws-saa-c03,resilient-arch,RA-4,SAA-C03 — RA-4 (EASY) #1,What is the primary purpose of Implement disaster recovery strategies?,Use an approach that contradicts the exam objective and ignores documented constraints.,"Deploy without monitoring, backup, or access controls required by the blueprint.",Mix controls from unrelated domains that do not address the stated objective.,"Follow the documented approach for Implement disaster recovery strategies, using recommended services and controls per the exam guide.",B,EASY,aws-saa-c03|resilient-arch|RA-4|easy|blueprint-seed,**Answer: B** — Implement disaster recovery strategies. Review the official AWS exam guide (SAA-C03) and linked documentation. Objective: RA-4.,https://docs.aws.amazon.com/|https://aws.amazon.com/certification/certified-solutions-architect-associate/
aws-saa-c03,resilient-arch,RA-4,SAA-C03 — RA-4 (EASY) #2,Which concept is fundamental to Implement disaster recovery strategies?,"Deploy without monitoring, backup, or access controls required by the blueprint.",Mix controls from unrelated domains that do not address the stated objective.,"Implement Implement disaster recovery strategies using AWS best practices for Design Resilient Architectures, including monitoring and least privilege.",Use an approach that contradicts the exam objective and ignores documented constraints.,C,EASY,aws-saa-c03|resilient-arch|RA-4|easy|blueprint-seed,**Answer: C** — Implement disaster recovery strategies. Review the official AWS exam guide (SAA-C03) and linked documentation. Objective: RA-4.,https://docs.aws.amazon.com/|https://aws.amazon.com/certification/certified-solutions-architect-associate/
aws-saa-c03,resilient-arch,RA-4,SAA-C03 — RA-4 (EASY) #3,Identify the core principle behind Implement disaster recovery strategies?,Mix controls from unrelated domains that do not address the stated objective.,Apply the official Design Resilient Architectures guidance: Implement disaster recovery strategies — this aligns with exam blueprint expectations and vendor documentation.,Use an approach that contradicts the exam objective and ignores documented constraints.,"Deploy without monitoring, backup, or access controls required by the blueprint.",D,EASY,aws-saa-c03|resilient-arch|RA-4|easy|blueprint-seed,**Answer: D** — Implement disaster recovery strategies. Review the official AWS exam guide (SAA-C03) and linked documentation. Objective: RA-4.,https://docs.aws.amazon.com/|https://aws.amazon.com/certification/certified-solutions-architect-associate/
aws-saa-c03,resilient-arch,RA-4,SAA-C03 — RA-4 (EASY) #4,Which description accurately reflects Implement disaster recovery strategies?,"Follow the documented approach for Implement disaster recovery strategies, using recommended services and controls per the exam guide.",Use an approach that contradicts the exam objective and ignores documented constraints.,"Deploy without monitoring, backup, or access controls required by the blueprint.",Mix controls from unrelated domains that do not address the stated objective.,A,EASY,aws-saa-c03|resilient-arch|RA-4|easy|blueprint-seed,**Answer: A** — Implement disaster recovery strategies. Review the official AWS exam guide (SAA-C03) and linked documentation. Objective: RA-4.,https://docs.aws.amazon.com/|https://aws.amazon.com/certification/certified-solutions-architect-associate/
aws-saa-c03,resilient-arch,RA-4,SAA-C03 — RA-4 (EASY) #5,Which statement best defines the scope of Implement disaster recovery strategies?,Use an approach that contradicts the exam objective and ignores documented constraints.,"Deploy without monitoring, backup, or access controls required by the blueprint.",Mix controls from unrelated domains that do not address the stated objective.,"Implement Implement disaster recovery strategies using AWS best practices for Design Resilient Architectures, including monitoring and least privilege.",B,EASY,aws-saa-c03|resilient-arch|RA-4|easy|blueprint-seed,**Answer: B** — Implement disaster recovery strategies. Review the official AWS exam guide (SAA-C03) and linked documentation. Objective: RA-4.,https://docs.aws.amazon.com/|https://aws.amazon.com/certification/certified-solutions-architect-associate/
aws-saa-c03,resilient-arch,RA-4,SAA-C03 — RA-4 (EASY) #6,What is the primary purpose of Implement disaster recovery strategies?,"Deploy without monitoring, backup, or access controls required by the blueprint.",Mix controls from unrelated domains that do not address the stated objective.,Apply the official Design Resilient Architectures guidance: Implement disaster recovery strategies — this aligns with exam blueprint expectations and vendor documentation.,Use an approach that contradicts the exam objective and ignores documented constraints.,C,EASY,aws-saa-c03|resilient-arch|RA-4|easy|blueprint-seed,**Answer: C** — Implement disaster recovery strategies. Review the official AWS exam guide (SAA-C03) and linked documentation. Objective: RA-4.,https://docs.aws.amazon.com/|https://aws.amazon.com/certification/certified-solutions-architect-associate/
aws-saa-c03,resilient-arch,RA-4,SAA-C03 — RA-4 (EASY) #7,Which concept is fundamental to Implement disaster recovery strategies?,Mix controls from unrelated domains that do not address the stated objective.,"Follow the documented approach for Implement disaster recovery strategies, using recommended services and controls per the exam guide.",Use an approach that contradicts the exam objective and ignores documented constraints.,"Deploy without monitoring, backup, or access controls required by the blueprint.",D,EASY,aws-saa-c03|resilient-arch|RA-4|easy|blueprint-seed,**Answer: D** — Implement disaster recovery strategies. Review the official AWS exam guide (SAA-C03) and linked documentation. Objective: RA-4.,https://docs.aws.amazon.com/|https://aws.amazon.com/certification/certified-solutions-architect-associate/
aws-saa-c03,resilient-arch,RA-4,SAA-C03 — RA-4 (EASY) #8,Identify the core principle behind Implement disaster recovery strategies?,"Implement Implement disaster recovery strategies using AWS best practices for Design Resilient Architectures, including monitoring and least privilege.",Use an approach that contradicts the exam objective and ignores documented constraints.,"Deploy without monitoring, backup, or access controls required by the blueprint.",Mix controls from unrelated domains that do not address the stated objective.,A,EASY,aws-saa-c03|resilient-arch|RA-4|easy|blueprint-seed,**Answer: A** — Implement disaster recovery strategies. Review the official AWS exam guide (SAA-C03) and linked documentation. Objective: RA-4.,https://docs.aws.amazon.com/|https://aws.amazon.com/certification/certified-solutions-architect-associate/
aws-saa-c03,resilient-arch,RA-4,SAA-C03 — RA-4 (EASY) #9,Which description accurately reflects Implement disaster recovery strategies?,Use an approach that contradicts the exam objective and ignores documented constraints.,"Deploy without monitoring, backup, or access controls required by the blueprint.",Mix controls from unrelated domains that do not address the stated objective.,Apply the official Design Resilient Architectures guidance: Implement disaster recovery strategies — this aligns with exam blueprint expectations and vendor documentation.,B,EASY,aws-saa-c03|resilient-arch|RA-4|easy|blueprint-seed,**Answer: B** — Implement disaster recovery strategies. Review the official AWS exam guide (SAA-C03) and linked documentation. Objective: RA-4.,https://docs.aws.amazon.com/|https://aws.amazon.com/certification/certified-solutions-architect-associate/
aws-saa-c03,resilient-arch,RA-4,SAA-C03 — RA-4 (EASY) #10,Which statement best defines the scope of Implement disaster recovery strategies?,"Deploy without monitoring, backup, or access controls required by the blueprint.",Mix controls from unrelated domains that do not address the stated objective.,"Follow the documented approach for Implement disaster recovery strategies, using recommended services and controls per the exam guide.",Use an approach that contradicts the exam objective and ignores documented constraints.,C,EASY,aws-saa-c03|resilient-arch|RA-4|easy|blueprint-seed,**Answer: C** — Implement disaster recovery strategies. Review the official AWS exam guide (SAA-C03) and linked documentation. Objective: RA-4.,https://docs.aws.amazon.com/|https://aws.amazon.com/certification/certified-solutions-architect-associate/
aws-saa-c03,resilient-arch,RA-4,SAA-C03 — RA-4 (EASY) #11,What is the primary purpose of Implement disaster recovery strategies?,Mix controls from unrelated domains that do not address the stated objective.,"Implement Implement disaster recovery strategies using AWS best practices for Design Resilient Architectures, including monitoring and least privilege.",Use an approach that contradicts the exam objective and ignores documented constraints.,"Deploy without monitoring, backup, or access controls required by the blueprint.",D,EASY,aws-saa-c03|resilient-arch|RA-4|easy|blueprint-seed,**Answer: D** — Implement disaster recovery strategies. Review the official AWS exam guide (SAA-C03) and linked documentation. Objective: RA-4.,https://docs.aws.amazon.com/|https://aws.amazon.com/certification/certified-solutions-architect-associate/
aws-saa-c03,resilient-arch,RA-4,SAA-C03 — RA-4 (MEDIUM) #12,"During a project review, stakeholders ask how to Implement disaster recovery strategies in the context of AWS Solutions Architect Associate?",Apply the official Design Resilient Architectures guidance: Implement disaster recovery strategies — this aligns with exam blueprint expectations and vendor documentation.,Use an approach that contradicts the exam objective and ignores documented constraints.,"Deploy without monitoring, backup, or access controls required by the blueprint.",Mix controls from unrelated domains that do not address the stated objective.,A,MEDIUM,aws-saa-c03|resilient-arch|RA-4|medium|blueprint-seed,**Answer: A** — Implement disaster recovery strategies. Review the official AWS exam guide (SAA-C03) and linked documentation. Objective: RA-4.,https://docs.aws.amazon.com/|https://aws.amazon.com/certification/certified-solutions-architect-associate/
aws-saa-c03,resilient-arch,RA-4,SAA-C03 — RA-4 (MEDIUM) #13,Which configuration satisfies requirements for Implement disaster recovery strategies in the context of AWS Solutions Architect Associate?,Use an approach that contradicts the exam objective and ignores documented constraints.,"Deploy without monitoring, backup, or access controls required by the blueprint.",Mix controls from unrelated domains that do not address the stated objective.,"Follow the documented approach for Implement disaster recovery strategies, using recommended services and controls per the exam guide.",B,MEDIUM,aws-saa-c03|resilient-arch|RA-4|medium|blueprint-seed,**Answer: B** — Implement disaster recovery strategies. Review the official AWS exam guide (SAA-C03) and linked documentation. Objective: RA-4.,https://docs.aws.amazon.com/|https://aws.amazon.com/certification/certified-solutions-architect-associate/
aws-saa-c03,resilient-arch,RA-4,SAA-C03 — RA-4 (MEDIUM) #14,What is the recommended design when applying Implement disaster recovery strategies in the context of AWS Solutions Architect Associate?,"Deploy without monitoring, backup, or access controls required by the blueprint.",Mix controls from unrelated domains that do not address the stated objective.,"Implement Implement disaster recovery strategies using AWS best practices for Design Resilient Architectures, including monitoring and least privilege.",Use an approach that contradicts the exam objective and ignores documented constraints.,C,MEDIUM,aws-saa-c03|resilient-arch|RA-4|medium|blueprint-seed,**Answer: C** — Implement disaster recovery strategies. Review the official AWS exam guide (SAA-C03) and linked documentation. Objective: RA-4.,https://docs.aws.amazon.com/|https://aws.amazon.com/certification/certified-solutions-architect-associate/
aws-saa-c03,resilient-arch,RA-4,SAA-C03 — RA-4 (MEDIUM) #15,A team must implement a solution for Implement disaster recovery strategies in the context of AWS Solutions Architect Associate?,Mix controls from unrelated domains that do not address the stated objective.,Apply the official Design Resilient Architectures guidance: Implement disaster recovery strategies — this aligns with exam blueprint expectations and vendor documentation.,Use an approach that contradicts the exam objective and ignores documented constraints.,"Deploy without monitoring, backup, or access controls required by the blueprint.",D,MEDIUM,aws-saa-c03|resilient-arch|RA-4|medium|blueprint-seed,**Answer: D** — Implement disaster recovery strategies. Review the official AWS exam guide (SAA-C03) and linked documentation. Objective: RA-4.,https://docs.aws.amazon.com/|https://aws.amazon.com/certification/certified-solutions-architect-associate/
aws-saa-c03,resilient-arch,RA-4,SAA-C03 — RA-4 (MEDIUM) #16,Which approach aligns with best practices when Implement disaster recovery strategies in the context of AWS Solutions Architect Associate?,"Follow the documented approach for Implement disaster recovery strategies, using recommended services and controls per the exam guide.",Use an approach that contradicts the exam objective and ignores documented constraints.,"Deploy without monitoring, backup, or access controls required by the blueprint.",Mix controls from unrelated domains that do not address the stated objective.,A,MEDIUM,aws-saa-c03|resilient-arch|RA-4|medium|blueprint-seed,**Answer: A** — Implement disaster recovery strategies. Review the official AWS exam guide (SAA-C03) and linked documentation. Objective: RA-4.,https://docs.aws.amazon.com/|https://aws.amazon.com/certification/certified-solutions-architect-associate/
aws-saa-c03,resilient-arch,RA-4,SAA-C03 — RA-4 (MEDIUM) #17,"During a project review, stakeholders ask how to Implement disaster recovery strategies in the context of AWS Solutions Architect Associate?",Use an approach that contradicts the exam objective and ignores documented constraints.,"Deploy without monitoring, backup, or access controls required by the blueprint.",Mix controls from unrelated domains that do not address the stated objective.,"Implement Implement disaster recovery strategies using AWS best practices for Design Resilient Architectures, including monitoring and least privilege.",B,MEDIUM,aws-saa-c03|resilient-arch|RA-4|medium|blueprint-seed,**Answer: B** — Implement disaster recovery strategies. Review the official AWS exam guide (SAA-C03) and linked documentation. Objective: RA-4.,https://docs.aws.amazon.com/|https://aws.amazon.com/certification/certified-solutions-architect-associate/
aws-saa-c03,resilient-arch,RA-4,SAA-C03 — RA-4 (MEDIUM) #18,Which configuration satisfies requirements for Implement disaster recovery strategies in the context of AWS Solutions Architect Associate?,"Deploy without monitoring, backup, or access controls required by the blueprint.",Mix controls from unrelated domains that do not address the stated objective.,Apply the official Design Resilient Architectures guidance: Implement disaster recovery strategies — this aligns with exam blueprint expectations and vendor documentation.,Use an approach that contradicts the exam objective and ignores documented constraints.,C,MEDIUM,aws-saa-c03|resilient-arch|RA-4|medium|blueprint-seed,**Answer: C** — Implement disaster recovery strategies. Review the official AWS exam guide (SAA-C03) and linked documentation. Objective: RA-4.,https://docs.aws.amazon.com/|https://aws.amazon.com/certification/certified-solutions-architect-associate/
aws-saa-c03,resilient-arch,RA-4,SAA-C03 — RA-4 (MEDIUM) #19,What is the recommended design when applying Implement disaster recovery strategies in the context of AWS Solutions Architect Associate?,Mix controls from unrelated domains that do not address the stated objective.,"Follow the documented approach for Implement disaster recovery strategies, using recommended services and controls per the exam guide.",Use an approach that contradicts the exam objective and ignores documented constraints.,"Deploy without monitoring, backup, or access controls required by the blueprint.",D,MEDIUM,aws-saa-c03|resilient-arch|RA-4|medium|blueprint-seed,**Answer: D** — Implement disaster recovery strategies. Review the official AWS exam guide (SAA-C03) and linked documentation. Objective: RA-4.,https://docs.aws.amazon.com/|https://aws.amazon.com/certification/certified-solutions-architect-associate/
aws-saa-c03,resilient-arch,RA-4,SAA-C03 — RA-4 (MEDIUM) #20,A team must implement a solution for Implement disaster recovery strategies in the context of AWS Solutions Architect Associate?,"Implement Implement disaster recovery strategies using AWS best practices for Design Resilient Architectures, including monitoring and least privilege.",Use an approach that contradicts the exam objective and ignores documented constraints.,"Deploy without monitoring, backup, or access controls required by the blueprint.",Mix controls from unrelated domains that do not address the stated objective.,A,MEDIUM,aws-saa-c03|resilient-arch|RA-4|medium|blueprint-seed,**Answer: A** — Implement disaster recovery strategies. Review the official AWS exam guide (SAA-C03) and linked documentation. Objective: RA-4.,https://docs.aws.amazon.com/|https://aws.amazon.com/certification/certified-solutions-architect-associate/
aws-saa-c03,resilient-arch,RA-4,SAA-C03 — RA-4 (MEDIUM) #21,Which approach aligns with best practices when Implement disaster recovery strategies in the context of AWS Solutions Architect Associate?,Use an approach that contradicts the exam objective and ignores documented constraints.,"Deploy without monitoring, backup, or access controls required by the blueprint.",Mix controls from unrelated domains that do not address the stated objective.,Apply the official Design Resilient Architectures guidance: Implement disaster recovery strategies — this aligns with exam blueprint expectations and vendor documentation.,B,MEDIUM,aws-saa-c03|resilient-arch|RA-4|medium|blueprint-seed,**Answer: B** — Implement disaster recovery strategies. Review the official AWS exam guide (SAA-C03) and linked documentation. Objective: RA-4.,https://docs.aws.amazon.com/|https://aws.amazon.com/certification/certified-solutions-architect-associate/
aws-saa-c03,resilient-arch,RA-4,SAA-C03 — RA-4 (MEDIUM) #22,"During a project review, stakeholders ask how to Implement disaster recovery strategies in the context of AWS Solutions Architect Associate?","Deploy without monitoring, backup, or access controls required by the blueprint.",Mix controls from unrelated domains that do not address the stated objective.,"Follow the documented approach for Implement disaster recovery strategies, using recommended services and controls per the exam guide.",Use an approach that contradicts the exam objective and ignores documented constraints.,C,MEDIUM,aws-saa-c03|resilient-arch|RA-4|medium|blueprint-seed,**Answer: C** — Implement disaster recovery strategies. Review the official AWS exam guide (SAA-C03) and linked documentation. Objective: RA-4.,https://docs.aws.amazon.com/|https://aws.amazon.com/certification/certified-solutions-architect-associate/
aws-saa-c03,resilient-arch,RA-4,SAA-C03 — RA-4 (MEDIUM) #23,Which configuration satisfies requirements for Implement disaster recovery strategies in the context of AWS Solutions Architect Associate?,Mix controls from unrelated domains that do not address the stated objective.,"Implement Implement disaster recovery strategies using AWS best practices for Design Resilient Architectures, including monitoring and least privilege.",Use an approach that contradicts the exam objective and ignores documented constraints.,"Deploy without monitoring, backup, or access controls required by the blueprint.",D,MEDIUM,aws-saa-c03|resilient-arch|RA-4|medium|blueprint-seed,**Answer: D** — Implement disaster recovery strategies. Review the official AWS exam guide (SAA-C03) and linked documentation. Objective: RA-4.,https://docs.aws.amazon.com/|https://aws.amazon.com/certification/certified-solutions-architect-associate/
aws-saa-c03,resilient-arch,RA-4,SAA-C03 — RA-4 (MEDIUM) #24,What is the recommended design when applying Implement disaster recovery strategies in the context of AWS Solutions Architect Associate?,Apply the official Design Resilient Architectures guidance: Implement disaster recovery strategies — this aligns with exam blueprint expectations and vendor documentation.,Use an approach that contradicts the exam objective and ignores documented constraints.,"Deploy without monitoring, backup, or access controls required by the blueprint.",Mix controls from unrelated domains that do not address the stated objective.,A,MEDIUM,aws-saa-c03|resilient-arch|RA-4|medium|blueprint-seed,**Answer: A** — Implement disaster recovery strategies. Review the official AWS exam guide (SAA-C03) and linked documentation. Objective: RA-4.,https://docs.aws.amazon.com/|https://aws.amazon.com/certification/certified-solutions-architect-associate/
aws-saa-c03,resilient-arch,RA-4,SAA-C03 — RA-4 (MEDIUM) #25,A team must implement a solution for Implement disaster recovery strategies in the context of AWS Solutions Architect Associate?,Use an approach that contradicts the exam objective and ignores documented constraints.,"Deploy without monitoring, backup, or access controls required by the blueprint.",Mix controls from unrelated domains that do not address the stated objective.,"Follow the documented approach for Implement disaster recovery strategies, using recommended services and controls per the exam guide.",B,MEDIUM,aws-saa-c03|resilient-arch|RA-4|medium|blueprint-seed,**Answer: B** — Implement disaster recovery strategies. Review the official AWS exam guide (SAA-C03) and linked documentation. Objective: RA-4.,https://docs.aws.amazon.com/|https://aws.amazon.com/certification/certified-solutions-architect-associate/
aws-saa-c03,resilient-arch,RA-4,SAA-C03 — RA-4 (HARD) #26,"Given strict compliance, auditability, and multi-region constraints, how should you Implement disaster recovery strategies for Design Resilient Architectures?","Deploy without monitoring, backup, or access controls required by the blueprint.",Mix controls from unrelated domains that do not address the stated objective.,"Implement Implement disaster recovery strategies using AWS best practices for Design Resilient Architectures, including monitoring and least privilege.",Use an approach that contradicts the exam objective and ignores documented constraints.,C,HARD,aws-saa-c03|resilient-arch|RA-4|hard|blueprint-seed,**Answer: C** — Implement disaster recovery strategies. Review the official AWS exam guide (SAA-C03) and linked documentation. Objective: RA-4.,https://docs.aws.amazon.com/|https://aws.amazon.com/certification/certified-solutions-architect-associate/
aws-saa-c03,resilient-arch,RA-4,SAA-C03 — RA-4 (HARD) #27,A production incident involves trade-offs between cost and resilience for Implement disaster recovery strategies for Design Resilient Architectures?,Mix controls from unrelated domains that do not address the stated objective.,Apply the official Design Resilient Architectures guidance: Implement disaster recovery strategies — this aligns with exam blueprint expectations and vendor documentation.,Use an approach that contradicts the exam objective and ignores documented constraints.,"Deploy without monitoring, backup, or access controls required by the blueprint.",D,HARD,aws-saa-c03|resilient-arch|RA-4|hard|blueprint-seed,**Answer: D** — Implement disaster recovery strategies. Review the official AWS exam guide (SAA-C03) and linked documentation. Objective: RA-4.,https://docs.aws.amazon.com/|https://aws.amazon.com/certification/certified-solutions-architect-associate/
aws-saa-c03,resilient-arch,RA-4,SAA-C03 — RA-4 (HARD) #28,Complex regulatory requirements demand that you Implement disaster recovery strategies for Design Resilient Architectures?,"Follow the documented approach for Implement disaster recovery strategies, using recommended services and controls per the exam guide.",Use an approach that contradicts the exam objective and ignores documented constraints.,"Deploy without monitoring, backup, or access controls required by the blueprint.",Mix controls from unrelated domains that do not address the stated objective.,A,HARD,aws-saa-c03|resilient-arch|RA-4|hard|blueprint-seed,**Answer: A** — Implement disaster recovery strategies. Review the official AWS exam guide (SAA-C03) and linked documentation. Objective: RA-4.,https://docs.aws.amazon.com/|https://aws.amazon.com/certification/certified-solutions-architect-associate/
aws-saa-c03,resilient-arch,RA-4,SAA-C03 — RA-4 (HARD) #29,A multi-team rollout must balance security and velocity for Implement disaster recovery strategies for Design Resilient Architectures?,Use an approach that contradicts the exam objective and ignores documented constraints.,"Deploy without monitoring, backup, or access controls required by the blueprint.",Mix controls from unrelated domains that do not address the stated objective.,"Implement Implement disaster recovery strategies using AWS best practices for Design Resilient Architectures, including monitoring and least privilege.",B,HARD,aws-saa-c03|resilient-arch|RA-4|hard|blueprint-seed,**Answer: B** — Implement disaster recovery strategies. Review the official AWS exam guide (SAA-C03) and linked documentation. Objective: RA-4.,https://docs.aws.amazon.com/|https://aws.amazon.com/certification/certified-solutions-architect-associate/
aws-saa-c03,resilient-arch,RA-4,SAA-C03 — RA-4 (HARD) #30,An enterprise requires zero-downtime architecture while Implement disaster recovery strategies for Design Resilient Architectures?,"Deploy without monitoring, backup, or access controls required by the blueprint.",Mix controls from unrelated domains that do not address the stated objective.,Apply the official Design Resilient Architectures guidance: Implement disaster recovery strategies — this aligns with exam blueprint expectations and vendor documentation.,Use an approach that contradicts the exam objective and ignores documented constraints.,C,HARD,aws-saa-c03|resilient-arch|RA-4|hard|blueprint-seed,**Answer: C** — Implement disaster recovery strategies. Review the official AWS exam guide (SAA-C03) and linked documentation. Objective: RA-4.,https://docs.aws.amazon.com/|https://aws.amazon.com/certification/certified-solutions-architect-associate/
aws-saa-c03,resilient-arch,RA-4,SAA-C03 — RA-4 (HARD) #31,"Given strict compliance, auditability, and multi-region constraints, how should you Implement disaster recovery strategies for Design Resilient Architectures?",Mix controls from unrelated domains that do not address the stated objective.,"Follow the documented approach for Implement disaster recovery strategies, using recommended services and controls per the exam guide.",Use an approach that contradicts the exam objective and ignores documented constraints.,"Deploy without monitoring, backup, or access controls required by the blueprint.",D,HARD,aws-saa-c03|resilient-arch|RA-4|hard|blueprint-seed,**Answer: D** — Implement disaster recovery strategies. Review the official AWS exam guide (SAA-C03) and linked documentation. Objective: RA-4.,https://docs.aws.amazon.com/|https://aws.amazon.com/certification/certified-solutions-architect-associate/
aws-saa-c03,resilient-arch,RA-4,SAA-C03 — RA-4 (HARD) #32,A production incident involves trade-offs between cost and resilience for Implement disaster recovery strategies for Design Resilient Architectures?,"Implement Implement disaster recovery strategies using AWS best practices for Design Resilient Architectures, including monitoring and least privilege.",Use an approach that contradicts the exam objective and ignores documented constraints.,"Deploy without monitoring, backup, or access controls required by the blueprint.",Mix controls from unrelated domains that do not address the stated objective.,A,HARD,aws-saa-c03|resilient-arch|RA-4|hard|blueprint-seed,**Answer: A** — Implement disaster recovery strategies. Review the official AWS exam guide (SAA-C03) and linked documentation. Objective: RA-4.,https://docs.aws.amazon.com/|https://aws.amazon.com/certification/certified-solutions-architect-associate/
aws-saa-c03,resilient-arch,RA-4,SAA-C03 — RA-4 (HARD) #33,Complex regulatory requirements demand that you Implement disaster recovery strategies for Design Resilient Architectures?,Use an approach that contradicts the exam objective and ignores documented constraints.,"Deploy without monitoring, backup, or access controls required by the blueprint.",Mix controls from unrelated domains that do not address the stated objective.,Apply the official Design Resilient Architectures guidance: Implement disaster recovery strategies — this aligns with exam blueprint expectations and vendor documentation.,B,HARD,aws-saa-c03|resilient-arch|RA-4|hard|blueprint-seed,**Answer: B** — Implement disaster recovery strategies. Review the official AWS exam guide (SAA-C03) and linked documentation. Objective: RA-4.,https://docs.aws.amazon.com/|https://aws.amazon.com/certification/certified-solutions-architect-associate/
aws-saa-c03,resilient-arch,RA-4,SAA-C03 — RA-4 (HARD) #34,A multi-team rollout must balance security and velocity for Implement disaster recovery strategies for Design Resilient Architectures?,"Deploy without monitoring, backup, or access controls required by the blueprint.",Mix controls from unrelated domains that do not address the stated objective.,"Follow the documented approach for Implement disaster recovery strategies, using recommended services and controls per the exam guide.",Use an approach that contradicts the exam objective and ignores documented constraints.,C,HARD,aws-saa-c03|resilient-arch|RA-4|hard|blueprint-seed,**Answer: C** — Implement disaster recovery strategies. Review the official AWS exam guide (SAA-C03) and linked documentation. Objective: RA-4.,https://docs.aws.amazon.com/|https://aws.amazon.com/certification/certified-solutions-architect-associate/
aws-saa-c03,resilient-arch,RA-4,SAA-C03 — RA-4 (HARD) #35,An enterprise requires zero-downtime architecture while Implement disaster recovery strategies for Design Resilient Architectures?,Mix controls from unrelated domains that do not address the stated objective.,"Implement Implement disaster recovery strategies using AWS best practices for Design Resilient Architectures, including monitoring and least privilege.",Use an approach that contradicts the exam objective and ignores documented constraints.,"Deploy without monitoring, backup, or access controls required by the blueprint.",D,HARD,aws-saa-c03|resilient-arch|RA-4|hard|blueprint-seed,**Answer: D** — Implement disaster recovery strategies. Review the official AWS exam guide (SAA-C03) and linked documentation. Objective: RA-4.,https://docs.aws.amazon.com/|https://aws.amazon.com/certification/certified-solutions-architect-associate/
aws-saa-c03,resilient-arch,RA-4,SAA-C03 — RA-4 (HARD) #36,"Given strict compliance, auditability, and multi-region constraints, how should you Implement disaster recovery strategies for Design Resilient Architectures?",Apply the official Design Resilient Architectures guidance: Implement disaster recovery strategies — this aligns with exam blueprint expectations and vendor documentation.,Use an approach that contradicts the exam objective and ignores documented constraints.,"Deploy without monitoring, backup, or access controls required by the blueprint.",Mix controls from unrelated domains that do not address the stated objective.,A,HARD,aws-saa-c03|resilient-arch|RA-4|hard|blueprint-seed,**Answer: A** — Implement disaster recovery strategies. Review the official AWS exam guide (SAA-C03) and linked documentation. Objective: RA-4.,https://docs.aws.amazon.com/|https://aws.amazon.com/certification/certified-solutions-architect-associate/
aws-saa-c03,high-performing,HP-1,SAA-C03 — HP-1 (EASY) #1,What is the primary purpose of Identify elastic compute solutions for workloads?,Use an approach that contradicts the exam objective and ignores documented constraints.,"Deploy without monitoring, backup, or access controls required by the blueprint.",Mix controls from unrelated domains that do not address the stated objective.,"Follow the documented approach for Identify elastic compute solutions for workloads, using recommended services and controls per the exam guide.",B,EASY,aws-saa-c03|high-performing|HP-1|easy|blueprint-seed,**Answer: B** — Identify elastic compute solutions for workloads. Review the official AWS exam guide (SAA-C03) and linked documentation. Objective: HP-1.,https://docs.aws.amazon.com/|https://aws.amazon.com/certification/certified-solutions-architect-associate/
aws-saa-c03,high-performing,HP-1,SAA-C03 — HP-1 (EASY) #2,Which concept is fundamental to Identify elastic compute solutions for workloads?,"Deploy without monitoring, backup, or access controls required by the blueprint.",Mix controls from unrelated domains that do not address the stated objective.,"Implement Identify elastic compute solutions for workloads using AWS best practices for Design High-Performing Architectures, including monitoring and least privilege.",Use an approach that contradicts the exam objective and ignores documented constraints.,C,EASY,aws-saa-c03|high-performing|HP-1|easy|blueprint-seed,**Answer: C** — Identify elastic compute solutions for workloads. Review the official AWS exam guide (SAA-C03) and linked documentation. Objective: HP-1.,https://docs.aws.amazon.com/|https://aws.amazon.com/certification/certified-solutions-architect-associate/
aws-saa-c03,high-performing,HP-1,SAA-C03 — HP-1 (EASY) #3,Identify the core principle behind Identify elastic compute solutions for workloads?,Mix controls from unrelated domains that do not address the stated objective.,Apply the official Design High-Performing Architectures guidance: Identify elastic compute solutions for workloads — this aligns with exam blueprint expectations and vendor documentation.,Use an approach that contradicts the exam objective and ignores documented constraints.,"Deploy without monitoring, backup, or access controls required by the blueprint.",D,EASY,aws-saa-c03|high-performing|HP-1|easy|blueprint-seed,**Answer: D** — Identify elastic compute solutions for workloads. Review the official AWS exam guide (SAA-C03) and linked documentation. Objective: HP-1.,https://docs.aws.amazon.com/|https://aws.amazon.com/certification/certified-solutions-architect-associate/
aws-saa-c03,high-performing,HP-1,SAA-C03 — HP-1 (EASY) #4,Which description accurately reflects Identify elastic compute solutions for workloads?,"Follow the documented approach for Identify elastic compute solutions for workloads, using recommended services and controls per the exam guide.",Use an approach that contradicts the exam objective and ignores documented constraints.,"Deploy without monitoring, backup, or access controls required by the blueprint.",Mix controls from unrelated domains that do not address the stated objective.,A,EASY,aws-saa-c03|high-performing|HP-1|easy|blueprint-seed,**Answer: A** — Identify elastic compute solutions for workloads. Review the official AWS exam guide (SAA-C03) and linked documentation. Objective: HP-1.,https://docs.aws.amazon.com/|https://aws.amazon.com/certification/certified-solutions-architect-associate/
aws-saa-c03,high-performing,HP-1,SAA-C03 — HP-1 (EASY) #5,Which statement best defines the scope of Identify elastic compute solutions for workloads?,Use an approach that contradicts the exam objective and ignores documented constraints.,"Deploy without monitoring, backup, or access controls required by the blueprint.",Mix controls from unrelated domains that do not address the stated objective.,"Implement Identify elastic compute solutions for workloads using AWS best practices for Design High-Performing Architectures, including monitoring and least privilege.",B,EASY,aws-saa-c03|high-performing|HP-1|easy|blueprint-seed,**Answer: B** — Identify elastic compute solutions for workloads. Review the official AWS exam guide (SAA-C03) and linked documentation. Objective: HP-1.,https://docs.aws.amazon.com/|https://aws.amazon.com/certification/certified-solutions-architect-associate/
aws-saa-c03,high-performing,HP-1,SAA-C03 — HP-1 (EASY) #6,What is the primary purpose of Identify elastic compute solutions for workloads?,"Deploy without monitoring, backup, or access controls required by the blueprint.",Mix controls from unrelated domains that do not address the stated objective.,Apply the official Design High-Performing Architectures guidance: Identify elastic compute solutions for workloads — this aligns with exam blueprint expectations and vendor documentation.,Use an approach that contradicts the exam objective and ignores documented constraints.,C,EASY,aws-saa-c03|high-performing|HP-1|easy|blueprint-seed,**Answer: C** — Identify elastic compute solutions for workloads. Review the official AWS exam guide (SAA-C03) and linked documentation. Objective: HP-1.,https://docs.aws.amazon.com/|https://aws.amazon.com/certification/certified-solutions-architect-associate/
aws-saa-c03,high-performing,HP-1,SAA-C03 — HP-1 (EASY) #7,Which concept is fundamental to Identify elastic compute solutions for workloads?,Mix controls from unrelated domains that do not address the stated objective.,"Follow the documented approach for Identify elastic compute solutions for workloads, using recommended services and controls per the exam guide.",Use an approach that contradicts the exam objective and ignores documented constraints.,"Deploy without monitoring, backup, or access controls required by the blueprint.",D,EASY,aws-saa-c03|high-performing|HP-1|easy|blueprint-seed,**Answer: D** — Identify elastic compute solutions for workloads. Review the official AWS exam guide (SAA-C03) and linked documentation. Objective: HP-1.,https://docs.aws.amazon.com/|https://aws.amazon.com/certification/certified-solutions-architect-associate/
aws-saa-c03,high-performing,HP-1,SAA-C03 — HP-1 (EASY) #8,Identify the core principle behind Identify elastic compute solutions for workloads?,"Implement Identify elastic compute solutions for workloads using AWS best practices for Design High-Performing Architectures, including monitoring and least privilege.",Use an approach that contradicts the exam objective and ignores documented constraints.,"Deploy without monitoring, backup, or access controls required by the blueprint.",Mix controls from unrelated domains that do not address the stated objective.,A,EASY,aws-saa-c03|high-performing|HP-1|easy|blueprint-seed,**Answer: A** — Identify elastic compute solutions for workloads. Review the official AWS exam guide (SAA-C03) and linked documentation. Objective: HP-1.,https://docs.aws.amazon.com/|https://aws.amazon.com/certification/certified-solutions-architect-associate/
aws-saa-c03,high-performing,HP-1,SAA-C03 — HP-1 (EASY) #9,Which description accurately reflects Identify elastic compute solutions for workloads?,Use an approach that contradicts the exam objective and ignores documented constraints.,"Deploy without monitoring, backup, or access controls required by the blueprint.",Mix controls from unrelated domains that do not address the stated objective.,Apply the official Design High-Performing Architectures guidance: Identify elastic compute solutions for workloads — this aligns with exam blueprint expectations and vendor documentation.,B,EASY,aws-saa-c03|high-performing|HP-1|easy|blueprint-seed,**Answer: B** — Identify elastic compute solutions for workloads. Review the official AWS exam guide (SAA-C03) and linked documentation. Objective: HP-1.,https://docs.aws.amazon.com/|https://aws.amazon.com/certification/certified-solutions-architect-associate/
aws-saa-c03,high-performing,HP-1,SAA-C03 — HP-1 (EASY) #10,Which statement best defines the scope of Identify elastic compute solutions for workloads?,"Deploy without monitoring, backup, or access controls required by the blueprint.",Mix controls from unrelated domains that do not address the stated objective.,"Follow the documented approach for Identify elastic compute solutions for workloads, using recommended services and controls per the exam guide.",Use an approach that contradicts the exam objective and ignores documented constraints.,C,EASY,aws-saa-c03|high-performing|HP-1|easy|blueprint-seed,**Answer: C** — Identify elastic compute solutions for workloads. Review the official AWS exam guide (SAA-C03) and linked documentation. Objective: HP-1.,https://docs.aws.amazon.com/|https://aws.amazon.com/certification/certified-solutions-architect-associate/
aws-saa-c03,high-performing,HP-1,SAA-C03 — HP-1 (EASY) #11,What is the primary purpose of Identify elastic compute solutions for workloads?,Mix controls from unrelated domains that do not address the stated objective.,"Implement Identify elastic compute solutions for workloads using AWS best practices for Design High-Performing Architectures, including monitoring and least privilege.",Use an approach that contradicts the exam objective and ignores documented constraints.,"Deploy without monitoring, backup, or access controls required by the blueprint.",D,EASY,aws-saa-c03|high-performing|HP-1|easy|blueprint-seed,**Answer: D** — Identify elastic compute solutions for workloads. Review the official AWS exam guide (SAA-C03) and linked documentation. Objective: HP-1.,https://docs.aws.amazon.com/|https://aws.amazon.com/certification/certified-solutions-architect-associate/
aws-saa-c03,high-performing,HP-1,SAA-C03 — HP-1 (MEDIUM) #12,"During a project review, stakeholders ask how to Identify elastic compute solutions for workloads in the context of AWS Solutions Architect Associate?",Apply the official Design High-Performing Architectures guidance: Identify elastic compute solutions for workloads — this aligns with exam blueprint expectations and vendor documentation.,Use an approach that contradicts the exam objective and ignores documented constraints.,"Deploy without monitoring, backup, or access controls required by the blueprint.",Mix controls from unrelated domains that do not address the stated objective.,A,MEDIUM,aws-saa-c03|high-performing|HP-1|medium|blueprint-seed,**Answer: A** — Identify elastic compute solutions for workloads. Review the official AWS exam guide (SAA-C03) and linked documentation. Objective: HP-1.,https://docs.aws.amazon.com/|https://aws.amazon.com/certification/certified-solutions-architect-associate/
aws-saa-c03,high-performing,HP-1,SAA-C03 — HP-1 (MEDIUM) #13,Which configuration satisfies requirements for Identify elastic compute solutions for workloads in the context of AWS Solutions Architect Associate?,Use an approach that contradicts the exam objective and ignores documented constraints.,"Deploy without monitoring, backup, or access controls required by the blueprint.",Mix controls from unrelated domains that do not address the stated objective.,"Follow the documented approach for Identify elastic compute solutions for workloads, using recommended services and controls per the exam guide.",B,MEDIUM,aws-saa-c03|high-performing|HP-1|medium|blueprint-seed,**Answer: B** — Identify elastic compute solutions for workloads. Review the official AWS exam guide (SAA-C03) and linked documentation. Objective: HP-1.,https://docs.aws.amazon.com/|https://aws.amazon.com/certification/certified-solutions-architect-associate/
aws-saa-c03,high-performing,HP-1,SAA-C03 — HP-1 (MEDIUM) #14,What is the recommended design when applying Identify elastic compute solutions for workloads in the context of AWS Solutions Architect Associate?,"Deploy without monitoring, backup, or access controls required by the blueprint.",Mix controls from unrelated domains that do not address the stated objective.,"Implement Identify elastic compute solutions for workloads using AWS best practices for Design High-Performing Architectures, including monitoring and least privilege.",Use an approach that contradicts the exam objective and ignores documented constraints.,C,MEDIUM,aws-saa-c03|high-performing|HP-1|medium|blueprint-seed,**Answer: C** — Identify elastic compute solutions for workloads. Review the official AWS exam guide (SAA-C03) and linked documentation. Objective: HP-1.,https://docs.aws.amazon.com/|https://aws.amazon.com/certification/certified-solutions-architect-associate/
aws-saa-c03,high-performing,HP-1,SAA-C03 — HP-1 (MEDIUM) #15,A team must implement a solution for Identify elastic compute solutions for workloads in the context of AWS Solutions Architect Associate?,Mix controls from unrelated domains that do not address the stated objective.,Apply the official Design High-Performing Architectures guidance: Identify elastic compute solutions for workloads — this aligns with exam blueprint expectations and vendor documentation.,Use an approach that contradicts the exam objective and ignores documented constraints.,"Deploy without monitoring, backup, or access controls required by the blueprint.",D,MEDIUM,aws-saa-c03|high-performing|HP-1|medium|blueprint-seed,**Answer: D** — Identify elastic compute solutions for workloads. Review the official AWS exam guide (SAA-C03) and linked documentation. Objective: HP-1.,https://docs.aws.amazon.com/|https://aws.amazon.com/certification/certified-solutions-architect-associate/
aws-saa-c03,high-performing,HP-1,SAA-C03 — HP-1 (MEDIUM) #16,Which approach aligns with best practices when Identify elastic compute solutions for workloads in the context of AWS Solutions Architect Associate?,"Follow the documented approach for Identify elastic compute solutions for workloads, using recommended services and controls per the exam guide.",Use an approach that contradicts the exam objective and ignores documented constraints.,"Deploy without monitoring, backup, or access controls required by the blueprint.",Mix controls from unrelated domains that do not address the stated objective.,A,MEDIUM,aws-saa-c03|high-performing|HP-1|medium|blueprint-seed,**Answer: A** — Identify elastic compute solutions for workloads. Review the official AWS exam guide (SAA-C03) and linked documentation. Objective: HP-1.,https://docs.aws.amazon.com/|https://aws.amazon.com/certification/certified-solutions-architect-associate/
aws-saa-c03,high-performing,HP-1,SAA-C03 — HP-1 (MEDIUM) #17,"During a project review, stakeholders ask how to Identify elastic compute solutions for workloads in the context of AWS Solutions Architect Associate?",Use an approach that contradicts the exam objective and ignores documented constraints.,"Deploy without monitoring, backup, or access controls required by the blueprint.",Mix controls from unrelated domains that do not address the stated objective.,"Implement Identify elastic compute solutions for workloads using AWS best practices for Design High-Performing Architectures, including monitoring and least privilege.",B,MEDIUM,aws-saa-c03|high-performing|HP-1|medium|blueprint-seed,**Answer: B** — Identify elastic compute solutions for workloads. Review the official AWS exam guide (SAA-C03) and linked documentation. Objective: HP-1.,https://docs.aws.amazon.com/|https://aws.amazon.com/certification/certified-solutions-architect-associate/
aws-saa-c03,high-performing,HP-1,SAA-C03 — HP-1 (MEDIUM) #18,Which configuration satisfies requirements for Identify elastic compute solutions for workloads in the context of AWS Solutions Architect Associate?,"Deploy without monitoring, backup, or access controls required by the blueprint.",Mix controls from unrelated domains that do not address the stated objective.,Apply the official Design High-Performing Architectures guidance: Identify elastic compute solutions for workloads — this aligns with exam blueprint expectations and vendor documentation.,Use an approach that contradicts the exam objective and ignores documented constraints.,C,MEDIUM,aws-saa-c03|high-performing|HP-1|medium|blueprint-seed,**Answer: C** — Identify elastic compute solutions for workloads. Review the official AWS exam guide (SAA-C03) and linked documentation. Objective: HP-1.,https://docs.aws.amazon.com/|https://aws.amazon.com/certification/certified-solutions-architect-associate/
aws-saa-c03,high-performing,HP-1,SAA-C03 — HP-1 (MEDIUM) #19,What is the recommended design when applying Identify elastic compute solutions for workloads in the context of AWS Solutions Architect Associate?,Mix controls from unrelated domains that do not address the stated objective.,"Follow the documented approach for Identify elastic compute solutions for workloads, using recommended services and controls per the exam guide.",Use an approach that contradicts the exam objective and ignores documented constraints.,"Deploy without monitoring, backup, or access controls required by the blueprint.",D,MEDIUM,aws-saa-c03|high-performing|HP-1|medium|blueprint-seed,**Answer: D** — Identify elastic compute solutions for workloads. Review the official AWS exam guide (SAA-C03) and linked documentation. Objective: HP-1.,https://docs.aws.amazon.com/|https://aws.amazon.com/certification/certified-solutions-architect-associate/
aws-saa-c03,high-performing,HP-1,SAA-C03 — HP-1 (MEDIUM) #20,A team must implement a solution for Identify elastic compute solutions for workloads in the context of AWS Solutions Architect Associate?,"Implement Identify elastic compute solutions for workloads using AWS best practices for Design High-Performing Architectures, including monitoring and least privilege.",Use an approach that contradicts the exam objective and ignores documented constraints.,"Deploy without monitoring, backup, or access controls required by the blueprint.",Mix controls from unrelated domains that do not address the stated objective.,A,MEDIUM,aws-saa-c03|high-performing|HP-1|medium|blueprint-seed,**Answer: A** — Identify elastic compute solutions for workloads. Review the official AWS exam guide (SAA-C03) and linked documentation. Objective: HP-1.,https://docs.aws.amazon.com/|https://aws.amazon.com/certification/certified-solutions-architect-associate/
aws-saa-c03,high-performing,HP-1,SAA-C03 — HP-1 (MEDIUM) #21,Which approach aligns with best practices when Identify elastic compute solutions for workloads in the context of AWS Solutions Architect Associate?,Use an approach that contradicts the exam objective and ignores documented constraints.,"Deploy without monitoring, backup, or access controls required by the blueprint.",Mix controls from unrelated domains that do not address the stated objective.,Apply the official Design High-Performing Architectures guidance: Identify elastic compute solutions for workloads — this aligns with exam blueprint expectations and vendor documentation.,B,MEDIUM,aws-saa-c03|high-performing|HP-1|medium|blueprint-seed,**Answer: B** — Identify elastic compute solutions for workloads. Review the official AWS exam guide (SAA-C03) and linked documentation. Objective: HP-1.,https://docs.aws.amazon.com/|https://aws.amazon.com/certification/certified-solutions-architect-associate/
aws-saa-c03,high-performing,HP-1,SAA-C03 — HP-1 (MEDIUM) #22,"During a project review, stakeholders ask how to Identify elastic compute solutions for workloads in the context of AWS Solutions Architect Associate?","Deploy without monitoring, backup, or access controls required by the blueprint.",Mix controls from unrelated domains that do not address the stated objective.,"Follow the documented approach for Identify elastic compute solutions for workloads, using recommended services and controls per the exam guide.",Use an approach that contradicts the exam objective and ignores documented constraints.,C,MEDIUM,aws-saa-c03|high-performing|HP-1|medium|blueprint-seed,**Answer: C** — Identify elastic compute solutions for workloads. Review the official AWS exam guide (SAA-C03) and linked documentation. Objective: HP-1.,https://docs.aws.amazon.com/|https://aws.amazon.com/certification/certified-solutions-architect-associate/
aws-saa-c03,high-performing,HP-1,SAA-C03 — HP-1 (MEDIUM) #23,Which configuration satisfies requirements for Identify elastic compute solutions for workloads in the context of AWS Solutions Architect Associate?,Mix controls from unrelated domains that do not address the stated objective.,"Implement Identify elastic compute solutions for workloads using AWS best practices for Design High-Performing Architectures, including monitoring and least privilege.",Use an approach that contradicts the exam objective and ignores documented constraints.,"Deploy without monitoring, backup, or access controls required by the blueprint.",D,MEDIUM,aws-saa-c03|high-performing|HP-1|medium|blueprint-seed,**Answer: D** — Identify elastic compute solutions for workloads. Review the official AWS exam guide (SAA-C03) and linked documentation. Objective: HP-1.,https://docs.aws.amazon.com/|https://aws.amazon.com/certification/certified-solutions-architect-associate/
aws-saa-c03,high-performing,HP-1,SAA-C03 — HP-1 (MEDIUM) #24,What is the recommended design when applying Identify elastic compute solutions for workloads in the context of AWS Solutions Architect Associate?,Apply the official Design High-Performing Architectures guidance: Identify elastic compute solutions for workloads — this aligns with exam blueprint expectations and vendor documentation.,Use an approach that contradicts the exam objective and ignores documented constraints.,"Deploy without monitoring, backup, or access controls required by the blueprint.",Mix controls from unrelated domains that do not address the stated objective.,A,MEDIUM,aws-saa-c03|high-performing|HP-1|medium|blueprint-seed,**Answer: A** — Identify elastic compute solutions for workloads. Review the official AWS exam guide (SAA-C03) and linked documentation. Objective: HP-1.,https://docs.aws.amazon.com/|https://aws.amazon.com/certification/certified-solutions-architect-associate/
aws-saa-c03,high-performing,HP-1,SAA-C03 — HP-1 (MEDIUM) #25,A team must implement a solution for Identify elastic compute solutions for workloads in the context of AWS Solutions Architect Associate?,Use an approach that contradicts the exam objective and ignores documented constraints.,"Deploy without monitoring, backup, or access controls required by the blueprint.",Mix controls from unrelated domains that do not address the stated objective.,"Follow the documented approach for Identify elastic compute solutions for workloads, using recommended services and controls per the exam guide.",B,MEDIUM,aws-saa-c03|high-performing|HP-1|medium|blueprint-seed,**Answer: B** — Identify elastic compute solutions for workloads. Review the official AWS exam guide (SAA-C03) and linked documentation. Objective: HP-1.,https://docs.aws.amazon.com/|https://aws.amazon.com/certification/certified-solutions-architect-associate/
aws-saa-c03,high-performing,HP-1,SAA-C03 — HP-1 (HARD) #26,"Given strict compliance, auditability, and multi-region constraints, how should you Identify elastic compute solutions for workloads for Design High-Performing Architectures?","Deploy without monitoring, backup, or access controls required by the blueprint.",Mix controls from unrelated domains that do not address the stated objective.,"Implement Identify elastic compute solutions for workloads using AWS best practices for Design High-Performing Architectures, including monitoring and least privilege.",Use an approach that contradicts the exam objective and ignores documented constraints.,C,HARD,aws-saa-c03|high-performing|HP-1|hard|blueprint-seed,**Answer: C** — Identify elastic compute solutions for workloads. Review the official AWS exam guide (SAA-C03) and linked documentation. Objective: HP-1.,https://docs.aws.amazon.com/|https://aws.amazon.com/certification/certified-solutions-architect-associate/
aws-saa-c03,high-performing,HP-1,SAA-C03 — HP-1 (HARD) #27,A production incident involves trade-offs between cost and resilience for Identify elastic compute solutions for workloads for Design High-Performing Architectures?,Mix controls from unrelated domains that do not address the stated objective.,Apply the official Design High-Performing Architectures guidance: Identify elastic compute solutions for workloads — this aligns with exam blueprint expectations and vendor documentation.,Use an approach that contradicts the exam objective and ignores documented constraints.,"Deploy without monitoring, backup, or access controls required by the blueprint.",D,HARD,aws-saa-c03|high-performing|HP-1|hard|blueprint-seed,**Answer: D** — Identify elastic compute solutions for workloads. Review the official AWS exam guide (SAA-C03) and linked documentation. Objective: HP-1.,https://docs.aws.amazon.com/|https://aws.amazon.com/certification/certified-solutions-architect-associate/
aws-saa-c03,high-performing,HP-1,SAA-C03 — HP-1 (HARD) #28,Complex regulatory requirements demand that you Identify elastic compute solutions for workloads for Design High-Performing Architectures?,"Follow the documented approach for Identify elastic compute solutions for workloads, using recommended services and controls per the exam guide.",Use an approach that contradicts the exam objective and ignores documented constraints.,"Deploy without monitoring, backup, or access controls required by the blueprint.",Mix controls from unrelated domains that do not address the stated objective.,A,HARD,aws-saa-c03|high-performing|HP-1|hard|blueprint-seed,**Answer: A** — Identify elastic compute solutions for workloads. Review the official AWS exam guide (SAA-C03) and linked documentation. Objective: HP-1.,https://docs.aws.amazon.com/|https://aws.amazon.com/certification/certified-solutions-architect-associate/
aws-saa-c03,high-performing,HP-1,SAA-C03 — HP-1 (HARD) #29,A multi-team rollout must balance security and velocity for Identify elastic compute solutions for workloads for Design High-Performing Architectures?,Use an approach that contradicts the exam objective and ignores documented constraints.,"Deploy without monitoring, backup, or access controls required by the blueprint.",Mix controls from unrelated domains that do not address the stated objective.,"Implement Identify elastic compute solutions for workloads using AWS best practices for Design High-Performing Architectures, including monitoring and least privilege.",B,HARD,aws-saa-c03|high-performing|HP-1|hard|blueprint-seed,**Answer: B** — Identify elastic compute solutions for workloads. Review the official AWS exam guide (SAA-C03) and linked documentation. Objective: HP-1.,https://docs.aws.amazon.com/|https://aws.amazon.com/certification/certified-solutions-architect-associate/
aws-saa-c03,high-performing,HP-1,SAA-C03 — HP-1 (HARD) #30,An enterprise requires zero-downtime architecture while Identify elastic compute solutions for workloads for Design High-Performing Architectures?,"Deploy without monitoring, backup, or access controls required by the blueprint.",Mix controls from unrelated domains that do not address the stated objective.,Apply the official Design High-Performing Architectures guidance: Identify elastic compute solutions for workloads — this aligns with exam blueprint expectations and vendor documentation.,Use an approach that contradicts the exam objective and ignores documented constraints.,C,HARD,aws-saa-c03|high-performing|HP-1|hard|blueprint-seed,**Answer: C** — Identify elastic compute solutions for workloads. Review the official AWS exam guide (SAA-C03) and linked documentation. Objective: HP-1.,https://docs.aws.amazon.com/|https://aws.amazon.com/certification/certified-solutions-architect-associate/
aws-saa-c03,high-performing,HP-1,SAA-C03 — HP-1 (HARD) #31,"Given strict compliance, auditability, and multi-region constraints, how should you Identify elastic compute solutions for workloads for Design High-Performing Architectures?",Mix controls from unrelated domains that do not address the stated objective.,"Follow the documented approach for Identify elastic compute solutions for workloads, using recommended services and controls per the exam guide.",Use an approach that contradicts the exam objective and ignores documented constraints.,"Deploy without monitoring, backup, or access controls required by the blueprint.",D,HARD,aws-saa-c03|high-performing|HP-1|hard|blueprint-seed,**Answer: D** — Identify elastic compute solutions for workloads. Review the official AWS exam guide (SAA-C03) and linked documentation. Objective: HP-1.,https://docs.aws.amazon.com/|https://aws.amazon.com/certification/certified-solutions-architect-associate/
aws-saa-c03,high-performing,HP-1,SAA-C03 — HP-1 (HARD) #32,A production incident involves trade-offs between cost and resilience for Identify elastic compute solutions for workloads for Design High-Performing Architectures?,"Implement Identify elastic compute solutions for workloads using AWS best practices for Design High-Performing Architectures, including monitoring and least privilege.",Use an approach that contradicts the exam objective and ignores documented constraints.,"Deploy without monitoring, backup, or access controls required by the blueprint.",Mix controls from unrelated domains that do not address the stated objective.,A,HARD,aws-saa-c03|high-performing|HP-1|hard|blueprint-seed,**Answer: A** — Identify elastic compute solutions for workloads. Review the official AWS exam guide (SAA-C03) and linked documentation. Objective: HP-1.,https://docs.aws.amazon.com/|https://aws.amazon.com/certification/certified-solutions-architect-associate/
aws-saa-c03,high-performing,HP-1,SAA-C03 — HP-1 (HARD) #33,Complex regulatory requirements demand that you Identify elastic compute solutions for workloads for Design High-Performing Architectures?,Use an approach that contradicts the exam objective and ignores documented constraints.,"Deploy without monitoring, backup, or access controls required by the blueprint.",Mix controls from unrelated domains that do not address the stated objective.,Apply the official Design High-Performing Architectures guidance: Identify elastic compute solutions for workloads — this aligns with exam blueprint expectations and vendor documentation.,B,HARD,aws-saa-c03|high-performing|HP-1|hard|blueprint-seed,**Answer: B** — Identify elastic compute solutions for workloads. Review the official AWS exam guide (SAA-C03) and linked documentation. Objective: HP-1.,https://docs.aws.amazon.com/|https://aws.amazon.com/certification/certified-solutions-architect-associate/
aws-saa-c03,high-performing,HP-1,SAA-C03 — HP-1 (HARD) #34,A multi-team rollout must balance security and velocity for Identify elastic compute solutions for workloads for Design High-Performing Architectures?,"Deploy without monitoring, backup, or access controls required by the blueprint.",Mix controls from unrelated domains that do not address the stated objective.,"Follow the documented approach for Identify elastic compute solutions for workloads, using recommended services and controls per the exam guide.",Use an approach that contradicts the exam objective and ignores documented constraints.,C,HARD,aws-saa-c03|high-performing|HP-1|hard|blueprint-seed,**Answer: C** — Identify elastic compute solutions for workloads. Review the official AWS exam guide (SAA-C03) and linked documentation. Objective: HP-1.,https://docs.aws.amazon.com/|https://aws.amazon.com/certification/certified-solutions-architect-associate/
aws-saa-c03,high-performing,HP-1,SAA-C03 — HP-1 (HARD) #35,An enterprise requires zero-downtime architecture while Identify elastic compute solutions for workloads for Design High-Performing Architectures?,Mix controls from unrelated domains that do not address the stated objective.,"Implement Identify elastic compute solutions for workloads using AWS best practices for Design High-Performing Architectures, including monitoring and least privilege.",Use an approach that contradicts the exam objective and ignores documented constraints.,"Deploy without monitoring, backup, or access controls required by the blueprint.",D,HARD,aws-saa-c03|high-performing|HP-1|hard|blueprint-seed,**Answer: D** — Identify elastic compute solutions for workloads. Review the official AWS exam guide (SAA-C03) and linked documentation. Objective: HP-1.,https://docs.aws.amazon.com/|https://aws.amazon.com/certification/certified-solutions-architect-associate/
aws-saa-c03,high-performing,HP-2,SAA-C03 — HP-2 (EASY) #1,What is the primary purpose of Design high-performing storage solutions?,Use an approach that contradicts the exam objective and ignores documented constraints.,"Deploy without monitoring, backup, or access controls required by the blueprint.",Mix controls from unrelated domains that do not address the stated objective.,"Follow the documented approach for Design high-performing storage solutions, using recommended services and controls per the exam guide.",B,EASY,aws-saa-c03|high-performing|HP-2|easy|blueprint-seed,**Answer: B** — Design high-performing storage solutions. Review the official AWS exam guide (SAA-C03) and linked documentation. Objective: HP-2.,https://docs.aws.amazon.com/|https://aws.amazon.com/certification/certified-solutions-architect-associate/
aws-saa-c03,high-performing,HP-2,SAA-C03 — HP-2 (EASY) #2,Which concept is fundamental to Design high-performing storage solutions?,"Deploy without monitoring, backup, or access controls required by the blueprint.",Mix controls from unrelated domains that do not address the stated objective.,"Implement Design high-performing storage solutions using AWS best practices for Design High-Performing Architectures, including monitoring and least privilege.",Use an approach that contradicts the exam objective and ignores documented constraints.,C,EASY,aws-saa-c03|high-performing|HP-2|easy|blueprint-seed,**Answer: C** — Design high-performing storage solutions. Review the official AWS exam guide (SAA-C03) and linked documentation. Objective: HP-2.,https://docs.aws.amazon.com/|https://aws.amazon.com/certification/certified-solutions-architect-associate/
aws-saa-c03,high-performing,HP-2,SAA-C03 — HP-2 (EASY) #3,Identify the core principle behind Design high-performing storage solutions?,Mix controls from unrelated domains that do not address the stated objective.,Apply the official Design High-Performing Architectures guidance: Design high-performing storage solutions — this aligns with exam blueprint expectations and vendor documentation.,Use an approach that contradicts the exam objective and ignores documented constraints.,"Deploy without monitoring, backup, or access controls required by the blueprint.",D,EASY,aws-saa-c03|high-performing|HP-2|easy|blueprint-seed,**Answer: D** — Design high-performing storage solutions. Review the official AWS exam guide (SAA-C03) and linked documentation. Objective: HP-2.,https://docs.aws.amazon.com/|https://aws.amazon.com/certification/certified-solutions-architect-associate/
aws-saa-c03,high-performing,HP-2,SAA-C03 — HP-2 (EASY) #4,Which description accurately reflects Design high-performing storage solutions?,"Follow the documented approach for Design high-performing storage solutions, using recommended services and controls per the exam guide.",Use an approach that contradicts the exam objective and ignores documented constraints.,"Deploy without monitoring, backup, or access controls required by the blueprint.",Mix controls from unrelated domains that do not address the stated objective.,A,EASY,aws-saa-c03|high-performing|HP-2|easy|blueprint-seed,**Answer: A** — Design high-performing storage solutions. Review the official AWS exam guide (SAA-C03) and linked documentation. Objective: HP-2.,https://docs.aws.amazon.com/|https://aws.amazon.com/certification/certified-solutions-architect-associate/
aws-saa-c03,high-performing,HP-2,SAA-C03 — HP-2 (EASY) #5,Which statement best defines the scope of Design high-performing storage solutions?,Use an approach that contradicts the exam objective and ignores documented constraints.,"Deploy without monitoring, backup, or access controls required by the blueprint.",Mix controls from unrelated domains that do not address the stated objective.,"Implement Design high-performing storage solutions using AWS best practices for Design High-Performing Architectures, including monitoring and least privilege.",B,EASY,aws-saa-c03|high-performing|HP-2|easy|blueprint-seed,**Answer: B** — Design high-performing storage solutions. Review the official AWS exam guide (SAA-C03) and linked documentation. Objective: HP-2.,https://docs.aws.amazon.com/|https://aws.amazon.com/certification/certified-solutions-architect-associate/
aws-saa-c03,high-performing,HP-2,SAA-C03 — HP-2 (EASY) #6,What is the primary purpose of Design high-performing storage solutions?,"Deploy without monitoring, backup, or access controls required by the blueprint.",Mix controls from unrelated domains that do not address the stated objective.,Apply the official Design High-Performing Architectures guidance: Design high-performing storage solutions — this aligns with exam blueprint expectations and vendor documentation.,Use an approach that contradicts the exam objective and ignores documented constraints.,C,EASY,aws-saa-c03|high-performing|HP-2|easy|blueprint-seed,**Answer: C** — Design high-performing storage solutions. Review the official AWS exam guide (SAA-C03) and linked documentation. Objective: HP-2.,https://docs.aws.amazon.com/|https://aws.amazon.com/certification/certified-solutions-architect-associate/
aws-saa-c03,high-performing,HP-2,SAA-C03 — HP-2 (EASY) #7,Which concept is fundamental to Design high-performing storage solutions?,Mix controls from unrelated domains that do not address the stated objective.,"Follow the documented approach for Design high-performing storage solutions, using recommended services and controls per the exam guide.",Use an approach that contradicts the exam objective and ignores documented constraints.,"Deploy without monitoring, backup, or access controls required by the blueprint.",D,EASY,aws-saa-c03|high-performing|HP-2|easy|blueprint-seed,**Answer: D** — Design high-performing storage solutions. Review the official AWS exam guide (SAA-C03) and linked documentation. Objective: HP-2.,https://docs.aws.amazon.com/|https://aws.amazon.com/certification/certified-solutions-architect-associate/
aws-saa-c03,high-performing,HP-2,SAA-C03 — HP-2 (EASY) #8,Identify the core principle behind Design high-performing storage solutions?,"Implement Design high-performing storage solutions using AWS best practices for Design High-Performing Architectures, including monitoring and least privilege.",Use an approach that contradicts the exam objective and ignores documented constraints.,"Deploy without monitoring, backup, or access controls required by the blueprint.",Mix controls from unrelated domains that do not address the stated objective.,A,EASY,aws-saa-c03|high-performing|HP-2|easy|blueprint-seed,**Answer: A** — Design high-performing storage solutions. Review the official AWS exam guide (SAA-C03) and linked documentation. Objective: HP-2.,https://docs.aws.amazon.com/|https://aws.amazon.com/certification/certified-solutions-architect-associate/
aws-saa-c03,high-performing,HP-2,SAA-C03 — HP-2 (EASY) #9,Which description accurately reflects Design high-performing storage solutions?,Use an approach that contradicts the exam objective and ignores documented constraints.,"Deploy without monitoring, backup, or access controls required by the blueprint.",Mix controls from unrelated domains that do not address the stated objective.,Apply the official Design High-Performing Architectures guidance: Design high-performing storage solutions — this aligns with exam blueprint expectations and vendor documentation.,B,EASY,aws-saa-c03|high-performing|HP-2|easy|blueprint-seed,**Answer: B** — Design high-performing storage solutions. Review the official AWS exam guide (SAA-C03) and linked documentation. Objective: HP-2.,https://docs.aws.amazon.com/|https://aws.amazon.com/certification/certified-solutions-architect-associate/
aws-saa-c03,high-performing,HP-2,SAA-C03 — HP-2 (EASY) #10,Which statement best defines the scope of Design high-performing storage solutions?,"Deploy without monitoring, backup, or access controls required by the blueprint.",Mix controls from unrelated domains that do not address the stated objective.,"Follow the documented approach for Design high-performing storage solutions, using recommended services and controls per the exam guide.",Use an approach that contradicts the exam objective and ignores documented constraints.,C,EASY,aws-saa-c03|high-performing|HP-2|easy|blueprint-seed,**Answer: C** — Design high-performing storage solutions. Review the official AWS exam guide (SAA-C03) and linked documentation. Objective: HP-2.,https://docs.aws.amazon.com/|https://aws.amazon.com/certification/certified-solutions-architect-associate/
aws-saa-c03,high-performing,HP-2,SAA-C03 — HP-2 (EASY) #11,What is the primary purpose of Design high-performing storage solutions?,Mix controls from unrelated domains that do not address the stated objective.,"Implement Design high-performing storage solutions using AWS best practices for Design High-Performing Architectures, including monitoring and least privilege.",Use an approach that contradicts the exam objective and ignores documented constraints.,"Deploy without monitoring, backup, or access controls required by the blueprint.",D,EASY,aws-saa-c03|high-performing|HP-2|easy|blueprint-seed,**Answer: D** — Design high-performing storage solutions. Review the official AWS exam guide (SAA-C03) and linked documentation. Objective: HP-2.,https://docs.aws.amazon.com/|https://aws.amazon.com/certification/certified-solutions-architect-associate/
aws-saa-c03,high-performing,HP-2,SAA-C03 — HP-2 (MEDIUM) #12,"During a project review, stakeholders ask how to Design high-performing storage solutions in the context of AWS Solutions Architect Associate?",Apply the official Design High-Performing Architectures guidance: Design high-performing storage solutions — this aligns with exam blueprint expectations and vendor documentation.,Use an approach that contradicts the exam objective and ignores documented constraints.,"Deploy without monitoring, backup, or access controls required by the blueprint.",Mix controls from unrelated domains that do not address the stated objective.,A,MEDIUM,aws-saa-c03|high-performing|HP-2|medium|blueprint-seed,**Answer: A** — Design high-performing storage solutions. Review the official AWS exam guide (SAA-C03) and linked documentation. Objective: HP-2.,https://docs.aws.amazon.com/|https://aws.amazon.com/certification/certified-solutions-architect-associate/
aws-saa-c03,high-performing,HP-2,SAA-C03 — HP-2 (MEDIUM) #13,Which configuration satisfies requirements for Design high-performing storage solutions in the context of AWS Solutions Architect Associate?,Use an approach that contradicts the exam objective and ignores documented constraints.,"Deploy without monitoring, backup, or access controls required by the blueprint.",Mix controls from unrelated domains that do not address the stated objective.,"Follow the documented approach for Design high-performing storage solutions, using recommended services and controls per the exam guide.",B,MEDIUM,aws-saa-c03|high-performing|HP-2|medium|blueprint-seed,**Answer: B** — Design high-performing storage solutions. Review the official AWS exam guide (SAA-C03) and linked documentation. Objective: HP-2.,https://docs.aws.amazon.com/|https://aws.amazon.com/certification/certified-solutions-architect-associate/
aws-saa-c03,high-performing,HP-2,SAA-C03 — HP-2 (MEDIUM) #14,What is the recommended design when applying Design high-performing storage solutions in the context of AWS Solutions Architect Associate?,"Deploy without monitoring, backup, or access controls required by the blueprint.",Mix controls from unrelated domains that do not address the stated objective.,"Implement Design high-performing storage solutions using AWS best practices for Design High-Performing Architectures, including monitoring and least privilege.",Use an approach that contradicts the exam objective and ignores documented constraints.,C,MEDIUM,aws-saa-c03|high-performing|HP-2|medium|blueprint-seed,**Answer: C** — Design high-performing storage solutions. Review the official AWS exam guide (SAA-C03) and linked documentation. Objective: HP-2.,https://docs.aws.amazon.com/|https://aws.amazon.com/certification/certified-solutions-architect-associate/
aws-saa-c03,high-performing,HP-2,SAA-C03 — HP-2 (MEDIUM) #15,A team must implement a solution for Design high-performing storage solutions in the context of AWS Solutions Architect Associate?,Mix controls from unrelated domains that do not address the stated objective.,Apply the official Design High-Performing Architectures guidance: Design high-performing storage solutions — this aligns with exam blueprint expectations and vendor documentation.,Use an approach that contradicts the exam objective and ignores documented constraints.,"Deploy without monitoring, backup, or access controls required by the blueprint.",D,MEDIUM,aws-saa-c03|high-performing|HP-2|medium|blueprint-seed,**Answer: D** — Design high-performing storage solutions. Review the official AWS exam guide (SAA-C03) and linked documentation. Objective: HP-2.,https://docs.aws.amazon.com/|https://aws.amazon.com/certification/certified-solutions-architect-associate/
aws-saa-c03,high-performing,HP-2,SAA-C03 — HP-2 (MEDIUM) #16,Which approach aligns with best practices when Design high-performing storage solutions in the context of AWS Solutions Architect Associate?,"Follow the documented approach for Design high-performing storage solutions, using recommended services and controls per the exam guide.",Use an approach that contradicts the exam objective and ignores documented constraints.,"Deploy without monitoring, backup, or access controls required by the blueprint.",Mix controls from unrelated domains that do not address the stated objective.,A,MEDIUM,aws-saa-c03|high-performing|HP-2|medium|blueprint-seed,**Answer: A** — Design high-performing storage solutions. Review the official AWS exam guide (SAA-C03) and linked documentation. Objective: HP-2.,https://docs.aws.amazon.com/|https://aws.amazon.com/certification/certified-solutions-architect-associate/
aws-saa-c03,high-performing,HP-2,SAA-C03 — HP-2 (MEDIUM) #17,"During a project review, stakeholders ask how to Design high-performing storage solutions in the context of AWS Solutions Architect Associate?",Use an approach that contradicts the exam objective and ignores documented constraints.,"Deploy without monitoring, backup, or access controls required by the blueprint.",Mix controls from unrelated domains that do not address the stated objective.,"Implement Design high-performing storage solutions using AWS best practices for Design High-Performing Architectures, including monitoring and least privilege.",B,MEDIUM,aws-saa-c03|high-performing|HP-2|medium|blueprint-seed,**Answer: B** — Design high-performing storage solutions. Review the official AWS exam guide (SAA-C03) and linked documentation. Objective: HP-2.,https://docs.aws.amazon.com/|https://aws.amazon.com/certification/certified-solutions-architect-associate/
aws-saa-c03,high-performing,HP-2,SAA-C03 — HP-2 (MEDIUM) #18,Which configuration satisfies requirements for Design high-performing storage solutions in the context of AWS Solutions Architect Associate?,"Deploy without monitoring, backup, or access controls required by the blueprint.",Mix controls from unrelated domains that do not address the stated objective.,Apply the official Design High-Performing Architectures guidance: Design high-performing storage solutions — this aligns with exam blueprint expectations and vendor documentation.,Use an approach that contradicts the exam objective and ignores documented constraints.,C,MEDIUM,aws-saa-c03|high-performing|HP-2|medium|blueprint-seed,**Answer: C** — Design high-performing storage solutions. Review the official AWS exam guide (SAA-C03) and linked documentation. Objective: HP-2.,https://docs.aws.amazon.com/|https://aws.amazon.com/certification/certified-solutions-architect-associate/
aws-saa-c03,high-performing,HP-2,SAA-C03 — HP-2 (MEDIUM) #19,What is the recommended design when applying Design high-performing storage solutions in the context of AWS Solutions Architect Associate?,Mix controls from unrelated domains that do not address the stated objective.,"Follow the documented approach for Design high-performing storage solutions, using recommended services and controls per the exam guide.",Use an approach that contradicts the exam objective and ignores documented constraints.,"Deploy without monitoring, backup, or access controls required by the blueprint.",D,MEDIUM,aws-saa-c03|high-performing|HP-2|medium|blueprint-seed,**Answer: D** — Design high-performing storage solutions. Review the official AWS exam guide (SAA-C03) and linked documentation. Objective: HP-2.,https://docs.aws.amazon.com/|https://aws.amazon.com/certification/certified-solutions-architect-associate/
aws-saa-c03,high-performing,HP-2,SAA-C03 — HP-2 (MEDIUM) #20,A team must implement a solution for Design high-performing storage solutions in the context of AWS Solutions Architect Associate?,"Implement Design high-performing storage solutions using AWS best practices for Design High-Performing Architectures, including monitoring and least privilege.",Use an approach that contradicts the exam objective and ignores documented constraints.,"Deploy without monitoring, backup, or access controls required by the blueprint.",Mix controls from unrelated domains that do not address the stated objective.,A,MEDIUM,aws-saa-c03|high-performing|HP-2|medium|blueprint-seed,**Answer: A** — Design high-performing storage solutions. Review the official AWS exam guide (SAA-C03) and linked documentation. Objective: HP-2.,https://docs.aws.amazon.com/|https://aws.amazon.com/certification/certified-solutions-architect-associate/
aws-saa-c03,high-performing,HP-2,SAA-C03 — HP-2 (MEDIUM) #21,Which approach aligns with best practices when Design high-performing storage solutions in the context of AWS Solutions Architect Associate?,Use an approach that contradicts the exam objective and ignores documented constraints.,"Deploy without monitoring, backup, or access controls required by the blueprint.",Mix controls from unrelated domains that do not address the stated objective.,Apply the official Design High-Performing Architectures guidance: Design high-performing storage solutions — this aligns with exam blueprint expectations and vendor documentation.,B,MEDIUM,aws-saa-c03|high-performing|HP-2|medium|blueprint-seed,**Answer: B** — Design high-performing storage solutions. Review the official AWS exam guide (SAA-C03) and linked documentation. Objective: HP-2.,https://docs.aws.amazon.com/|https://aws.amazon.com/certification/certified-solutions-architect-associate/
aws-saa-c03,high-performing,HP-2,SAA-C03 — HP-2 (MEDIUM) #22,"During a project review, stakeholders ask how to Design high-performing storage solutions in the context of AWS Solutions Architect Associate?","Deploy without monitoring, backup, or access controls required by the blueprint.",Mix controls from unrelated domains that do not address the stated objective.,"Follow the documented approach for Design high-performing storage solutions, using recommended services and controls per the exam guide.",Use an approach that contradicts the exam objective and ignores documented constraints.,C,MEDIUM,aws-saa-c03|high-performing|HP-2|medium|blueprint-seed,**Answer: C** — Design high-performing storage solutions. Review the official AWS exam guide (SAA-C03) and linked documentation. Objective: HP-2.,https://docs.aws.amazon.com/|https://aws.amazon.com/certification/certified-solutions-architect-associate/
aws-saa-c03,high-performing,HP-2,SAA-C03 — HP-2 (MEDIUM) #23,Which configuration satisfies requirements for Design high-performing storage solutions in the context of AWS Solutions Architect Associate?,Mix controls from unrelated domains that do not address the stated objective.,"Implement Design high-performing storage solutions using AWS best practices for Design High-Performing Architectures, including monitoring and least privilege.",Use an approach that contradicts the exam objective and ignores documented constraints.,"Deploy without monitoring, backup, or access controls required by the blueprint.",D,MEDIUM,aws-saa-c03|high-performing|HP-2|medium|blueprint-seed,**Answer: D** — Design high-performing storage solutions. Review the official AWS exam guide (SAA-C03) and linked documentation. Objective: HP-2.,https://docs.aws.amazon.com/|https://aws.amazon.com/certification/certified-solutions-architect-associate/
aws-saa-c03,high-performing,HP-2,SAA-C03 — HP-2 (MEDIUM) #24,What is the recommended design when applying Design high-performing storage solutions in the context of AWS Solutions Architect Associate?,Apply the official Design High-Performing Architectures guidance: Design high-performing storage solutions — this aligns with exam blueprint expectations and vendor documentation.,Use an approach that contradicts the exam objective and ignores documented constraints.,"Deploy without monitoring, backup, or access controls required by the blueprint.",Mix controls from unrelated domains that do not address the stated objective.,A,MEDIUM,aws-saa-c03|high-performing|HP-2|medium|blueprint-seed,**Answer: A** — Design high-performing storage solutions. Review the official AWS exam guide (SAA-C03) and linked documentation. Objective: HP-2.,https://docs.aws.amazon.com/|https://aws.amazon.com/certification/certified-solutions-architect-associate/
aws-saa-c03,high-performing,HP-2,SAA-C03 — HP-2 (MEDIUM) #25,A team must implement a solution for Design high-performing storage solutions in the context of AWS Solutions Architect Associate?,Use an approach that contradicts the exam objective and ignores documented constraints.,"Deploy without monitoring, backup, or access controls required by the blueprint.",Mix controls from unrelated domains that do not address the stated objective.,"Follow the documented approach for Design high-performing storage solutions, using recommended services and controls per the exam guide.",B,MEDIUM,aws-saa-c03|high-performing|HP-2|medium|blueprint-seed,**Answer: B** — Design high-performing storage solutions. Review the official AWS exam guide (SAA-C03) and linked documentation. Objective: HP-2.,https://docs.aws.amazon.com/|https://aws.amazon.com/certification/certified-solutions-architect-associate/
aws-saa-c03,high-performing,HP-2,SAA-C03 — HP-2 (HARD) #26,"Given strict compliance, auditability, and multi-region constraints, how should you Design high-performing storage solutions for Design High-Performing Architectures?","Deploy without monitoring, backup, or access controls required by the blueprint.",Mix controls from unrelated domains that do not address the stated objective.,"Implement Design high-performing storage solutions using AWS best practices for Design High-Performing Architectures, including monitoring and least privilege.",Use an approach that contradicts the exam objective and ignores documented constraints.,C,HARD,aws-saa-c03|high-performing|HP-2|hard|blueprint-seed,**Answer: C** — Design high-performing storage solutions. Review the official AWS exam guide (SAA-C03) and linked documentation. Objective: HP-2.,https://docs.aws.amazon.com/|https://aws.amazon.com/certification/certified-solutions-architect-associate/
aws-saa-c03,high-performing,HP-2,SAA-C03 — HP-2 (HARD) #27,A production incident involves trade-offs between cost and resilience for Design high-performing storage solutions for Design High-Performing Architectures?,Mix controls from unrelated domains that do not address the stated objective.,Apply the official Design High-Performing Architectures guidance: Design high-performing storage solutions — this aligns with exam blueprint expectations and vendor documentation.,Use an approach that contradicts the exam objective and ignores documented constraints.,"Deploy without monitoring, backup, or access controls required by the blueprint.",D,HARD,aws-saa-c03|high-performing|HP-2|hard|blueprint-seed,**Answer: D** — Design high-performing storage solutions. Review the official AWS exam guide (SAA-C03) and linked documentation. Objective: HP-2.,https://docs.aws.amazon.com/|https://aws.amazon.com/certification/certified-solutions-architect-associate/
aws-saa-c03,high-performing,HP-2,SAA-C03 — HP-2 (HARD) #28,Complex regulatory requirements demand that you Design high-performing storage solutions for Design High-Performing Architectures?,"Follow the documented approach for Design high-performing storage solutions, using recommended services and controls per the exam guide.",Use an approach that contradicts the exam objective and ignores documented constraints.,"Deploy without monitoring, backup, or access controls required by the blueprint.",Mix controls from unrelated domains that do not address the stated objective.,A,HARD,aws-saa-c03|high-performing|HP-2|hard|blueprint-seed,**Answer: A** — Design high-performing storage solutions. Review the official AWS exam guide (SAA-C03) and linked documentation. Objective: HP-2.,https://docs.aws.amazon.com/|https://aws.amazon.com/certification/certified-solutions-architect-associate/
aws-saa-c03,high-performing,HP-2,SAA-C03 — HP-2 (HARD) #29,A multi-team rollout must balance security and velocity for Design high-performing storage solutions for Design High-Performing Architectures?,Use an approach that contradicts the exam objective and ignores documented constraints.,"Deploy without monitoring, backup, or access controls required by the blueprint.",Mix controls from unrelated domains that do not address the stated objective.,"Implement Design high-performing storage solutions using AWS best practices for Design High-Performing Architectures, including monitoring and least privilege.",B,HARD,aws-saa-c03|high-performing|HP-2|hard|blueprint-seed,**Answer: B** — Design high-performing storage solutions. Review the official AWS exam guide (SAA-C03) and linked documentation. Objective: HP-2.,https://docs.aws.amazon.com/|https://aws.amazon.com/certification/certified-solutions-architect-associate/
aws-saa-c03,high-performing,HP-2,SAA-C03 — HP-2 (HARD) #30,An enterprise requires zero-downtime architecture while Design high-performing storage solutions for Design High-Performing Architectures?,"Deploy without monitoring, backup, or access controls required by the blueprint.",Mix controls from unrelated domains that do not address the stated objective.,Apply the official Design High-Performing Architectures guidance: Design high-performing storage solutions — this aligns with exam blueprint expectations and vendor documentation.,Use an approach that contradicts the exam objective and ignores documented constraints.,C,HARD,aws-saa-c03|high-performing|HP-2|hard|blueprint-seed,**Answer: C** — Design high-performing storage solutions. Review the official AWS exam guide (SAA-C03) and linked documentation. Objective: HP-2.,https://docs.aws.amazon.com/|https://aws.amazon.com/certification/certified-solutions-architect-associate/
aws-saa-c03,high-performing,HP-2,SAA-C03 — HP-2 (HARD) #31,"Given strict compliance, auditability, and multi-region constraints, how should you Design high-performing storage solutions for Design High-Performing Architectures?",Mix controls from unrelated domains that do not address the stated objective.,"Follow the documented approach for Design high-performing storage solutions, using recommended services and controls per the exam guide.",Use an approach that contradicts the exam objective and ignores documented constraints.,"Deploy without monitoring, backup, or access controls required by the blueprint.",D,HARD,aws-saa-c03|high-performing|HP-2|hard|blueprint-seed,**Answer: D** — Design high-performing storage solutions. Review the official AWS exam guide (SAA-C03) and linked documentation. Objective: HP-2.,https://docs.aws.amazon.com/|https://aws.amazon.com/certification/certified-solutions-architect-associate/
aws-saa-c03,high-performing,HP-2,SAA-C03 — HP-2 (HARD) #32,A production incident involves trade-offs between cost and resilience for Design high-performing storage solutions for Design High-Performing Architectures?,"Implement Design high-performing storage solutions using AWS best practices for Design High-Performing Architectures, including monitoring and least privilege.",Use an approach that contradicts the exam objective and ignores documented constraints.,"Deploy without monitoring, backup, or access controls required by the blueprint.",Mix controls from unrelated domains that do not address the stated objective.,A,HARD,aws-saa-c03|high-performing|HP-2|hard|blueprint-seed,**Answer: A** — Design high-performing storage solutions. Review the official AWS exam guide (SAA-C03) and linked documentation. Objective: HP-2.,https://docs.aws.amazon.com/|https://aws.amazon.com/certification/certified-solutions-architect-associate/
aws-saa-c03,high-performing,HP-2,SAA-C03 — HP-2 (HARD) #33,Complex regulatory requirements demand that you Design high-performing storage solutions for Design High-Performing Architectures?,Use an approach that contradicts the exam objective and ignores documented constraints.,"Deploy without monitoring, backup, or access controls required by the blueprint.",Mix controls from unrelated domains that do not address the stated objective.,Apply the official Design High-Performing Architectures guidance: Design high-performing storage solutions — this aligns with exam blueprint expectations and vendor documentation.,B,HARD,aws-saa-c03|high-performing|HP-2|hard|blueprint-seed,**Answer: B** — Design high-performing storage solutions. Review the official AWS exam guide (SAA-C03) and linked documentation. Objective: HP-2.,https://docs.aws.amazon.com/|https://aws.amazon.com/certification/certified-solutions-architect-associate/
aws-saa-c03,high-performing,HP-2,SAA-C03 — HP-2 (HARD) #34,A multi-team rollout must balance security and velocity for Design high-performing storage solutions for Design High-Performing Architectures?,"Deploy without monitoring, backup, or access controls required by the blueprint.",Mix controls from unrelated domains that do not address the stated objective.,"Follow the documented approach for Design high-performing storage solutions, using recommended services and controls per the exam guide.",Use an approach that contradicts the exam objective and ignores documented constraints.,C,HARD,aws-saa-c03|high-performing|HP-2|hard|blueprint-seed,**Answer: C** — Design high-performing storage solutions. Review the official AWS exam guide (SAA-C03) and linked documentation. Objective: HP-2.,https://docs.aws.amazon.com/|https://aws.amazon.com/certification/certified-solutions-architect-associate/
aws-saa-c03,high-performing,HP-2,SAA-C03 — HP-2 (HARD) #35,An enterprise requires zero-downtime architecture while Design high-performing storage solutions for Design High-Performing Architectures?,Mix controls from unrelated domains that do not address the stated objective.,"Implement Design high-performing storage solutions using AWS best practices for Design High-Performing Architectures, including monitoring and least privilege.",Use an approach that contradicts the exam objective and ignores documented constraints.,"Deploy without monitoring, backup, or access controls required by the blueprint.",D,HARD,aws-saa-c03|high-performing|HP-2|hard|blueprint-seed,**Answer: D** — Design high-performing storage solutions. Review the official AWS exam guide (SAA-C03) and linked documentation. Objective: HP-2.,https://docs.aws.amazon.com/|https://aws.amazon.com/certification/certified-solutions-architect-associate/
aws-saa-c03,high-performing,HP-3,SAA-C03 — HP-3 (EASY) #1,What is the primary purpose of Design high-performing networking solutions?,Use an approach that contradicts the exam objective and ignores documented constraints.,"Deploy without monitoring, backup, or access controls required by the blueprint.",Mix controls from unrelated domains that do not address the stated objective.,"Follow the documented approach for Design high-performing networking solutions, using recommended services and controls per the exam guide.",B,EASY,aws-saa-c03|high-performing|HP-3|easy|blueprint-seed,**Answer: B** — Design high-performing networking solutions. Review the official AWS exam guide (SAA-C03) and linked documentation. Objective: HP-3.,https://docs.aws.amazon.com/|https://aws.amazon.com/certification/certified-solutions-architect-associate/
aws-saa-c03,high-performing,HP-3,SAA-C03 — HP-3 (EASY) #2,Which concept is fundamental to Design high-performing networking solutions?,"Deploy without monitoring, backup, or access controls required by the blueprint.",Mix controls from unrelated domains that do not address the stated objective.,"Implement Design high-performing networking solutions using AWS best practices for Design High-Performing Architectures, including monitoring and least privilege.",Use an approach that contradicts the exam objective and ignores documented constraints.,C,EASY,aws-saa-c03|high-performing|HP-3|easy|blueprint-seed,**Answer: C** — Design high-performing networking solutions. Review the official AWS exam guide (SAA-C03) and linked documentation. Objective: HP-3.,https://docs.aws.amazon.com/|https://aws.amazon.com/certification/certified-solutions-architect-associate/
aws-saa-c03,high-performing,HP-3,SAA-C03 — HP-3 (EASY) #3,Identify the core principle behind Design high-performing networking solutions?,Mix controls from unrelated domains that do not address the stated objective.,Apply the official Design High-Performing Architectures guidance: Design high-performing networking solutions — this aligns with exam blueprint expectations and vendor documentation.,Use an approach that contradicts the exam objective and ignores documented constraints.,"Deploy without monitoring, backup, or access controls required by the blueprint.",D,EASY,aws-saa-c03|high-performing|HP-3|easy|blueprint-seed,**Answer: D** — Design high-performing networking solutions. Review the official AWS exam guide (SAA-C03) and linked documentation. Objective: HP-3.,https://docs.aws.amazon.com/|https://aws.amazon.com/certification/certified-solutions-architect-associate/
aws-saa-c03,high-performing,HP-3,SAA-C03 — HP-3 (EASY) #4,Which description accurately reflects Design high-performing networking solutions?,"Follow the documented approach for Design high-performing networking solutions, using recommended services and controls per the exam guide.",Use an approach that contradicts the exam objective and ignores documented constraints.,"Deploy without monitoring, backup, or access controls required by the blueprint.",Mix controls from unrelated domains that do not address the stated objective.,A,EASY,aws-saa-c03|high-performing|HP-3|easy|blueprint-seed,**Answer: A** — Design high-performing networking solutions. Review the official AWS exam guide (SAA-C03) and linked documentation. Objective: HP-3.,https://docs.aws.amazon.com/|https://aws.amazon.com/certification/certified-solutions-architect-associate/
aws-saa-c03,high-performing,HP-3,SAA-C03 — HP-3 (EASY) #5,Which statement best defines the scope of Design high-performing networking solutions?,Use an approach that contradicts the exam objective and ignores documented constraints.,"Deploy without monitoring, backup, or access controls required by the blueprint.",Mix controls from unrelated domains that do not address the stated objective.,"Implement Design high-performing networking solutions using AWS best practices for Design High-Performing Architectures, including monitoring and least privilege.",B,EASY,aws-saa-c03|high-performing|HP-3|easy|blueprint-seed,**Answer: B** — Design high-performing networking solutions. Review the official AWS exam guide (SAA-C03) and linked documentation. Objective: HP-3.,https://docs.aws.amazon.com/|https://aws.amazon.com/certification/certified-solutions-architect-associate/
aws-saa-c03,high-performing,HP-3,SAA-C03 — HP-3 (EASY) #6,What is the primary purpose of Design high-performing networking solutions?,"Deploy without monitoring, backup, or access controls required by the blueprint.",Mix controls from unrelated domains that do not address the stated objective.,Apply the official Design High-Performing Architectures guidance: Design high-performing networking solutions — this aligns with exam blueprint expectations and vendor documentation.,Use an approach that contradicts the exam objective and ignores documented constraints.,C,EASY,aws-saa-c03|high-performing|HP-3|easy|blueprint-seed,**Answer: C** — Design high-performing networking solutions. Review the official AWS exam guide (SAA-C03) and linked documentation. Objective: HP-3.,https://docs.aws.amazon.com/|https://aws.amazon.com/certification/certified-solutions-architect-associate/
aws-saa-c03,high-performing,HP-3,SAA-C03 — HP-3 (EASY) #7,Which concept is fundamental to Design high-performing networking solutions?,Mix controls from unrelated domains that do not address the stated objective.,"Follow the documented approach for Design high-performing networking solutions, using recommended services and controls per the exam guide.",Use an approach that contradicts the exam objective and ignores documented constraints.,"Deploy without monitoring, backup, or access controls required by the blueprint.",D,EASY,aws-saa-c03|high-performing|HP-3|easy|blueprint-seed,**Answer: D** — Design high-performing networking solutions. Review the official AWS exam guide (SAA-C03) and linked documentation. Objective: HP-3.,https://docs.aws.amazon.com/|https://aws.amazon.com/certification/certified-solutions-architect-associate/
aws-saa-c03,high-performing,HP-3,SAA-C03 — HP-3 (EASY) #8,Identify the core principle behind Design high-performing networking solutions?,"Implement Design high-performing networking solutions using AWS best practices for Design High-Performing Architectures, including monitoring and least privilege.",Use an approach that contradicts the exam objective and ignores documented constraints.,"Deploy without monitoring, backup, or access controls required by the blueprint.",Mix controls from unrelated domains that do not address the stated objective.,A,EASY,aws-saa-c03|high-performing|HP-3|easy|blueprint-seed,**Answer: A** — Design high-performing networking solutions. Review the official AWS exam guide (SAA-C03) and linked documentation. Objective: HP-3.,https://docs.aws.amazon.com/|https://aws.amazon.com/certification/certified-solutions-architect-associate/
aws-saa-c03,high-performing,HP-3,SAA-C03 — HP-3 (EASY) #9,Which description accurately reflects Design high-performing networking solutions?,Use an approach that contradicts the exam objective and ignores documented constraints.,"Deploy without monitoring, backup, or access controls required by the blueprint.",Mix controls from unrelated domains that do not address the stated objective.,Apply the official Design High-Performing Architectures guidance: Design high-performing networking solutions — this aligns with exam blueprint expectations and vendor documentation.,B,EASY,aws-saa-c03|high-performing|HP-3|easy|blueprint-seed,**Answer: B** — Design high-performing networking solutions. Review the official AWS exam guide (SAA-C03) and linked documentation. Objective: HP-3.,https://docs.aws.amazon.com/|https://aws.amazon.com/certification/certified-solutions-architect-associate/
aws-saa-c03,high-performing,HP-3,SAA-C03 — HP-3 (EASY) #10,Which statement best defines the scope of Design high-performing networking solutions?,"Deploy without monitoring, backup, or access controls required by the blueprint.",Mix controls from unrelated domains that do not address the stated objective.,"Follow the documented approach for Design high-performing networking solutions, using recommended services and controls per the exam guide.",Use an approach that contradicts the exam objective and ignores documented constraints.,C,EASY,aws-saa-c03|high-performing|HP-3|easy|blueprint-seed,**Answer: C** — Design high-performing networking solutions. Review the official AWS exam guide (SAA-C03) and linked documentation. Objective: HP-3.,https://docs.aws.amazon.com/|https://aws.amazon.com/certification/certified-solutions-architect-associate/
aws-saa-c03,high-performing,HP-3,SAA-C03 — HP-3 (EASY) #11,What is the primary purpose of Design high-performing networking solutions?,Mix controls from unrelated domains that do not address the stated objective.,"Implement Design high-performing networking solutions using AWS best practices for Design High-Performing Architectures, including monitoring and least privilege.",Use an approach that contradicts the exam objective and ignores documented constraints.,"Deploy without monitoring, backup, or access controls required by the blueprint.",D,EASY,aws-saa-c03|high-performing|HP-3|easy|blueprint-seed,**Answer: D** — Design high-performing networking solutions. Review the official AWS exam guide (SAA-C03) and linked documentation. Objective: HP-3.,https://docs.aws.amazon.com/|https://aws.amazon.com/certification/certified-solutions-architect-associate/
aws-saa-c03,high-performing,HP-3,SAA-C03 — HP-3 (MEDIUM) #12,"During a project review, stakeholders ask how to Design high-performing networking solutions in the context of AWS Solutions Architect Associate?",Apply the official Design High-Performing Architectures guidance: Design high-performing networking solutions — this aligns with exam blueprint expectations and vendor documentation.,Use an approach that contradicts the exam objective and ignores documented constraints.,"Deploy without monitoring, backup, or access controls required by the blueprint.",Mix controls from unrelated domains that do not address the stated objective.,A,MEDIUM,aws-saa-c03|high-performing|HP-3|medium|blueprint-seed,**Answer: A** — Design high-performing networking solutions. Review the official AWS exam guide (SAA-C03) and linked documentation. Objective: HP-3.,https://docs.aws.amazon.com/|https://aws.amazon.com/certification/certified-solutions-architect-associate/
aws-saa-c03,high-performing,HP-3,SAA-C03 — HP-3 (MEDIUM) #13,Which configuration satisfies requirements for Design high-performing networking solutions in the context of AWS Solutions Architect Associate?,Use an approach that contradicts the exam objective and ignores documented constraints.,"Deploy without monitoring, backup, or access controls required by the blueprint.",Mix controls from unrelated domains that do not address the stated objective.,"Follow the documented approach for Design high-performing networking solutions, using recommended services and controls per the exam guide.",B,MEDIUM,aws-saa-c03|high-performing|HP-3|medium|blueprint-seed,**Answer: B** — Design high-performing networking solutions. Review the official AWS exam guide (SAA-C03) and linked documentation. Objective: HP-3.,https://docs.aws.amazon.com/|https://aws.amazon.com/certification/certified-solutions-architect-associate/
aws-saa-c03,high-performing,HP-3,SAA-C03 — HP-3 (MEDIUM) #14,What is the recommended design when applying Design high-performing networking solutions in the context of AWS Solutions Architect Associate?,"Deploy without monitoring, backup, or access controls required by the blueprint.",Mix controls from unrelated domains that do not address the stated objective.,"Implement Design high-performing networking solutions using AWS best practices for Design High-Performing Architectures, including monitoring and least privilege.",Use an approach that contradicts the exam objective and ignores documented constraints.,C,MEDIUM,aws-saa-c03|high-performing|HP-3|medium|blueprint-seed,**Answer: C** — Design high-performing networking solutions. Review the official AWS exam guide (SAA-C03) and linked documentation. Objective: HP-3.,https://docs.aws.amazon.com/|https://aws.amazon.com/certification/certified-solutions-architect-associate/
aws-saa-c03,high-performing,HP-3,SAA-C03 — HP-3 (MEDIUM) #15,A team must implement a solution for Design high-performing networking solutions in the context of AWS Solutions Architect Associate?,Mix controls from unrelated domains that do not address the stated objective.,Apply the official Design High-Performing Architectures guidance: Design high-performing networking solutions — this aligns with exam blueprint expectations and vendor documentation.,Use an approach that contradicts the exam objective and ignores documented constraints.,"Deploy without monitoring, backup, or access controls required by the blueprint.",D,MEDIUM,aws-saa-c03|high-performing|HP-3|medium|blueprint-seed,**Answer: D** — Design high-performing networking solutions. Review the official AWS exam guide (SAA-C03) and linked documentation. Objective: HP-3.,https://docs.aws.amazon.com/|https://aws.amazon.com/certification/certified-solutions-architect-associate/
aws-saa-c03,high-performing,HP-3,SAA-C03 — HP-3 (MEDIUM) #16,Which approach aligns with best practices when Design high-performing networking solutions in the context of AWS Solutions Architect Associate?,"Follow the documented approach for Design high-performing networking solutions, using recommended services and controls per the exam guide.",Use an approach that contradicts the exam objective and ignores documented constraints.,"Deploy without monitoring, backup, or access controls required by the blueprint.",Mix controls from unrelated domains that do not address the stated objective.,A,MEDIUM,aws-saa-c03|high-performing|HP-3|medium|blueprint-seed,**Answer: A** — Design high-performing networking solutions. Review the official AWS exam guide (SAA-C03) and linked documentation. Objective: HP-3.,https://docs.aws.amazon.com/|https://aws.amazon.com/certification/certified-solutions-architect-associate/
aws-saa-c03,high-performing,HP-3,SAA-C03 — HP-3 (MEDIUM) #17,"During a project review, stakeholders ask how to Design high-performing networking solutions in the context of AWS Solutions Architect Associate?",Use an approach that contradicts the exam objective and ignores documented constraints.,"Deploy without monitoring, backup, or access controls required by the blueprint.",Mix controls from unrelated domains that do not address the stated objective.,"Implement Design high-performing networking solutions using AWS best practices for Design High-Performing Architectures, including monitoring and least privilege.",B,MEDIUM,aws-saa-c03|high-performing|HP-3|medium|blueprint-seed,**Answer: B** — Design high-performing networking solutions. Review the official AWS exam guide (SAA-C03) and linked documentation. Objective: HP-3.,https://docs.aws.amazon.com/|https://aws.amazon.com/certification/certified-solutions-architect-associate/
aws-saa-c03,high-performing,HP-3,SAA-C03 — HP-3 (MEDIUM) #18,Which configuration satisfies requirements for Design high-performing networking solutions in the context of AWS Solutions Architect Associate?,"Deploy without monitoring, backup, or access controls required by the blueprint.",Mix controls from unrelated domains that do not address the stated objective.,Apply the official Design High-Performing Architectures guidance: Design high-performing networking solutions — this aligns with exam blueprint expectations and vendor documentation.,Use an approach that contradicts the exam objective and ignores documented constraints.,C,MEDIUM,aws-saa-c03|high-performing|HP-3|medium|blueprint-seed,**Answer: C** — Design high-performing networking solutions. Review the official AWS exam guide (SAA-C03) and linked documentation. Objective: HP-3.,https://docs.aws.amazon.com/|https://aws.amazon.com/certification/certified-solutions-architect-associate/
aws-saa-c03,high-performing,HP-3,SAA-C03 — HP-3 (MEDIUM) #19,What is the recommended design when applying Design high-performing networking solutions in the context of AWS Solutions Architect Associate?,Mix controls from unrelated domains that do not address the stated objective.,"Follow the documented approach for Design high-performing networking solutions, using recommended services and controls per the exam guide.",Use an approach that contradicts the exam objective and ignores documented constraints.,"Deploy without monitoring, backup, or access controls required by the blueprint.",D,MEDIUM,aws-saa-c03|high-performing|HP-3|medium|blueprint-seed,**Answer: D** — Design high-performing networking solutions. Review the official AWS exam guide (SAA-C03) and linked documentation. Objective: HP-3.,https://docs.aws.amazon.com/|https://aws.amazon.com/certification/certified-solutions-architect-associate/
aws-saa-c03,high-performing,HP-3,SAA-C03 — HP-3 (MEDIUM) #20,A team must implement a solution for Design high-performing networking solutions in the context of AWS Solutions Architect Associate?,"Implement Design high-performing networking solutions using AWS best practices for Design High-Performing Architectures, including monitoring and least privilege.",Use an approach that contradicts the exam objective and ignores documented constraints.,"Deploy without monitoring, backup, or access controls required by the blueprint.",Mix controls from unrelated domains that do not address the stated objective.,A,MEDIUM,aws-saa-c03|high-performing|HP-3|medium|blueprint-seed,**Answer: A** — Design high-performing networking solutions. Review the official AWS exam guide (SAA-C03) and linked documentation. Objective: HP-3.,https://docs.aws.amazon.com/|https://aws.amazon.com/certification/certified-solutions-architect-associate/
aws-saa-c03,high-performing,HP-3,SAA-C03 — HP-3 (MEDIUM) #21,Which approach aligns with best practices when Design high-performing networking solutions in the context of AWS Solutions Architect Associate?,Use an approach that contradicts the exam objective and ignores documented constraints.,"Deploy without monitoring, backup, or access controls required by the blueprint.",Mix controls from unrelated domains that do not address the stated objective.,Apply the official Design High-Performing Architectures guidance: Design high-performing networking solutions — this aligns with exam blueprint expectations and vendor documentation.,B,MEDIUM,aws-saa-c03|high-performing|HP-3|medium|blueprint-seed,**Answer: B** — Design high-performing networking solutions. Review the official AWS exam guide (SAA-C03) and linked documentation. Objective: HP-3.,https://docs.aws.amazon.com/|https://aws.amazon.com/certification/certified-solutions-architect-associate/
aws-saa-c03,high-performing,HP-3,SAA-C03 — HP-3 (MEDIUM) #22,"During a project review, stakeholders ask how to Design high-performing networking solutions in the context of AWS Solutions Architect Associate?","Deploy without monitoring, backup, or access controls required by the blueprint.",Mix controls from unrelated domains that do not address the stated objective.,"Follow the documented approach for Design high-performing networking solutions, using recommended services and controls per the exam guide.",Use an approach that contradicts the exam objective and ignores documented constraints.,C,MEDIUM,aws-saa-c03|high-performing|HP-3|medium|blueprint-seed,**Answer: C** — Design high-performing networking solutions. Review the official AWS exam guide (SAA-C03) and linked documentation. Objective: HP-3.,https://docs.aws.amazon.com/|https://aws.amazon.com/certification/certified-solutions-architect-associate/
aws-saa-c03,high-performing,HP-3,SAA-C03 — HP-3 (MEDIUM) #23,Which configuration satisfies requirements for Design high-performing networking solutions in the context of AWS Solutions Architect Associate?,Mix controls from unrelated domains that do not address the stated objective.,"Implement Design high-performing networking solutions using AWS best practices for Design High-Performing Architectures, including monitoring and least privilege.",Use an approach that contradicts the exam objective and ignores documented constraints.,"Deploy without monitoring, backup, or access controls required by the blueprint.",D,MEDIUM,aws-saa-c03|high-performing|HP-3|medium|blueprint-seed,**Answer: D** — Design high-performing networking solutions. Review the official AWS exam guide (SAA-C03) and linked documentation. Objective: HP-3.,https://docs.aws.amazon.com/|https://aws.amazon.com/certification/certified-solutions-architect-associate/
aws-saa-c03,high-performing,HP-3,SAA-C03 — HP-3 (MEDIUM) #24,What is the recommended design when applying Design high-performing networking solutions in the context of AWS Solutions Architect Associate?,Apply the official Design High-Performing Architectures guidance: Design high-performing networking solutions — this aligns with exam blueprint expectations and vendor documentation.,Use an approach that contradicts the exam objective and ignores documented constraints.,"Deploy without monitoring, backup, or access controls required by the blueprint.",Mix controls from unrelated domains that do not address the stated objective.,A,MEDIUM,aws-saa-c03|high-performing|HP-3|medium|blueprint-seed,**Answer: A** — Design high-performing networking solutions. Review the official AWS exam guide (SAA-C03) and linked documentation. Objective: HP-3.,https://docs.aws.amazon.com/|https://aws.amazon.com/certification/certified-solutions-architect-associate/
aws-saa-c03,high-performing,HP-3,SAA-C03 — HP-3 (MEDIUM) #25,A team must implement a solution for Design high-performing networking solutions in the context of AWS Solutions Architect Associate?,Use an approach that contradicts the exam objective and ignores documented constraints.,"Deploy without monitoring, backup, or access controls required by the blueprint.",Mix controls from unrelated domains that do not address the stated objective.,"Follow the documented approach for Design high-performing networking solutions, using recommended services and controls per the exam guide.",B,MEDIUM,aws-saa-c03|high-performing|HP-3|medium|blueprint-seed,**Answer: B** — Design high-performing networking solutions. Review the official AWS exam guide (SAA-C03) and linked documentation. Objective: HP-3.,https://docs.aws.amazon.com/|https://aws.amazon.com/certification/certified-solutions-architect-associate/
aws-saa-c03,high-performing,HP-3,SAA-C03 — HP-3 (HARD) #26,"Given strict compliance, auditability, and multi-region constraints, how should you Design high-performing networking solutions for Design High-Performing Architectures?","Deploy without monitoring, backup, or access controls required by the blueprint.",Mix controls from unrelated domains that do not address the stated objective.,"Implement Design high-performing networking solutions using AWS best practices for Design High-Performing Architectures, including monitoring and least privilege.",Use an approach that contradicts the exam objective and ignores documented constraints.,C,HARD,aws-saa-c03|high-performing|HP-3|hard|blueprint-seed,**Answer: C** — Design high-performing networking solutions. Review the official AWS exam guide (SAA-C03) and linked documentation. Objective: HP-3.,https://docs.aws.amazon.com/|https://aws.amazon.com/certification/certified-solutions-architect-associate/
aws-saa-c03,high-performing,HP-3,SAA-C03 — HP-3 (HARD) #27,A production incident involves trade-offs between cost and resilience for Design high-performing networking solutions for Design High-Performing Architectures?,Mix controls from unrelated domains that do not address the stated objective.,Apply the official Design High-Performing Architectures guidance: Design high-performing networking solutions — this aligns with exam blueprint expectations and vendor documentation.,Use an approach that contradicts the exam objective and ignores documented constraints.,"Deploy without monitoring, backup, or access controls required by the blueprint.",D,HARD,aws-saa-c03|high-performing|HP-3|hard|blueprint-seed,**Answer: D** — Design high-performing networking solutions. Review the official AWS exam guide (SAA-C03) and linked documentation. Objective: HP-3.,https://docs.aws.amazon.com/|https://aws.amazon.com/certification/certified-solutions-architect-associate/
aws-saa-c03,high-performing,HP-3,SAA-C03 — HP-3 (HARD) #28,Complex regulatory requirements demand that you Design high-performing networking solutions for Design High-Performing Architectures?,"Follow the documented approach for Design high-performing networking solutions, using recommended services and controls per the exam guide.",Use an approach that contradicts the exam objective and ignores documented constraints.,"Deploy without monitoring, backup, or access controls required by the blueprint.",Mix controls from unrelated domains that do not address the stated objective.,A,HARD,aws-saa-c03|high-performing|HP-3|hard|blueprint-seed,**Answer: A** — Design high-performing networking solutions. Review the official AWS exam guide (SAA-C03) and linked documentation. Objective: HP-3.,https://docs.aws.amazon.com/|https://aws.amazon.com/certification/certified-solutions-architect-associate/
aws-saa-c03,high-performing,HP-3,SAA-C03 — HP-3 (HARD) #29,A multi-team rollout must balance security and velocity for Design high-performing networking solutions for Design High-Performing Architectures?,Use an approach that contradicts the exam objective and ignores documented constraints.,"Deploy without monitoring, backup, or access controls required by the blueprint.",Mix controls from unrelated domains that do not address the stated objective.,"Implement Design high-performing networking solutions using AWS best practices for Design High-Performing Architectures, including monitoring and least privilege.",B,HARD,aws-saa-c03|high-performing|HP-3|hard|blueprint-seed,**Answer: B** — Design high-performing networking solutions. Review the official AWS exam guide (SAA-C03) and linked documentation. Objective: HP-3.,https://docs.aws.amazon.com/|https://aws.amazon.com/certification/certified-solutions-architect-associate/
aws-saa-c03,high-performing,HP-3,SAA-C03 — HP-3 (HARD) #30,An enterprise requires zero-downtime architecture while Design high-performing networking solutions for Design High-Performing Architectures?,"Deploy without monitoring, backup, or access controls required by the blueprint.",Mix controls from unrelated domains that do not address the stated objective.,Apply the official Design High-Performing Architectures guidance: Design high-performing networking solutions — this aligns with exam blueprint expectations and vendor documentation.,Use an approach that contradicts the exam objective and ignores documented constraints.,C,HARD,aws-saa-c03|high-performing|HP-3|hard|blueprint-seed,**Answer: C** — Design high-performing networking solutions. Review the official AWS exam guide (SAA-C03) and linked documentation. Objective: HP-3.,https://docs.aws.amazon.com/|https://aws.amazon.com/certification/certified-solutions-architect-associate/
aws-saa-c03,high-performing,HP-3,SAA-C03 — HP-3 (HARD) #31,"Given strict compliance, auditability, and multi-region constraints, how should you Design high-performing networking solutions for Design High-Performing Architectures?",Mix controls from unrelated domains that do not address the stated objective.,"Follow the documented approach for Design high-performing networking solutions, using recommended services and controls per the exam guide.",Use an approach that contradicts the exam objective and ignores documented constraints.,"Deploy without monitoring, backup, or access controls required by the blueprint.",D,HARD,aws-saa-c03|high-performing|HP-3|hard|blueprint-seed,**Answer: D** — Design high-performing networking solutions. Review the official AWS exam guide (SAA-C03) and linked documentation. Objective: HP-3.,https://docs.aws.amazon.com/|https://aws.amazon.com/certification/certified-solutions-architect-associate/
aws-saa-c03,high-performing,HP-3,SAA-C03 — HP-3 (HARD) #32,A production incident involves trade-offs between cost and resilience for Design high-performing networking solutions for Design High-Performing Architectures?,"Implement Design high-performing networking solutions using AWS best practices for Design High-Performing Architectures, including monitoring and least privilege.",Use an approach that contradicts the exam objective and ignores documented constraints.,"Deploy without monitoring, backup, or access controls required by the blueprint.",Mix controls from unrelated domains that do not address the stated objective.,A,HARD,aws-saa-c03|high-performing|HP-3|hard|blueprint-seed,**Answer: A** — Design high-performing networking solutions. Review the official AWS exam guide (SAA-C03) and linked documentation. Objective: HP-3.,https://docs.aws.amazon.com/|https://aws.amazon.com/certification/certified-solutions-architect-associate/
aws-saa-c03,high-performing,HP-3,SAA-C03 — HP-3 (HARD) #33,Complex regulatory requirements demand that you Design high-performing networking solutions for Design High-Performing Architectures?,Use an approach that contradicts the exam objective and ignores documented constraints.,"Deploy without monitoring, backup, or access controls required by the blueprint.",Mix controls from unrelated domains that do not address the stated objective.,Apply the official Design High-Performing Architectures guidance: Design high-performing networking solutions — this aligns with exam blueprint expectations and vendor documentation.,B,HARD,aws-saa-c03|high-performing|HP-3|hard|blueprint-seed,**Answer: B** — Design high-performing networking solutions. Review the official AWS exam guide (SAA-C03) and linked documentation. Objective: HP-3.,https://docs.aws.amazon.com/|https://aws.amazon.com/certification/certified-solutions-architect-associate/
aws-saa-c03,high-performing,HP-3,SAA-C03 — HP-3 (HARD) #34,A multi-team rollout must balance security and velocity for Design high-performing networking solutions for Design High-Performing Architectures?,"Deploy without monitoring, backup, or access controls required by the blueprint.",Mix controls from unrelated domains that do not address the stated objective.,"Follow the documented approach for Design high-performing networking solutions, using recommended services and controls per the exam guide.",Use an approach that contradicts the exam objective and ignores documented constraints.,C,HARD,aws-saa-c03|high-performing|HP-3|hard|blueprint-seed,**Answer: C** — Design high-performing networking solutions. Review the official AWS exam guide (SAA-C03) and linked documentation. Objective: HP-3.,https://docs.aws.amazon.com/|https://aws.amazon.com/certification/certified-solutions-architect-associate/
aws-saa-c03,high-performing,HP-3,SAA-C03 — HP-3 (HARD) #35,An enterprise requires zero-downtime architecture while Design high-performing networking solutions for Design High-Performing Architectures?,Mix controls from unrelated domains that do not address the stated objective.,"Implement Design high-performing networking solutions using AWS best practices for Design High-Performing Architectures, including monitoring and least privilege.",Use an approach that contradicts the exam objective and ignores documented constraints.,"Deploy without monitoring, backup, or access controls required by the blueprint.",D,HARD,aws-saa-c03|high-performing|HP-3|hard|blueprint-seed,**Answer: D** — Design high-performing networking solutions. Review the official AWS exam guide (SAA-C03) and linked documentation. Objective: HP-3.,https://docs.aws.amazon.com/|https://aws.amazon.com/certification/certified-solutions-architect-associate/
aws-saa-c03,high-performing,HP-4,SAA-C03 — HP-4 (EASY) #1,What is the primary purpose of Determine appropriate database solutions for performance?,Use an approach that contradicts the exam objective and ignores documented constraints.,"Deploy without monitoring, backup, or access controls required by the blueprint.",Mix controls from unrelated domains that do not address the stated objective.,"Follow the documented approach for Determine appropriate database solutions for performance, using recommended services and controls per the exam guide.",B,EASY,aws-saa-c03|high-performing|HP-4|easy|blueprint-seed,**Answer: B** — Determine appropriate database solutions for performance. Review the official AWS exam guide (SAA-C03) and linked documentation. Objective: HP-4.,https://docs.aws.amazon.com/|https://aws.amazon.com/certification/certified-solutions-architect-associate/
aws-saa-c03,high-performing,HP-4,SAA-C03 — HP-4 (EASY) #2,Which concept is fundamental to Determine appropriate database solutions for performance?,"Deploy without monitoring, backup, or access controls required by the blueprint.",Mix controls from unrelated domains that do not address the stated objective.,"Implement Determine appropriate database solutions for performance using AWS best practices for Design High-Performing Architectures, including monitoring and least privilege.",Use an approach that contradicts the exam objective and ignores documented constraints.,C,EASY,aws-saa-c03|high-performing|HP-4|easy|blueprint-seed,**Answer: C** — Determine appropriate database solutions for performance. Review the official AWS exam guide (SAA-C03) and linked documentation. Objective: HP-4.,https://docs.aws.amazon.com/|https://aws.amazon.com/certification/certified-solutions-architect-associate/
aws-saa-c03,high-performing,HP-4,SAA-C03 — HP-4 (EASY) #3,Identify the core principle behind Determine appropriate database solutions for performance?,Mix controls from unrelated domains that do not address the stated objective.,Apply the official Design High-Performing Architectures guidance: Determine appropriate database solutions for performance — this aligns with exam blueprint expectations and vendor documentation.,Use an approach that contradicts the exam objective and ignores documented constraints.,"Deploy without monitoring, backup, or access controls required by the blueprint.",D,EASY,aws-saa-c03|high-performing|HP-4|easy|blueprint-seed,**Answer: D** — Determine appropriate database solutions for performance. Review the official AWS exam guide (SAA-C03) and linked documentation. Objective: HP-4.,https://docs.aws.amazon.com/|https://aws.amazon.com/certification/certified-solutions-architect-associate/
aws-saa-c03,high-performing,HP-4,SAA-C03 — HP-4 (EASY) #4,Which description accurately reflects Determine appropriate database solutions for performance?,"Follow the documented approach for Determine appropriate database solutions for performance, using recommended services and controls per the exam guide.",Use an approach that contradicts the exam objective and ignores documented constraints.,"Deploy without monitoring, backup, or access controls required by the blueprint.",Mix controls from unrelated domains that do not address the stated objective.,A,EASY,aws-saa-c03|high-performing|HP-4|easy|blueprint-seed,**Answer: A** — Determine appropriate database solutions for performance. Review the official AWS exam guide (SAA-C03) and linked documentation. Objective: HP-4.,https://docs.aws.amazon.com/|https://aws.amazon.com/certification/certified-solutions-architect-associate/
aws-saa-c03,high-performing,HP-4,SAA-C03 — HP-4 (EASY) #5,Which statement best defines the scope of Determine appropriate database solutions for performance?,Use an approach that contradicts the exam objective and ignores documented constraints.,"Deploy without monitoring, backup, or access controls required by the blueprint.",Mix controls from unrelated domains that do not address the stated objective.,"Implement Determine appropriate database solutions for performance using AWS best practices for Design High-Performing Architectures, including monitoring and least privilege.",B,EASY,aws-saa-c03|high-performing|HP-4|easy|blueprint-seed,**Answer: B** — Determine appropriate database solutions for performance. Review the official AWS exam guide (SAA-C03) and linked documentation. Objective: HP-4.,https://docs.aws.amazon.com/|https://aws.amazon.com/certification/certified-solutions-architect-associate/
aws-saa-c03,high-performing,HP-4,SAA-C03 — HP-4 (EASY) #6,What is the primary purpose of Determine appropriate database solutions for performance?,"Deploy without monitoring, backup, or access controls required by the blueprint.",Mix controls from unrelated domains that do not address the stated objective.,Apply the official Design High-Performing Architectures guidance: Determine appropriate database solutions for performance — this aligns with exam blueprint expectations and vendor documentation.,Use an approach that contradicts the exam objective and ignores documented constraints.,C,EASY,aws-saa-c03|high-performing|HP-4|easy|blueprint-seed,**Answer: C** — Determine appropriate database solutions for performance. Review the official AWS exam guide (SAA-C03) and linked documentation. Objective: HP-4.,https://docs.aws.amazon.com/|https://aws.amazon.com/certification/certified-solutions-architect-associate/
aws-saa-c03,high-performing,HP-4,SAA-C03 — HP-4 (EASY) #7,Which concept is fundamental to Determine appropriate database solutions for performance?,Mix controls from unrelated domains that do not address the stated objective.,"Follow the documented approach for Determine appropriate database solutions for performance, using recommended services and controls per the exam guide.",Use an approach that contradicts the exam objective and ignores documented constraints.,"Deploy without monitoring, backup, or access controls required by the blueprint.",D,EASY,aws-saa-c03|high-performing|HP-4|easy|blueprint-seed,**Answer: D** — Determine appropriate database solutions for performance. Review the official AWS exam guide (SAA-C03) and linked documentation. Objective: HP-4.,https://docs.aws.amazon.com/|https://aws.amazon.com/certification/certified-solutions-architect-associate/
aws-saa-c03,high-performing,HP-4,SAA-C03 — HP-4 (EASY) #8,Identify the core principle behind Determine appropriate database solutions for performance?,"Implement Determine appropriate database solutions for performance using AWS best practices for Design High-Performing Architectures, including monitoring and least privilege.",Use an approach that contradicts the exam objective and ignores documented constraints.,"Deploy without monitoring, backup, or access controls required by the blueprint.",Mix controls from unrelated domains that do not address the stated objective.,A,EASY,aws-saa-c03|high-performing|HP-4|easy|blueprint-seed,**Answer: A** — Determine appropriate database solutions for performance. Review the official AWS exam guide (SAA-C03) and linked documentation. Objective: HP-4.,https://docs.aws.amazon.com/|https://aws.amazon.com/certification/certified-solutions-architect-associate/
aws-saa-c03,high-performing,HP-4,SAA-C03 — HP-4 (EASY) #9,Which description accurately reflects Determine appropriate database solutions for performance?,Use an approach that contradicts the exam objective and ignores documented constraints.,"Deploy without monitoring, backup, or access controls required by the blueprint.",Mix controls from unrelated domains that do not address the stated objective.,Apply the official Design High-Performing Architectures guidance: Determine appropriate database solutions for performance — this aligns with exam blueprint expectations and vendor documentation.,B,EASY,aws-saa-c03|high-performing|HP-4|easy|blueprint-seed,**Answer: B** — Determine appropriate database solutions for performance. Review the official AWS exam guide (SAA-C03) and linked documentation. Objective: HP-4.,https://docs.aws.amazon.com/|https://aws.amazon.com/certification/certified-solutions-architect-associate/
aws-saa-c03,high-performing,HP-4,SAA-C03 — HP-4 (EASY) #10,Which statement best defines the scope of Determine appropriate database solutions for performance?,"Deploy without monitoring, backup, or access controls required by the blueprint.",Mix controls from unrelated domains that do not address the stated objective.,"Follow the documented approach for Determine appropriate database solutions for performance, using recommended services and controls per the exam guide.",Use an approach that contradicts the exam objective and ignores documented constraints.,C,EASY,aws-saa-c03|high-performing|HP-4|easy|blueprint-seed,**Answer: C** — Determine appropriate database solutions for performance. Review the official AWS exam guide (SAA-C03) and linked documentation. Objective: HP-4.,https://docs.aws.amazon.com/|https://aws.amazon.com/certification/certified-solutions-architect-associate/
aws-saa-c03,high-performing,HP-4,SAA-C03 — HP-4 (EASY) #11,What is the primary purpose of Determine appropriate database solutions for performance?,Mix controls from unrelated domains that do not address the stated objective.,"Implement Determine appropriate database solutions for performance using AWS best practices for Design High-Performing Architectures, including monitoring and least privilege.",Use an approach that contradicts the exam objective and ignores documented constraints.,"Deploy without monitoring, backup, or access controls required by the blueprint.",D,EASY,aws-saa-c03|high-performing|HP-4|easy|blueprint-seed,**Answer: D** — Determine appropriate database solutions for performance. Review the official AWS exam guide (SAA-C03) and linked documentation. Objective: HP-4.,https://docs.aws.amazon.com/|https://aws.amazon.com/certification/certified-solutions-architect-associate/
aws-saa-c03,high-performing,HP-4,SAA-C03 — HP-4 (MEDIUM) #12,"During a project review, stakeholders ask how to Determine appropriate database solutions for performance in the context of AWS Solutions Architect Associate?",Apply the official Design High-Performing Architectures guidance: Determine appropriate database solutions for performance — this aligns with exam blueprint expectations and vendor documentation.,Use an approach that contradicts the exam objective and ignores documented constraints.,"Deploy without monitoring, backup, or access controls required by the blueprint.",Mix controls from unrelated domains that do not address the stated objective.,A,MEDIUM,aws-saa-c03|high-performing|HP-4|medium|blueprint-seed,**Answer: A** — Determine appropriate database solutions for performance. Review the official AWS exam guide (SAA-C03) and linked documentation. Objective: HP-4.,https://docs.aws.amazon.com/|https://aws.amazon.com/certification/certified-solutions-architect-associate/
aws-saa-c03,high-performing,HP-4,SAA-C03 — HP-4 (MEDIUM) #13,Which configuration satisfies requirements for Determine appropriate database solutions for performance in the context of AWS Solutions Architect Associate?,Use an approach that contradicts the exam objective and ignores documented constraints.,"Deploy without monitoring, backup, or access controls required by the blueprint.",Mix controls from unrelated domains that do not address the stated objective.,"Follow the documented approach for Determine appropriate database solutions for performance, using recommended services and controls per the exam guide.",B,MEDIUM,aws-saa-c03|high-performing|HP-4|medium|blueprint-seed,**Answer: B** — Determine appropriate database solutions for performance. Review the official AWS exam guide (SAA-C03) and linked documentation. Objective: HP-4.,https://docs.aws.amazon.com/|https://aws.amazon.com/certification/certified-solutions-architect-associate/
aws-saa-c03,high-performing,HP-4,SAA-C03 — HP-4 (MEDIUM) #14,What is the recommended design when applying Determine appropriate database solutions for performance in the context of AWS Solutions Architect Associate?,"Deploy without monitoring, backup, or access controls required by the blueprint.",Mix controls from unrelated domains that do not address the stated objective.,"Implement Determine appropriate database solutions for performance using AWS best practices for Design High-Performing Architectures, including monitoring and least privilege.",Use an approach that contradicts the exam objective and ignores documented constraints.,C,MEDIUM,aws-saa-c03|high-performing|HP-4|medium|blueprint-seed,**Answer: C** — Determine appropriate database solutions for performance. Review the official AWS exam guide (SAA-C03) and linked documentation. Objective: HP-4.,https://docs.aws.amazon.com/|https://aws.amazon.com/certification/certified-solutions-architect-associate/
aws-saa-c03,high-performing,HP-4,SAA-C03 — HP-4 (MEDIUM) #15,A team must implement a solution for Determine appropriate database solutions for performance in the context of AWS Solutions Architect Associate?,Mix controls from unrelated domains that do not address the stated objective.,Apply the official Design High-Performing Architectures guidance: Determine appropriate database solutions for performance — this aligns with exam blueprint expectations and vendor documentation.,Use an approach that contradicts the exam objective and ignores documented constraints.,"Deploy without monitoring, backup, or access controls required by the blueprint.",D,MEDIUM,aws-saa-c03|high-performing|HP-4|medium|blueprint-seed,**Answer: D** — Determine appropriate database solutions for performance. Review the official AWS exam guide (SAA-C03) and linked documentation. Objective: HP-4.,https://docs.aws.amazon.com/|https://aws.amazon.com/certification/certified-solutions-architect-associate/
aws-saa-c03,high-performing,HP-4,SAA-C03 — HP-4 (MEDIUM) #16,Which approach aligns with best practices when Determine appropriate database solutions for performance in the context of AWS Solutions Architect Associate?,"Follow the documented approach for Determine appropriate database solutions for performance, using recommended services and controls per the exam guide.",Use an approach that contradicts the exam objective and ignores documented constraints.,"Deploy without monitoring, backup, or access controls required by the blueprint.",Mix controls from unrelated domains that do not address the stated objective.,A,MEDIUM,aws-saa-c03|high-performing|HP-4|medium|blueprint-seed,**Answer: A** — Determine appropriate database solutions for performance. Review the official AWS exam guide (SAA-C03) and linked documentation. Objective: HP-4.,https://docs.aws.amazon.com/|https://aws.amazon.com/certification/certified-solutions-architect-associate/
aws-saa-c03,high-performing,HP-4,SAA-C03 — HP-4 (MEDIUM) #17,"During a project review, stakeholders ask how to Determine appropriate database solutions for performance in the context of AWS Solutions Architect Associate?",Use an approach that contradicts the exam objective and ignores documented constraints.,"Deploy without monitoring, backup, or access controls required by the blueprint.",Mix controls from unrelated domains that do not address the stated objective.,"Implement Determine appropriate database solutions for performance using AWS best practices for Design High-Performing Architectures, including monitoring and least privilege.",B,MEDIUM,aws-saa-c03|high-performing|HP-4|medium|blueprint-seed,**Answer: B** — Determine appropriate database solutions for performance. Review the official AWS exam guide (SAA-C03) and linked documentation. Objective: HP-4.,https://docs.aws.amazon.com/|https://aws.amazon.com/certification/certified-solutions-architect-associate/
aws-saa-c03,high-performing,HP-4,SAA-C03 — HP-4 (MEDIUM) #18,Which configuration satisfies requirements for Determine appropriate database solutions for performance in the context of AWS Solutions Architect Associate?,"Deploy without monitoring, backup, or access controls required by the blueprint.",Mix controls from unrelated domains that do not address the stated objective.,Apply the official Design High-Performing Architectures guidance: Determine appropriate database solutions for performance — this aligns with exam blueprint expectations and vendor documentation.,Use an approach that contradicts the exam objective and ignores documented constraints.,C,MEDIUM,aws-saa-c03|high-performing|HP-4|medium|blueprint-seed,**Answer: C** — Determine appropriate database solutions for performance. Review the official AWS exam guide (SAA-C03) and linked documentation. Objective: HP-4.,https://docs.aws.amazon.com/|https://aws.amazon.com/certification/certified-solutions-architect-associate/
aws-saa-c03,high-performing,HP-4,SAA-C03 — HP-4 (MEDIUM) #19,What is the recommended design when applying Determine appropriate database solutions for performance in the context of AWS Solutions Architect Associate?,Mix controls from unrelated domains that do not address the stated objective.,"Follow the documented approach for Determine appropriate database solutions for performance, using recommended services and controls per the exam guide.",Use an approach that contradicts the exam objective and ignores documented constraints.,"Deploy without monitoring, backup, or access controls required by the blueprint.",D,MEDIUM,aws-saa-c03|high-performing|HP-4|medium|blueprint-seed,**Answer: D** — Determine appropriate database solutions for performance. Review the official AWS exam guide (SAA-C03) and linked documentation. Objective: HP-4.,https://docs.aws.amazon.com/|https://aws.amazon.com/certification/certified-solutions-architect-associate/
aws-saa-c03,high-performing,HP-4,SAA-C03 — HP-4 (MEDIUM) #20,A team must implement a solution for Determine appropriate database solutions for performance in the context of AWS Solutions Architect Associate?,"Implement Determine appropriate database solutions for performance using AWS best practices for Design High-Performing Architectures, including monitoring and least privilege.",Use an approach that contradicts the exam objective and ignores documented constraints.,"Deploy without monitoring, backup, or access controls required by the blueprint.",Mix controls from unrelated domains that do not address the stated objective.,A,MEDIUM,aws-saa-c03|high-performing|HP-4|medium|blueprint-seed,**Answer: A** — Determine appropriate database solutions for performance. Review the official AWS exam guide (SAA-C03) and linked documentation. Objective: HP-4.,https://docs.aws.amazon.com/|https://aws.amazon.com/certification/certified-solutions-architect-associate/
aws-saa-c03,high-performing,HP-4,SAA-C03 — HP-4 (MEDIUM) #21,Which approach aligns with best practices when Determine appropriate database solutions for performance in the context of AWS Solutions Architect Associate?,Use an approach that contradicts the exam objective and ignores documented constraints.,"Deploy without monitoring, backup, or access controls required by the blueprint.",Mix controls from unrelated domains that do not address the stated objective.,Apply the official Design High-Performing Architectures guidance: Determine appropriate database solutions for performance — this aligns with exam blueprint expectations and vendor documentation.,B,MEDIUM,aws-saa-c03|high-performing|HP-4|medium|blueprint-seed,**Answer: B** — Determine appropriate database solutions for performance. Review the official AWS exam guide (SAA-C03) and linked documentation. Objective: HP-4.,https://docs.aws.amazon.com/|https://aws.amazon.com/certification/certified-solutions-architect-associate/
aws-saa-c03,high-performing,HP-4,SAA-C03 — HP-4 (MEDIUM) #22,"During a project review, stakeholders ask how to Determine appropriate database solutions for performance in the context of AWS Solutions Architect Associate?","Deploy without monitoring, backup, or access controls required by the blueprint.",Mix controls from unrelated domains that do not address the stated objective.,"Follow the documented approach for Determine appropriate database solutions for performance, using recommended services and controls per the exam guide.",Use an approach that contradicts the exam objective and ignores documented constraints.,C,MEDIUM,aws-saa-c03|high-performing|HP-4|medium|blueprint-seed,**Answer: C** — Determine appropriate database solutions for performance. Review the official AWS exam guide (SAA-C03) and linked documentation. Objective: HP-4.,https://docs.aws.amazon.com/|https://aws.amazon.com/certification/certified-solutions-architect-associate/
aws-saa-c03,high-performing,HP-4,SAA-C03 — HP-4 (MEDIUM) #23,Which configuration satisfies requirements for Determine appropriate database solutions for performance in the context of AWS Solutions Architect Associate?,Mix controls from unrelated domains that do not address the stated objective.,"Implement Determine appropriate database solutions for performance using AWS best practices for Design High-Performing Architectures, including monitoring and least privilege.",Use an approach that contradicts the exam objective and ignores documented constraints.,"Deploy without monitoring, backup, or access controls required by the blueprint.",D,MEDIUM,aws-saa-c03|high-performing|HP-4|medium|blueprint-seed,**Answer: D** — Determine appropriate database solutions for performance. Review the official AWS exam guide (SAA-C03) and linked documentation. Objective: HP-4.,https://docs.aws.amazon.com/|https://aws.amazon.com/certification/certified-solutions-architect-associate/
aws-saa-c03,high-performing,HP-4,SAA-C03 — HP-4 (MEDIUM) #24,What is the recommended design when applying Determine appropriate database solutions for performance in the context of AWS Solutions Architect Associate?,Apply the official Design High-Performing Architectures guidance: Determine appropriate database solutions for performance — this aligns with exam blueprint expectations and vendor documentation.,Use an approach that contradicts the exam objective and ignores documented constraints.,"Deploy without monitoring, backup, or access controls required by the blueprint.",Mix controls from unrelated domains that do not address the stated objective.,A,MEDIUM,aws-saa-c03|high-performing|HP-4|medium|blueprint-seed,**Answer: A** — Determine appropriate database solutions for performance. Review the official AWS exam guide (SAA-C03) and linked documentation. Objective: HP-4.,https://docs.aws.amazon.com/|https://aws.amazon.com/certification/certified-solutions-architect-associate/
aws-saa-c03,high-performing,HP-4,SAA-C03 — HP-4 (MEDIUM) #25,A team must implement a solution for Determine appropriate database solutions for performance in the context of AWS Solutions Architect Associate?,Use an approach that contradicts the exam objective and ignores documented constraints.,"Deploy without monitoring, backup, or access controls required by the blueprint.",Mix controls from unrelated domains that do not address the stated objective.,"Follow the documented approach for Determine appropriate database solutions for performance, using recommended services and controls per the exam guide.",B,MEDIUM,aws-saa-c03|high-performing|HP-4|medium|blueprint-seed,**Answer: B** — Determine appropriate database solutions for performance. Review the official AWS exam guide (SAA-C03) and linked documentation. Objective: HP-4.,https://docs.aws.amazon.com/|https://aws.amazon.com/certification/certified-solutions-architect-associate/
aws-saa-c03,high-performing,HP-4,SAA-C03 — HP-4 (HARD) #26,"Given strict compliance, auditability, and multi-region constraints, how should you Determine appropriate database solutions for performance for Design High-Performing Architectures?","Deploy without monitoring, backup, or access controls required by the blueprint.",Mix controls from unrelated domains that do not address the stated objective.,"Implement Determine appropriate database solutions for performance using AWS best practices for Design High-Performing Architectures, including monitoring and least privilege.",Use an approach that contradicts the exam objective and ignores documented constraints.,C,HARD,aws-saa-c03|high-performing|HP-4|hard|blueprint-seed,**Answer: C** — Determine appropriate database solutions for performance. Review the official AWS exam guide (SAA-C03) and linked documentation. Objective: HP-4.,https://docs.aws.amazon.com/|https://aws.amazon.com/certification/certified-solutions-architect-associate/
aws-saa-c03,high-performing,HP-4,SAA-C03 — HP-4 (HARD) #27,A production incident involves trade-offs between cost and resilience for Determine appropriate database solutions for performance for Design High-Performing Architectures?,Mix controls from unrelated domains that do not address the stated objective.,Apply the official Design High-Performing Architectures guidance: Determine appropriate database solutions for performance — this aligns with exam blueprint expectations and vendor documentation.,Use an approach that contradicts the exam objective and ignores documented constraints.,"Deploy without monitoring, backup, or access controls required by the blueprint.",D,HARD,aws-saa-c03|high-performing|HP-4|hard|blueprint-seed,**Answer: D** — Determine appropriate database solutions for performance. Review the official AWS exam guide (SAA-C03) and linked documentation. Objective: HP-4.,https://docs.aws.amazon.com/|https://aws.amazon.com/certification/certified-solutions-architect-associate/
aws-saa-c03,high-performing,HP-4,SAA-C03 — HP-4 (HARD) #28,Complex regulatory requirements demand that you Determine appropriate database solutions for performance for Design High-Performing Architectures?,"Follow the documented approach for Determine appropriate database solutions for performance, using recommended services and controls per the exam guide.",Use an approach that contradicts the exam objective and ignores documented constraints.,"Deploy without monitoring, backup, or access controls required by the blueprint.",Mix controls from unrelated domains that do not address the stated objective.,A,HARD,aws-saa-c03|high-performing|HP-4|hard|blueprint-seed,**Answer: A** — Determine appropriate database solutions for performance. Review the official AWS exam guide (SAA-C03) and linked documentation. Objective: HP-4.,https://docs.aws.amazon.com/|https://aws.amazon.com/certification/certified-solutions-architect-associate/
aws-saa-c03,high-performing,HP-4,SAA-C03 — HP-4 (HARD) #29,A multi-team rollout must balance security and velocity for Determine appropriate database solutions for performance for Design High-Performing Architectures?,Use an approach that contradicts the exam objective and ignores documented constraints.,"Deploy without monitoring, backup, or access controls required by the blueprint.",Mix controls from unrelated domains that do not address the stated objective.,"Implement Determine appropriate database solutions for performance using AWS best practices for Design High-Performing Architectures, including monitoring and least privilege.",B,HARD,aws-saa-c03|high-performing|HP-4|hard|blueprint-seed,**Answer: B** — Determine appropriate database solutions for performance. Review the official AWS exam guide (SAA-C03) and linked documentation. Objective: HP-4.,https://docs.aws.amazon.com/|https://aws.amazon.com/certification/certified-solutions-architect-associate/
aws-saa-c03,high-performing,HP-4,SAA-C03 — HP-4 (HARD) #30,An enterprise requires zero-downtime architecture while Determine appropriate database solutions for performance for Design High-Performing Architectures?,"Deploy without monitoring, backup, or access controls required by the blueprint.",Mix controls from unrelated domains that do not address the stated objective.,Apply the official Design High-Performing Architectures guidance: Determine appropriate database solutions for performance — this aligns with exam blueprint expectations and vendor documentation.,Use an approach that contradicts the exam objective and ignores documented constraints.,C,HARD,aws-saa-c03|high-performing|HP-4|hard|blueprint-seed,**Answer: C** — Determine appropriate database solutions for performance. Review the official AWS exam guide (SAA-C03) and linked documentation. Objective: HP-4.,https://docs.aws.amazon.com/|https://aws.amazon.com/certification/certified-solutions-architect-associate/
aws-saa-c03,high-performing,HP-4,SAA-C03 — HP-4 (HARD) #31,"Given strict compliance, auditability, and multi-region constraints, how should you Determine appropriate database solutions for performance for Design High-Performing Architectures?",Mix controls from unrelated domains that do not address the stated objective.,"Follow the documented approach for Determine appropriate database solutions for performance, using recommended services and controls per the exam guide.",Use an approach that contradicts the exam objective and ignores documented constraints.,"Deploy without monitoring, backup, or access controls required by the blueprint.",D,HARD,aws-saa-c03|high-performing|HP-4|hard|blueprint-seed,**Answer: D** — Determine appropriate database solutions for performance. Review the official AWS exam guide (SAA-C03) and linked documentation. Objective: HP-4.,https://docs.aws.amazon.com/|https://aws.amazon.com/certification/certified-solutions-architect-associate/
aws-saa-c03,high-performing,HP-4,SAA-C03 — HP-4 (HARD) #32,A production incident involves trade-offs between cost and resilience for Determine appropriate database solutions for performance for Design High-Performing Architectures?,"Implement Determine appropriate database solutions for performance using AWS best practices for Design High-Performing Architectures, including monitoring and least privilege.",Use an approach that contradicts the exam objective and ignores documented constraints.,"Deploy without monitoring, backup, or access controls required by the blueprint.",Mix controls from unrelated domains that do not address the stated objective.,A,HARD,aws-saa-c03|high-performing|HP-4|hard|blueprint-seed,**Answer: A** — Determine appropriate database solutions for performance. Review the official AWS exam guide (SAA-C03) and linked documentation. Objective: HP-4.,https://docs.aws.amazon.com/|https://aws.amazon.com/certification/certified-solutions-architect-associate/
aws-saa-c03,high-performing,HP-4,SAA-C03 — HP-4 (HARD) #33,Complex regulatory requirements demand that you Determine appropriate database solutions for performance for Design High-Performing Architectures?,Use an approach that contradicts the exam objective and ignores documented constraints.,"Deploy without monitoring, backup, or access controls required by the blueprint.",Mix controls from unrelated domains that do not address the stated objective.,Apply the official Design High-Performing Architectures guidance: Determine appropriate database solutions for performance — this aligns with exam blueprint expectations and vendor documentation.,B,HARD,aws-saa-c03|high-performing|HP-4|hard|blueprint-seed,**Answer: B** — Determine appropriate database solutions for performance. Review the official AWS exam guide (SAA-C03) and linked documentation. Objective: HP-4.,https://docs.aws.amazon.com/|https://aws.amazon.com/certification/certified-solutions-architect-associate/
aws-saa-c03,high-performing,HP-4,SAA-C03 — HP-4 (HARD) #34,A multi-team rollout must balance security and velocity for Determine appropriate database solutions for performance for Design High-Performing Architectures?,"Deploy without monitoring, backup, or access controls required by the blueprint.",Mix controls from unrelated domains that do not address the stated objective.,"Follow the documented approach for Determine appropriate database solutions for performance, using recommended services and controls per the exam guide.",Use an approach that contradicts the exam objective and ignores documented constraints.,C,HARD,aws-saa-c03|high-performing|HP-4|hard|blueprint-seed,**Answer: C** — Determine appropriate database solutions for performance. Review the official AWS exam guide (SAA-C03) and linked documentation. Objective: HP-4.,https://docs.aws.amazon.com/|https://aws.amazon.com/certification/certified-solutions-architect-associate/
aws-saa-c03,high-performing,HP-4,SAA-C03 — HP-4 (HARD) #35,An enterprise requires zero-downtime architecture while Determine appropriate database solutions for performance for Design High-Performing Architectures?,Mix controls from unrelated domains that do not address the stated objective.,"Implement Determine appropriate database solutions for performance using AWS best practices for Design High-Performing Architectures, including monitoring and least privilege.",Use an approach that contradicts the exam objective and ignores documented constraints.,"Deploy without monitoring, backup, or access controls required by the blueprint.",D,HARD,aws-saa-c03|high-performing|HP-4|hard|blueprint-seed,**Answer: D** — Determine appropriate database solutions for performance. Review the official AWS exam guide (SAA-C03) and linked documentation. Objective: HP-4.,https://docs.aws.amazon.com/|https://aws.amazon.com/certification/certified-solutions-architect-associate/
aws-saa-c03,secure-apps,SA-1,SAA-C03 — SA-1 (EASY) #1,What is the primary purpose of Design secure access to AWS resources?,Use an approach that contradicts the exam objective and ignores documented constraints.,"Deploy without monitoring, backup, or access controls required by the blueprint.",Mix controls from unrelated domains that do not address the stated objective.,"Follow the documented approach for Design secure access to AWS resources, using recommended services and controls per the exam guide.",B,EASY,aws-saa-c03|secure-apps|SA-1|easy|blueprint-seed,**Answer: B** — Design secure access to AWS resources. Review the official AWS exam guide (SAA-C03) and linked documentation. Objective: SA-1.,https://docs.aws.amazon.com/|https://aws.amazon.com/certification/certified-solutions-architect-associate/
aws-saa-c03,secure-apps,SA-1,SAA-C03 — SA-1 (EASY) #2,Which concept is fundamental to Design secure access to AWS resources?,"Deploy without monitoring, backup, or access controls required by the blueprint.",Mix controls from unrelated domains that do not address the stated objective.,"Implement Design secure access to AWS resources using AWS best practices for Design Secure Applications and Architectures, including monitoring and least privilege.",Use an approach that contradicts the exam objective and ignores documented constraints.,C,EASY,aws-saa-c03|secure-apps|SA-1|easy|blueprint-seed,**Answer: C** — Design secure access to AWS resources. Review the official AWS exam guide (SAA-C03) and linked documentation. Objective: SA-1.,https://docs.aws.amazon.com/|https://aws.amazon.com/certification/certified-solutions-architect-associate/
aws-saa-c03,secure-apps,SA-1,SAA-C03 — SA-1 (EASY) #3,Identify the core principle behind Design secure access to AWS resources?,Mix controls from unrelated domains that do not address the stated objective.,Apply the official Design Secure Applications and Architectures guidance: Design secure access to AWS resources — this aligns with exam blueprint expectations and vendor documentation.,Use an approach that contradicts the exam objective and ignores documented constraints.,"Deploy without monitoring, backup, or access controls required by the blueprint.",D,EASY,aws-saa-c03|secure-apps|SA-1|easy|blueprint-seed,**Answer: D** — Design secure access to AWS resources. Review the official AWS exam guide (SAA-C03) and linked documentation. Objective: SA-1.,https://docs.aws.amazon.com/|https://aws.amazon.com/certification/certified-solutions-architect-associate/
aws-saa-c03,secure-apps,SA-1,SAA-C03 — SA-1 (EASY) #4,Which description accurately reflects Design secure access to AWS resources?,"Follow the documented approach for Design secure access to AWS resources, using recommended services and controls per the exam guide.",Use an approach that contradicts the exam objective and ignores documented constraints.,"Deploy without monitoring, backup, or access controls required by the blueprint.",Mix controls from unrelated domains that do not address the stated objective.,A,EASY,aws-saa-c03|secure-apps|SA-1|easy|blueprint-seed,**Answer: A** — Design secure access to AWS resources. Review the official AWS exam guide (SAA-C03) and linked documentation. Objective: SA-1.,https://docs.aws.amazon.com/|https://aws.amazon.com/certification/certified-solutions-architect-associate/
aws-saa-c03,secure-apps,SA-1,SAA-C03 — SA-1 (EASY) #5,Which statement best defines the scope of Design secure access to AWS resources?,Use an approach that contradicts the exam objective and ignores documented constraints.,"Deploy without monitoring, backup, or access controls required by the blueprint.",Mix controls from unrelated domains that do not address the stated objective.,"Implement Design secure access to AWS resources using AWS best practices for Design Secure Applications and Architectures, including monitoring and least privilege.",B,EASY,aws-saa-c03|secure-apps|SA-1|easy|blueprint-seed,**Answer: B** — Design secure access to AWS resources. Review the official AWS exam guide (SAA-C03) and linked documentation. Objective: SA-1.,https://docs.aws.amazon.com/|https://aws.amazon.com/certification/certified-solutions-architect-associate/
aws-saa-c03,secure-apps,SA-1,SAA-C03 — SA-1 (EASY) #6,What is the primary purpose of Design secure access to AWS resources?,"Deploy without monitoring, backup, or access controls required by the blueprint.",Mix controls from unrelated domains that do not address the stated objective.,Apply the official Design Secure Applications and Architectures guidance: Design secure access to AWS resources — this aligns with exam blueprint expectations and vendor documentation.,Use an approach that contradicts the exam objective and ignores documented constraints.,C,EASY,aws-saa-c03|secure-apps|SA-1|easy|blueprint-seed,**Answer: C** — Design secure access to AWS resources. Review the official AWS exam guide (SAA-C03) and linked documentation. Objective: SA-1.,https://docs.aws.amazon.com/|https://aws.amazon.com/certification/certified-solutions-architect-associate/
aws-saa-c03,secure-apps,SA-1,SAA-C03 — SA-1 (EASY) #7,Which concept is fundamental to Design secure access to AWS resources?,Mix controls from unrelated domains that do not address the stated objective.,"Follow the documented approach for Design secure access to AWS resources, using recommended services and controls per the exam guide.",Use an approach that contradicts the exam objective and ignores documented constraints.,"Deploy without monitoring, backup, or access controls required by the blueprint.",D,EASY,aws-saa-c03|secure-apps|SA-1|easy|blueprint-seed,**Answer: D** — Design secure access to AWS resources. Review the official AWS exam guide (SAA-C03) and linked documentation. Objective: SA-1.,https://docs.aws.amazon.com/|https://aws.amazon.com/certification/certified-solutions-architect-associate/
aws-saa-c03,secure-apps,SA-1,SAA-C03 — SA-1 (EASY) #8,Identify the core principle behind Design secure access to AWS resources?,"Implement Design secure access to AWS resources using AWS best practices for Design Secure Applications and Architectures, including monitoring and least privilege.",Use an approach that contradicts the exam objective and ignores documented constraints.,"Deploy without monitoring, backup, or access controls required by the blueprint.",Mix controls from unrelated domains that do not address the stated objective.,A,EASY,aws-saa-c03|secure-apps|SA-1|easy|blueprint-seed,**Answer: A** — Design secure access to AWS resources. Review the official AWS exam guide (SAA-C03) and linked documentation. Objective: SA-1.,https://docs.aws.amazon.com/|https://aws.amazon.com/certification/certified-solutions-architect-associate/
aws-saa-c03,secure-apps,SA-1,SAA-C03 — SA-1 (EASY) #9,Which description accurately reflects Design secure access to AWS resources?,Use an approach that contradicts the exam objective and ignores documented constraints.,"Deploy without monitoring, backup, or access controls required by the blueprint.",Mix controls from unrelated domains that do not address the stated objective.,Apply the official Design Secure Applications and Architectures guidance: Design secure access to AWS resources — this aligns with exam blueprint expectations and vendor documentation.,B,EASY,aws-saa-c03|secure-apps|SA-1|easy|blueprint-seed,**Answer: B** — Design secure access to AWS resources. Review the official AWS exam guide (SAA-C03) and linked documentation. Objective: SA-1.,https://docs.aws.amazon.com/|https://aws.amazon.com/certification/certified-solutions-architect-associate/
aws-saa-c03,secure-apps,SA-1,SAA-C03 — SA-1 (MEDIUM) #10,A team must implement a solution for Design secure access to AWS resources in the context of AWS Solutions Architect Associate?,"Deploy without monitoring, backup, or access controls required by the blueprint.",Mix controls from unrelated domains that do not address the stated objective.,"Follow the documented approach for Design secure access to AWS resources, using recommended services and controls per the exam guide.",Use an approach that contradicts the exam objective and ignores documented constraints.,C,MEDIUM,aws-saa-c03|secure-apps|SA-1|medium|blueprint-seed,**Answer: C** — Design secure access to AWS resources. Review the official AWS exam guide (SAA-C03) and linked documentation. Objective: SA-1.,https://docs.aws.amazon.com/|https://aws.amazon.com/certification/certified-solutions-architect-associate/
aws-saa-c03,secure-apps,SA-1,SAA-C03 — SA-1 (MEDIUM) #11,Which approach aligns with best practices when Design secure access to AWS resources in the context of AWS Solutions Architect Associate?,Mix controls from unrelated domains that do not address the stated objective.,"Implement Design secure access to AWS resources using AWS best practices for Design Secure Applications and Architectures, including monitoring and least privilege.",Use an approach that contradicts the exam objective and ignores documented constraints.,"Deploy without monitoring, backup, or access controls required by the blueprint.",D,MEDIUM,aws-saa-c03|secure-apps|SA-1|medium|blueprint-seed,**Answer: D** — Design secure access to AWS resources. Review the official AWS exam guide (SAA-C03) and linked documentation. Objective: SA-1.,https://docs.aws.amazon.com/|https://aws.amazon.com/certification/certified-solutions-architect-associate/
aws-saa-c03,secure-apps,SA-1,SAA-C03 — SA-1 (MEDIUM) #12,"During a project review, stakeholders ask how to Design secure access to AWS resources in the context of AWS Solutions Architect Associate?",Apply the official Design Secure Applications and Architectures guidance: Design secure access to AWS resources — this aligns with exam blueprint expectations and vendor documentation.,Use an approach that contradicts the exam objective and ignores documented constraints.,"Deploy without monitoring, backup, or access controls required by the blueprint.",Mix controls from unrelated domains that do not address the stated objective.,A,MEDIUM,aws-saa-c03|secure-apps|SA-1|medium|blueprint-seed,**Answer: A** — Design secure access to AWS resources. Review the official AWS exam guide (SAA-C03) and linked documentation. Objective: SA-1.,https://docs.aws.amazon.com/|https://aws.amazon.com/certification/certified-solutions-architect-associate/
aws-saa-c03,secure-apps,SA-1,SAA-C03 — SA-1 (MEDIUM) #13,Which configuration satisfies requirements for Design secure access to AWS resources in the context of AWS Solutions Architect Associate?,Use an approach that contradicts the exam objective and ignores documented constraints.,"Deploy without monitoring, backup, or access controls required by the blueprint.",Mix controls from unrelated domains that do not address the stated objective.,"Follow the documented approach for Design secure access to AWS resources, using recommended services and controls per the exam guide.",B,MEDIUM,aws-saa-c03|secure-apps|SA-1|medium|blueprint-seed,**Answer: B** — Design secure access to AWS resources. Review the official AWS exam guide (SAA-C03) and linked documentation. Objective: SA-1.,https://docs.aws.amazon.com/|https://aws.amazon.com/certification/certified-solutions-architect-associate/
aws-saa-c03,secure-apps,SA-1,SAA-C03 — SA-1 (MEDIUM) #14,What is the recommended design when applying Design secure access to AWS resources in the context of AWS Solutions Architect Associate?,"Deploy without monitoring, backup, or access controls required by the blueprint.",Mix controls from unrelated domains that do not address the stated objective.,"Implement Design secure access to AWS resources using AWS best practices for Design Secure Applications and Architectures, including monitoring and least privilege.",Use an approach that contradicts the exam objective and ignores documented constraints.,C,MEDIUM,aws-saa-c03|secure-apps|SA-1|medium|blueprint-seed,**Answer: C** — Design secure access to AWS resources. Review the official AWS exam guide (SAA-C03) and linked documentation. Objective: SA-1.,https://docs.aws.amazon.com/|https://aws.amazon.com/certification/certified-solutions-architect-associate/
aws-saa-c03,secure-apps,SA-1,SAA-C03 — SA-1 (MEDIUM) #15,A team must implement a solution for Design secure access to AWS resources in the context of AWS Solutions Architect Associate?,Mix controls from unrelated domains that do not address the stated objective.,Apply the official Design Secure Applications and Architectures guidance: Design secure access to AWS resources — this aligns with exam blueprint expectations and vendor documentation.,Use an approach that contradicts the exam objective and ignores documented constraints.,"Deploy without monitoring, backup, or access controls required by the blueprint.",D,MEDIUM,aws-saa-c03|secure-apps|SA-1|medium|blueprint-seed,**Answer: D** — Design secure access to AWS resources. Review the official AWS exam guide (SAA-C03) and linked documentation. Objective: SA-1.,https://docs.aws.amazon.com/|https://aws.amazon.com/certification/certified-solutions-architect-associate/
aws-saa-c03,secure-apps,SA-1,SAA-C03 — SA-1 (MEDIUM) #16,Which approach aligns with best practices when Design secure access to AWS resources in the context of AWS Solutions Architect Associate?,"Follow the documented approach for Design secure access to AWS resources, using recommended services and controls per the exam guide.",Use an approach that contradicts the exam objective and ignores documented constraints.,"Deploy without monitoring, backup, or access controls required by the blueprint.",Mix controls from unrelated domains that do not address the stated objective.,A,MEDIUM,aws-saa-c03|secure-apps|SA-1|medium|blueprint-seed,**Answer: A** — Design secure access to AWS resources. Review the official AWS exam guide (SAA-C03) and linked documentation. Objective: SA-1.,https://docs.aws.amazon.com/|https://aws.amazon.com/certification/certified-solutions-architect-associate/
aws-saa-c03,secure-apps,SA-1,SAA-C03 — SA-1 (MEDIUM) #17,"During a project review, stakeholders ask how to Design secure access to AWS resources in the context of AWS Solutions Architect Associate?",Use an approach that contradicts the exam objective and ignores documented constraints.,"Deploy without monitoring, backup, or access controls required by the blueprint.",Mix controls from unrelated domains that do not address the stated objective.,"Implement Design secure access to AWS resources using AWS best practices for Design Secure Applications and Architectures, including monitoring and least privilege.",B,MEDIUM,aws-saa-c03|secure-apps|SA-1|medium|blueprint-seed,**Answer: B** — Design secure access to AWS resources. Review the official AWS exam guide (SAA-C03) and linked documentation. Objective: SA-1.,https://docs.aws.amazon.com/|https://aws.amazon.com/certification/certified-solutions-architect-associate/
aws-saa-c03,secure-apps,SA-1,SAA-C03 — SA-1 (MEDIUM) #18,Which configuration satisfies requirements for Design secure access to AWS resources in the context of AWS Solutions Architect Associate?,"Deploy without monitoring, backup, or access controls required by the blueprint.",Mix controls from unrelated domains that do not address the stated objective.,Apply the official Design Secure Applications and Architectures guidance: Design secure access to AWS resources — this aligns with exam blueprint expectations and vendor documentation.,Use an approach that contradicts the exam objective and ignores documented constraints.,C,MEDIUM,aws-saa-c03|secure-apps|SA-1|medium|blueprint-seed,**Answer: C** — Design secure access to AWS resources. Review the official AWS exam guide (SAA-C03) and linked documentation. Objective: SA-1.,https://docs.aws.amazon.com/|https://aws.amazon.com/certification/certified-solutions-architect-associate/
aws-saa-c03,secure-apps,SA-1,SAA-C03 — SA-1 (MEDIUM) #19,What is the recommended design when applying Design secure access to AWS resources in the context of AWS Solutions Architect Associate?,Mix controls from unrelated domains that do not address the stated objective.,"Follow the documented approach for Design secure access to AWS resources, using recommended services and controls per the exam guide.",Use an approach that contradicts the exam objective and ignores documented constraints.,"Deploy without monitoring, backup, or access controls required by the blueprint.",D,MEDIUM,aws-saa-c03|secure-apps|SA-1|medium|blueprint-seed,**Answer: D** — Design secure access to AWS resources. Review the official AWS exam guide (SAA-C03) and linked documentation. Objective: SA-1.,https://docs.aws.amazon.com/|https://aws.amazon.com/certification/certified-solutions-architect-associate/
aws-saa-c03,secure-apps,SA-1,SAA-C03 — SA-1 (MEDIUM) #20,A team must implement a solution for Design secure access to AWS resources in the context of AWS Solutions Architect Associate?,"Implement Design secure access to AWS resources using AWS best practices for Design Secure Applications and Architectures, including monitoring and least privilege.",Use an approach that contradicts the exam objective and ignores documented constraints.,"Deploy without monitoring, backup, or access controls required by the blueprint.",Mix controls from unrelated domains that do not address the stated objective.,A,MEDIUM,aws-saa-c03|secure-apps|SA-1|medium|blueprint-seed,**Answer: A** — Design secure access to AWS resources. Review the official AWS exam guide (SAA-C03) and linked documentation. Objective: SA-1.,https://docs.aws.amazon.com/|https://aws.amazon.com/certification/certified-solutions-architect-associate/
aws-saa-c03,secure-apps,SA-1,SAA-C03 — SA-1 (MEDIUM) #21,Which approach aligns with best practices when Design secure access to AWS resources in the context of AWS Solutions Architect Associate?,Use an approach that contradicts the exam objective and ignores documented constraints.,"Deploy without monitoring, backup, or access controls required by the blueprint.",Mix controls from unrelated domains that do not address the stated objective.,Apply the official Design Secure Applications and Architectures guidance: Design secure access to AWS resources — this aligns with exam blueprint expectations and vendor documentation.,B,MEDIUM,aws-saa-c03|secure-apps|SA-1|medium|blueprint-seed,**Answer: B** — Design secure access to AWS resources. Review the official AWS exam guide (SAA-C03) and linked documentation. Objective: SA-1.,https://docs.aws.amazon.com/|https://aws.amazon.com/certification/certified-solutions-architect-associate/
aws-saa-c03,secure-apps,SA-1,SAA-C03 — SA-1 (HARD) #22,A production incident involves trade-offs between cost and resilience for Design secure access to AWS resources for Design Secure Applications and Architectures?,"Deploy without monitoring, backup, or access controls required by the blueprint.",Mix controls from unrelated domains that do not address the stated objective.,"Follow the documented approach for Design secure access to AWS resources, using recommended services and controls per the exam guide.",Use an approach that contradicts the exam objective and ignores documented constraints.,C,HARD,aws-saa-c03|secure-apps|SA-1|hard|blueprint-seed,**Answer: C** — Design secure access to AWS resources. Review the official AWS exam guide (SAA-C03) and linked documentation. Objective: SA-1.,https://docs.aws.amazon.com/|https://aws.amazon.com/certification/certified-solutions-architect-associate/
aws-saa-c03,secure-apps,SA-1,SAA-C03 — SA-1 (HARD) #23,Complex regulatory requirements demand that you Design secure access to AWS resources for Design Secure Applications and Architectures?,Mix controls from unrelated domains that do not address the stated objective.,"Implement Design secure access to AWS resources using AWS best practices for Design Secure Applications and Architectures, including monitoring and least privilege.",Use an approach that contradicts the exam objective and ignores documented constraints.,"Deploy without monitoring, backup, or access controls required by the blueprint.",D,HARD,aws-saa-c03|secure-apps|SA-1|hard|blueprint-seed,**Answer: D** — Design secure access to AWS resources. Review the official AWS exam guide (SAA-C03) and linked documentation. Objective: SA-1.,https://docs.aws.amazon.com/|https://aws.amazon.com/certification/certified-solutions-architect-associate/
aws-saa-c03,secure-apps,SA-1,SAA-C03 — SA-1 (HARD) #24,A multi-team rollout must balance security and velocity for Design secure access to AWS resources for Design Secure Applications and Architectures?,Apply the official Design Secure Applications and Architectures guidance: Design secure access to AWS resources — this aligns with exam blueprint expectations and vendor documentation.,Use an approach that contradicts the exam objective and ignores documented constraints.,"Deploy without monitoring, backup, or access controls required by the blueprint.",Mix controls from unrelated domains that do not address the stated objective.,A,HARD,aws-saa-c03|secure-apps|SA-1|hard|blueprint-seed,**Answer: A** — Design secure access to AWS resources. Review the official AWS exam guide (SAA-C03) and linked documentation. Objective: SA-1.,https://docs.aws.amazon.com/|https://aws.amazon.com/certification/certified-solutions-architect-associate/
aws-saa-c03,secure-apps,SA-1,SAA-C03 — SA-1 (HARD) #25,An enterprise requires zero-downtime architecture while Design secure access to AWS resources for Design Secure Applications and Architectures?,Use an approach that contradicts the exam objective and ignores documented constraints.,"Deploy without monitoring, backup, or access controls required by the blueprint.",Mix controls from unrelated domains that do not address the stated objective.,"Follow the documented approach for Design secure access to AWS resources, using recommended services and controls per the exam guide.",B,HARD,aws-saa-c03|secure-apps|SA-1|hard|blueprint-seed,**Answer: B** — Design secure access to AWS resources. Review the official AWS exam guide (SAA-C03) and linked documentation. Objective: SA-1.,https://docs.aws.amazon.com/|https://aws.amazon.com/certification/certified-solutions-architect-associate/
aws-saa-c03,secure-apps,SA-1,SAA-C03 — SA-1 (HARD) #26,"Given strict compliance, auditability, and multi-region constraints, how should you Design secure access to AWS resources for Design Secure Applications and Architectures?","Deploy without monitoring, backup, or access controls required by the blueprint.",Mix controls from unrelated domains that do not address the stated objective.,"Implement Design secure access to AWS resources using AWS best practices for Design Secure Applications and Architectures, including monitoring and least privilege.",Use an approach that contradicts the exam objective and ignores documented constraints.,C,HARD,aws-saa-c03|secure-apps|SA-1|hard|blueprint-seed,**Answer: C** — Design secure access to AWS resources. Review the official AWS exam guide (SAA-C03) and linked documentation. Objective: SA-1.,https://docs.aws.amazon.com/|https://aws.amazon.com/certification/certified-solutions-architect-associate/
aws-saa-c03,secure-apps,SA-1,SAA-C03 — SA-1 (HARD) #27,A production incident involves trade-offs between cost and resilience for Design secure access to AWS resources for Design Secure Applications and Architectures?,Mix controls from unrelated domains that do not address the stated objective.,Apply the official Design Secure Applications and Architectures guidance: Design secure access to AWS resources — this aligns with exam blueprint expectations and vendor documentation.,Use an approach that contradicts the exam objective and ignores documented constraints.,"Deploy without monitoring, backup, or access controls required by the blueprint.",D,HARD,aws-saa-c03|secure-apps|SA-1|hard|blueprint-seed,**Answer: D** — Design secure access to AWS resources. Review the official AWS exam guide (SAA-C03) and linked documentation. Objective: SA-1.,https://docs.aws.amazon.com/|https://aws.amazon.com/certification/certified-solutions-architect-associate/
aws-saa-c03,secure-apps,SA-1,SAA-C03 — SA-1 (HARD) #28,Complex regulatory requirements demand that you Design secure access to AWS resources for Design Secure Applications and Architectures?,"Follow the documented approach for Design secure access to AWS resources, using recommended services and controls per the exam guide.",Use an approach that contradicts the exam objective and ignores documented constraints.,"Deploy without monitoring, backup, or access controls required by the blueprint.",Mix controls from unrelated domains that do not address the stated objective.,A,HARD,aws-saa-c03|secure-apps|SA-1|hard|blueprint-seed,**Answer: A** — Design secure access to AWS resources. Review the official AWS exam guide (SAA-C03) and linked documentation. Objective: SA-1.,https://docs.aws.amazon.com/|https://aws.amazon.com/certification/certified-solutions-architect-associate/
aws-saa-c03,secure-apps,SA-1,SAA-C03 — SA-1 (HARD) #29,A multi-team rollout must balance security and velocity for Design secure access to AWS resources for Design Secure Applications and Architectures?,Use an approach that contradicts the exam objective and ignores documented constraints.,"Deploy without monitoring, backup, or access controls required by the blueprint.",Mix controls from unrelated domains that do not address the stated objective.,"Implement Design secure access to AWS resources using AWS best practices for Design Secure Applications and Architectures, including monitoring and least privilege.",B,HARD,aws-saa-c03|secure-apps|SA-1|hard|blueprint-seed,**Answer: B** — Design secure access to AWS resources. Review the official AWS exam guide (SAA-C03) and linked documentation. Objective: SA-1.,https://docs.aws.amazon.com/|https://aws.amazon.com/certification/certified-solutions-architect-associate/
aws-saa-c03,secure-apps,SA-1,SAA-C03 — SA-1 (HARD) #30,An enterprise requires zero-downtime architecture while Design secure access to AWS resources for Design Secure Applications and Architectures?,"Deploy without monitoring, backup, or access controls required by the blueprint.",Mix controls from unrelated domains that do not address the stated objective.,Apply the official Design Secure Applications and Architectures guidance: Design secure access to AWS resources — this aligns with exam blueprint expectations and vendor documentation.,Use an approach that contradicts the exam objective and ignores documented constraints.,C,HARD,aws-saa-c03|secure-apps|SA-1|hard|blueprint-seed,**Answer: C** — Design secure access to AWS resources. Review the official AWS exam guide (SAA-C03) and linked documentation. Objective: SA-1.,https://docs.aws.amazon.com/|https://aws.amazon.com/certification/certified-solutions-architect-associate/
aws-saa-c03,secure-apps,SA-2,SAA-C03 — SA-2 (EASY) #1,What is the primary purpose of Design secure application tiers?,Use an approach that contradicts the exam objective and ignores documented constraints.,"Deploy without monitoring, backup, or access controls required by the blueprint.",Mix controls from unrelated domains that do not address the stated objective.,"Follow the documented approach for Design secure application tiers, using recommended services and controls per the exam guide.",B,EASY,aws-saa-c03|secure-apps|SA-2|easy|blueprint-seed,**Answer: B** — Design secure application tiers. Review the official AWS exam guide (SAA-C03) and linked documentation. Objective: SA-2.,https://docs.aws.amazon.com/|https://aws.amazon.com/certification/certified-solutions-architect-associate/
aws-saa-c03,secure-apps,SA-2,SAA-C03 — SA-2 (EASY) #2,Which concept is fundamental to Design secure application tiers?,"Deploy without monitoring, backup, or access controls required by the blueprint.",Mix controls from unrelated domains that do not address the stated objective.,"Implement Design secure application tiers using AWS best practices for Design Secure Applications and Architectures, including monitoring and least privilege.",Use an approach that contradicts the exam objective and ignores documented constraints.,C,EASY,aws-saa-c03|secure-apps|SA-2|easy|blueprint-seed,**Answer: C** — Design secure application tiers. Review the official AWS exam guide (SAA-C03) and linked documentation. Objective: SA-2.,https://docs.aws.amazon.com/|https://aws.amazon.com/certification/certified-solutions-architect-associate/
aws-saa-c03,secure-apps,SA-2,SAA-C03 — SA-2 (EASY) #3,Identify the core principle behind Design secure application tiers?,Mix controls from unrelated domains that do not address the stated objective.,Apply the official Design Secure Applications and Architectures guidance: Design secure application tiers — this aligns with exam blueprint expectations and vendor documentation.,Use an approach that contradicts the exam objective and ignores documented constraints.,"Deploy without monitoring, backup, or access controls required by the blueprint.",D,EASY,aws-saa-c03|secure-apps|SA-2|easy|blueprint-seed,**Answer: D** — Design secure application tiers. Review the official AWS exam guide (SAA-C03) and linked documentation. Objective: SA-2.,https://docs.aws.amazon.com/|https://aws.amazon.com/certification/certified-solutions-architect-associate/
aws-saa-c03,secure-apps,SA-2,SAA-C03 — SA-2 (EASY) #4,Which description accurately reflects Design secure application tiers?,"Follow the documented approach for Design secure application tiers, using recommended services and controls per the exam guide.",Use an approach that contradicts the exam objective and ignores documented constraints.,"Deploy without monitoring, backup, or access controls required by the blueprint.",Mix controls from unrelated domains that do not address the stated objective.,A,EASY,aws-saa-c03|secure-apps|SA-2|easy|blueprint-seed,**Answer: A** — Design secure application tiers. Review the official AWS exam guide (SAA-C03) and linked documentation. Objective: SA-2.,https://docs.aws.amazon.com/|https://aws.amazon.com/certification/certified-solutions-architect-associate/
aws-saa-c03,secure-apps,SA-2,SAA-C03 — SA-2 (EASY) #5,Which statement best defines the scope of Design secure application tiers?,Use an approach that contradicts the exam objective and ignores documented constraints.,"Deploy without monitoring, backup, or access controls required by the blueprint.",Mix controls from unrelated domains that do not address the stated objective.,"Implement Design secure application tiers using AWS best practices for Design Secure Applications and Architectures, including monitoring and least privilege.",B,EASY,aws-saa-c03|secure-apps|SA-2|easy|blueprint-seed,**Answer: B** — Design secure application tiers. Review the official AWS exam guide (SAA-C03) and linked documentation. Objective: SA-2.,https://docs.aws.amazon.com/|https://aws.amazon.com/certification/certified-solutions-architect-associate/
aws-saa-c03,secure-apps,SA-2,SAA-C03 — SA-2 (EASY) #6,What is the primary purpose of Design secure application tiers?,"Deploy without monitoring, backup, or access controls required by the blueprint.",Mix controls from unrelated domains that do not address the stated objective.,Apply the official Design Secure Applications and Architectures guidance: Design secure application tiers — this aligns with exam blueprint expectations and vendor documentation.,Use an approach that contradicts the exam objective and ignores documented constraints.,C,EASY,aws-saa-c03|secure-apps|SA-2|easy|blueprint-seed,**Answer: C** — Design secure application tiers. Review the official AWS exam guide (SAA-C03) and linked documentation. Objective: SA-2.,https://docs.aws.amazon.com/|https://aws.amazon.com/certification/certified-solutions-architect-associate/
aws-saa-c03,secure-apps,SA-2,SAA-C03 — SA-2 (EASY) #7,Which concept is fundamental to Design secure application tiers?,Mix controls from unrelated domains that do not address the stated objective.,"Follow the documented approach for Design secure application tiers, using recommended services and controls per the exam guide.",Use an approach that contradicts the exam objective and ignores documented constraints.,"Deploy without monitoring, backup, or access controls required by the blueprint.",D,EASY,aws-saa-c03|secure-apps|SA-2|easy|blueprint-seed,**Answer: D** — Design secure application tiers. Review the official AWS exam guide (SAA-C03) and linked documentation. Objective: SA-2.,https://docs.aws.amazon.com/|https://aws.amazon.com/certification/certified-solutions-architect-associate/
aws-saa-c03,secure-apps,SA-2,SAA-C03 — SA-2 (EASY) #8,Identify the core principle behind Design secure application tiers?,"Implement Design secure application tiers using AWS best practices for Design Secure Applications and Architectures, including monitoring and least privilege.",Use an approach that contradicts the exam objective and ignores documented constraints.,"Deploy without monitoring, backup, or access controls required by the blueprint.",Mix controls from unrelated domains that do not address the stated objective.,A,EASY,aws-saa-c03|secure-apps|SA-2|easy|blueprint-seed,**Answer: A** — Design secure application tiers. Review the official AWS exam guide (SAA-C03) and linked documentation. Objective: SA-2.,https://docs.aws.amazon.com/|https://aws.amazon.com/certification/certified-solutions-architect-associate/
aws-saa-c03,secure-apps,SA-2,SAA-C03 — SA-2 (EASY) #9,Which description accurately reflects Design secure application tiers?,Use an approach that contradicts the exam objective and ignores documented constraints.,"Deploy without monitoring, backup, or access controls required by the blueprint.",Mix controls from unrelated domains that do not address the stated objective.,Apply the official Design Secure Applications and Architectures guidance: Design secure application tiers — this aligns with exam blueprint expectations and vendor documentation.,B,EASY,aws-saa-c03|secure-apps|SA-2|easy|blueprint-seed,**Answer: B** — Design secure application tiers. Review the official AWS exam guide (SAA-C03) and linked documentation. Objective: SA-2.,https://docs.aws.amazon.com/|https://aws.amazon.com/certification/certified-solutions-architect-associate/
aws-saa-c03,secure-apps,SA-2,SAA-C03 — SA-2 (MEDIUM) #10,A team must implement a solution for Design secure application tiers in the context of AWS Solutions Architect Associate?,"Deploy without monitoring, backup, or access controls required by the blueprint.",Mix controls from unrelated domains that do not address the stated objective.,"Follow the documented approach for Design secure application tiers, using recommended services and controls per the exam guide.",Use an approach that contradicts the exam objective and ignores documented constraints.,C,MEDIUM,aws-saa-c03|secure-apps|SA-2|medium|blueprint-seed,**Answer: C** — Design secure application tiers. Review the official AWS exam guide (SAA-C03) and linked documentation. Objective: SA-2.,https://docs.aws.amazon.com/|https://aws.amazon.com/certification/certified-solutions-architect-associate/
aws-saa-c03,secure-apps,SA-2,SAA-C03 — SA-2 (MEDIUM) #11,Which approach aligns with best practices when Design secure application tiers in the context of AWS Solutions Architect Associate?,Mix controls from unrelated domains that do not address the stated objective.,"Implement Design secure application tiers using AWS best practices for Design Secure Applications and Architectures, including monitoring and least privilege.",Use an approach that contradicts the exam objective and ignores documented constraints.,"Deploy without monitoring, backup, or access controls required by the blueprint.",D,MEDIUM,aws-saa-c03|secure-apps|SA-2|medium|blueprint-seed,**Answer: D** — Design secure application tiers. Review the official AWS exam guide (SAA-C03) and linked documentation. Objective: SA-2.,https://docs.aws.amazon.com/|https://aws.amazon.com/certification/certified-solutions-architect-associate/
aws-saa-c03,secure-apps,SA-2,SAA-C03 — SA-2 (MEDIUM) #12,"During a project review, stakeholders ask how to Design secure application tiers in the context of AWS Solutions Architect Associate?",Apply the official Design Secure Applications and Architectures guidance: Design secure application tiers — this aligns with exam blueprint expectations and vendor documentation.,Use an approach that contradicts the exam objective and ignores documented constraints.,"Deploy without monitoring, backup, or access controls required by the blueprint.",Mix controls from unrelated domains that do not address the stated objective.,A,MEDIUM,aws-saa-c03|secure-apps|SA-2|medium|blueprint-seed,**Answer: A** — Design secure application tiers. Review the official AWS exam guide (SAA-C03) and linked documentation. Objective: SA-2.,https://docs.aws.amazon.com/|https://aws.amazon.com/certification/certified-solutions-architect-associate/
aws-saa-c03,secure-apps,SA-2,SAA-C03 — SA-2 (MEDIUM) #13,Which configuration satisfies requirements for Design secure application tiers in the context of AWS Solutions Architect Associate?,Use an approach that contradicts the exam objective and ignores documented constraints.,"Deploy without monitoring, backup, or access controls required by the blueprint.",Mix controls from unrelated domains that do not address the stated objective.,"Follow the documented approach for Design secure application tiers, using recommended services and controls per the exam guide.",B,MEDIUM,aws-saa-c03|secure-apps|SA-2|medium|blueprint-seed,**Answer: B** — Design secure application tiers. Review the official AWS exam guide (SAA-C03) and linked documentation. Objective: SA-2.,https://docs.aws.amazon.com/|https://aws.amazon.com/certification/certified-solutions-architect-associate/
aws-saa-c03,secure-apps,SA-2,SAA-C03 — SA-2 (MEDIUM) #14,What is the recommended design when applying Design secure application tiers in the context of AWS Solutions Architect Associate?,"Deploy without monitoring, backup, or access controls required by the blueprint.",Mix controls from unrelated domains that do not address the stated objective.,"Implement Design secure application tiers using AWS best practices for Design Secure Applications and Architectures, including monitoring and least privilege.",Use an approach that contradicts the exam objective and ignores documented constraints.,C,MEDIUM,aws-saa-c03|secure-apps|SA-2|medium|blueprint-seed,**Answer: C** — Design secure application tiers. Review the official AWS exam guide (SAA-C03) and linked documentation. Objective: SA-2.,https://docs.aws.amazon.com/|https://aws.amazon.com/certification/certified-solutions-architect-associate/
aws-saa-c03,secure-apps,SA-2,SAA-C03 — SA-2 (MEDIUM) #15,A team must implement a solution for Design secure application tiers in the context of AWS Solutions Architect Associate?,Mix controls from unrelated domains that do not address the stated objective.,Apply the official Design Secure Applications and Architectures guidance: Design secure application tiers — this aligns with exam blueprint expectations and vendor documentation.,Use an approach that contradicts the exam objective and ignores documented constraints.,"Deploy without monitoring, backup, or access controls required by the blueprint.",D,MEDIUM,aws-saa-c03|secure-apps|SA-2|medium|blueprint-seed,**Answer: D** — Design secure application tiers. Review the official AWS exam guide (SAA-C03) and linked documentation. Objective: SA-2.,https://docs.aws.amazon.com/|https://aws.amazon.com/certification/certified-solutions-architect-associate/
aws-saa-c03,secure-apps,SA-2,SAA-C03 — SA-2 (MEDIUM) #16,Which approach aligns with best practices when Design secure application tiers in the context of AWS Solutions Architect Associate?,"Follow the documented approach for Design secure application tiers, using recommended services and controls per the exam guide.",Use an approach that contradicts the exam objective and ignores documented constraints.,"Deploy without monitoring, backup, or access controls required by the blueprint.",Mix controls from unrelated domains that do not address the stated objective.,A,MEDIUM,aws-saa-c03|secure-apps|SA-2|medium|blueprint-seed,**Answer: A** — Design secure application tiers. Review the official AWS exam guide (SAA-C03) and linked documentation. Objective: SA-2.,https://docs.aws.amazon.com/|https://aws.amazon.com/certification/certified-solutions-architect-associate/
aws-saa-c03,secure-apps,SA-2,SAA-C03 — SA-2 (MEDIUM) #17,"During a project review, stakeholders ask how to Design secure application tiers in the context of AWS Solutions Architect Associate?",Use an approach that contradicts the exam objective and ignores documented constraints.,"Deploy without monitoring, backup, or access controls required by the blueprint.",Mix controls from unrelated domains that do not address the stated objective.,"Implement Design secure application tiers using AWS best practices for Design Secure Applications and Architectures, including monitoring and least privilege.",B,MEDIUM,aws-saa-c03|secure-apps|SA-2|medium|blueprint-seed,**Answer: B** — Design secure application tiers. Review the official AWS exam guide (SAA-C03) and linked documentation. Objective: SA-2.,https://docs.aws.amazon.com/|https://aws.amazon.com/certification/certified-solutions-architect-associate/
aws-saa-c03,secure-apps,SA-2,SAA-C03 — SA-2 (MEDIUM) #18,Which configuration satisfies requirements for Design secure application tiers in the context of AWS Solutions Architect Associate?,"Deploy without monitoring, backup, or access controls required by the blueprint.",Mix controls from unrelated domains that do not address the stated objective.,Apply the official Design Secure Applications and Architectures guidance: Design secure application tiers — this aligns with exam blueprint expectations and vendor documentation.,Use an approach that contradicts the exam objective and ignores documented constraints.,C,MEDIUM,aws-saa-c03|secure-apps|SA-2|medium|blueprint-seed,**Answer: C** — Design secure application tiers. Review the official AWS exam guide (SAA-C03) and linked documentation. Objective: SA-2.,https://docs.aws.amazon.com/|https://aws.amazon.com/certification/certified-solutions-architect-associate/
aws-saa-c03,secure-apps,SA-2,SAA-C03 — SA-2 (MEDIUM) #19,What is the recommended design when applying Design secure application tiers in the context of AWS Solutions Architect Associate?,Mix controls from unrelated domains that do not address the stated objective.,"Follow the documented approach for Design secure application tiers, using recommended services and controls per the exam guide.",Use an approach that contradicts the exam objective and ignores documented constraints.,"Deploy without monitoring, backup, or access controls required by the blueprint.",D,MEDIUM,aws-saa-c03|secure-apps|SA-2|medium|blueprint-seed,**Answer: D** — Design secure application tiers. Review the official AWS exam guide (SAA-C03) and linked documentation. Objective: SA-2.,https://docs.aws.amazon.com/|https://aws.amazon.com/certification/certified-solutions-architect-associate/
aws-saa-c03,secure-apps,SA-2,SAA-C03 — SA-2 (MEDIUM) #20,A team must implement a solution for Design secure application tiers in the context of AWS Solutions Architect Associate?,"Implement Design secure application tiers using AWS best practices for Design Secure Applications and Architectures, including monitoring and least privilege.",Use an approach that contradicts the exam objective and ignores documented constraints.,"Deploy without monitoring, backup, or access controls required by the blueprint.",Mix controls from unrelated domains that do not address the stated objective.,A,MEDIUM,aws-saa-c03|secure-apps|SA-2|medium|blueprint-seed,**Answer: A** — Design secure application tiers. Review the official AWS exam guide (SAA-C03) and linked documentation. Objective: SA-2.,https://docs.aws.amazon.com/|https://aws.amazon.com/certification/certified-solutions-architect-associate/
aws-saa-c03,secure-apps,SA-2,SAA-C03 — SA-2 (MEDIUM) #21,Which approach aligns with best practices when Design secure application tiers in the context of AWS Solutions Architect Associate?,Use an approach that contradicts the exam objective and ignores documented constraints.,"Deploy without monitoring, backup, or access controls required by the blueprint.",Mix controls from unrelated domains that do not address the stated objective.,Apply the official Design Secure Applications and Architectures guidance: Design secure application tiers — this aligns with exam blueprint expectations and vendor documentation.,B,MEDIUM,aws-saa-c03|secure-apps|SA-2|medium|blueprint-seed,**Answer: B** — Design secure application tiers. Review the official AWS exam guide (SAA-C03) and linked documentation. Objective: SA-2.,https://docs.aws.amazon.com/|https://aws.amazon.com/certification/certified-solutions-architect-associate/
aws-saa-c03,secure-apps,SA-2,SAA-C03 — SA-2 (HARD) #22,A production incident involves trade-offs between cost and resilience for Design secure application tiers for Design Secure Applications and Architectures?,"Deploy without monitoring, backup, or access controls required by the blueprint.",Mix controls from unrelated domains that do not address the stated objective.,"Follow the documented approach for Design secure application tiers, using recommended services and controls per the exam guide.",Use an approach that contradicts the exam objective and ignores documented constraints.,C,HARD,aws-saa-c03|secure-apps|SA-2|hard|blueprint-seed,**Answer: C** — Design secure application tiers. Review the official AWS exam guide (SAA-C03) and linked documentation. Objective: SA-2.,https://docs.aws.amazon.com/|https://aws.amazon.com/certification/certified-solutions-architect-associate/
aws-saa-c03,secure-apps,SA-2,SAA-C03 — SA-2 (HARD) #23,Complex regulatory requirements demand that you Design secure application tiers for Design Secure Applications and Architectures?,Mix controls from unrelated domains that do not address the stated objective.,"Implement Design secure application tiers using AWS best practices for Design Secure Applications and Architectures, including monitoring and least privilege.",Use an approach that contradicts the exam objective and ignores documented constraints.,"Deploy without monitoring, backup, or access controls required by the blueprint.",D,HARD,aws-saa-c03|secure-apps|SA-2|hard|blueprint-seed,**Answer: D** — Design secure application tiers. Review the official AWS exam guide (SAA-C03) and linked documentation. Objective: SA-2.,https://docs.aws.amazon.com/|https://aws.amazon.com/certification/certified-solutions-architect-associate/
aws-saa-c03,secure-apps,SA-2,SAA-C03 — SA-2 (HARD) #24,A multi-team rollout must balance security and velocity for Design secure application tiers for Design Secure Applications and Architectures?,Apply the official Design Secure Applications and Architectures guidance: Design secure application tiers — this aligns with exam blueprint expectations and vendor documentation.,Use an approach that contradicts the exam objective and ignores documented constraints.,"Deploy without monitoring, backup, or access controls required by the blueprint.",Mix controls from unrelated domains that do not address the stated objective.,A,HARD,aws-saa-c03|secure-apps|SA-2|hard|blueprint-seed,**Answer: A** — Design secure application tiers. Review the official AWS exam guide (SAA-C03) and linked documentation. Objective: SA-2.,https://docs.aws.amazon.com/|https://aws.amazon.com/certification/certified-solutions-architect-associate/
aws-saa-c03,secure-apps,SA-2,SAA-C03 — SA-2 (HARD) #25,An enterprise requires zero-downtime architecture while Design secure application tiers for Design Secure Applications and Architectures?,Use an approach that contradicts the exam objective and ignores documented constraints.,"Deploy without monitoring, backup, or access controls required by the blueprint.",Mix controls from unrelated domains that do not address the stated objective.,"Follow the documented approach for Design secure application tiers, using recommended services and controls per the exam guide.",B,HARD,aws-saa-c03|secure-apps|SA-2|hard|blueprint-seed,**Answer: B** — Design secure application tiers. Review the official AWS exam guide (SAA-C03) and linked documentation. Objective: SA-2.,https://docs.aws.amazon.com/|https://aws.amazon.com/certification/certified-solutions-architect-associate/
aws-saa-c03,secure-apps,SA-2,SAA-C03 — SA-2 (HARD) #26,"Given strict compliance, auditability, and multi-region constraints, how should you Design secure application tiers for Design Secure Applications and Architectures?","Deploy without monitoring, backup, or access controls required by the blueprint.",Mix controls from unrelated domains that do not address the stated objective.,"Implement Design secure application tiers using AWS best practices for Design Secure Applications and Architectures, including monitoring and least privilege.",Use an approach that contradicts the exam objective and ignores documented constraints.,C,HARD,aws-saa-c03|secure-apps|SA-2|hard|blueprint-seed,**Answer: C** — Design secure application tiers. Review the official AWS exam guide (SAA-C03) and linked documentation. Objective: SA-2.,https://docs.aws.amazon.com/|https://aws.amazon.com/certification/certified-solutions-architect-associate/
aws-saa-c03,secure-apps,SA-2,SAA-C03 — SA-2 (HARD) #27,A production incident involves trade-offs between cost and resilience for Design secure application tiers for Design Secure Applications and Architectures?,Mix controls from unrelated domains that do not address the stated objective.,Apply the official Design Secure Applications and Architectures guidance: Design secure application tiers — this aligns with exam blueprint expectations and vendor documentation.,Use an approach that contradicts the exam objective and ignores documented constraints.,"Deploy without monitoring, backup, or access controls required by the blueprint.",D,HARD,aws-saa-c03|secure-apps|SA-2|hard|blueprint-seed,**Answer: D** — Design secure application tiers. Review the official AWS exam guide (SAA-C03) and linked documentation. Objective: SA-2.,https://docs.aws.amazon.com/|https://aws.amazon.com/certification/certified-solutions-architect-associate/
aws-saa-c03,secure-apps,SA-2,SAA-C03 — SA-2 (HARD) #28,Complex regulatory requirements demand that you Design secure application tiers for Design Secure Applications and Architectures?,"Follow the documented approach for Design secure application tiers, using recommended services and controls per the exam guide.",Use an approach that contradicts the exam objective and ignores documented constraints.,"Deploy without monitoring, backup, or access controls required by the blueprint.",Mix controls from unrelated domains that do not address the stated objective.,A,HARD,aws-saa-c03|secure-apps|SA-2|hard|blueprint-seed,**Answer: A** — Design secure application tiers. Review the official AWS exam guide (SAA-C03) and linked documentation. Objective: SA-2.,https://docs.aws.amazon.com/|https://aws.amazon.com/certification/certified-solutions-architect-associate/
aws-saa-c03,secure-apps,SA-2,SAA-C03 — SA-2 (HARD) #29,A multi-team rollout must balance security and velocity for Design secure application tiers for Design Secure Applications and Architectures?,Use an approach that contradicts the exam objective and ignores documented constraints.,"Deploy without monitoring, backup, or access controls required by the blueprint.",Mix controls from unrelated domains that do not address the stated objective.,"Implement Design secure application tiers using AWS best practices for Design Secure Applications and Architectures, including monitoring and least privilege.",B,HARD,aws-saa-c03|secure-apps|SA-2|hard|blueprint-seed,**Answer: B** — Design secure application tiers. Review the official AWS exam guide (SAA-C03) and linked documentation. Objective: SA-2.,https://docs.aws.amazon.com/|https://aws.amazon.com/certification/certified-solutions-architect-associate/
aws-saa-c03,secure-apps,SA-2,SAA-C03 — SA-2 (HARD) #30,An enterprise requires zero-downtime architecture while Design secure application tiers for Design Secure Applications and Architectures?,"Deploy without monitoring, backup, or access controls required by the blueprint.",Mix controls from unrelated domains that do not address the stated objective.,Apply the official Design Secure Applications and Architectures guidance: Design secure application tiers — this aligns with exam blueprint expectations and vendor documentation.,Use an approach that contradicts the exam objective and ignores documented constraints.,C,HARD,aws-saa-c03|secure-apps|SA-2|hard|blueprint-seed,**Answer: C** — Design secure application tiers. Review the official AWS exam guide (SAA-C03) and linked documentation. Objective: SA-2.,https://docs.aws.amazon.com/|https://aws.amazon.com/certification/certified-solutions-architect-associate/
aws-saa-c03,secure-apps,SA-3,SAA-C03 — SA-3 (EASY) #1,What is the primary purpose of Determine data security controls?,Use an approach that contradicts the exam objective and ignores documented constraints.,"Deploy without monitoring, backup, or access controls required by the blueprint.",Mix controls from unrelated domains that do not address the stated objective.,"Follow the documented approach for Determine data security controls, using recommended services and controls per the exam guide.",B,EASY,aws-saa-c03|secure-apps|SA-3|easy|blueprint-seed,**Answer: B** — Determine data security controls. Review the official AWS exam guide (SAA-C03) and linked documentation. Objective: SA-3.,https://docs.aws.amazon.com/|https://aws.amazon.com/certification/certified-solutions-architect-associate/
aws-saa-c03,secure-apps,SA-3,SAA-C03 — SA-3 (EASY) #2,Which concept is fundamental to Determine data security controls?,"Deploy without monitoring, backup, or access controls required by the blueprint.",Mix controls from unrelated domains that do not address the stated objective.,"Implement Determine data security controls using AWS best practices for Design Secure Applications and Architectures, including monitoring and least privilege.",Use an approach that contradicts the exam objective and ignores documented constraints.,C,EASY,aws-saa-c03|secure-apps|SA-3|easy|blueprint-seed,**Answer: C** — Determine data security controls. Review the official AWS exam guide (SAA-C03) and linked documentation. Objective: SA-3.,https://docs.aws.amazon.com/|https://aws.amazon.com/certification/certified-solutions-architect-associate/
aws-saa-c03,secure-apps,SA-3,SAA-C03 — SA-3 (EASY) #3,Identify the core principle behind Determine data security controls?,Mix controls from unrelated domains that do not address the stated objective.,Apply the official Design Secure Applications and Architectures guidance: Determine data security controls — this aligns with exam blueprint expectations and vendor documentation.,Use an approach that contradicts the exam objective and ignores documented constraints.,"Deploy without monitoring, backup, or access controls required by the blueprint.",D,EASY,aws-saa-c03|secure-apps|SA-3|easy|blueprint-seed,**Answer: D** — Determine data security controls. Review the official AWS exam guide (SAA-C03) and linked documentation. Objective: SA-3.,https://docs.aws.amazon.com/|https://aws.amazon.com/certification/certified-solutions-architect-associate/
aws-saa-c03,secure-apps,SA-3,SAA-C03 — SA-3 (EASY) #4,Which description accurately reflects Determine data security controls?,"Follow the documented approach for Determine data security controls, using recommended services and controls per the exam guide.",Use an approach that contradicts the exam objective and ignores documented constraints.,"Deploy without monitoring, backup, or access controls required by the blueprint.",Mix controls from unrelated domains that do not address the stated objective.,A,EASY,aws-saa-c03|secure-apps|SA-3|easy|blueprint-seed,**Answer: A** — Determine data security controls. Review the official AWS exam guide (SAA-C03) and linked documentation. Objective: SA-3.,https://docs.aws.amazon.com/|https://aws.amazon.com/certification/certified-solutions-architect-associate/
aws-saa-c03,secure-apps,SA-3,SAA-C03 — SA-3 (EASY) #5,Which statement best defines the scope of Determine data security controls?,Use an approach that contradicts the exam objective and ignores documented constraints.,"Deploy without monitoring, backup, or access controls required by the blueprint.",Mix controls from unrelated domains that do not address the stated objective.,"Implement Determine data security controls using AWS best practices for Design Secure Applications and Architectures, including monitoring and least privilege.",B,EASY,aws-saa-c03|secure-apps|SA-3|easy|blueprint-seed,**Answer: B** — Determine data security controls. Review the official AWS exam guide (SAA-C03) and linked documentation. Objective: SA-3.,https://docs.aws.amazon.com/|https://aws.amazon.com/certification/certified-solutions-architect-associate/
aws-saa-c03,secure-apps,SA-3,SAA-C03 — SA-3 (EASY) #6,What is the primary purpose of Determine data security controls?,"Deploy without monitoring, backup, or access controls required by the blueprint.",Mix controls from unrelated domains that do not address the stated objective.,Apply the official Design Secure Applications and Architectures guidance: Determine data security controls — this aligns with exam blueprint expectations and vendor documentation.,Use an approach that contradicts the exam objective and ignores documented constraints.,C,EASY,aws-saa-c03|secure-apps|SA-3|easy|blueprint-seed,**Answer: C** — Determine data security controls. Review the official AWS exam guide (SAA-C03) and linked documentation. Objective: SA-3.,https://docs.aws.amazon.com/|https://aws.amazon.com/certification/certified-solutions-architect-associate/
aws-saa-c03,secure-apps,SA-3,SAA-C03 — SA-3 (EASY) #7,Which concept is fundamental to Determine data security controls?,Mix controls from unrelated domains that do not address the stated objective.,"Follow the documented approach for Determine data security controls, using recommended services and controls per the exam guide.",Use an approach that contradicts the exam objective and ignores documented constraints.,"Deploy without monitoring, backup, or access controls required by the blueprint.",D,EASY,aws-saa-c03|secure-apps|SA-3|easy|blueprint-seed,**Answer: D** — Determine data security controls. Review the official AWS exam guide (SAA-C03) and linked documentation. Objective: SA-3.,https://docs.aws.amazon.com/|https://aws.amazon.com/certification/certified-solutions-architect-associate/
aws-saa-c03,secure-apps,SA-3,SAA-C03 — SA-3 (EASY) #8,Identify the core principle behind Determine data security controls?,"Implement Determine data security controls using AWS best practices for Design Secure Applications and Architectures, including monitoring and least privilege.",Use an approach that contradicts the exam objective and ignores documented constraints.,"Deploy without monitoring, backup, or access controls required by the blueprint.",Mix controls from unrelated domains that do not address the stated objective.,A,EASY,aws-saa-c03|secure-apps|SA-3|easy|blueprint-seed,**Answer: A** — Determine data security controls. Review the official AWS exam guide (SAA-C03) and linked documentation. Objective: SA-3.,https://docs.aws.amazon.com/|https://aws.amazon.com/certification/certified-solutions-architect-associate/
aws-saa-c03,secure-apps,SA-3,SAA-C03 — SA-3 (EASY) #9,Which description accurately reflects Determine data security controls?,Use an approach that contradicts the exam objective and ignores documented constraints.,"Deploy without monitoring, backup, or access controls required by the blueprint.",Mix controls from unrelated domains that do not address the stated objective.,Apply the official Design Secure Applications and Architectures guidance: Determine data security controls — this aligns with exam blueprint expectations and vendor documentation.,B,EASY,aws-saa-c03|secure-apps|SA-3|easy|blueprint-seed,**Answer: B** — Determine data security controls. Review the official AWS exam guide (SAA-C03) and linked documentation. Objective: SA-3.,https://docs.aws.amazon.com/|https://aws.amazon.com/certification/certified-solutions-architect-associate/
aws-saa-c03,secure-apps,SA-3,SAA-C03 — SA-3 (MEDIUM) #10,A team must implement a solution for Determine data security controls in the context of AWS Solutions Architect Associate?,"Deploy without monitoring, backup, or access controls required by the blueprint.",Mix controls from unrelated domains that do not address the stated objective.,"Follow the documented approach for Determine data security controls, using recommended services and controls per the exam guide.",Use an approach that contradicts the exam objective and ignores documented constraints.,C,MEDIUM,aws-saa-c03|secure-apps|SA-3|medium|blueprint-seed,**Answer: C** — Determine data security controls. Review the official AWS exam guide (SAA-C03) and linked documentation. Objective: SA-3.,https://docs.aws.amazon.com/|https://aws.amazon.com/certification/certified-solutions-architect-associate/
aws-saa-c03,secure-apps,SA-3,SAA-C03 — SA-3 (MEDIUM) #11,Which approach aligns with best practices when Determine data security controls in the context of AWS Solutions Architect Associate?,Mix controls from unrelated domains that do not address the stated objective.,"Implement Determine data security controls using AWS best practices for Design Secure Applications and Architectures, including monitoring and least privilege.",Use an approach that contradicts the exam objective and ignores documented constraints.,"Deploy without monitoring, backup, or access controls required by the blueprint.",D,MEDIUM,aws-saa-c03|secure-apps|SA-3|medium|blueprint-seed,**Answer: D** — Determine data security controls. Review the official AWS exam guide (SAA-C03) and linked documentation. Objective: SA-3.,https://docs.aws.amazon.com/|https://aws.amazon.com/certification/certified-solutions-architect-associate/
aws-saa-c03,secure-apps,SA-3,SAA-C03 — SA-3 (MEDIUM) #12,"During a project review, stakeholders ask how to Determine data security controls in the context of AWS Solutions Architect Associate?",Apply the official Design Secure Applications and Architectures guidance: Determine data security controls — this aligns with exam blueprint expectations and vendor documentation.,Use an approach that contradicts the exam objective and ignores documented constraints.,"Deploy without monitoring, backup, or access controls required by the blueprint.",Mix controls from unrelated domains that do not address the stated objective.,A,MEDIUM,aws-saa-c03|secure-apps|SA-3|medium|blueprint-seed,**Answer: A** — Determine data security controls. Review the official AWS exam guide (SAA-C03) and linked documentation. Objective: SA-3.,https://docs.aws.amazon.com/|https://aws.amazon.com/certification/certified-solutions-architect-associate/
aws-saa-c03,secure-apps,SA-3,SAA-C03 — SA-3 (MEDIUM) #13,Which configuration satisfies requirements for Determine data security controls in the context of AWS Solutions Architect Associate?,Use an approach that contradicts the exam objective and ignores documented constraints.,"Deploy without monitoring, backup, or access controls required by the blueprint.",Mix controls from unrelated domains that do not address the stated objective.,"Follow the documented approach for Determine data security controls, using recommended services and controls per the exam guide.",B,MEDIUM,aws-saa-c03|secure-apps|SA-3|medium|blueprint-seed,**Answer: B** — Determine data security controls. Review the official AWS exam guide (SAA-C03) and linked documentation. Objective: SA-3.,https://docs.aws.amazon.com/|https://aws.amazon.com/certification/certified-solutions-architect-associate/
aws-saa-c03,secure-apps,SA-3,SAA-C03 — SA-3 (MEDIUM) #14,What is the recommended design when applying Determine data security controls in the context of AWS Solutions Architect Associate?,"Deploy without monitoring, backup, or access controls required by the blueprint.",Mix controls from unrelated domains that do not address the stated objective.,"Implement Determine data security controls using AWS best practices for Design Secure Applications and Architectures, including monitoring and least privilege.",Use an approach that contradicts the exam objective and ignores documented constraints.,C,MEDIUM,aws-saa-c03|secure-apps|SA-3|medium|blueprint-seed,**Answer: C** — Determine data security controls. Review the official AWS exam guide (SAA-C03) and linked documentation. Objective: SA-3.,https://docs.aws.amazon.com/|https://aws.amazon.com/certification/certified-solutions-architect-associate/
aws-saa-c03,secure-apps,SA-3,SAA-C03 — SA-3 (MEDIUM) #15,A team must implement a solution for Determine data security controls in the context of AWS Solutions Architect Associate?,Mix controls from unrelated domains that do not address the stated objective.,Apply the official Design Secure Applications and Architectures guidance: Determine data security controls — this aligns with exam blueprint expectations and vendor documentation.,Use an approach that contradicts the exam objective and ignores documented constraints.,"Deploy without monitoring, backup, or access controls required by the blueprint.",D,MEDIUM,aws-saa-c03|secure-apps|SA-3|medium|blueprint-seed,**Answer: D** — Determine data security controls. Review the official AWS exam guide (SAA-C03) and linked documentation. Objective: SA-3.,https://docs.aws.amazon.com/|https://aws.amazon.com/certification/certified-solutions-architect-associate/
aws-saa-c03,secure-apps,SA-3,SAA-C03 — SA-3 (MEDIUM) #16,Which approach aligns with best practices when Determine data security controls in the context of AWS Solutions Architect Associate?,"Follow the documented approach for Determine data security controls, using recommended services and controls per the exam guide.",Use an approach that contradicts the exam objective and ignores documented constraints.,"Deploy without monitoring, backup, or access controls required by the blueprint.",Mix controls from unrelated domains that do not address the stated objective.,A,MEDIUM,aws-saa-c03|secure-apps|SA-3|medium|blueprint-seed,**Answer: A** — Determine data security controls. Review the official AWS exam guide (SAA-C03) and linked documentation. Objective: SA-3.,https://docs.aws.amazon.com/|https://aws.amazon.com/certification/certified-solutions-architect-associate/
aws-saa-c03,secure-apps,SA-3,SAA-C03 — SA-3 (MEDIUM) #17,"During a project review, stakeholders ask how to Determine data security controls in the context of AWS Solutions Architect Associate?",Use an approach that contradicts the exam objective and ignores documented constraints.,"Deploy without monitoring, backup, or access controls required by the blueprint.",Mix controls from unrelated domains that do not address the stated objective.,"Implement Determine data security controls using AWS best practices for Design Secure Applications and Architectures, including monitoring and least privilege.",B,MEDIUM,aws-saa-c03|secure-apps|SA-3|medium|blueprint-seed,**Answer: B** — Determine data security controls. Review the official AWS exam guide (SAA-C03) and linked documentation. Objective: SA-3.,https://docs.aws.amazon.com/|https://aws.amazon.com/certification/certified-solutions-architect-associate/
aws-saa-c03,secure-apps,SA-3,SAA-C03 — SA-3 (MEDIUM) #18,Which configuration satisfies requirements for Determine data security controls in the context of AWS Solutions Architect Associate?,"Deploy without monitoring, backup, or access controls required by the blueprint.",Mix controls from unrelated domains that do not address the stated objective.,Apply the official Design Secure Applications and Architectures guidance: Determine data security controls — this aligns with exam blueprint expectations and vendor documentation.,Use an approach that contradicts the exam objective and ignores documented constraints.,C,MEDIUM,aws-saa-c03|secure-apps|SA-3|medium|blueprint-seed,**Answer: C** — Determine data security controls. Review the official AWS exam guide (SAA-C03) and linked documentation. Objective: SA-3.,https://docs.aws.amazon.com/|https://aws.amazon.com/certification/certified-solutions-architect-associate/
aws-saa-c03,secure-apps,SA-3,SAA-C03 — SA-3 (MEDIUM) #19,What is the recommended design when applying Determine data security controls in the context of AWS Solutions Architect Associate?,Mix controls from unrelated domains that do not address the stated objective.,"Follow the documented approach for Determine data security controls, using recommended services and controls per the exam guide.",Use an approach that contradicts the exam objective and ignores documented constraints.,"Deploy without monitoring, backup, or access controls required by the blueprint.",D,MEDIUM,aws-saa-c03|secure-apps|SA-3|medium|blueprint-seed,**Answer: D** — Determine data security controls. Review the official AWS exam guide (SAA-C03) and linked documentation. Objective: SA-3.,https://docs.aws.amazon.com/|https://aws.amazon.com/certification/certified-solutions-architect-associate/
aws-saa-c03,secure-apps,SA-3,SAA-C03 — SA-3 (MEDIUM) #20,A team must implement a solution for Determine data security controls in the context of AWS Solutions Architect Associate?,"Implement Determine data security controls using AWS best practices for Design Secure Applications and Architectures, including monitoring and least privilege.",Use an approach that contradicts the exam objective and ignores documented constraints.,"Deploy without monitoring, backup, or access controls required by the blueprint.",Mix controls from unrelated domains that do not address the stated objective.,A,MEDIUM,aws-saa-c03|secure-apps|SA-3|medium|blueprint-seed,**Answer: A** — Determine data security controls. Review the official AWS exam guide (SAA-C03) and linked documentation. Objective: SA-3.,https://docs.aws.amazon.com/|https://aws.amazon.com/certification/certified-solutions-architect-associate/
aws-saa-c03,secure-apps,SA-3,SAA-C03 — SA-3 (MEDIUM) #21,Which approach aligns with best practices when Determine data security controls in the context of AWS Solutions Architect Associate?,Use an approach that contradicts the exam objective and ignores documented constraints.,"Deploy without monitoring, backup, or access controls required by the blueprint.",Mix controls from unrelated domains that do not address the stated objective.,Apply the official Design Secure Applications and Architectures guidance: Determine data security controls — this aligns with exam blueprint expectations and vendor documentation.,B,MEDIUM,aws-saa-c03|secure-apps|SA-3|medium|blueprint-seed,**Answer: B** — Determine data security controls. Review the official AWS exam guide (SAA-C03) and linked documentation. Objective: SA-3.,https://docs.aws.amazon.com/|https://aws.amazon.com/certification/certified-solutions-architect-associate/
aws-saa-c03,secure-apps,SA-3,SAA-C03 — SA-3 (HARD) #22,A production incident involves trade-offs between cost and resilience for Determine data security controls for Design Secure Applications and Architectures?,"Deploy without monitoring, backup, or access controls required by the blueprint.",Mix controls from unrelated domains that do not address the stated objective.,"Follow the documented approach for Determine data security controls, using recommended services and controls per the exam guide.",Use an approach that contradicts the exam objective and ignores documented constraints.,C,HARD,aws-saa-c03|secure-apps|SA-3|hard|blueprint-seed,**Answer: C** — Determine data security controls. Review the official AWS exam guide (SAA-C03) and linked documentation. Objective: SA-3.,https://docs.aws.amazon.com/|https://aws.amazon.com/certification/certified-solutions-architect-associate/
aws-saa-c03,secure-apps,SA-3,SAA-C03 — SA-3 (HARD) #23,Complex regulatory requirements demand that you Determine data security controls for Design Secure Applications and Architectures?,Mix controls from unrelated domains that do not address the stated objective.,"Implement Determine data security controls using AWS best practices for Design Secure Applications and Architectures, including monitoring and least privilege.",Use an approach that contradicts the exam objective and ignores documented constraints.,"Deploy without monitoring, backup, or access controls required by the blueprint.",D,HARD,aws-saa-c03|secure-apps|SA-3|hard|blueprint-seed,**Answer: D** — Determine data security controls. Review the official AWS exam guide (SAA-C03) and linked documentation. Objective: SA-3.,https://docs.aws.amazon.com/|https://aws.amazon.com/certification/certified-solutions-architect-associate/
aws-saa-c03,secure-apps,SA-3,SAA-C03 — SA-3 (HARD) #24,A multi-team rollout must balance security and velocity for Determine data security controls for Design Secure Applications and Architectures?,Apply the official Design Secure Applications and Architectures guidance: Determine data security controls — this aligns with exam blueprint expectations and vendor documentation.,Use an approach that contradicts the exam objective and ignores documented constraints.,"Deploy without monitoring, backup, or access controls required by the blueprint.",Mix controls from unrelated domains that do not address the stated objective.,A,HARD,aws-saa-c03|secure-apps|SA-3|hard|blueprint-seed,**Answer: A** — Determine data security controls. Review the official AWS exam guide (SAA-C03) and linked documentation. Objective: SA-3.,https://docs.aws.amazon.com/|https://aws.amazon.com/certification/certified-solutions-architect-associate/
aws-saa-c03,secure-apps,SA-3,SAA-C03 — SA-3 (HARD) #25,An enterprise requires zero-downtime architecture while Determine data security controls for Design Secure Applications and Architectures?,Use an approach that contradicts the exam objective and ignores documented constraints.,"Deploy without monitoring, backup, or access controls required by the blueprint.",Mix controls from unrelated domains that do not address the stated objective.,"Follow the documented approach for Determine data security controls, using recommended services and controls per the exam guide.",B,HARD,aws-saa-c03|secure-apps|SA-3|hard|blueprint-seed,**Answer: B** — Determine data security controls. Review the official AWS exam guide (SAA-C03) and linked documentation. Objective: SA-3.,https://docs.aws.amazon.com/|https://aws.amazon.com/certification/certified-solutions-architect-associate/
aws-saa-c03,secure-apps,SA-3,SAA-C03 — SA-3 (HARD) #26,"Given strict compliance, auditability, and multi-region constraints, how should you Determine data security controls for Design Secure Applications and Architectures?","Deploy without monitoring, backup, or access controls required by the blueprint.",Mix controls from unrelated domains that do not address the stated objective.,"Implement Determine data security controls using AWS best practices for Design Secure Applications and Architectures, including monitoring and least privilege.",Use an approach that contradicts the exam objective and ignores documented constraints.,C,HARD,aws-saa-c03|secure-apps|SA-3|hard|blueprint-seed,**Answer: C** — Determine data security controls. Review the official AWS exam guide (SAA-C03) and linked documentation. Objective: SA-3.,https://docs.aws.amazon.com/|https://aws.amazon.com/certification/certified-solutions-architect-associate/
aws-saa-c03,secure-apps,SA-3,SAA-C03 — SA-3 (HARD) #27,A production incident involves trade-offs between cost and resilience for Determine data security controls for Design Secure Applications and Architectures?,Mix controls from unrelated domains that do not address the stated objective.,Apply the official Design Secure Applications and Architectures guidance: Determine data security controls — this aligns with exam blueprint expectations and vendor documentation.,Use an approach that contradicts the exam objective and ignores documented constraints.,"Deploy without monitoring, backup, or access controls required by the blueprint.",D,HARD,aws-saa-c03|secure-apps|SA-3|hard|blueprint-seed,**Answer: D** — Determine data security controls. Review the official AWS exam guide (SAA-C03) and linked documentation. Objective: SA-3.,https://docs.aws.amazon.com/|https://aws.amazon.com/certification/certified-solutions-architect-associate/
aws-saa-c03,secure-apps,SA-3,SAA-C03 — SA-3 (HARD) #28,Complex regulatory requirements demand that you Determine data security controls for Design Secure Applications and Architectures?,"Follow the documented approach for Determine data security controls, using recommended services and controls per the exam guide.",Use an approach that contradicts the exam objective and ignores documented constraints.,"Deploy without monitoring, backup, or access controls required by the blueprint.",Mix controls from unrelated domains that do not address the stated objective.,A,HARD,aws-saa-c03|secure-apps|SA-3|hard|blueprint-seed,**Answer: A** — Determine data security controls. Review the official AWS exam guide (SAA-C03) and linked documentation. Objective: SA-3.,https://docs.aws.amazon.com/|https://aws.amazon.com/certification/certified-solutions-architect-associate/
aws-saa-c03,secure-apps,SA-3,SAA-C03 — SA-3 (HARD) #29,A multi-team rollout must balance security and velocity for Determine data security controls for Design Secure Applications and Architectures?,Use an approach that contradicts the exam objective and ignores documented constraints.,"Deploy without monitoring, backup, or access controls required by the blueprint.",Mix controls from unrelated domains that do not address the stated objective.,"Implement Determine data security controls using AWS best practices for Design Secure Applications and Architectures, including monitoring and least privilege.",B,HARD,aws-saa-c03|secure-apps|SA-3|hard|blueprint-seed,**Answer: B** — Determine data security controls. Review the official AWS exam guide (SAA-C03) and linked documentation. Objective: SA-3.,https://docs.aws.amazon.com/|https://aws.amazon.com/certification/certified-solutions-architect-associate/
aws-saa-c03,secure-apps,SA-3,SAA-C03 — SA-3 (HARD) #30,An enterprise requires zero-downtime architecture while Determine data security controls for Design Secure Applications and Architectures?,"Deploy without monitoring, backup, or access controls required by the blueprint.",Mix controls from unrelated domains that do not address the stated objective.,Apply the official Design Secure Applications and Architectures guidance: Determine data security controls — this aligns with exam blueprint expectations and vendor documentation.,Use an approach that contradicts the exam objective and ignores documented constraints.,C,HARD,aws-saa-c03|secure-apps|SA-3|hard|blueprint-seed,**Answer: C** — Determine data security controls. Review the official AWS exam guide (SAA-C03) and linked documentation. Objective: SA-3.,https://docs.aws.amazon.com/|https://aws.amazon.com/certification/certified-solutions-architect-associate/
aws-saa-c03,secure-apps,SA-4,SAA-C03 — SA-4 (EASY) #1,What is the primary purpose of Design secure network infrastructure?,Use an approach that contradicts the exam objective and ignores documented constraints.,"Deploy without monitoring, backup, or access controls required by the blueprint.",Mix controls from unrelated domains that do not address the stated objective.,"Follow the documented approach for Design secure network infrastructure, using recommended services and controls per the exam guide.",B,EASY,aws-saa-c03|secure-apps|SA-4|easy|blueprint-seed,**Answer: B** — Design secure network infrastructure. Review the official AWS exam guide (SAA-C03) and linked documentation. Objective: SA-4.,https://docs.aws.amazon.com/|https://aws.amazon.com/certification/certified-solutions-architect-associate/
aws-saa-c03,secure-apps,SA-4,SAA-C03 — SA-4 (EASY) #2,Which concept is fundamental to Design secure network infrastructure?,"Deploy without monitoring, backup, or access controls required by the blueprint.",Mix controls from unrelated domains that do not address the stated objective.,"Implement Design secure network infrastructure using AWS best practices for Design Secure Applications and Architectures, including monitoring and least privilege.",Use an approach that contradicts the exam objective and ignores documented constraints.,C,EASY,aws-saa-c03|secure-apps|SA-4|easy|blueprint-seed,**Answer: C** — Design secure network infrastructure. Review the official AWS exam guide (SAA-C03) and linked documentation. Objective: SA-4.,https://docs.aws.amazon.com/|https://aws.amazon.com/certification/certified-solutions-architect-associate/
aws-saa-c03,secure-apps,SA-4,SAA-C03 — SA-4 (EASY) #3,Identify the core principle behind Design secure network infrastructure?,Mix controls from unrelated domains that do not address the stated objective.,Apply the official Design Secure Applications and Architectures guidance: Design secure network infrastructure — this aligns with exam blueprint expectations and vendor documentation.,Use an approach that contradicts the exam objective and ignores documented constraints.,"Deploy without monitoring, backup, or access controls required by the blueprint.",D,EASY,aws-saa-c03|secure-apps|SA-4|easy|blueprint-seed,**Answer: D** — Design secure network infrastructure. Review the official AWS exam guide (SAA-C03) and linked documentation. Objective: SA-4.,https://docs.aws.amazon.com/|https://aws.amazon.com/certification/certified-solutions-architect-associate/
aws-saa-c03,secure-apps,SA-4,SAA-C03 — SA-4 (EASY) #4,Which description accurately reflects Design secure network infrastructure?,"Follow the documented approach for Design secure network infrastructure, using recommended services and controls per the exam guide.",Use an approach that contradicts the exam objective and ignores documented constraints.,"Deploy without monitoring, backup, or access controls required by the blueprint.",Mix controls from unrelated domains that do not address the stated objective.,A,EASY,aws-saa-c03|secure-apps|SA-4|easy|blueprint-seed,**Answer: A** — Design secure network infrastructure. Review the official AWS exam guide (SAA-C03) and linked documentation. Objective: SA-4.,https://docs.aws.amazon.com/|https://aws.amazon.com/certification/certified-solutions-architect-associate/
aws-saa-c03,secure-apps,SA-4,SAA-C03 — SA-4 (EASY) #5,Which statement best defines the scope of Design secure network infrastructure?,Use an approach that contradicts the exam objective and ignores documented constraints.,"Deploy without monitoring, backup, or access controls required by the blueprint.",Mix controls from unrelated domains that do not address the stated objective.,"Implement Design secure network infrastructure using AWS best practices for Design Secure Applications and Architectures, including monitoring and least privilege.",B,EASY,aws-saa-c03|secure-apps|SA-4|easy|blueprint-seed,**Answer: B** — Design secure network infrastructure. Review the official AWS exam guide (SAA-C03) and linked documentation. Objective: SA-4.,https://docs.aws.amazon.com/|https://aws.amazon.com/certification/certified-solutions-architect-associate/
aws-saa-c03,secure-apps,SA-4,SAA-C03 — SA-4 (EASY) #6,What is the primary purpose of Design secure network infrastructure?,"Deploy without monitoring, backup, or access controls required by the blueprint.",Mix controls from unrelated domains that do not address the stated objective.,Apply the official Design Secure Applications and Architectures guidance: Design secure network infrastructure — this aligns with exam blueprint expectations and vendor documentation.,Use an approach that contradicts the exam objective and ignores documented constraints.,C,EASY,aws-saa-c03|secure-apps|SA-4|easy|blueprint-seed,**Answer: C** — Design secure network infrastructure. Review the official AWS exam guide (SAA-C03) and linked documentation. Objective: SA-4.,https://docs.aws.amazon.com/|https://aws.amazon.com/certification/certified-solutions-architect-associate/
aws-saa-c03,secure-apps,SA-4,SAA-C03 — SA-4 (EASY) #7,Which concept is fundamental to Design secure network infrastructure?,Mix controls from unrelated domains that do not address the stated objective.,"Follow the documented approach for Design secure network infrastructure, using recommended services and controls per the exam guide.",Use an approach that contradicts the exam objective and ignores documented constraints.,"Deploy without monitoring, backup, or access controls required by the blueprint.",D,EASY,aws-saa-c03|secure-apps|SA-4|easy|blueprint-seed,**Answer: D** — Design secure network infrastructure. Review the official AWS exam guide (SAA-C03) and linked documentation. Objective: SA-4.,https://docs.aws.amazon.com/|https://aws.amazon.com/certification/certified-solutions-architect-associate/
aws-saa-c03,secure-apps,SA-4,SAA-C03 — SA-4 (EASY) #8,Identify the core principle behind Design secure network infrastructure?,"Implement Design secure network infrastructure using AWS best practices for Design Secure Applications and Architectures, including monitoring and least privilege.",Use an approach that contradicts the exam objective and ignores documented constraints.,"Deploy without monitoring, backup, or access controls required by the blueprint.",Mix controls from unrelated domains that do not address the stated objective.,A,EASY,aws-saa-c03|secure-apps|SA-4|easy|blueprint-seed,**Answer: A** — Design secure network infrastructure. Review the official AWS exam guide (SAA-C03) and linked documentation. Objective: SA-4.,https://docs.aws.amazon.com/|https://aws.amazon.com/certification/certified-solutions-architect-associate/
aws-saa-c03,secure-apps,SA-4,SAA-C03 — SA-4 (EASY) #9,Which description accurately reflects Design secure network infrastructure?,Use an approach that contradicts the exam objective and ignores documented constraints.,"Deploy without monitoring, backup, or access controls required by the blueprint.",Mix controls from unrelated domains that do not address the stated objective.,Apply the official Design Secure Applications and Architectures guidance: Design secure network infrastructure — this aligns with exam blueprint expectations and vendor documentation.,B,EASY,aws-saa-c03|secure-apps|SA-4|easy|blueprint-seed,**Answer: B** — Design secure network infrastructure. Review the official AWS exam guide (SAA-C03) and linked documentation. Objective: SA-4.,https://docs.aws.amazon.com/|https://aws.amazon.com/certification/certified-solutions-architect-associate/
aws-saa-c03,secure-apps,SA-4,SAA-C03 — SA-4 (MEDIUM) #10,A team must implement a solution for Design secure network infrastructure in the context of AWS Solutions Architect Associate?,"Deploy without monitoring, backup, or access controls required by the blueprint.",Mix controls from unrelated domains that do not address the stated objective.,"Follow the documented approach for Design secure network infrastructure, using recommended services and controls per the exam guide.",Use an approach that contradicts the exam objective and ignores documented constraints.,C,MEDIUM,aws-saa-c03|secure-apps|SA-4|medium|blueprint-seed,**Answer: C** — Design secure network infrastructure. Review the official AWS exam guide (SAA-C03) and linked documentation. Objective: SA-4.,https://docs.aws.amazon.com/|https://aws.amazon.com/certification/certified-solutions-architect-associate/
aws-saa-c03,secure-apps,SA-4,SAA-C03 — SA-4 (MEDIUM) #11,Which approach aligns with best practices when Design secure network infrastructure in the context of AWS Solutions Architect Associate?,Mix controls from unrelated domains that do not address the stated objective.,"Implement Design secure network infrastructure using AWS best practices for Design Secure Applications and Architectures, including monitoring and least privilege.",Use an approach that contradicts the exam objective and ignores documented constraints.,"Deploy without monitoring, backup, or access controls required by the blueprint.",D,MEDIUM,aws-saa-c03|secure-apps|SA-4|medium|blueprint-seed,**Answer: D** — Design secure network infrastructure. Review the official AWS exam guide (SAA-C03) and linked documentation. Objective: SA-4.,https://docs.aws.amazon.com/|https://aws.amazon.com/certification/certified-solutions-architect-associate/
aws-saa-c03,secure-apps,SA-4,SAA-C03 — SA-4 (MEDIUM) #12,"During a project review, stakeholders ask how to Design secure network infrastructure in the context of AWS Solutions Architect Associate?",Apply the official Design Secure Applications and Architectures guidance: Design secure network infrastructure — this aligns with exam blueprint expectations and vendor documentation.,Use an approach that contradicts the exam objective and ignores documented constraints.,"Deploy without monitoring, backup, or access controls required by the blueprint.",Mix controls from unrelated domains that do not address the stated objective.,A,MEDIUM,aws-saa-c03|secure-apps|SA-4|medium|blueprint-seed,**Answer: A** — Design secure network infrastructure. Review the official AWS exam guide (SAA-C03) and linked documentation. Objective: SA-4.,https://docs.aws.amazon.com/|https://aws.amazon.com/certification/certified-solutions-architect-associate/
aws-saa-c03,secure-apps,SA-4,SAA-C03 — SA-4 (MEDIUM) #13,Which configuration satisfies requirements for Design secure network infrastructure in the context of AWS Solutions Architect Associate?,Use an approach that contradicts the exam objective and ignores documented constraints.,"Deploy without monitoring, backup, or access controls required by the blueprint.",Mix controls from unrelated domains that do not address the stated objective.,"Follow the documented approach for Design secure network infrastructure, using recommended services and controls per the exam guide.",B,MEDIUM,aws-saa-c03|secure-apps|SA-4|medium|blueprint-seed,**Answer: B** — Design secure network infrastructure. Review the official AWS exam guide (SAA-C03) and linked documentation. Objective: SA-4.,https://docs.aws.amazon.com/|https://aws.amazon.com/certification/certified-solutions-architect-associate/
aws-saa-c03,secure-apps,SA-4,SAA-C03 — SA-4 (MEDIUM) #14,What is the recommended design when applying Design secure network infrastructure in the context of AWS Solutions Architect Associate?,"Deploy without monitoring, backup, or access controls required by the blueprint.",Mix controls from unrelated domains that do not address the stated objective.,"Implement Design secure network infrastructure using AWS best practices for Design Secure Applications and Architectures, including monitoring and least privilege.",Use an approach that contradicts the exam objective and ignores documented constraints.,C,MEDIUM,aws-saa-c03|secure-apps|SA-4|medium|blueprint-seed,**Answer: C** — Design secure network infrastructure. Review the official AWS exam guide (SAA-C03) and linked documentation. Objective: SA-4.,https://docs.aws.amazon.com/|https://aws.amazon.com/certification/certified-solutions-architect-associate/
aws-saa-c03,secure-apps,SA-4,SAA-C03 — SA-4 (MEDIUM) #15,A team must implement a solution for Design secure network infrastructure in the context of AWS Solutions Architect Associate?,Mix controls from unrelated domains that do not address the stated objective.,Apply the official Design Secure Applications and Architectures guidance: Design secure network infrastructure — this aligns with exam blueprint expectations and vendor documentation.,Use an approach that contradicts the exam objective and ignores documented constraints.,"Deploy without monitoring, backup, or access controls required by the blueprint.",D,MEDIUM,aws-saa-c03|secure-apps|SA-4|medium|blueprint-seed,**Answer: D** — Design secure network infrastructure. Review the official AWS exam guide (SAA-C03) and linked documentation. Objective: SA-4.,https://docs.aws.amazon.com/|https://aws.amazon.com/certification/certified-solutions-architect-associate/
aws-saa-c03,secure-apps,SA-4,SAA-C03 — SA-4 (MEDIUM) #16,Which approach aligns with best practices when Design secure network infrastructure in the context of AWS Solutions Architect Associate?,"Follow the documented approach for Design secure network infrastructure, using recommended services and controls per the exam guide.",Use an approach that contradicts the exam objective and ignores documented constraints.,"Deploy without monitoring, backup, or access controls required by the blueprint.",Mix controls from unrelated domains that do not address the stated objective.,A,MEDIUM,aws-saa-c03|secure-apps|SA-4|medium|blueprint-seed,**Answer: A** — Design secure network infrastructure. Review the official AWS exam guide (SAA-C03) and linked documentation. Objective: SA-4.,https://docs.aws.amazon.com/|https://aws.amazon.com/certification/certified-solutions-architect-associate/
aws-saa-c03,secure-apps,SA-4,SAA-C03 — SA-4 (MEDIUM) #17,"During a project review, stakeholders ask how to Design secure network infrastructure in the context of AWS Solutions Architect Associate?",Use an approach that contradicts the exam objective and ignores documented constraints.,"Deploy without monitoring, backup, or access controls required by the blueprint.",Mix controls from unrelated domains that do not address the stated objective.,"Implement Design secure network infrastructure using AWS best practices for Design Secure Applications and Architectures, including monitoring and least privilege.",B,MEDIUM,aws-saa-c03|secure-apps|SA-4|medium|blueprint-seed,**Answer: B** — Design secure network infrastructure. Review the official AWS exam guide (SAA-C03) and linked documentation. Objective: SA-4.,https://docs.aws.amazon.com/|https://aws.amazon.com/certification/certified-solutions-architect-associate/
aws-saa-c03,secure-apps,SA-4,SAA-C03 — SA-4 (MEDIUM) #18,Which configuration satisfies requirements for Design secure network infrastructure in the context of AWS Solutions Architect Associate?,"Deploy without monitoring, backup, or access controls required by the blueprint.",Mix controls from unrelated domains that do not address the stated objective.,Apply the official Design Secure Applications and Architectures guidance: Design secure network infrastructure — this aligns with exam blueprint expectations and vendor documentation.,Use an approach that contradicts the exam objective and ignores documented constraints.,C,MEDIUM,aws-saa-c03|secure-apps|SA-4|medium|blueprint-seed,**Answer: C** — Design secure network infrastructure. Review the official AWS exam guide (SAA-C03) and linked documentation. Objective: SA-4.,https://docs.aws.amazon.com/|https://aws.amazon.com/certification/certified-solutions-architect-associate/
aws-saa-c03,secure-apps,SA-4,SAA-C03 — SA-4 (MEDIUM) #19,What is the recommended design when applying Design secure network infrastructure in the context of AWS Solutions Architect Associate?,Mix controls from unrelated domains that do not address the stated objective.,"Follow the documented approach for Design secure network infrastructure, using recommended services and controls per the exam guide.",Use an approach that contradicts the exam objective and ignores documented constraints.,"Deploy without monitoring, backup, or access controls required by the blueprint.",D,MEDIUM,aws-saa-c03|secure-apps|SA-4|medium|blueprint-seed,**Answer: D** — Design secure network infrastructure. Review the official AWS exam guide (SAA-C03) and linked documentation. Objective: SA-4.,https://docs.aws.amazon.com/|https://aws.amazon.com/certification/certified-solutions-architect-associate/
aws-saa-c03,secure-apps,SA-4,SAA-C03 — SA-4 (MEDIUM) #20,A team must implement a solution for Design secure network infrastructure in the context of AWS Solutions Architect Associate?,"Implement Design secure network infrastructure using AWS best practices for Design Secure Applications and Architectures, including monitoring and least privilege.",Use an approach that contradicts the exam objective and ignores documented constraints.,"Deploy without monitoring, backup, or access controls required by the blueprint.",Mix controls from unrelated domains that do not address the stated objective.,A,MEDIUM,aws-saa-c03|secure-apps|SA-4|medium|blueprint-seed,**Answer: A** — Design secure network infrastructure. Review the official AWS exam guide (SAA-C03) and linked documentation. Objective: SA-4.,https://docs.aws.amazon.com/|https://aws.amazon.com/certification/certified-solutions-architect-associate/
aws-saa-c03,secure-apps,SA-4,SAA-C03 — SA-4 (MEDIUM) #21,Which approach aligns with best practices when Design secure network infrastructure in the context of AWS Solutions Architect Associate?,Use an approach that contradicts the exam objective and ignores documented constraints.,"Deploy without monitoring, backup, or access controls required by the blueprint.",Mix controls from unrelated domains that do not address the stated objective.,Apply the official Design Secure Applications and Architectures guidance: Design secure network infrastructure — this aligns with exam blueprint expectations and vendor documentation.,B,MEDIUM,aws-saa-c03|secure-apps|SA-4|medium|blueprint-seed,**Answer: B** — Design secure network infrastructure. Review the official AWS exam guide (SAA-C03) and linked documentation. Objective: SA-4.,https://docs.aws.amazon.com/|https://aws.amazon.com/certification/certified-solutions-architect-associate/
aws-saa-c03,secure-apps,SA-4,SAA-C03 — SA-4 (HARD) #22,A production incident involves trade-offs between cost and resilience for Design secure network infrastructure for Design Secure Applications and Architectures?,"Deploy without monitoring, backup, or access controls required by the blueprint.",Mix controls from unrelated domains that do not address the stated objective.,"Follow the documented approach for Design secure network infrastructure, using recommended services and controls per the exam guide.",Use an approach that contradicts the exam objective and ignores documented constraints.,C,HARD,aws-saa-c03|secure-apps|SA-4|hard|blueprint-seed,**Answer: C** — Design secure network infrastructure. Review the official AWS exam guide (SAA-C03) and linked documentation. Objective: SA-4.,https://docs.aws.amazon.com/|https://aws.amazon.com/certification/certified-solutions-architect-associate/
aws-saa-c03,secure-apps,SA-4,SAA-C03 — SA-4 (HARD) #23,Complex regulatory requirements demand that you Design secure network infrastructure for Design Secure Applications and Architectures?,Mix controls from unrelated domains that do not address the stated objective.,"Implement Design secure network infrastructure using AWS best practices for Design Secure Applications and Architectures, including monitoring and least privilege.",Use an approach that contradicts the exam objective and ignores documented constraints.,"Deploy without monitoring, backup, or access controls required by the blueprint.",D,HARD,aws-saa-c03|secure-apps|SA-4|hard|blueprint-seed,**Answer: D** — Design secure network infrastructure. Review the official AWS exam guide (SAA-C03) and linked documentation. Objective: SA-4.,https://docs.aws.amazon.com/|https://aws.amazon.com/certification/certified-solutions-architect-associate/
aws-saa-c03,secure-apps,SA-4,SAA-C03 — SA-4 (HARD) #24,A multi-team rollout must balance security and velocity for Design secure network infrastructure for Design Secure Applications and Architectures?,Apply the official Design Secure Applications and Architectures guidance: Design secure network infrastructure — this aligns with exam blueprint expectations and vendor documentation.,Use an approach that contradicts the exam objective and ignores documented constraints.,"Deploy without monitoring, backup, or access controls required by the blueprint.",Mix controls from unrelated domains that do not address the stated objective.,A,HARD,aws-saa-c03|secure-apps|SA-4|hard|blueprint-seed,**Answer: A** — Design secure network infrastructure. Review the official AWS exam guide (SAA-C03) and linked documentation. Objective: SA-4.,https://docs.aws.amazon.com/|https://aws.amazon.com/certification/certified-solutions-architect-associate/
aws-saa-c03,secure-apps,SA-4,SAA-C03 — SA-4 (HARD) #25,An enterprise requires zero-downtime architecture while Design secure network infrastructure for Design Secure Applications and Architectures?,Use an approach that contradicts the exam objective and ignores documented constraints.,"Deploy without monitoring, backup, or access controls required by the blueprint.",Mix controls from unrelated domains that do not address the stated objective.,"Follow the documented approach for Design secure network infrastructure, using recommended services and controls per the exam guide.",B,HARD,aws-saa-c03|secure-apps|SA-4|hard|blueprint-seed,**Answer: B** — Design secure network infrastructure. Review the official AWS exam guide (SAA-C03) and linked documentation. Objective: SA-4.,https://docs.aws.amazon.com/|https://aws.amazon.com/certification/certified-solutions-architect-associate/
aws-saa-c03,secure-apps,SA-4,SAA-C03 — SA-4 (HARD) #26,"Given strict compliance, auditability, and multi-region constraints, how should you Design secure network infrastructure for Design Secure Applications and Architectures?","Deploy without monitoring, backup, or access controls required by the blueprint.",Mix controls from unrelated domains that do not address the stated objective.,"Implement Design secure network infrastructure using AWS best practices for Design Secure Applications and Architectures, including monitoring and least privilege.",Use an approach that contradicts the exam objective and ignores documented constraints.,C,HARD,aws-saa-c03|secure-apps|SA-4|hard|blueprint-seed,**Answer: C** — Design secure network infrastructure. Review the official AWS exam guide (SAA-C03) and linked documentation. Objective: SA-4.,https://docs.aws.amazon.com/|https://aws.amazon.com/certification/certified-solutions-architect-associate/
aws-saa-c03,secure-apps,SA-4,SAA-C03 — SA-4 (HARD) #27,A production incident involves trade-offs between cost and resilience for Design secure network infrastructure for Design Secure Applications and Architectures?,Mix controls from unrelated domains that do not address the stated objective.,Apply the official Design Secure Applications and Architectures guidance: Design secure network infrastructure — this aligns with exam blueprint expectations and vendor documentation.,Use an approach that contradicts the exam objective and ignores documented constraints.,"Deploy without monitoring, backup, or access controls required by the blueprint.",D,HARD,aws-saa-c03|secure-apps|SA-4|hard|blueprint-seed,**Answer: D** — Design secure network infrastructure. Review the official AWS exam guide (SAA-C03) and linked documentation. Objective: SA-4.,https://docs.aws.amazon.com/|https://aws.amazon.com/certification/certified-solutions-architect-associate/
aws-saa-c03,secure-apps,SA-4,SAA-C03 — SA-4 (HARD) #28,Complex regulatory requirements demand that you Design secure network infrastructure for Design Secure Applications and Architectures?,"Follow the documented approach for Design secure network infrastructure, using recommended services and controls per the exam guide.",Use an approach that contradicts the exam objective and ignores documented constraints.,"Deploy without monitoring, backup, or access controls required by the blueprint.",Mix controls from unrelated domains that do not address the stated objective.,A,HARD,aws-saa-c03|secure-apps|SA-4|hard|blueprint-seed,**Answer: A** — Design secure network infrastructure. Review the official AWS exam guide (SAA-C03) and linked documentation. Objective: SA-4.,https://docs.aws.amazon.com/|https://aws.amazon.com/certification/certified-solutions-architect-associate/
aws-saa-c03,secure-apps,SA-4,SAA-C03 — SA-4 (HARD) #29,A multi-team rollout must balance security and velocity for Design secure network infrastructure for Design Secure Applications and Architectures?,Use an approach that contradicts the exam objective and ignores documented constraints.,"Deploy without monitoring, backup, or access controls required by the blueprint.",Mix controls from unrelated domains that do not address the stated objective.,"Implement Design secure network infrastructure using AWS best practices for Design Secure Applications and Architectures, including monitoring and least privilege.",B,HARD,aws-saa-c03|secure-apps|SA-4|hard|blueprint-seed,**Answer: B** — Design secure network infrastructure. Review the official AWS exam guide (SAA-C03) and linked documentation. Objective: SA-4.,https://docs.aws.amazon.com/|https://aws.amazon.com/certification/certified-solutions-architect-associate/
aws-saa-c03,secure-apps,SA-4,SAA-C03 — SA-4 (HARD) #30,An enterprise requires zero-downtime architecture while Design secure network infrastructure for Design Secure Applications and Architectures?,"Deploy without monitoring, backup, or access controls required by the blueprint.",Mix controls from unrelated domains that do not address the stated objective.,Apply the official Design Secure Applications and Architectures guidance: Design secure network infrastructure — this aligns with exam blueprint expectations and vendor documentation.,Use an approach that contradicts the exam objective and ignores documented constraints.,C,HARD,aws-saa-c03|secure-apps|SA-4|hard|blueprint-seed,**Answer: C** — Design secure network infrastructure. Review the official AWS exam guide (SAA-C03) and linked documentation. Objective: SA-4.,https://docs.aws.amazon.com/|https://aws.amazon.com/certification/certified-solutions-architect-associate/
aws-saa-c03,cost-optimized,CO-1,SAA-C03 — CO-1 (EASY) #1,What is the primary purpose of Design cost-optimized compute solutions?,Use an approach that contradicts the exam objective and ignores documented constraints.,"Deploy without monitoring, backup, or access controls required by the blueprint.",Mix controls from unrelated domains that do not address the stated objective.,"Follow the documented approach for Design cost-optimized compute solutions, using recommended services and controls per the exam guide.",B,EASY,aws-saa-c03|cost-optimized|CO-1|easy|blueprint-seed,**Answer: B** — Design cost-optimized compute solutions. Review the official AWS exam guide (SAA-C03) and linked documentation. Objective: CO-1.,https://docs.aws.amazon.com/|https://aws.amazon.com/certification/certified-solutions-architect-associate/
aws-saa-c03,cost-optimized,CO-1,SAA-C03 — CO-1 (EASY) #2,Which concept is fundamental to Design cost-optimized compute solutions?,"Deploy without monitoring, backup, or access controls required by the blueprint.",Mix controls from unrelated domains that do not address the stated objective.,"Implement Design cost-optimized compute solutions using AWS best practices for Design Cost-Optimized Architectures, including monitoring and least privilege.",Use an approach that contradicts the exam objective and ignores documented constraints.,C,EASY,aws-saa-c03|cost-optimized|CO-1|easy|blueprint-seed,**Answer: C** — Design cost-optimized compute solutions. Review the official AWS exam guide (SAA-C03) and linked documentation. Objective: CO-1.,https://docs.aws.amazon.com/|https://aws.amazon.com/certification/certified-solutions-architect-associate/
aws-saa-c03,cost-optimized,CO-1,SAA-C03 — CO-1 (EASY) #3,Identify the core principle behind Design cost-optimized compute solutions?,Mix controls from unrelated domains that do not address the stated objective.,Apply the official Design Cost-Optimized Architectures guidance: Design cost-optimized compute solutions — this aligns with exam blueprint expectations and vendor documentation.,Use an approach that contradicts the exam objective and ignores documented constraints.,"Deploy without monitoring, backup, or access controls required by the blueprint.",D,EASY,aws-saa-c03|cost-optimized|CO-1|easy|blueprint-seed,**Answer: D** — Design cost-optimized compute solutions. Review the official AWS exam guide (SAA-C03) and linked documentation. Objective: CO-1.,https://docs.aws.amazon.com/|https://aws.amazon.com/certification/certified-solutions-architect-associate/
aws-saa-c03,cost-optimized,CO-1,SAA-C03 — CO-1 (EASY) #4,Which description accurately reflects Design cost-optimized compute solutions?,"Follow the documented approach for Design cost-optimized compute solutions, using recommended services and controls per the exam guide.",Use an approach that contradicts the exam objective and ignores documented constraints.,"Deploy without monitoring, backup, or access controls required by the blueprint.",Mix controls from unrelated domains that do not address the stated objective.,A,EASY,aws-saa-c03|cost-optimized|CO-1|easy|blueprint-seed,**Answer: A** — Design cost-optimized compute solutions. Review the official AWS exam guide (SAA-C03) and linked documentation. Objective: CO-1.,https://docs.aws.amazon.com/|https://aws.amazon.com/certification/certified-solutions-architect-associate/
aws-saa-c03,cost-optimized,CO-1,SAA-C03 — CO-1 (EASY) #5,Which statement best defines the scope of Design cost-optimized compute solutions?,Use an approach that contradicts the exam objective and ignores documented constraints.,"Deploy without monitoring, backup, or access controls required by the blueprint.",Mix controls from unrelated domains that do not address the stated objective.,"Implement Design cost-optimized compute solutions using AWS best practices for Design Cost-Optimized Architectures, including monitoring and least privilege.",B,EASY,aws-saa-c03|cost-optimized|CO-1|easy|blueprint-seed,**Answer: B** — Design cost-optimized compute solutions. Review the official AWS exam guide (SAA-C03) and linked documentation. Objective: CO-1.,https://docs.aws.amazon.com/|https://aws.amazon.com/certification/certified-solutions-architect-associate/
aws-saa-c03,cost-optimized,CO-1,SAA-C03 — CO-1 (EASY) #6,What is the primary purpose of Design cost-optimized compute solutions?,"Deploy without monitoring, backup, or access controls required by the blueprint.",Mix controls from unrelated domains that do not address the stated objective.,Apply the official Design Cost-Optimized Architectures guidance: Design cost-optimized compute solutions — this aligns with exam blueprint expectations and vendor documentation.,Use an approach that contradicts the exam objective and ignores documented constraints.,C,EASY,aws-saa-c03|cost-optimized|CO-1|easy|blueprint-seed,**Answer: C** — Design cost-optimized compute solutions. Review the official AWS exam guide (SAA-C03) and linked documentation. Objective: CO-1.,https://docs.aws.amazon.com/|https://aws.amazon.com/certification/certified-solutions-architect-associate/
aws-saa-c03,cost-optimized,CO-1,SAA-C03 — CO-1 (EASY) #7,Which concept is fundamental to Design cost-optimized compute solutions?,Mix controls from unrelated domains that do not address the stated objective.,"Follow the documented approach for Design cost-optimized compute solutions, using recommended services and controls per the exam guide.",Use an approach that contradicts the exam objective and ignores documented constraints.,"Deploy without monitoring, backup, or access controls required by the blueprint.",D,EASY,aws-saa-c03|cost-optimized|CO-1|easy|blueprint-seed,**Answer: D** — Design cost-optimized compute solutions. Review the official AWS exam guide (SAA-C03) and linked documentation. Objective: CO-1.,https://docs.aws.amazon.com/|https://aws.amazon.com/certification/certified-solutions-architect-associate/
aws-saa-c03,cost-optimized,CO-1,SAA-C03 — CO-1 (MEDIUM) #8,Which configuration satisfies requirements for Design cost-optimized compute solutions in the context of AWS Solutions Architect Associate?,"Implement Design cost-optimized compute solutions using AWS best practices for Design Cost-Optimized Architectures, including monitoring and least privilege.",Use an approach that contradicts the exam objective and ignores documented constraints.,"Deploy without monitoring, backup, or access controls required by the blueprint.",Mix controls from unrelated domains that do not address the stated objective.,A,MEDIUM,aws-saa-c03|cost-optimized|CO-1|medium|blueprint-seed,**Answer: A** — Design cost-optimized compute solutions. Review the official AWS exam guide (SAA-C03) and linked documentation. Objective: CO-1.,https://docs.aws.amazon.com/|https://aws.amazon.com/certification/certified-solutions-architect-associate/
aws-saa-c03,cost-optimized,CO-1,SAA-C03 — CO-1 (MEDIUM) #9,What is the recommended design when applying Design cost-optimized compute solutions in the context of AWS Solutions Architect Associate?,Use an approach that contradicts the exam objective and ignores documented constraints.,"Deploy without monitoring, backup, or access controls required by the blueprint.",Mix controls from unrelated domains that do not address the stated objective.,Apply the official Design Cost-Optimized Architectures guidance: Design cost-optimized compute solutions — this aligns with exam blueprint expectations and vendor documentation.,B,MEDIUM,aws-saa-c03|cost-optimized|CO-1|medium|blueprint-seed,**Answer: B** — Design cost-optimized compute solutions. Review the official AWS exam guide (SAA-C03) and linked documentation. Objective: CO-1.,https://docs.aws.amazon.com/|https://aws.amazon.com/certification/certified-solutions-architect-associate/
aws-saa-c03,cost-optimized,CO-1,SAA-C03 — CO-1 (MEDIUM) #10,A team must implement a solution for Design cost-optimized compute solutions in the context of AWS Solutions Architect Associate?,"Deploy without monitoring, backup, or access controls required by the blueprint.",Mix controls from unrelated domains that do not address the stated objective.,"Follow the documented approach for Design cost-optimized compute solutions, using recommended services and controls per the exam guide.",Use an approach that contradicts the exam objective and ignores documented constraints.,C,MEDIUM,aws-saa-c03|cost-optimized|CO-1|medium|blueprint-seed,**Answer: C** — Design cost-optimized compute solutions. Review the official AWS exam guide (SAA-C03) and linked documentation. Objective: CO-1.,https://docs.aws.amazon.com/|https://aws.amazon.com/certification/certified-solutions-architect-associate/
aws-saa-c03,cost-optimized,CO-1,SAA-C03 — CO-1 (MEDIUM) #11,Which approach aligns with best practices when Design cost-optimized compute solutions in the context of AWS Solutions Architect Associate?,Mix controls from unrelated domains that do not address the stated objective.,"Implement Design cost-optimized compute solutions using AWS best practices for Design Cost-Optimized Architectures, including monitoring and least privilege.",Use an approach that contradicts the exam objective and ignores documented constraints.,"Deploy without monitoring, backup, or access controls required by the blueprint.",D,MEDIUM,aws-saa-c03|cost-optimized|CO-1|medium|blueprint-seed,**Answer: D** — Design cost-optimized compute solutions. Review the official AWS exam guide (SAA-C03) and linked documentation. Objective: CO-1.,https://docs.aws.amazon.com/|https://aws.amazon.com/certification/certified-solutions-architect-associate/
aws-saa-c03,cost-optimized,CO-1,SAA-C03 — CO-1 (MEDIUM) #12,"During a project review, stakeholders ask how to Design cost-optimized compute solutions in the context of AWS Solutions Architect Associate?",Apply the official Design Cost-Optimized Architectures guidance: Design cost-optimized compute solutions — this aligns with exam blueprint expectations and vendor documentation.,Use an approach that contradicts the exam objective and ignores documented constraints.,"Deploy without monitoring, backup, or access controls required by the blueprint.",Mix controls from unrelated domains that do not address the stated objective.,A,MEDIUM,aws-saa-c03|cost-optimized|CO-1|medium|blueprint-seed,**Answer: A** — Design cost-optimized compute solutions. Review the official AWS exam guide (SAA-C03) and linked documentation. Objective: CO-1.,https://docs.aws.amazon.com/|https://aws.amazon.com/certification/certified-solutions-architect-associate/
aws-saa-c03,cost-optimized,CO-1,SAA-C03 — CO-1 (MEDIUM) #13,Which configuration satisfies requirements for Design cost-optimized compute solutions in the context of AWS Solutions Architect Associate?,Use an approach that contradicts the exam objective and ignores documented constraints.,"Deploy without monitoring, backup, or access controls required by the blueprint.",Mix controls from unrelated domains that do not address the stated objective.,"Follow the documented approach for Design cost-optimized compute solutions, using recommended services and controls per the exam guide.",B,MEDIUM,aws-saa-c03|cost-optimized|CO-1|medium|blueprint-seed,**Answer: B** — Design cost-optimized compute solutions. Review the official AWS exam guide (SAA-C03) and linked documentation. Objective: CO-1.,https://docs.aws.amazon.com/|https://aws.amazon.com/certification/certified-solutions-architect-associate/
aws-saa-c03,cost-optimized,CO-1,SAA-C03 — CO-1 (MEDIUM) #14,What is the recommended design when applying Design cost-optimized compute solutions in the context of AWS Solutions Architect Associate?,"Deploy without monitoring, backup, or access controls required by the blueprint.",Mix controls from unrelated domains that do not address the stated objective.,"Implement Design cost-optimized compute solutions using AWS best practices for Design Cost-Optimized Architectures, including monitoring and least privilege.",Use an approach that contradicts the exam objective and ignores documented constraints.,C,MEDIUM,aws-saa-c03|cost-optimized|CO-1|medium|blueprint-seed,**Answer: C** — Design cost-optimized compute solutions. Review the official AWS exam guide (SAA-C03) and linked documentation. Objective: CO-1.,https://docs.aws.amazon.com/|https://aws.amazon.com/certification/certified-solutions-architect-associate/
aws-saa-c03,cost-optimized,CO-1,SAA-C03 — CO-1 (MEDIUM) #15,A team must implement a solution for Design cost-optimized compute solutions in the context of AWS Solutions Architect Associate?,Mix controls from unrelated domains that do not address the stated objective.,Apply the official Design Cost-Optimized Architectures guidance: Design cost-optimized compute solutions — this aligns with exam blueprint expectations and vendor documentation.,Use an approach that contradicts the exam objective and ignores documented constraints.,"Deploy without monitoring, backup, or access controls required by the blueprint.",D,MEDIUM,aws-saa-c03|cost-optimized|CO-1|medium|blueprint-seed,**Answer: D** — Design cost-optimized compute solutions. Review the official AWS exam guide (SAA-C03) and linked documentation. Objective: CO-1.,https://docs.aws.amazon.com/|https://aws.amazon.com/certification/certified-solutions-architect-associate/
aws-saa-c03,cost-optimized,CO-1,SAA-C03 — CO-1 (MEDIUM) #16,Which approach aligns with best practices when Design cost-optimized compute solutions in the context of AWS Solutions Architect Associate?,"Follow the documented approach for Design cost-optimized compute solutions, using recommended services and controls per the exam guide.",Use an approach that contradicts the exam objective and ignores documented constraints.,"Deploy without monitoring, backup, or access controls required by the blueprint.",Mix controls from unrelated domains that do not address the stated objective.,A,MEDIUM,aws-saa-c03|cost-optimized|CO-1|medium|blueprint-seed,**Answer: A** — Design cost-optimized compute solutions. Review the official AWS exam guide (SAA-C03) and linked documentation. Objective: CO-1.,https://docs.aws.amazon.com/|https://aws.amazon.com/certification/certified-solutions-architect-associate/
aws-saa-c03,cost-optimized,CO-1,SAA-C03 — CO-1 (HARD) #17,A production incident involves trade-offs between cost and resilience for Design cost-optimized compute solutions for Design Cost-Optimized Architectures?,Use an approach that contradicts the exam objective and ignores documented constraints.,"Deploy without monitoring, backup, or access controls required by the blueprint.",Mix controls from unrelated domains that do not address the stated objective.,"Implement Design cost-optimized compute solutions using AWS best practices for Design Cost-Optimized Architectures, including monitoring and least privilege.",B,HARD,aws-saa-c03|cost-optimized|CO-1|hard|blueprint-seed,**Answer: B** — Design cost-optimized compute solutions. Review the official AWS exam guide (SAA-C03) and linked documentation. Objective: CO-1.,https://docs.aws.amazon.com/|https://aws.amazon.com/certification/certified-solutions-architect-associate/
aws-saa-c03,cost-optimized,CO-1,SAA-C03 — CO-1 (HARD) #18,Complex regulatory requirements demand that you Design cost-optimized compute solutions for Design Cost-Optimized Architectures?,"Deploy without monitoring, backup, or access controls required by the blueprint.",Mix controls from unrelated domains that do not address the stated objective.,Apply the official Design Cost-Optimized Architectures guidance: Design cost-optimized compute solutions — this aligns with exam blueprint expectations and vendor documentation.,Use an approach that contradicts the exam objective and ignores documented constraints.,C,HARD,aws-saa-c03|cost-optimized|CO-1|hard|blueprint-seed,**Answer: C** — Design cost-optimized compute solutions. Review the official AWS exam guide (SAA-C03) and linked documentation. Objective: CO-1.,https://docs.aws.amazon.com/|https://aws.amazon.com/certification/certified-solutions-architect-associate/
aws-saa-c03,cost-optimized,CO-1,SAA-C03 — CO-1 (HARD) #19,A multi-team rollout must balance security and velocity for Design cost-optimized compute solutions for Design Cost-Optimized Architectures?,Mix controls from unrelated domains that do not address the stated objective.,"Follow the documented approach for Design cost-optimized compute solutions, using recommended services and controls per the exam guide.",Use an approach that contradicts the exam objective and ignores documented constraints.,"Deploy without monitoring, backup, or access controls required by the blueprint.",D,HARD,aws-saa-c03|cost-optimized|CO-1|hard|blueprint-seed,**Answer: D** — Design cost-optimized compute solutions. Review the official AWS exam guide (SAA-C03) and linked documentation. Objective: CO-1.,https://docs.aws.amazon.com/|https://aws.amazon.com/certification/certified-solutions-architect-associate/
aws-saa-c03,cost-optimized,CO-1,SAA-C03 — CO-1 (HARD) #20,An enterprise requires zero-downtime architecture while Design cost-optimized compute solutions for Design Cost-Optimized Architectures?,"Implement Design cost-optimized compute solutions using AWS best practices for Design Cost-Optimized Architectures, including monitoring and least privilege.",Use an approach that contradicts the exam objective and ignores documented constraints.,"Deploy without monitoring, backup, or access controls required by the blueprint.",Mix controls from unrelated domains that do not address the stated objective.,A,HARD,aws-saa-c03|cost-optimized|CO-1|hard|blueprint-seed,**Answer: A** — Design cost-optimized compute solutions. Review the official AWS exam guide (SAA-C03) and linked documentation. Objective: CO-1.,https://docs.aws.amazon.com/|https://aws.amazon.com/certification/certified-solutions-architect-associate/
aws-saa-c03,cost-optimized,CO-1,SAA-C03 — CO-1 (HARD) #21,"Given strict compliance, auditability, and multi-region constraints, how should you Design cost-optimized compute solutions for Design Cost-Optimized Architectures?",Use an approach that contradicts the exam objective and ignores documented constraints.,"Deploy without monitoring, backup, or access controls required by the blueprint.",Mix controls from unrelated domains that do not address the stated objective.,Apply the official Design Cost-Optimized Architectures guidance: Design cost-optimized compute solutions — this aligns with exam blueprint expectations and vendor documentation.,B,HARD,aws-saa-c03|cost-optimized|CO-1|hard|blueprint-seed,**Answer: B** — Design cost-optimized compute solutions. Review the official AWS exam guide (SAA-C03) and linked documentation. Objective: CO-1.,https://docs.aws.amazon.com/|https://aws.amazon.com/certification/certified-solutions-architect-associate/
aws-saa-c03,cost-optimized,CO-1,SAA-C03 — CO-1 (HARD) #22,A production incident involves trade-offs between cost and resilience for Design cost-optimized compute solutions for Design Cost-Optimized Architectures?,"Deploy without monitoring, backup, or access controls required by the blueprint.",Mix controls from unrelated domains that do not address the stated objective.,"Follow the documented approach for Design cost-optimized compute solutions, using recommended services and controls per the exam guide.",Use an approach that contradicts the exam objective and ignores documented constraints.,C,HARD,aws-saa-c03|cost-optimized|CO-1|hard|blueprint-seed,**Answer: C** — Design cost-optimized compute solutions. Review the official AWS exam guide (SAA-C03) and linked documentation. Objective: CO-1.,https://docs.aws.amazon.com/|https://aws.amazon.com/certification/certified-solutions-architect-associate/
aws-saa-c03,cost-optimized,CO-1,SAA-C03 — CO-1 (HARD) #23,Complex regulatory requirements demand that you Design cost-optimized compute solutions for Design Cost-Optimized Architectures?,Mix controls from unrelated domains that do not address the stated objective.,"Implement Design cost-optimized compute solutions using AWS best practices for Design Cost-Optimized Architectures, including monitoring and least privilege.",Use an approach that contradicts the exam objective and ignores documented constraints.,"Deploy without monitoring, backup, or access controls required by the blueprint.",D,HARD,aws-saa-c03|cost-optimized|CO-1|hard|blueprint-seed,**Answer: D** — Design cost-optimized compute solutions. Review the official AWS exam guide (SAA-C03) and linked documentation. Objective: CO-1.,https://docs.aws.amazon.com/|https://aws.amazon.com/certification/certified-solutions-architect-associate/
aws-saa-c03,cost-optimized,CO-2,SAA-C03 — CO-2 (EASY) #1,What is the primary purpose of Design cost-optimized storage solutions?,Use an approach that contradicts the exam objective and ignores documented constraints.,"Deploy without monitoring, backup, or access controls required by the blueprint.",Mix controls from unrelated domains that do not address the stated objective.,"Follow the documented approach for Design cost-optimized storage solutions, using recommended services and controls per the exam guide.",B,EASY,aws-saa-c03|cost-optimized|CO-2|easy|blueprint-seed,**Answer: B** — Design cost-optimized storage solutions. Review the official AWS exam guide (SAA-C03) and linked documentation. Objective: CO-2.,https://docs.aws.amazon.com/|https://aws.amazon.com/certification/certified-solutions-architect-associate/
aws-saa-c03,cost-optimized,CO-2,SAA-C03 — CO-2 (EASY) #2,Which concept is fundamental to Design cost-optimized storage solutions?,"Deploy without monitoring, backup, or access controls required by the blueprint.",Mix controls from unrelated domains that do not address the stated objective.,"Implement Design cost-optimized storage solutions using AWS best practices for Design Cost-Optimized Architectures, including monitoring and least privilege.",Use an approach that contradicts the exam objective and ignores documented constraints.,C,EASY,aws-saa-c03|cost-optimized|CO-2|easy|blueprint-seed,**Answer: C** — Design cost-optimized storage solutions. Review the official AWS exam guide (SAA-C03) and linked documentation. Objective: CO-2.,https://docs.aws.amazon.com/|https://aws.amazon.com/certification/certified-solutions-architect-associate/
aws-saa-c03,cost-optimized,CO-2,SAA-C03 — CO-2 (EASY) #3,Identify the core principle behind Design cost-optimized storage solutions?,Mix controls from unrelated domains that do not address the stated objective.,Apply the official Design Cost-Optimized Architectures guidance: Design cost-optimized storage solutions — this aligns with exam blueprint expectations and vendor documentation.,Use an approach that contradicts the exam objective and ignores documented constraints.,"Deploy without monitoring, backup, or access controls required by the blueprint.",D,EASY,aws-saa-c03|cost-optimized|CO-2|easy|blueprint-seed,**Answer: D** — Design cost-optimized storage solutions. Review the official AWS exam guide (SAA-C03) and linked documentation. Objective: CO-2.,https://docs.aws.amazon.com/|https://aws.amazon.com/certification/certified-solutions-architect-associate/
aws-saa-c03,cost-optimized,CO-2,SAA-C03 — CO-2 (EASY) #4,Which description accurately reflects Design cost-optimized storage solutions?,"Follow the documented approach for Design cost-optimized storage solutions, using recommended services and controls per the exam guide.",Use an approach that contradicts the exam objective and ignores documented constraints.,"Deploy without monitoring, backup, or access controls required by the blueprint.",Mix controls from unrelated domains that do not address the stated objective.,A,EASY,aws-saa-c03|cost-optimized|CO-2|easy|blueprint-seed,**Answer: A** — Design cost-optimized storage solutions. Review the official AWS exam guide (SAA-C03) and linked documentation. Objective: CO-2.,https://docs.aws.amazon.com/|https://aws.amazon.com/certification/certified-solutions-architect-associate/
aws-saa-c03,cost-optimized,CO-2,SAA-C03 — CO-2 (EASY) #5,Which statement best defines the scope of Design cost-optimized storage solutions?,Use an approach that contradicts the exam objective and ignores documented constraints.,"Deploy without monitoring, backup, or access controls required by the blueprint.",Mix controls from unrelated domains that do not address the stated objective.,"Implement Design cost-optimized storage solutions using AWS best practices for Design Cost-Optimized Architectures, including monitoring and least privilege.",B,EASY,aws-saa-c03|cost-optimized|CO-2|easy|blueprint-seed,**Answer: B** — Design cost-optimized storage solutions. Review the official AWS exam guide (SAA-C03) and linked documentation. Objective: CO-2.,https://docs.aws.amazon.com/|https://aws.amazon.com/certification/certified-solutions-architect-associate/
aws-saa-c03,cost-optimized,CO-2,SAA-C03 — CO-2 (EASY) #6,What is the primary purpose of Design cost-optimized storage solutions?,"Deploy without monitoring, backup, or access controls required by the blueprint.",Mix controls from unrelated domains that do not address the stated objective.,Apply the official Design Cost-Optimized Architectures guidance: Design cost-optimized storage solutions — this aligns with exam blueprint expectations and vendor documentation.,Use an approach that contradicts the exam objective and ignores documented constraints.,C,EASY,aws-saa-c03|cost-optimized|CO-2|easy|blueprint-seed,**Answer: C** — Design cost-optimized storage solutions. Review the official AWS exam guide (SAA-C03) and linked documentation. Objective: CO-2.,https://docs.aws.amazon.com/|https://aws.amazon.com/certification/certified-solutions-architect-associate/
aws-saa-c03,cost-optimized,CO-2,SAA-C03 — CO-2 (EASY) #7,Which concept is fundamental to Design cost-optimized storage solutions?,Mix controls from unrelated domains that do not address the stated objective.,"Follow the documented approach for Design cost-optimized storage solutions, using recommended services and controls per the exam guide.",Use an approach that contradicts the exam objective and ignores documented constraints.,"Deploy without monitoring, backup, or access controls required by the blueprint.",D,EASY,aws-saa-c03|cost-optimized|CO-2|easy|blueprint-seed,**Answer: D** — Design cost-optimized storage solutions. Review the official AWS exam guide (SAA-C03) and linked documentation. Objective: CO-2.,https://docs.aws.amazon.com/|https://aws.amazon.com/certification/certified-solutions-architect-associate/
aws-saa-c03,cost-optimized,CO-2,SAA-C03 — CO-2 (MEDIUM) #8,Which configuration satisfies requirements for Design cost-optimized storage solutions in the context of AWS Solutions Architect Associate?,"Implement Design cost-optimized storage solutions using AWS best practices for Design Cost-Optimized Architectures, including monitoring and least privilege.",Use an approach that contradicts the exam objective and ignores documented constraints.,"Deploy without monitoring, backup, or access controls required by the blueprint.",Mix controls from unrelated domains that do not address the stated objective.,A,MEDIUM,aws-saa-c03|cost-optimized|CO-2|medium|blueprint-seed,**Answer: A** — Design cost-optimized storage solutions. Review the official AWS exam guide (SAA-C03) and linked documentation. Objective: CO-2.,https://docs.aws.amazon.com/|https://aws.amazon.com/certification/certified-solutions-architect-associate/
aws-saa-c03,cost-optimized,CO-2,SAA-C03 — CO-2 (MEDIUM) #9,What is the recommended design when applying Design cost-optimized storage solutions in the context of AWS Solutions Architect Associate?,Use an approach that contradicts the exam objective and ignores documented constraints.,"Deploy without monitoring, backup, or access controls required by the blueprint.",Mix controls from unrelated domains that do not address the stated objective.,Apply the official Design Cost-Optimized Architectures guidance: Design cost-optimized storage solutions — this aligns with exam blueprint expectations and vendor documentation.,B,MEDIUM,aws-saa-c03|cost-optimized|CO-2|medium|blueprint-seed,**Answer: B** — Design cost-optimized storage solutions. Review the official AWS exam guide (SAA-C03) and linked documentation. Objective: CO-2.,https://docs.aws.amazon.com/|https://aws.amazon.com/certification/certified-solutions-architect-associate/
aws-saa-c03,cost-optimized,CO-2,SAA-C03 — CO-2 (MEDIUM) #10,A team must implement a solution for Design cost-optimized storage solutions in the context of AWS Solutions Architect Associate?,"Deploy without monitoring, backup, or access controls required by the blueprint.",Mix controls from unrelated domains that do not address the stated objective.,"Follow the documented approach for Design cost-optimized storage solutions, using recommended services and controls per the exam guide.",Use an approach that contradicts the exam objective and ignores documented constraints.,C,MEDIUM,aws-saa-c03|cost-optimized|CO-2|medium|blueprint-seed,**Answer: C** — Design cost-optimized storage solutions. Review the official AWS exam guide (SAA-C03) and linked documentation. Objective: CO-2.,https://docs.aws.amazon.com/|https://aws.amazon.com/certification/certified-solutions-architect-associate/
aws-saa-c03,cost-optimized,CO-2,SAA-C03 — CO-2 (MEDIUM) #11,Which approach aligns with best practices when Design cost-optimized storage solutions in the context of AWS Solutions Architect Associate?,Mix controls from unrelated domains that do not address the stated objective.,"Implement Design cost-optimized storage solutions using AWS best practices for Design Cost-Optimized Architectures, including monitoring and least privilege.",Use an approach that contradicts the exam objective and ignores documented constraints.,"Deploy without monitoring, backup, or access controls required by the blueprint.",D,MEDIUM,aws-saa-c03|cost-optimized|CO-2|medium|blueprint-seed,**Answer: D** — Design cost-optimized storage solutions. Review the official AWS exam guide (SAA-C03) and linked documentation. Objective: CO-2.,https://docs.aws.amazon.com/|https://aws.amazon.com/certification/certified-solutions-architect-associate/
aws-saa-c03,cost-optimized,CO-2,SAA-C03 — CO-2 (MEDIUM) #12,"During a project review, stakeholders ask how to Design cost-optimized storage solutions in the context of AWS Solutions Architect Associate?",Apply the official Design Cost-Optimized Architectures guidance: Design cost-optimized storage solutions — this aligns with exam blueprint expectations and vendor documentation.,Use an approach that contradicts the exam objective and ignores documented constraints.,"Deploy without monitoring, backup, or access controls required by the blueprint.",Mix controls from unrelated domains that do not address the stated objective.,A,MEDIUM,aws-saa-c03|cost-optimized|CO-2|medium|blueprint-seed,**Answer: A** — Design cost-optimized storage solutions. Review the official AWS exam guide (SAA-C03) and linked documentation. Objective: CO-2.,https://docs.aws.amazon.com/|https://aws.amazon.com/certification/certified-solutions-architect-associate/
aws-saa-c03,cost-optimized,CO-2,SAA-C03 — CO-2 (MEDIUM) #13,Which configuration satisfies requirements for Design cost-optimized storage solutions in the context of AWS Solutions Architect Associate?,Use an approach that contradicts the exam objective and ignores documented constraints.,"Deploy without monitoring, backup, or access controls required by the blueprint.",Mix controls from unrelated domains that do not address the stated objective.,"Follow the documented approach for Design cost-optimized storage solutions, using recommended services and controls per the exam guide.",B,MEDIUM,aws-saa-c03|cost-optimized|CO-2|medium|blueprint-seed,**Answer: B** — Design cost-optimized storage solutions. Review the official AWS exam guide (SAA-C03) and linked documentation. Objective: CO-2.,https://docs.aws.amazon.com/|https://aws.amazon.com/certification/certified-solutions-architect-associate/
aws-saa-c03,cost-optimized,CO-2,SAA-C03 — CO-2 (MEDIUM) #14,What is the recommended design when applying Design cost-optimized storage solutions in the context of AWS Solutions Architect Associate?,"Deploy without monitoring, backup, or access controls required by the blueprint.",Mix controls from unrelated domains that do not address the stated objective.,"Implement Design cost-optimized storage solutions using AWS best practices for Design Cost-Optimized Architectures, including monitoring and least privilege.",Use an approach that contradicts the exam objective and ignores documented constraints.,C,MEDIUM,aws-saa-c03|cost-optimized|CO-2|medium|blueprint-seed,**Answer: C** — Design cost-optimized storage solutions. Review the official AWS exam guide (SAA-C03) and linked documentation. Objective: CO-2.,https://docs.aws.amazon.com/|https://aws.amazon.com/certification/certified-solutions-architect-associate/
aws-saa-c03,cost-optimized,CO-2,SAA-C03 — CO-2 (MEDIUM) #15,A team must implement a solution for Design cost-optimized storage solutions in the context of AWS Solutions Architect Associate?,Mix controls from unrelated domains that do not address the stated objective.,Apply the official Design Cost-Optimized Architectures guidance: Design cost-optimized storage solutions — this aligns with exam blueprint expectations and vendor documentation.,Use an approach that contradicts the exam objective and ignores documented constraints.,"Deploy without monitoring, backup, or access controls required by the blueprint.",D,MEDIUM,aws-saa-c03|cost-optimized|CO-2|medium|blueprint-seed,**Answer: D** — Design cost-optimized storage solutions. Review the official AWS exam guide (SAA-C03) and linked documentation. Objective: CO-2.,https://docs.aws.amazon.com/|https://aws.amazon.com/certification/certified-solutions-architect-associate/
aws-saa-c03,cost-optimized,CO-2,SAA-C03 — CO-2 (MEDIUM) #16,Which approach aligns with best practices when Design cost-optimized storage solutions in the context of AWS Solutions Architect Associate?,"Follow the documented approach for Design cost-optimized storage solutions, using recommended services and controls per the exam guide.",Use an approach that contradicts the exam objective and ignores documented constraints.,"Deploy without monitoring, backup, or access controls required by the blueprint.",Mix controls from unrelated domains that do not address the stated objective.,A,MEDIUM,aws-saa-c03|cost-optimized|CO-2|medium|blueprint-seed,**Answer: A** — Design cost-optimized storage solutions. Review the official AWS exam guide (SAA-C03) and linked documentation. Objective: CO-2.,https://docs.aws.amazon.com/|https://aws.amazon.com/certification/certified-solutions-architect-associate/
aws-saa-c03,cost-optimized,CO-2,SAA-C03 — CO-2 (HARD) #17,A production incident involves trade-offs between cost and resilience for Design cost-optimized storage solutions for Design Cost-Optimized Architectures?,Use an approach that contradicts the exam objective and ignores documented constraints.,"Deploy without monitoring, backup, or access controls required by the blueprint.",Mix controls from unrelated domains that do not address the stated objective.,"Implement Design cost-optimized storage solutions using AWS best practices for Design Cost-Optimized Architectures, including monitoring and least privilege.",B,HARD,aws-saa-c03|cost-optimized|CO-2|hard|blueprint-seed,**Answer: B** — Design cost-optimized storage solutions. Review the official AWS exam guide (SAA-C03) and linked documentation. Objective: CO-2.,https://docs.aws.amazon.com/|https://aws.amazon.com/certification/certified-solutions-architect-associate/
aws-saa-c03,cost-optimized,CO-2,SAA-C03 — CO-2 (HARD) #18,Complex regulatory requirements demand that you Design cost-optimized storage solutions for Design Cost-Optimized Architectures?,"Deploy without monitoring, backup, or access controls required by the blueprint.",Mix controls from unrelated domains that do not address the stated objective.,Apply the official Design Cost-Optimized Architectures guidance: Design cost-optimized storage solutions — this aligns with exam blueprint expectations and vendor documentation.,Use an approach that contradicts the exam objective and ignores documented constraints.,C,HARD,aws-saa-c03|cost-optimized|CO-2|hard|blueprint-seed,**Answer: C** — Design cost-optimized storage solutions. Review the official AWS exam guide (SAA-C03) and linked documentation. Objective: CO-2.,https://docs.aws.amazon.com/|https://aws.amazon.com/certification/certified-solutions-architect-associate/
aws-saa-c03,cost-optimized,CO-2,SAA-C03 — CO-2 (HARD) #19,A multi-team rollout must balance security and velocity for Design cost-optimized storage solutions for Design Cost-Optimized Architectures?,Mix controls from unrelated domains that do not address the stated objective.,"Follow the documented approach for Design cost-optimized storage solutions, using recommended services and controls per the exam guide.",Use an approach that contradicts the exam objective and ignores documented constraints.,"Deploy without monitoring, backup, or access controls required by the blueprint.",D,HARD,aws-saa-c03|cost-optimized|CO-2|hard|blueprint-seed,**Answer: D** — Design cost-optimized storage solutions. Review the official AWS exam guide (SAA-C03) and linked documentation. Objective: CO-2.,https://docs.aws.amazon.com/|https://aws.amazon.com/certification/certified-solutions-architect-associate/
aws-saa-c03,cost-optimized,CO-2,SAA-C03 — CO-2 (HARD) #20,An enterprise requires zero-downtime architecture while Design cost-optimized storage solutions for Design Cost-Optimized Architectures?,"Implement Design cost-optimized storage solutions using AWS best practices for Design Cost-Optimized Architectures, including monitoring and least privilege.",Use an approach that contradicts the exam objective and ignores documented constraints.,"Deploy without monitoring, backup, or access controls required by the blueprint.",Mix controls from unrelated domains that do not address the stated objective.,A,HARD,aws-saa-c03|cost-optimized|CO-2|hard|blueprint-seed,**Answer: A** — Design cost-optimized storage solutions. Review the official AWS exam guide (SAA-C03) and linked documentation. Objective: CO-2.,https://docs.aws.amazon.com/|https://aws.amazon.com/certification/certified-solutions-architect-associate/
aws-saa-c03,cost-optimized,CO-2,SAA-C03 — CO-2 (HARD) #21,"Given strict compliance, auditability, and multi-region constraints, how should you Design cost-optimized storage solutions for Design Cost-Optimized Architectures?",Use an approach that contradicts the exam objective and ignores documented constraints.,"Deploy without monitoring, backup, or access controls required by the blueprint.",Mix controls from unrelated domains that do not address the stated objective.,Apply the official Design Cost-Optimized Architectures guidance: Design cost-optimized storage solutions — this aligns with exam blueprint expectations and vendor documentation.,B,HARD,aws-saa-c03|cost-optimized|CO-2|hard|blueprint-seed,**Answer: B** — Design cost-optimized storage solutions. Review the official AWS exam guide (SAA-C03) and linked documentation. Objective: CO-2.,https://docs.aws.amazon.com/|https://aws.amazon.com/certification/certified-solutions-architect-associate/
aws-saa-c03,cost-optimized,CO-2,SAA-C03 — CO-2 (HARD) #22,A production incident involves trade-offs between cost and resilience for Design cost-optimized storage solutions for Design Cost-Optimized Architectures?,"Deploy without monitoring, backup, or access controls required by the blueprint.",Mix controls from unrelated domains that do not address the stated objective.,"Follow the documented approach for Design cost-optimized storage solutions, using recommended services and controls per the exam guide.",Use an approach that contradicts the exam objective and ignores documented constraints.,C,HARD,aws-saa-c03|cost-optimized|CO-2|hard|blueprint-seed,**Answer: C** — Design cost-optimized storage solutions. Review the official AWS exam guide (SAA-C03) and linked documentation. Objective: CO-2.,https://docs.aws.amazon.com/|https://aws.amazon.com/certification/certified-solutions-architect-associate/
aws-saa-c03,cost-optimized,CO-2,SAA-C03 — CO-2 (HARD) #23,Complex regulatory requirements demand that you Design cost-optimized storage solutions for Design Cost-Optimized Architectures?,Mix controls from unrelated domains that do not address the stated objective.,"Implement Design cost-optimized storage solutions using AWS best practices for Design Cost-Optimized Architectures, including monitoring and least privilege.",Use an approach that contradicts the exam objective and ignores documented constraints.,"Deploy without monitoring, backup, or access controls required by the blueprint.",D,HARD,aws-saa-c03|cost-optimized|CO-2|hard|blueprint-seed,**Answer: D** — Design cost-optimized storage solutions. Review the official AWS exam guide (SAA-C03) and linked documentation. Objective: CO-2.,https://docs.aws.amazon.com/|https://aws.amazon.com/certification/certified-solutions-architect-associate/
aws-saa-c03,cost-optimized,CO-3,SAA-C03 — CO-3 (EASY) #1,What is the primary purpose of Design cost-optimized database solutions?,Use an approach that contradicts the exam objective and ignores documented constraints.,"Deploy without monitoring, backup, or access controls required by the blueprint.",Mix controls from unrelated domains that do not address the stated objective.,"Follow the documented approach for Design cost-optimized database solutions, using recommended services and controls per the exam guide.",B,EASY,aws-saa-c03|cost-optimized|CO-3|easy|blueprint-seed,**Answer: B** — Design cost-optimized database solutions. Review the official AWS exam guide (SAA-C03) and linked documentation. Objective: CO-3.,https://docs.aws.amazon.com/|https://aws.amazon.com/certification/certified-solutions-architect-associate/
aws-saa-c03,cost-optimized,CO-3,SAA-C03 — CO-3 (EASY) #2,Which concept is fundamental to Design cost-optimized database solutions?,"Deploy without monitoring, backup, or access controls required by the blueprint.",Mix controls from unrelated domains that do not address the stated objective.,"Implement Design cost-optimized database solutions using AWS best practices for Design Cost-Optimized Architectures, including monitoring and least privilege.",Use an approach that contradicts the exam objective and ignores documented constraints.,C,EASY,aws-saa-c03|cost-optimized|CO-3|easy|blueprint-seed,**Answer: C** — Design cost-optimized database solutions. Review the official AWS exam guide (SAA-C03) and linked documentation. Objective: CO-3.,https://docs.aws.amazon.com/|https://aws.amazon.com/certification/certified-solutions-architect-associate/
aws-saa-c03,cost-optimized,CO-3,SAA-C03 — CO-3 (EASY) #3,Identify the core principle behind Design cost-optimized database solutions?,Mix controls from unrelated domains that do not address the stated objective.,Apply the official Design Cost-Optimized Architectures guidance: Design cost-optimized database solutions — this aligns with exam blueprint expectations and vendor documentation.,Use an approach that contradicts the exam objective and ignores documented constraints.,"Deploy without monitoring, backup, or access controls required by the blueprint.",D,EASY,aws-saa-c03|cost-optimized|CO-3|easy|blueprint-seed,**Answer: D** — Design cost-optimized database solutions. Review the official AWS exam guide (SAA-C03) and linked documentation. Objective: CO-3.,https://docs.aws.amazon.com/|https://aws.amazon.com/certification/certified-solutions-architect-associate/
aws-saa-c03,cost-optimized,CO-3,SAA-C03 — CO-3 (EASY) #4,Which description accurately reflects Design cost-optimized database solutions?,"Follow the documented approach for Design cost-optimized database solutions, using recommended services and controls per the exam guide.",Use an approach that contradicts the exam objective and ignores documented constraints.,"Deploy without monitoring, backup, or access controls required by the blueprint.",Mix controls from unrelated domains that do not address the stated objective.,A,EASY,aws-saa-c03|cost-optimized|CO-3|easy|blueprint-seed,**Answer: A** — Design cost-optimized database solutions. Review the official AWS exam guide (SAA-C03) and linked documentation. Objective: CO-3.,https://docs.aws.amazon.com/|https://aws.amazon.com/certification/certified-solutions-architect-associate/
aws-saa-c03,cost-optimized,CO-3,SAA-C03 — CO-3 (EASY) #5,Which statement best defines the scope of Design cost-optimized database solutions?,Use an approach that contradicts the exam objective and ignores documented constraints.,"Deploy without monitoring, backup, or access controls required by the blueprint.",Mix controls from unrelated domains that do not address the stated objective.,"Implement Design cost-optimized database solutions using AWS best practices for Design Cost-Optimized Architectures, including monitoring and least privilege.",B,EASY,aws-saa-c03|cost-optimized|CO-3|easy|blueprint-seed,**Answer: B** — Design cost-optimized database solutions. Review the official AWS exam guide (SAA-C03) and linked documentation. Objective: CO-3.,https://docs.aws.amazon.com/|https://aws.amazon.com/certification/certified-solutions-architect-associate/
aws-saa-c03,cost-optimized,CO-3,SAA-C03 — CO-3 (EASY) #6,What is the primary purpose of Design cost-optimized database solutions?,"Deploy without monitoring, backup, or access controls required by the blueprint.",Mix controls from unrelated domains that do not address the stated objective.,Apply the official Design Cost-Optimized Architectures guidance: Design cost-optimized database solutions — this aligns with exam blueprint expectations and vendor documentation.,Use an approach that contradicts the exam objective and ignores documented constraints.,C,EASY,aws-saa-c03|cost-optimized|CO-3|easy|blueprint-seed,**Answer: C** — Design cost-optimized database solutions. Review the official AWS exam guide (SAA-C03) and linked documentation. Objective: CO-3.,https://docs.aws.amazon.com/|https://aws.amazon.com/certification/certified-solutions-architect-associate/
aws-saa-c03,cost-optimized,CO-3,SAA-C03 — CO-3 (EASY) #7,Which concept is fundamental to Design cost-optimized database solutions?,Mix controls from unrelated domains that do not address the stated objective.,"Follow the documented approach for Design cost-optimized database solutions, using recommended services and controls per the exam guide.",Use an approach that contradicts the exam objective and ignores documented constraints.,"Deploy without monitoring, backup, or access controls required by the blueprint.",D,EASY,aws-saa-c03|cost-optimized|CO-3|easy|blueprint-seed,**Answer: D** — Design cost-optimized database solutions. Review the official AWS exam guide (SAA-C03) and linked documentation. Objective: CO-3.,https://docs.aws.amazon.com/|https://aws.amazon.com/certification/certified-solutions-architect-associate/
aws-saa-c03,cost-optimized,CO-3,SAA-C03 — CO-3 (MEDIUM) #8,Which configuration satisfies requirements for Design cost-optimized database solutions in the context of AWS Solutions Architect Associate?,"Implement Design cost-optimized database solutions using AWS best practices for Design Cost-Optimized Architectures, including monitoring and least privilege.",Use an approach that contradicts the exam objective and ignores documented constraints.,"Deploy without monitoring, backup, or access controls required by the blueprint.",Mix controls from unrelated domains that do not address the stated objective.,A,MEDIUM,aws-saa-c03|cost-optimized|CO-3|medium|blueprint-seed,**Answer: A** — Design cost-optimized database solutions. Review the official AWS exam guide (SAA-C03) and linked documentation. Objective: CO-3.,https://docs.aws.amazon.com/|https://aws.amazon.com/certification/certified-solutions-architect-associate/
aws-saa-c03,cost-optimized,CO-3,SAA-C03 — CO-3 (MEDIUM) #9,What is the recommended design when applying Design cost-optimized database solutions in the context of AWS Solutions Architect Associate?,Use an approach that contradicts the exam objective and ignores documented constraints.,"Deploy without monitoring, backup, or access controls required by the blueprint.",Mix controls from unrelated domains that do not address the stated objective.,Apply the official Design Cost-Optimized Architectures guidance: Design cost-optimized database solutions — this aligns with exam blueprint expectations and vendor documentation.,B,MEDIUM,aws-saa-c03|cost-optimized|CO-3|medium|blueprint-seed,**Answer: B** — Design cost-optimized database solutions. Review the official AWS exam guide (SAA-C03) and linked documentation. Objective: CO-3.,https://docs.aws.amazon.com/|https://aws.amazon.com/certification/certified-solutions-architect-associate/
aws-saa-c03,cost-optimized,CO-3,SAA-C03 — CO-3 (MEDIUM) #10,A team must implement a solution for Design cost-optimized database solutions in the context of AWS Solutions Architect Associate?,"Deploy without monitoring, backup, or access controls required by the blueprint.",Mix controls from unrelated domains that do not address the stated objective.,"Follow the documented approach for Design cost-optimized database solutions, using recommended services and controls per the exam guide.",Use an approach that contradicts the exam objective and ignores documented constraints.,C,MEDIUM,aws-saa-c03|cost-optimized|CO-3|medium|blueprint-seed,**Answer: C** — Design cost-optimized database solutions. Review the official AWS exam guide (SAA-C03) and linked documentation. Objective: CO-3.,https://docs.aws.amazon.com/|https://aws.amazon.com/certification/certified-solutions-architect-associate/
aws-saa-c03,cost-optimized,CO-3,SAA-C03 — CO-3 (MEDIUM) #11,Which approach aligns with best practices when Design cost-optimized database solutions in the context of AWS Solutions Architect Associate?,Mix controls from unrelated domains that do not address the stated objective.,"Implement Design cost-optimized database solutions using AWS best practices for Design Cost-Optimized Architectures, including monitoring and least privilege.",Use an approach that contradicts the exam objective and ignores documented constraints.,"Deploy without monitoring, backup, or access controls required by the blueprint.",D,MEDIUM,aws-saa-c03|cost-optimized|CO-3|medium|blueprint-seed,**Answer: D** — Design cost-optimized database solutions. Review the official AWS exam guide (SAA-C03) and linked documentation. Objective: CO-3.,https://docs.aws.amazon.com/|https://aws.amazon.com/certification/certified-solutions-architect-associate/
aws-saa-c03,cost-optimized,CO-3,SAA-C03 — CO-3 (MEDIUM) #12,"During a project review, stakeholders ask how to Design cost-optimized database solutions in the context of AWS Solutions Architect Associate?",Apply the official Design Cost-Optimized Architectures guidance: Design cost-optimized database solutions — this aligns with exam blueprint expectations and vendor documentation.,Use an approach that contradicts the exam objective and ignores documented constraints.,"Deploy without monitoring, backup, or access controls required by the blueprint.",Mix controls from unrelated domains that do not address the stated objective.,A,MEDIUM,aws-saa-c03|cost-optimized|CO-3|medium|blueprint-seed,**Answer: A** — Design cost-optimized database solutions. Review the official AWS exam guide (SAA-C03) and linked documentation. Objective: CO-3.,https://docs.aws.amazon.com/|https://aws.amazon.com/certification/certified-solutions-architect-associate/
aws-saa-c03,cost-optimized,CO-3,SAA-C03 — CO-3 (MEDIUM) #13,Which configuration satisfies requirements for Design cost-optimized database solutions in the context of AWS Solutions Architect Associate?,Use an approach that contradicts the exam objective and ignores documented constraints.,"Deploy without monitoring, backup, or access controls required by the blueprint.",Mix controls from unrelated domains that do not address the stated objective.,"Follow the documented approach for Design cost-optimized database solutions, using recommended services and controls per the exam guide.",B,MEDIUM,aws-saa-c03|cost-optimized|CO-3|medium|blueprint-seed,**Answer: B** — Design cost-optimized database solutions. Review the official AWS exam guide (SAA-C03) and linked documentation. Objective: CO-3.,https://docs.aws.amazon.com/|https://aws.amazon.com/certification/certified-solutions-architect-associate/
aws-saa-c03,cost-optimized,CO-3,SAA-C03 — CO-3 (MEDIUM) #14,What is the recommended design when applying Design cost-optimized database solutions in the context of AWS Solutions Architect Associate?,"Deploy without monitoring, backup, or access controls required by the blueprint.",Mix controls from unrelated domains that do not address the stated objective.,"Implement Design cost-optimized database solutions using AWS best practices for Design Cost-Optimized Architectures, including monitoring and least privilege.",Use an approach that contradicts the exam objective and ignores documented constraints.,C,MEDIUM,aws-saa-c03|cost-optimized|CO-3|medium|blueprint-seed,**Answer: C** — Design cost-optimized database solutions. Review the official AWS exam guide (SAA-C03) and linked documentation. Objective: CO-3.,https://docs.aws.amazon.com/|https://aws.amazon.com/certification/certified-solutions-architect-associate/
aws-saa-c03,cost-optimized,CO-3,SAA-C03 — CO-3 (MEDIUM) #15,A team must implement a solution for Design cost-optimized database solutions in the context of AWS Solutions Architect Associate?,Mix controls from unrelated domains that do not address the stated objective.,Apply the official Design Cost-Optimized Architectures guidance: Design cost-optimized database solutions — this aligns with exam blueprint expectations and vendor documentation.,Use an approach that contradicts the exam objective and ignores documented constraints.,"Deploy without monitoring, backup, or access controls required by the blueprint.",D,MEDIUM,aws-saa-c03|cost-optimized|CO-3|medium|blueprint-seed,**Answer: D** — Design cost-optimized database solutions. Review the official AWS exam guide (SAA-C03) and linked documentation. Objective: CO-3.,https://docs.aws.amazon.com/|https://aws.amazon.com/certification/certified-solutions-architect-associate/
aws-saa-c03,cost-optimized,CO-3,SAA-C03 — CO-3 (MEDIUM) #16,Which approach aligns with best practices when Design cost-optimized database solutions in the context of AWS Solutions Architect Associate?,"Follow the documented approach for Design cost-optimized database solutions, using recommended services and controls per the exam guide.",Use an approach that contradicts the exam objective and ignores documented constraints.,"Deploy without monitoring, backup, or access controls required by the blueprint.",Mix controls from unrelated domains that do not address the stated objective.,A,MEDIUM,aws-saa-c03|cost-optimized|CO-3|medium|blueprint-seed,**Answer: A** — Design cost-optimized database solutions. Review the official AWS exam guide (SAA-C03) and linked documentation. Objective: CO-3.,https://docs.aws.amazon.com/|https://aws.amazon.com/certification/certified-solutions-architect-associate/
aws-saa-c03,cost-optimized,CO-3,SAA-C03 — CO-3 (HARD) #17,A production incident involves trade-offs between cost and resilience for Design cost-optimized database solutions for Design Cost-Optimized Architectures?,Use an approach that contradicts the exam objective and ignores documented constraints.,"Deploy without monitoring, backup, or access controls required by the blueprint.",Mix controls from unrelated domains that do not address the stated objective.,"Implement Design cost-optimized database solutions using AWS best practices for Design Cost-Optimized Architectures, including monitoring and least privilege.",B,HARD,aws-saa-c03|cost-optimized|CO-3|hard|blueprint-seed,**Answer: B** — Design cost-optimized database solutions. Review the official AWS exam guide (SAA-C03) and linked documentation. Objective: CO-3.,https://docs.aws.amazon.com/|https://aws.amazon.com/certification/certified-solutions-architect-associate/
aws-saa-c03,cost-optimized,CO-3,SAA-C03 — CO-3 (HARD) #18,Complex regulatory requirements demand that you Design cost-optimized database solutions for Design Cost-Optimized Architectures?,"Deploy without monitoring, backup, or access controls required by the blueprint.",Mix controls from unrelated domains that do not address the stated objective.,Apply the official Design Cost-Optimized Architectures guidance: Design cost-optimized database solutions — this aligns with exam blueprint expectations and vendor documentation.,Use an approach that contradicts the exam objective and ignores documented constraints.,C,HARD,aws-saa-c03|cost-optimized|CO-3|hard|blueprint-seed,**Answer: C** — Design cost-optimized database solutions. Review the official AWS exam guide (SAA-C03) and linked documentation. Objective: CO-3.,https://docs.aws.amazon.com/|https://aws.amazon.com/certification/certified-solutions-architect-associate/
aws-saa-c03,cost-optimized,CO-3,SAA-C03 — CO-3 (HARD) #19,A multi-team rollout must balance security and velocity for Design cost-optimized database solutions for Design Cost-Optimized Architectures?,Mix controls from unrelated domains that do not address the stated objective.,"Follow the documented approach for Design cost-optimized database solutions, using recommended services and controls per the exam guide.",Use an approach that contradicts the exam objective and ignores documented constraints.,"Deploy without monitoring, backup, or access controls required by the blueprint.",D,HARD,aws-saa-c03|cost-optimized|CO-3|hard|blueprint-seed,**Answer: D** — Design cost-optimized database solutions. Review the official AWS exam guide (SAA-C03) and linked documentation. Objective: CO-3.,https://docs.aws.amazon.com/|https://aws.amazon.com/certification/certified-solutions-architect-associate/
aws-saa-c03,cost-optimized,CO-3,SAA-C03 — CO-3 (HARD) #20,An enterprise requires zero-downtime architecture while Design cost-optimized database solutions for Design Cost-Optimized Architectures?,"Implement Design cost-optimized database solutions using AWS best practices for Design Cost-Optimized Architectures, including monitoring and least privilege.",Use an approach that contradicts the exam objective and ignores documented constraints.,"Deploy without monitoring, backup, or access controls required by the blueprint.",Mix controls from unrelated domains that do not address the stated objective.,A,HARD,aws-saa-c03|cost-optimized|CO-3|hard|blueprint-seed,**Answer: A** — Design cost-optimized database solutions. Review the official AWS exam guide (SAA-C03) and linked documentation. Objective: CO-3.,https://docs.aws.amazon.com/|https://aws.amazon.com/certification/certified-solutions-architect-associate/
aws-saa-c03,cost-optimized,CO-3,SAA-C03 — CO-3 (HARD) #21,"Given strict compliance, auditability, and multi-region constraints, how should you Design cost-optimized database solutions for Design Cost-Optimized Architectures?",Use an approach that contradicts the exam objective and ignores documented constraints.,"Deploy without monitoring, backup, or access controls required by the blueprint.",Mix controls from unrelated domains that do not address the stated objective.,Apply the official Design Cost-Optimized Architectures guidance: Design cost-optimized database solutions — this aligns with exam blueprint expectations and vendor documentation.,B,HARD,aws-saa-c03|cost-optimized|CO-3|hard|blueprint-seed,**Answer: B** — Design cost-optimized database solutions. Review the official AWS exam guide (SAA-C03) and linked documentation. Objective: CO-3.,https://docs.aws.amazon.com/|https://aws.amazon.com/certification/certified-solutions-architect-associate/
aws-saa-c03,cost-optimized,CO-3,SAA-C03 — CO-3 (HARD) #22,A production incident involves trade-offs between cost and resilience for Design cost-optimized database solutions for Design Cost-Optimized Architectures?,"Deploy without monitoring, backup, or access controls required by the blueprint.",Mix controls from unrelated domains that do not address the stated objective.,"Follow the documented approach for Design cost-optimized database solutions, using recommended services and controls per the exam guide.",Use an approach that contradicts the exam objective and ignores documented constraints.,C,HARD,aws-saa-c03|cost-optimized|CO-3|hard|blueprint-seed,**Answer: C** — Design cost-optimized database solutions. Review the official AWS exam guide (SAA-C03) and linked documentation. Objective: CO-3.,https://docs.aws.amazon.com/|https://aws.amazon.com/certification/certified-solutions-architect-associate/
aws-saa-c03,cost-optimized,CO-3,SAA-C03 — CO-3 (HARD) #23,Complex regulatory requirements demand that you Design cost-optimized database solutions for Design Cost-Optimized Architectures?,Mix controls from unrelated domains that do not address the stated objective.,"Implement Design cost-optimized database solutions using AWS best practices for Design Cost-Optimized Architectures, including monitoring and least privilege.",Use an approach that contradicts the exam objective and ignores documented constraints.,"Deploy without monitoring, backup, or access controls required by the blueprint.",D,HARD,aws-saa-c03|cost-optimized|CO-3|hard|blueprint-seed,**Answer: D** — Design cost-optimized database solutions. Review the official AWS exam guide (SAA-C03) and linked documentation. Objective: CO-3.,https://docs.aws.amazon.com/|https://aws.amazon.com/certification/certified-solutions-architect-associate/
aws-saa-c03,cost-optimized,CO-4,SAA-C03 — CO-4 (EASY) #1,What is the primary purpose of Design cost-optimized network architectures?,Use an approach that contradicts the exam objective and ignores documented constraints.,"Deploy without monitoring, backup, or access controls required by the blueprint.",Mix controls from unrelated domains that do not address the stated objective.,"Follow the documented approach for Design cost-optimized network architectures, using recommended services and controls per the exam guide.",B,EASY,aws-saa-c03|cost-optimized|CO-4|easy|blueprint-seed,**Answer: B** — Design cost-optimized network architectures. Review the official AWS exam guide (SAA-C03) and linked documentation. Objective: CO-4.,https://docs.aws.amazon.com/|https://aws.amazon.com/certification/certified-solutions-architect-associate/
aws-saa-c03,cost-optimized,CO-4,SAA-C03 — CO-4 (EASY) #2,Which concept is fundamental to Design cost-optimized network architectures?,"Deploy without monitoring, backup, or access controls required by the blueprint.",Mix controls from unrelated domains that do not address the stated objective.,"Implement Design cost-optimized network architectures using AWS best practices for Design Cost-Optimized Architectures, including monitoring and least privilege.",Use an approach that contradicts the exam objective and ignores documented constraints.,C,EASY,aws-saa-c03|cost-optimized|CO-4|easy|blueprint-seed,**Answer: C** — Design cost-optimized network architectures. Review the official AWS exam guide (SAA-C03) and linked documentation. Objective: CO-4.,https://docs.aws.amazon.com/|https://aws.amazon.com/certification/certified-solutions-architect-associate/
aws-saa-c03,cost-optimized,CO-4,SAA-C03 — CO-4 (EASY) #3,Identify the core principle behind Design cost-optimized network architectures?,Mix controls from unrelated domains that do not address the stated objective.,Apply the official Design Cost-Optimized Architectures guidance: Design cost-optimized network architectures — this aligns with exam blueprint expectations and vendor documentation.,Use an approach that contradicts the exam objective and ignores documented constraints.,"Deploy without monitoring, backup, or access controls required by the blueprint.",D,EASY,aws-saa-c03|cost-optimized|CO-4|easy|blueprint-seed,**Answer: D** — Design cost-optimized network architectures. Review the official AWS exam guide (SAA-C03) and linked documentation. Objective: CO-4.,https://docs.aws.amazon.com/|https://aws.amazon.com/certification/certified-solutions-architect-associate/
aws-saa-c03,cost-optimized,CO-4,SAA-C03 — CO-4 (EASY) #4,Which description accurately reflects Design cost-optimized network architectures?,"Follow the documented approach for Design cost-optimized network architectures, using recommended services and controls per the exam guide.",Use an approach that contradicts the exam objective and ignores documented constraints.,"Deploy without monitoring, backup, or access controls required by the blueprint.",Mix controls from unrelated domains that do not address the stated objective.,A,EASY,aws-saa-c03|cost-optimized|CO-4|easy|blueprint-seed,**Answer: A** — Design cost-optimized network architectures. Review the official AWS exam guide (SAA-C03) and linked documentation. Objective: CO-4.,https://docs.aws.amazon.com/|https://aws.amazon.com/certification/certified-solutions-architect-associate/
aws-saa-c03,cost-optimized,CO-4,SAA-C03 — CO-4 (EASY) #5,Which statement best defines the scope of Design cost-optimized network architectures?,Use an approach that contradicts the exam objective and ignores documented constraints.,"Deploy without monitoring, backup, or access controls required by the blueprint.",Mix controls from unrelated domains that do not address the stated objective.,"Implement Design cost-optimized network architectures using AWS best practices for Design Cost-Optimized Architectures, including monitoring and least privilege.",B,EASY,aws-saa-c03|cost-optimized|CO-4|easy|blueprint-seed,**Answer: B** — Design cost-optimized network architectures. Review the official AWS exam guide (SAA-C03) and linked documentation. Objective: CO-4.,https://docs.aws.amazon.com/|https://aws.amazon.com/certification/certified-solutions-architect-associate/
aws-saa-c03,cost-optimized,CO-4,SAA-C03 — CO-4 (EASY) #6,What is the primary purpose of Design cost-optimized network architectures?,"Deploy without monitoring, backup, or access controls required by the blueprint.",Mix controls from unrelated domains that do not address the stated objective.,Apply the official Design Cost-Optimized Architectures guidance: Design cost-optimized network architectures — this aligns with exam blueprint expectations and vendor documentation.,Use an approach that contradicts the exam objective and ignores documented constraints.,C,EASY,aws-saa-c03|cost-optimized|CO-4|easy|blueprint-seed,**Answer: C** — Design cost-optimized network architectures. Review the official AWS exam guide (SAA-C03) and linked documentation. Objective: CO-4.,https://docs.aws.amazon.com/|https://aws.amazon.com/certification/certified-solutions-architect-associate/
aws-saa-c03,cost-optimized,CO-4,SAA-C03 — CO-4 (MEDIUM) #7,"During a project review, stakeholders ask how to Design cost-optimized network architectures in the context of AWS Solutions Architect Associate?",Mix controls from unrelated domains that do not address the stated objective.,"Follow the documented approach for Design cost-optimized network architectures, using recommended services and controls per the exam guide.",Use an approach that contradicts the exam objective and ignores documented constraints.,"Deploy without monitoring, backup, or access controls required by the blueprint.",D,MEDIUM,aws-saa-c03|cost-optimized|CO-4|medium|blueprint-seed,**Answer: D** — Design cost-optimized network architectures. Review the official AWS exam guide (SAA-C03) and linked documentation. Objective: CO-4.,https://docs.aws.amazon.com/|https://aws.amazon.com/certification/certified-solutions-architect-associate/
aws-saa-c03,cost-optimized,CO-4,SAA-C03 — CO-4 (MEDIUM) #8,Which configuration satisfies requirements for Design cost-optimized network architectures in the context of AWS Solutions Architect Associate?,"Implement Design cost-optimized network architectures using AWS best practices for Design Cost-Optimized Architectures, including monitoring and least privilege.",Use an approach that contradicts the exam objective and ignores documented constraints.,"Deploy without monitoring, backup, or access controls required by the blueprint.",Mix controls from unrelated domains that do not address the stated objective.,A,MEDIUM,aws-saa-c03|cost-optimized|CO-4|medium|blueprint-seed,**Answer: A** — Design cost-optimized network architectures. Review the official AWS exam guide (SAA-C03) and linked documentation. Objective: CO-4.,https://docs.aws.amazon.com/|https://aws.amazon.com/certification/certified-solutions-architect-associate/
aws-saa-c03,cost-optimized,CO-4,SAA-C03 — CO-4 (MEDIUM) #9,What is the recommended design when applying Design cost-optimized network architectures in the context of AWS Solutions Architect Associate?,Use an approach that contradicts the exam objective and ignores documented constraints.,"Deploy without monitoring, backup, or access controls required by the blueprint.",Mix controls from unrelated domains that do not address the stated objective.,Apply the official Design Cost-Optimized Architectures guidance: Design cost-optimized network architectures — this aligns with exam blueprint expectations and vendor documentation.,B,MEDIUM,aws-saa-c03|cost-optimized|CO-4|medium|blueprint-seed,**Answer: B** — Design cost-optimized network architectures. Review the official AWS exam guide (SAA-C03) and linked documentation. Objective: CO-4.,https://docs.aws.amazon.com/|https://aws.amazon.com/certification/certified-solutions-architect-associate/
aws-saa-c03,cost-optimized,CO-4,SAA-C03 — CO-4 (MEDIUM) #10,A team must implement a solution for Design cost-optimized network architectures in the context of AWS Solutions Architect Associate?,"Deploy without monitoring, backup, or access controls required by the blueprint.",Mix controls from unrelated domains that do not address the stated objective.,"Follow the documented approach for Design cost-optimized network architectures, using recommended services and controls per the exam guide.",Use an approach that contradicts the exam objective and ignores documented constraints.,C,MEDIUM,aws-saa-c03|cost-optimized|CO-4|medium|blueprint-seed,**Answer: C** — Design cost-optimized network architectures. Review the official AWS exam guide (SAA-C03) and linked documentation. Objective: CO-4.,https://docs.aws.amazon.com/|https://aws.amazon.com/certification/certified-solutions-architect-associate/
aws-saa-c03,cost-optimized,CO-4,SAA-C03 — CO-4 (MEDIUM) #11,Which approach aligns with best practices when Design cost-optimized network architectures in the context of AWS Solutions Architect Associate?,Mix controls from unrelated domains that do not address the stated objective.,"Implement Design cost-optimized network architectures using AWS best practices for Design Cost-Optimized Architectures, including monitoring and least privilege.",Use an approach that contradicts the exam objective and ignores documented constraints.,"Deploy without monitoring, backup, or access controls required by the blueprint.",D,MEDIUM,aws-saa-c03|cost-optimized|CO-4|medium|blueprint-seed,**Answer: D** — Design cost-optimized network architectures. Review the official AWS exam guide (SAA-C03) and linked documentation. Objective: CO-4.,https://docs.aws.amazon.com/|https://aws.amazon.com/certification/certified-solutions-architect-associate/
aws-saa-c03,cost-optimized,CO-4,SAA-C03 — CO-4 (MEDIUM) #12,"During a project review, stakeholders ask how to Design cost-optimized network architectures in the context of AWS Solutions Architect Associate?",Apply the official Design Cost-Optimized Architectures guidance: Design cost-optimized network architectures — this aligns with exam blueprint expectations and vendor documentation.,Use an approach that contradicts the exam objective and ignores documented constraints.,"Deploy without monitoring, backup, or access controls required by the blueprint.",Mix controls from unrelated domains that do not address the stated objective.,A,MEDIUM,aws-saa-c03|cost-optimized|CO-4|medium|blueprint-seed,**Answer: A** — Design cost-optimized network architectures. Review the official AWS exam guide (SAA-C03) and linked documentation. Objective: CO-4.,https://docs.aws.amazon.com/|https://aws.amazon.com/certification/certified-solutions-architect-associate/
aws-saa-c03,cost-optimized,CO-4,SAA-C03 — CO-4 (MEDIUM) #13,Which configuration satisfies requirements for Design cost-optimized network architectures in the context of AWS Solutions Architect Associate?,Use an approach that contradicts the exam objective and ignores documented constraints.,"Deploy without monitoring, backup, or access controls required by the blueprint.",Mix controls from unrelated domains that do not address the stated objective.,"Follow the documented approach for Design cost-optimized network architectures, using recommended services and controls per the exam guide.",B,MEDIUM,aws-saa-c03|cost-optimized|CO-4|medium|blueprint-seed,**Answer: B** — Design cost-optimized network architectures. Review the official AWS exam guide (SAA-C03) and linked documentation. Objective: CO-4.,https://docs.aws.amazon.com/|https://aws.amazon.com/certification/certified-solutions-architect-associate/
aws-saa-c03,cost-optimized,CO-4,SAA-C03 — CO-4 (MEDIUM) #14,What is the recommended design when applying Design cost-optimized network architectures in the context of AWS Solutions Architect Associate?,"Deploy without monitoring, backup, or access controls required by the blueprint.",Mix controls from unrelated domains that do not address the stated objective.,"Implement Design cost-optimized network architectures using AWS best practices for Design Cost-Optimized Architectures, including monitoring and least privilege.",Use an approach that contradicts the exam objective and ignores documented constraints.,C,MEDIUM,aws-saa-c03|cost-optimized|CO-4|medium|blueprint-seed,**Answer: C** — Design cost-optimized network architectures. Review the official AWS exam guide (SAA-C03) and linked documentation. Objective: CO-4.,https://docs.aws.amazon.com/|https://aws.amazon.com/certification/certified-solutions-architect-associate/
aws-saa-c03,cost-optimized,CO-4,SAA-C03 — CO-4 (HARD) #15,An enterprise requires zero-downtime architecture while Design cost-optimized network architectures for Design Cost-Optimized Architectures?,Mix controls from unrelated domains that do not address the stated objective.,Apply the official Design Cost-Optimized Architectures guidance: Design cost-optimized network architectures — this aligns with exam blueprint expectations and vendor documentation.,Use an approach that contradicts the exam objective and ignores documented constraints.,"Deploy without monitoring, backup, or access controls required by the blueprint.",D,HARD,aws-saa-c03|cost-optimized|CO-4|hard|blueprint-seed,**Answer: D** — Design cost-optimized network architectures. Review the official AWS exam guide (SAA-C03) and linked documentation. Objective: CO-4.,https://docs.aws.amazon.com/|https://aws.amazon.com/certification/certified-solutions-architect-associate/
aws-saa-c03,cost-optimized,CO-4,SAA-C03 — CO-4 (HARD) #16,"Given strict compliance, auditability, and multi-region constraints, how should you Design cost-optimized network architectures for Design Cost-Optimized Architectures?","Follow the documented approach for Design cost-optimized network architectures, using recommended services and controls per the exam guide.",Use an approach that contradicts the exam objective and ignores documented constraints.,"Deploy without monitoring, backup, or access controls required by the blueprint.",Mix controls from unrelated domains that do not address the stated objective.,A,HARD,aws-saa-c03|cost-optimized|CO-4|hard|blueprint-seed,**Answer: A** — Design cost-optimized network architectures. Review the official AWS exam guide (SAA-C03) and linked documentation. Objective: CO-4.,https://docs.aws.amazon.com/|https://aws.amazon.com/certification/certified-solutions-architect-associate/
aws-saa-c03,cost-optimized,CO-4,SAA-C03 — CO-4 (HARD) #17,A production incident involves trade-offs between cost and resilience for Design cost-optimized network architectures for Design Cost-Optimized Architectures?,Use an approach that contradicts the exam objective and ignores documented constraints.,"Deploy without monitoring, backup, or access controls required by the blueprint.",Mix controls from unrelated domains that do not address the stated objective.,"Implement Design cost-optimized network architectures using AWS best practices for Design Cost-Optimized Architectures, including monitoring and least privilege.",B,HARD,aws-saa-c03|cost-optimized|CO-4|hard|blueprint-seed,**Answer: B** — Design cost-optimized network architectures. Review the official AWS exam guide (SAA-C03) and linked documentation. Objective: CO-4.,https://docs.aws.amazon.com/|https://aws.amazon.com/certification/certified-solutions-architect-associate/
aws-saa-c03,cost-optimized,CO-4,SAA-C03 — CO-4 (HARD) #18,Complex regulatory requirements demand that you Design cost-optimized network architectures for Design Cost-Optimized Architectures?,"Deploy without monitoring, backup, or access controls required by the blueprint.",Mix controls from unrelated domains that do not address the stated objective.,Apply the official Design Cost-Optimized Architectures guidance: Design cost-optimized network architectures — this aligns with exam blueprint expectations and vendor documentation.,Use an approach that contradicts the exam objective and ignores documented constraints.,C,HARD,aws-saa-c03|cost-optimized|CO-4|hard|blueprint-seed,**Answer: C** — Design cost-optimized network architectures. Review the official AWS exam guide (SAA-C03) and linked documentation. Objective: CO-4.,https://docs.aws.amazon.com/|https://aws.amazon.com/certification/certified-solutions-architect-associate/
aws-saa-c03,cost-optimized,CO-4,SAA-C03 — CO-4 (HARD) #19,A multi-team rollout must balance security and velocity for Design cost-optimized network architectures for Design Cost-Optimized Architectures?,Mix controls from unrelated domains that do not address the stated objective.,"Follow the documented approach for Design cost-optimized network architectures, using recommended services and controls per the exam guide.",Use an approach that contradicts the exam objective and ignores documented constraints.,"Deploy without monitoring, backup, or access controls required by the blueprint.",D,HARD,aws-saa-c03|cost-optimized|CO-4|hard|blueprint-seed,**Answer: D** — Design cost-optimized network architectures. Review the official AWS exam guide (SAA-C03) and linked documentation. Objective: CO-4.,https://docs.aws.amazon.com/|https://aws.amazon.com/certification/certified-solutions-architect-associate/
aws-saa-c03,cost-optimized,CO-4,SAA-C03 — CO-4 (HARD) #20,An enterprise requires zero-downtime architecture while Design cost-optimized network architectures for Design Cost-Optimized Architectures?,"Implement Design cost-optimized network architectures using AWS best practices for Design Cost-Optimized Architectures, including monitoring and least privilege.",Use an approach that contradicts the exam objective and ignores documented constraints.,"Deploy without monitoring, backup, or access controls required by the blueprint.",Mix controls from unrelated domains that do not address the stated objective.,A,HARD,aws-saa-c03|cost-optimized|CO-4|hard|blueprint-seed,**Answer: A** — Design cost-optimized network architectures. Review the official AWS exam guide (SAA-C03) and linked documentation. Objective: CO-4.,https://docs.aws.amazon.com/|https://aws.amazon.com/certification/certified-solutions-architect-associate/
aws-saa-c03,cost-optimized,CO-4,SAA-C03 — CO-4 (HARD) #21,"Given strict compliance, auditability, and multi-region constraints, how should you Design cost-optimized network architectures for Design Cost-Optimized Architectures?",Use an approach that contradicts the exam objective and ignores documented constraints.,"Deploy without monitoring, backup, or access controls required by the blueprint.",Mix controls from unrelated domains that do not address the stated objective.,Apply the official Design Cost-Optimized Architectures guidance: Design cost-optimized network architectures — this aligns with exam blueprint expectations and vendor documentation.,B,HARD,aws-saa-c03|cost-optimized|CO-4|hard|blueprint-seed,**Answer: B** — Design cost-optimized network architectures. Review the official AWS exam guide (SAA-C03) and linked documentation. Objective: CO-4.,https://docs.aws.amazon.com/|https://aws.amazon.com/certification/certified-solutions-architect-associate/