certification_slug,domain_slug,objective_id,title,description,option_a,option_b,option_c,option_d,correct_option,difficulty,tags,explanation,reference_urls
aws-security-specialty,incident-response,IR-1,SCS-C02 — IR-1 (EASY) #1,What is the primary purpose of Design and implement incident response workflows?,Use an approach that contradicts the exam objective and ignores documented constraints.,"Deploy without monitoring, backup, or access controls required by the blueprint.",Mix controls from unrelated domains that do not address the stated objective.,"Follow the documented approach for Design and implement incident response workflows, using recommended services and controls per the exam guide.",B,EASY,aws-security-specialty|incident-response|IR-1|easy|blueprint-seed,**Answer: B** — Design and implement incident response workflows. Review the official AWS exam guide (SCS-C02) and linked documentation. Objective: IR-1.,https://docs.aws.amazon.com/security/|https://aws.amazon.com/certification/certified-security-specialty/
aws-security-specialty,incident-response,IR-1,SCS-C02 — IR-1 (EASY) #2,Which concept is fundamental to Design and implement incident response workflows?,"Deploy without monitoring, backup, or access controls required by the blueprint.",Mix controls from unrelated domains that do not address the stated objective.,"Implement Design and implement incident response workflows using AWS best practices for Incident Response, including monitoring and least privilege.",Use an approach that contradicts the exam objective and ignores documented constraints.,C,EASY,aws-security-specialty|incident-response|IR-1|easy|blueprint-seed,**Answer: C** — Design and implement incident response workflows. Review the official AWS exam guide (SCS-C02) and linked documentation. Objective: IR-1.,https://docs.aws.amazon.com/security/|https://aws.amazon.com/certification/certified-security-specialty/
aws-security-specialty,incident-response,IR-1,SCS-C02 — IR-1 (EASY) #3,Identify the core principle behind Design and implement incident response workflows?,Mix controls from unrelated domains that do not address the stated objective.,Apply the official Incident Response guidance: Design and implement incident response workflows — this aligns with exam blueprint expectations and vendor documentation.,Use an approach that contradicts the exam objective and ignores documented constraints.,"Deploy without monitoring, backup, or access controls required by the blueprint.",D,EASY,aws-security-specialty|incident-response|IR-1|easy|blueprint-seed,**Answer: D** — Design and implement incident response workflows. Review the official AWS exam guide (SCS-C02) and linked documentation. Objective: IR-1.,https://docs.aws.amazon.com/security/|https://aws.amazon.com/certification/certified-security-specialty/
aws-security-specialty,incident-response,IR-1,SCS-C02 — IR-1 (EASY) #4,Which description accurately reflects Design and implement incident response workflows?,"Follow the documented approach for Design and implement incident response workflows, using recommended services and controls per the exam guide.",Use an approach that contradicts the exam objective and ignores documented constraints.,"Deploy without monitoring, backup, or access controls required by the blueprint.",Mix controls from unrelated domains that do not address the stated objective.,A,EASY,aws-security-specialty|incident-response|IR-1|easy|blueprint-seed,**Answer: A** — Design and implement incident response workflows. Review the official AWS exam guide (SCS-C02) and linked documentation. Objective: IR-1.,https://docs.aws.amazon.com/security/|https://aws.amazon.com/certification/certified-security-specialty/
aws-security-specialty,incident-response,IR-1,SCS-C02 — IR-1 (EASY) #5,Which statement best defines the scope of Design and implement incident response workflows?,Use an approach that contradicts the exam objective and ignores documented constraints.,"Deploy without monitoring, backup, or access controls required by the blueprint.",Mix controls from unrelated domains that do not address the stated objective.,"Implement Design and implement incident response workflows using AWS best practices for Incident Response, including monitoring and least privilege.",B,EASY,aws-security-specialty|incident-response|IR-1|easy|blueprint-seed,**Answer: B** — Design and implement incident response workflows. Review the official AWS exam guide (SCS-C02) and linked documentation. Objective: IR-1.,https://docs.aws.amazon.com/security/|https://aws.amazon.com/certification/certified-security-specialty/
aws-security-specialty,incident-response,IR-1,SCS-C02 — IR-1 (EASY) #6,What is the primary purpose of Design and implement incident response workflows?,"Deploy without monitoring, backup, or access controls required by the blueprint.",Mix controls from unrelated domains that do not address the stated objective.,Apply the official Incident Response guidance: Design and implement incident response workflows — this aligns with exam blueprint expectations and vendor documentation.,Use an approach that contradicts the exam objective and ignores documented constraints.,C,EASY,aws-security-specialty|incident-response|IR-1|easy|blueprint-seed,**Answer: C** — Design and implement incident response workflows. Review the official AWS exam guide (SCS-C02) and linked documentation. Objective: IR-1.,https://docs.aws.amazon.com/security/|https://aws.amazon.com/certification/certified-security-specialty/
aws-security-specialty,incident-response,IR-1,SCS-C02 — IR-1 (EASY) #7,Which concept is fundamental to Design and implement incident response workflows?,Mix controls from unrelated domains that do not address the stated objective.,"Follow the documented approach for Design and implement incident response workflows, using recommended services and controls per the exam guide.",Use an approach that contradicts the exam objective and ignores documented constraints.,"Deploy without monitoring, backup, or access controls required by the blueprint.",D,EASY,aws-security-specialty|incident-response|IR-1|easy|blueprint-seed,**Answer: D** — Design and implement incident response workflows. Review the official AWS exam guide (SCS-C02) and linked documentation. Objective: IR-1.,https://docs.aws.amazon.com/security/|https://aws.amazon.com/certification/certified-security-specialty/
aws-security-specialty,incident-response,IR-1,SCS-C02 — IR-1 (EASY) #8,Identify the core principle behind Design and implement incident response workflows?,"Implement Design and implement incident response workflows using AWS best practices for Incident Response, including monitoring and least privilege.",Use an approach that contradicts the exam objective and ignores documented constraints.,"Deploy without monitoring, backup, or access controls required by the blueprint.",Mix controls from unrelated domains that do not address the stated objective.,A,EASY,aws-security-specialty|incident-response|IR-1|easy|blueprint-seed,**Answer: A** — Design and implement incident response workflows. Review the official AWS exam guide (SCS-C02) and linked documentation. Objective: IR-1.,https://docs.aws.amazon.com/security/|https://aws.amazon.com/certification/certified-security-specialty/
aws-security-specialty,incident-response,IR-1,SCS-C02 — IR-1 (EASY) #9,Which description accurately reflects Design and implement incident response workflows?,Use an approach that contradicts the exam objective and ignores documented constraints.,"Deploy without monitoring, backup, or access controls required by the blueprint.",Mix controls from unrelated domains that do not address the stated objective.,Apply the official Incident Response guidance: Design and implement incident response workflows — this aligns with exam blueprint expectations and vendor documentation.,B,EASY,aws-security-specialty|incident-response|IR-1|easy|blueprint-seed,**Answer: B** — Design and implement incident response workflows. Review the official AWS exam guide (SCS-C02) and linked documentation. Objective: IR-1.,https://docs.aws.amazon.com/security/|https://aws.amazon.com/certification/certified-security-specialty/
aws-security-specialty,incident-response,IR-1,SCS-C02 — IR-1 (EASY) #10,Which statement best defines the scope of Design and implement incident response workflows?,"Deploy without monitoring, backup, or access controls required by the blueprint.",Mix controls from unrelated domains that do not address the stated objective.,"Follow the documented approach for Design and implement incident response workflows, using recommended services and controls per the exam guide.",Use an approach that contradicts the exam objective and ignores documented constraints.,C,EASY,aws-security-specialty|incident-response|IR-1|easy|blueprint-seed,**Answer: C** — Design and implement incident response workflows. Review the official AWS exam guide (SCS-C02) and linked documentation. Objective: IR-1.,https://docs.aws.amazon.com/security/|https://aws.amazon.com/certification/certified-security-specialty/
aws-security-specialty,incident-response,IR-1,SCS-C02 — IR-1 (MEDIUM) #11,Which approach aligns with best practices when Design and implement incident response workflows in the context of AWS Certified Security – Specialty?,Mix controls from unrelated domains that do not address the stated objective.,"Implement Design and implement incident response workflows using AWS best practices for Incident Response, including monitoring and least privilege.",Use an approach that contradicts the exam objective and ignores documented constraints.,"Deploy without monitoring, backup, or access controls required by the blueprint.",D,MEDIUM,aws-security-specialty|incident-response|IR-1|medium|blueprint-seed,**Answer: D** — Design and implement incident response workflows. Review the official AWS exam guide (SCS-C02) and linked documentation. Objective: IR-1.,https://docs.aws.amazon.com/security/|https://aws.amazon.com/certification/certified-security-specialty/
aws-security-specialty,incident-response,IR-1,SCS-C02 — IR-1 (MEDIUM) #12,"During a project review, stakeholders ask how to Design and implement incident response workflows in the context of AWS Certified Security – Specialty?",Apply the official Incident Response guidance: Design and implement incident response workflows — this aligns with exam blueprint expectations and vendor documentation.,Use an approach that contradicts the exam objective and ignores documented constraints.,"Deploy without monitoring, backup, or access controls required by the blueprint.",Mix controls from unrelated domains that do not address the stated objective.,A,MEDIUM,aws-security-specialty|incident-response|IR-1|medium|blueprint-seed,**Answer: A** — Design and implement incident response workflows. Review the official AWS exam guide (SCS-C02) and linked documentation. Objective: IR-1.,https://docs.aws.amazon.com/security/|https://aws.amazon.com/certification/certified-security-specialty/
aws-security-specialty,incident-response,IR-1,SCS-C02 — IR-1 (MEDIUM) #13,Which configuration satisfies requirements for Design and implement incident response workflows in the context of AWS Certified Security – Specialty?,Use an approach that contradicts the exam objective and ignores documented constraints.,"Deploy without monitoring, backup, or access controls required by the blueprint.",Mix controls from unrelated domains that do not address the stated objective.,"Follow the documented approach for Design and implement incident response workflows, using recommended services and controls per the exam guide.",B,MEDIUM,aws-security-specialty|incident-response|IR-1|medium|blueprint-seed,**Answer: B** — Design and implement incident response workflows. Review the official AWS exam guide (SCS-C02) and linked documentation. Objective: IR-1.,https://docs.aws.amazon.com/security/|https://aws.amazon.com/certification/certified-security-specialty/
aws-security-specialty,incident-response,IR-1,SCS-C02 — IR-1 (MEDIUM) #14,What is the recommended design when applying Design and implement incident response workflows in the context of AWS Certified Security – Specialty?,"Deploy without monitoring, backup, or access controls required by the blueprint.",Mix controls from unrelated domains that do not address the stated objective.,"Implement Design and implement incident response workflows using AWS best practices for Incident Response, including monitoring and least privilege.",Use an approach that contradicts the exam objective and ignores documented constraints.,C,MEDIUM,aws-security-specialty|incident-response|IR-1|medium|blueprint-seed,**Answer: C** — Design and implement incident response workflows. Review the official AWS exam guide (SCS-C02) and linked documentation. Objective: IR-1.,https://docs.aws.amazon.com/security/|https://aws.amazon.com/certification/certified-security-specialty/
aws-security-specialty,incident-response,IR-1,SCS-C02 — IR-1 (MEDIUM) #15,A team must implement a solution for Design and implement incident response workflows in the context of AWS Certified Security – Specialty?,Mix controls from unrelated domains that do not address the stated objective.,Apply the official Incident Response guidance: Design and implement incident response workflows — this aligns with exam blueprint expectations and vendor documentation.,Use an approach that contradicts the exam objective and ignores documented constraints.,"Deploy without monitoring, backup, or access controls required by the blueprint.",D,MEDIUM,aws-security-specialty|incident-response|IR-1|medium|blueprint-seed,**Answer: D** — Design and implement incident response workflows. Review the official AWS exam guide (SCS-C02) and linked documentation. Objective: IR-1.,https://docs.aws.amazon.com/security/|https://aws.amazon.com/certification/certified-security-specialty/
aws-security-specialty,incident-response,IR-1,SCS-C02 — IR-1 (MEDIUM) #16,Which approach aligns with best practices when Design and implement incident response workflows in the context of AWS Certified Security – Specialty?,"Follow the documented approach for Design and implement incident response workflows, using recommended services and controls per the exam guide.",Use an approach that contradicts the exam objective and ignores documented constraints.,"Deploy without monitoring, backup, or access controls required by the blueprint.",Mix controls from unrelated domains that do not address the stated objective.,A,MEDIUM,aws-security-specialty|incident-response|IR-1|medium|blueprint-seed,**Answer: A** — Design and implement incident response workflows. Review the official AWS exam guide (SCS-C02) and linked documentation. Objective: IR-1.,https://docs.aws.amazon.com/security/|https://aws.amazon.com/certification/certified-security-specialty/
aws-security-specialty,incident-response,IR-1,SCS-C02 — IR-1 (MEDIUM) #17,"During a project review, stakeholders ask how to Design and implement incident response workflows in the context of AWS Certified Security – Specialty?",Use an approach that contradicts the exam objective and ignores documented constraints.,"Deploy without monitoring, backup, or access controls required by the blueprint.",Mix controls from unrelated domains that do not address the stated objective.,"Implement Design and implement incident response workflows using AWS best practices for Incident Response, including monitoring and least privilege.",B,MEDIUM,aws-security-specialty|incident-response|IR-1|medium|blueprint-seed,**Answer: B** — Design and implement incident response workflows. Review the official AWS exam guide (SCS-C02) and linked documentation. Objective: IR-1.,https://docs.aws.amazon.com/security/|https://aws.amazon.com/certification/certified-security-specialty/
aws-security-specialty,incident-response,IR-1,SCS-C02 — IR-1 (MEDIUM) #18,Which configuration satisfies requirements for Design and implement incident response workflows in the context of AWS Certified Security – Specialty?,"Deploy without monitoring, backup, or access controls required by the blueprint.",Mix controls from unrelated domains that do not address the stated objective.,Apply the official Incident Response guidance: Design and implement incident response workflows — this aligns with exam blueprint expectations and vendor documentation.,Use an approach that contradicts the exam objective and ignores documented constraints.,C,MEDIUM,aws-security-specialty|incident-response|IR-1|medium|blueprint-seed,**Answer: C** — Design and implement incident response workflows. Review the official AWS exam guide (SCS-C02) and linked documentation. Objective: IR-1.,https://docs.aws.amazon.com/security/|https://aws.amazon.com/certification/certified-security-specialty/
aws-security-specialty,incident-response,IR-1,SCS-C02 — IR-1 (MEDIUM) #19,What is the recommended design when applying Design and implement incident response workflows in the context of AWS Certified Security – Specialty?,Mix controls from unrelated domains that do not address the stated objective.,"Follow the documented approach for Design and implement incident response workflows, using recommended services and controls per the exam guide.",Use an approach that contradicts the exam objective and ignores documented constraints.,"Deploy without monitoring, backup, or access controls required by the blueprint.",D,MEDIUM,aws-security-specialty|incident-response|IR-1|medium|blueprint-seed,**Answer: D** — Design and implement incident response workflows. Review the official AWS exam guide (SCS-C02) and linked documentation. Objective: IR-1.,https://docs.aws.amazon.com/security/|https://aws.amazon.com/certification/certified-security-specialty/
aws-security-specialty,incident-response,IR-1,SCS-C02 — IR-1 (MEDIUM) #20,A team must implement a solution for Design and implement incident response workflows in the context of AWS Certified Security – Specialty?,"Implement Design and implement incident response workflows using AWS best practices for Incident Response, including monitoring and least privilege.",Use an approach that contradicts the exam objective and ignores documented constraints.,"Deploy without monitoring, backup, or access controls required by the blueprint.",Mix controls from unrelated domains that do not address the stated objective.,A,MEDIUM,aws-security-specialty|incident-response|IR-1|medium|blueprint-seed,**Answer: A** — Design and implement incident response workflows. Review the official AWS exam guide (SCS-C02) and linked documentation. Objective: IR-1.,https://docs.aws.amazon.com/security/|https://aws.amazon.com/certification/certified-security-specialty/
aws-security-specialty,incident-response,IR-1,SCS-C02 — IR-1 (MEDIUM) #21,Which approach aligns with best practices when Design and implement incident response workflows in the context of AWS Certified Security – Specialty?,Use an approach that contradicts the exam objective and ignores documented constraints.,"Deploy without monitoring, backup, or access controls required by the blueprint.",Mix controls from unrelated domains that do not address the stated objective.,Apply the official Incident Response guidance: Design and implement incident response workflows — this aligns with exam blueprint expectations and vendor documentation.,B,MEDIUM,aws-security-specialty|incident-response|IR-1|medium|blueprint-seed,**Answer: B** — Design and implement incident response workflows. Review the official AWS exam guide (SCS-C02) and linked documentation. Objective: IR-1.,https://docs.aws.amazon.com/security/|https://aws.amazon.com/certification/certified-security-specialty/
aws-security-specialty,incident-response,IR-1,SCS-C02 — IR-1 (MEDIUM) #22,"During a project review, stakeholders ask how to Design and implement incident response workflows in the context of AWS Certified Security – Specialty?","Deploy without monitoring, backup, or access controls required by the blueprint.",Mix controls from unrelated domains that do not address the stated objective.,"Follow the documented approach for Design and implement incident response workflows, using recommended services and controls per the exam guide.",Use an approach that contradicts the exam objective and ignores documented constraints.,C,MEDIUM,aws-security-specialty|incident-response|IR-1|medium|blueprint-seed,**Answer: C** — Design and implement incident response workflows. Review the official AWS exam guide (SCS-C02) and linked documentation. Objective: IR-1.,https://docs.aws.amazon.com/security/|https://aws.amazon.com/certification/certified-security-specialty/
aws-security-specialty,incident-response,IR-1,SCS-C02 — IR-1 (MEDIUM) #23,Which configuration satisfies requirements for Design and implement incident response workflows in the context of AWS Certified Security – Specialty?,Mix controls from unrelated domains that do not address the stated objective.,"Implement Design and implement incident response workflows using AWS best practices for Incident Response, including monitoring and least privilege.",Use an approach that contradicts the exam objective and ignores documented constraints.,"Deploy without monitoring, backup, or access controls required by the blueprint.",D,MEDIUM,aws-security-specialty|incident-response|IR-1|medium|blueprint-seed,**Answer: D** — Design and implement incident response workflows. Review the official AWS exam guide (SCS-C02) and linked documentation. Objective: IR-1.,https://docs.aws.amazon.com/security/|https://aws.amazon.com/certification/certified-security-specialty/
aws-security-specialty,incident-response,IR-1,SCS-C02 — IR-1 (MEDIUM) #24,What is the recommended design when applying Design and implement incident response workflows in the context of AWS Certified Security – Specialty?,Apply the official Incident Response guidance: Design and implement incident response workflows — this aligns with exam blueprint expectations and vendor documentation.,Use an approach that contradicts the exam objective and ignores documented constraints.,"Deploy without monitoring, backup, or access controls required by the blueprint.",Mix controls from unrelated domains that do not address the stated objective.,A,MEDIUM,aws-security-specialty|incident-response|IR-1|medium|blueprint-seed,**Answer: A** — Design and implement incident response workflows. Review the official AWS exam guide (SCS-C02) and linked documentation. Objective: IR-1.,https://docs.aws.amazon.com/security/|https://aws.amazon.com/certification/certified-security-specialty/
aws-security-specialty,incident-response,IR-1,SCS-C02 — IR-1 (HARD) #25,An enterprise requires zero-downtime architecture while Design and implement incident response workflows for Incident Response?,Use an approach that contradicts the exam objective and ignores documented constraints.,"Deploy without monitoring, backup, or access controls required by the blueprint.",Mix controls from unrelated domains that do not address the stated objective.,"Follow the documented approach for Design and implement incident response workflows, using recommended services and controls per the exam guide.",B,HARD,aws-security-specialty|incident-response|IR-1|hard|blueprint-seed,**Answer: B** — Design and implement incident response workflows. Review the official AWS exam guide (SCS-C02) and linked documentation. Objective: IR-1.,https://docs.aws.amazon.com/security/|https://aws.amazon.com/certification/certified-security-specialty/
aws-security-specialty,incident-response,IR-1,SCS-C02 — IR-1 (HARD) #26,"Given strict compliance, auditability, and multi-region constraints, how should you Design and implement incident response workflows for Incident Response?","Deploy without monitoring, backup, or access controls required by the blueprint.",Mix controls from unrelated domains that do not address the stated objective.,"Implement Design and implement incident response workflows using AWS best practices for Incident Response, including monitoring and least privilege.",Use an approach that contradicts the exam objective and ignores documented constraints.,C,HARD,aws-security-specialty|incident-response|IR-1|hard|blueprint-seed,**Answer: C** — Design and implement incident response workflows. Review the official AWS exam guide (SCS-C02) and linked documentation. Objective: IR-1.,https://docs.aws.amazon.com/security/|https://aws.amazon.com/certification/certified-security-specialty/
aws-security-specialty,incident-response,IR-1,SCS-C02 — IR-1 (HARD) #27,A production incident involves trade-offs between cost and resilience for Design and implement incident response workflows for Incident Response?,Mix controls from unrelated domains that do not address the stated objective.,Apply the official Incident Response guidance: Design and implement incident response workflows — this aligns with exam blueprint expectations and vendor documentation.,Use an approach that contradicts the exam objective and ignores documented constraints.,"Deploy without monitoring, backup, or access controls required by the blueprint.",D,HARD,aws-security-specialty|incident-response|IR-1|hard|blueprint-seed,**Answer: D** — Design and implement incident response workflows. Review the official AWS exam guide (SCS-C02) and linked documentation. Objective: IR-1.,https://docs.aws.amazon.com/security/|https://aws.amazon.com/certification/certified-security-specialty/
aws-security-specialty,incident-response,IR-1,SCS-C02 — IR-1 (HARD) #28,Complex regulatory requirements demand that you Design and implement incident response workflows for Incident Response?,"Follow the documented approach for Design and implement incident response workflows, using recommended services and controls per the exam guide.",Use an approach that contradicts the exam objective and ignores documented constraints.,"Deploy without monitoring, backup, or access controls required by the blueprint.",Mix controls from unrelated domains that do not address the stated objective.,A,HARD,aws-security-specialty|incident-response|IR-1|hard|blueprint-seed,**Answer: A** — Design and implement incident response workflows. Review the official AWS exam guide (SCS-C02) and linked documentation. Objective: IR-1.,https://docs.aws.amazon.com/security/|https://aws.amazon.com/certification/certified-security-specialty/
aws-security-specialty,incident-response,IR-1,SCS-C02 — IR-1 (HARD) #29,A multi-team rollout must balance security and velocity for Design and implement incident response workflows for Incident Response?,Use an approach that contradicts the exam objective and ignores documented constraints.,"Deploy without monitoring, backup, or access controls required by the blueprint.",Mix controls from unrelated domains that do not address the stated objective.,"Implement Design and implement incident response workflows using AWS best practices for Incident Response, including monitoring and least privilege.",B,HARD,aws-security-specialty|incident-response|IR-1|hard|blueprint-seed,**Answer: B** — Design and implement incident response workflows. Review the official AWS exam guide (SCS-C02) and linked documentation. Objective: IR-1.,https://docs.aws.amazon.com/security/|https://aws.amazon.com/certification/certified-security-specialty/
aws-security-specialty,incident-response,IR-1,SCS-C02 — IR-1 (HARD) #30,An enterprise requires zero-downtime architecture while Design and implement incident response workflows for Incident Response?,"Deploy without monitoring, backup, or access controls required by the blueprint.",Mix controls from unrelated domains that do not address the stated objective.,Apply the official Incident Response guidance: Design and implement incident response workflows — this aligns with exam blueprint expectations and vendor documentation.,Use an approach that contradicts the exam objective and ignores documented constraints.,C,HARD,aws-security-specialty|incident-response|IR-1|hard|blueprint-seed,**Answer: C** — Design and implement incident response workflows. Review the official AWS exam guide (SCS-C02) and linked documentation. Objective: IR-1.,https://docs.aws.amazon.com/security/|https://aws.amazon.com/certification/certified-security-specialty/
aws-security-specialty,incident-response,IR-1,SCS-C02 — IR-1 (HARD) #31,"Given strict compliance, auditability, and multi-region constraints, how should you Design and implement incident response workflows for Incident Response?",Mix controls from unrelated domains that do not address the stated objective.,"Follow the documented approach for Design and implement incident response workflows, using recommended services and controls per the exam guide.",Use an approach that contradicts the exam objective and ignores documented constraints.,"Deploy without monitoring, backup, or access controls required by the blueprint.",D,HARD,aws-security-specialty|incident-response|IR-1|hard|blueprint-seed,**Answer: D** — Design and implement incident response workflows. Review the official AWS exam guide (SCS-C02) and linked documentation. Objective: IR-1.,https://docs.aws.amazon.com/security/|https://aws.amazon.com/certification/certified-security-specialty/
aws-security-specialty,incident-response,IR-1,SCS-C02 — IR-1 (HARD) #32,A production incident involves trade-offs between cost and resilience for Design and implement incident response workflows for Incident Response?,"Implement Design and implement incident response workflows using AWS best practices for Incident Response, including monitoring and least privilege.",Use an approach that contradicts the exam objective and ignores documented constraints.,"Deploy without monitoring, backup, or access controls required by the blueprint.",Mix controls from unrelated domains that do not address the stated objective.,A,HARD,aws-security-specialty|incident-response|IR-1|hard|blueprint-seed,**Answer: A** — Design and implement incident response workflows. Review the official AWS exam guide (SCS-C02) and linked documentation. Objective: IR-1.,https://docs.aws.amazon.com/security/|https://aws.amazon.com/certification/certified-security-specialty/
aws-security-specialty,incident-response,IR-1,SCS-C02 — IR-1 (HARD) #33,Complex regulatory requirements demand that you Design and implement incident response workflows for Incident Response?,Use an approach that contradicts the exam objective and ignores documented constraints.,"Deploy without monitoring, backup, or access controls required by the blueprint.",Mix controls from unrelated domains that do not address the stated objective.,Apply the official Incident Response guidance: Design and implement incident response workflows — this aligns with exam blueprint expectations and vendor documentation.,B,HARD,aws-security-specialty|incident-response|IR-1|hard|blueprint-seed,**Answer: B** — Design and implement incident response workflows. Review the official AWS exam guide (SCS-C02) and linked documentation. Objective: IR-1.,https://docs.aws.amazon.com/security/|https://aws.amazon.com/certification/certified-security-specialty/
aws-security-specialty,incident-response,IR-1,SCS-C02 — IR-1 (HARD) #34,A multi-team rollout must balance security and velocity for Design and implement incident response workflows for Incident Response?,"Deploy without monitoring, backup, or access controls required by the blueprint.",Mix controls from unrelated domains that do not address the stated objective.,"Follow the documented approach for Design and implement incident response workflows, using recommended services and controls per the exam guide.",Use an approach that contradicts the exam objective and ignores documented constraints.,C,HARD,aws-security-specialty|incident-response|IR-1|hard|blueprint-seed,**Answer: C** — Design and implement incident response workflows. Review the official AWS exam guide (SCS-C02) and linked documentation. Objective: IR-1.,https://docs.aws.amazon.com/security/|https://aws.amazon.com/certification/certified-security-specialty/
aws-security-specialty,incident-response,IR-2,SCS-C02 — IR-2 (EASY) #1,What is the primary purpose of Triage security events and automate response?,Use an approach that contradicts the exam objective and ignores documented constraints.,"Deploy without monitoring, backup, or access controls required by the blueprint.",Mix controls from unrelated domains that do not address the stated objective.,"Follow the documented approach for Triage security events and automate response, using recommended services and controls per the exam guide.",B,EASY,aws-security-specialty|incident-response|IR-2|easy|blueprint-seed,**Answer: B** — Triage security events and automate response. Review the official AWS exam guide (SCS-C02) and linked documentation. Objective: IR-2.,https://docs.aws.amazon.com/security/|https://aws.amazon.com/certification/certified-security-specialty/
aws-security-specialty,incident-response,IR-2,SCS-C02 — IR-2 (EASY) #2,Which concept is fundamental to Triage security events and automate response?,"Deploy without monitoring, backup, or access controls required by the blueprint.",Mix controls from unrelated domains that do not address the stated objective.,"Implement Triage security events and automate response using AWS best practices for Incident Response, including monitoring and least privilege.",Use an approach that contradicts the exam objective and ignores documented constraints.,C,EASY,aws-security-specialty|incident-response|IR-2|easy|blueprint-seed,**Answer: C** — Triage security events and automate response. Review the official AWS exam guide (SCS-C02) and linked documentation. Objective: IR-2.,https://docs.aws.amazon.com/security/|https://aws.amazon.com/certification/certified-security-specialty/
aws-security-specialty,incident-response,IR-2,SCS-C02 — IR-2 (EASY) #3,Identify the core principle behind Triage security events and automate response?,Mix controls from unrelated domains that do not address the stated objective.,Apply the official Incident Response guidance: Triage security events and automate response — this aligns with exam blueprint expectations and vendor documentation.,Use an approach that contradicts the exam objective and ignores documented constraints.,"Deploy without monitoring, backup, or access controls required by the blueprint.",D,EASY,aws-security-specialty|incident-response|IR-2|easy|blueprint-seed,**Answer: D** — Triage security events and automate response. Review the official AWS exam guide (SCS-C02) and linked documentation. Objective: IR-2.,https://docs.aws.amazon.com/security/|https://aws.amazon.com/certification/certified-security-specialty/
aws-security-specialty,incident-response,IR-2,SCS-C02 — IR-2 (EASY) #4,Which description accurately reflects Triage security events and automate response?,"Follow the documented approach for Triage security events and automate response, using recommended services and controls per the exam guide.",Use an approach that contradicts the exam objective and ignores documented constraints.,"Deploy without monitoring, backup, or access controls required by the blueprint.",Mix controls from unrelated domains that do not address the stated objective.,A,EASY,aws-security-specialty|incident-response|IR-2|easy|blueprint-seed,**Answer: A** — Triage security events and automate response. Review the official AWS exam guide (SCS-C02) and linked documentation. Objective: IR-2.,https://docs.aws.amazon.com/security/|https://aws.amazon.com/certification/certified-security-specialty/
aws-security-specialty,incident-response,IR-2,SCS-C02 — IR-2 (EASY) #5,Which statement best defines the scope of Triage security events and automate response?,Use an approach that contradicts the exam objective and ignores documented constraints.,"Deploy without monitoring, backup, or access controls required by the blueprint.",Mix controls from unrelated domains that do not address the stated objective.,"Implement Triage security events and automate response using AWS best practices for Incident Response, including monitoring and least privilege.",B,EASY,aws-security-specialty|incident-response|IR-2|easy|blueprint-seed,**Answer: B** — Triage security events and automate response. Review the official AWS exam guide (SCS-C02) and linked documentation. Objective: IR-2.,https://docs.aws.amazon.com/security/|https://aws.amazon.com/certification/certified-security-specialty/
aws-security-specialty,incident-response,IR-2,SCS-C02 — IR-2 (EASY) #6,What is the primary purpose of Triage security events and automate response?,"Deploy without monitoring, backup, or access controls required by the blueprint.",Mix controls from unrelated domains that do not address the stated objective.,Apply the official Incident Response guidance: Triage security events and automate response — this aligns with exam blueprint expectations and vendor documentation.,Use an approach that contradicts the exam objective and ignores documented constraints.,C,EASY,aws-security-specialty|incident-response|IR-2|easy|blueprint-seed,**Answer: C** — Triage security events and automate response. Review the official AWS exam guide (SCS-C02) and linked documentation. Objective: IR-2.,https://docs.aws.amazon.com/security/|https://aws.amazon.com/certification/certified-security-specialty/
aws-security-specialty,incident-response,IR-2,SCS-C02 — IR-2 (EASY) #7,Which concept is fundamental to Triage security events and automate response?,Mix controls from unrelated domains that do not address the stated objective.,"Follow the documented approach for Triage security events and automate response, using recommended services and controls per the exam guide.",Use an approach that contradicts the exam objective and ignores documented constraints.,"Deploy without monitoring, backup, or access controls required by the blueprint.",D,EASY,aws-security-specialty|incident-response|IR-2|easy|blueprint-seed,**Answer: D** — Triage security events and automate response. Review the official AWS exam guide (SCS-C02) and linked documentation. Objective: IR-2.,https://docs.aws.amazon.com/security/|https://aws.amazon.com/certification/certified-security-specialty/
aws-security-specialty,incident-response,IR-2,SCS-C02 — IR-2 (EASY) #8,Identify the core principle behind Triage security events and automate response?,"Implement Triage security events and automate response using AWS best practices for Incident Response, including monitoring and least privilege.",Use an approach that contradicts the exam objective and ignores documented constraints.,"Deploy without monitoring, backup, or access controls required by the blueprint.",Mix controls from unrelated domains that do not address the stated objective.,A,EASY,aws-security-specialty|incident-response|IR-2|easy|blueprint-seed,**Answer: A** — Triage security events and automate response. Review the official AWS exam guide (SCS-C02) and linked documentation. Objective: IR-2.,https://docs.aws.amazon.com/security/|https://aws.amazon.com/certification/certified-security-specialty/
aws-security-specialty,incident-response,IR-2,SCS-C02 — IR-2 (EASY) #9,Which description accurately reflects Triage security events and automate response?,Use an approach that contradicts the exam objective and ignores documented constraints.,"Deploy without monitoring, backup, or access controls required by the blueprint.",Mix controls from unrelated domains that do not address the stated objective.,Apply the official Incident Response guidance: Triage security events and automate response — this aligns with exam blueprint expectations and vendor documentation.,B,EASY,aws-security-specialty|incident-response|IR-2|easy|blueprint-seed,**Answer: B** — Triage security events and automate response. Review the official AWS exam guide (SCS-C02) and linked documentation. Objective: IR-2.,https://docs.aws.amazon.com/security/|https://aws.amazon.com/certification/certified-security-specialty/
aws-security-specialty,incident-response,IR-2,SCS-C02 — IR-2 (EASY) #10,Which statement best defines the scope of Triage security events and automate response?,"Deploy without monitoring, backup, or access controls required by the blueprint.",Mix controls from unrelated domains that do not address the stated objective.,"Follow the documented approach for Triage security events and automate response, using recommended services and controls per the exam guide.",Use an approach that contradicts the exam objective and ignores documented constraints.,C,EASY,aws-security-specialty|incident-response|IR-2|easy|blueprint-seed,**Answer: C** — Triage security events and automate response. Review the official AWS exam guide (SCS-C02) and linked documentation. Objective: IR-2.,https://docs.aws.amazon.com/security/|https://aws.amazon.com/certification/certified-security-specialty/
aws-security-specialty,incident-response,IR-2,SCS-C02 — IR-2 (MEDIUM) #11,Which approach aligns with best practices when Triage security events and automate response in the context of AWS Certified Security – Specialty?,Mix controls from unrelated domains that do not address the stated objective.,"Implement Triage security events and automate response using AWS best practices for Incident Response, including monitoring and least privilege.",Use an approach that contradicts the exam objective and ignores documented constraints.,"Deploy without monitoring, backup, or access controls required by the blueprint.",D,MEDIUM,aws-security-specialty|incident-response|IR-2|medium|blueprint-seed,**Answer: D** — Triage security events and automate response. Review the official AWS exam guide (SCS-C02) and linked documentation. Objective: IR-2.,https://docs.aws.amazon.com/security/|https://aws.amazon.com/certification/certified-security-specialty/
aws-security-specialty,incident-response,IR-2,SCS-C02 — IR-2 (MEDIUM) #12,"During a project review, stakeholders ask how to Triage security events and automate response in the context of AWS Certified Security – Specialty?",Apply the official Incident Response guidance: Triage security events and automate response — this aligns with exam blueprint expectations and vendor documentation.,Use an approach that contradicts the exam objective and ignores documented constraints.,"Deploy without monitoring, backup, or access controls required by the blueprint.",Mix controls from unrelated domains that do not address the stated objective.,A,MEDIUM,aws-security-specialty|incident-response|IR-2|medium|blueprint-seed,**Answer: A** — Triage security events and automate response. Review the official AWS exam guide (SCS-C02) and linked documentation. Objective: IR-2.,https://docs.aws.amazon.com/security/|https://aws.amazon.com/certification/certified-security-specialty/
aws-security-specialty,incident-response,IR-2,SCS-C02 — IR-2 (MEDIUM) #13,Which configuration satisfies requirements for Triage security events and automate response in the context of AWS Certified Security – Specialty?,Use an approach that contradicts the exam objective and ignores documented constraints.,"Deploy without monitoring, backup, or access controls required by the blueprint.",Mix controls from unrelated domains that do not address the stated objective.,"Follow the documented approach for Triage security events and automate response, using recommended services and controls per the exam guide.",B,MEDIUM,aws-security-specialty|incident-response|IR-2|medium|blueprint-seed,**Answer: B** — Triage security events and automate response. Review the official AWS exam guide (SCS-C02) and linked documentation. Objective: IR-2.,https://docs.aws.amazon.com/security/|https://aws.amazon.com/certification/certified-security-specialty/
aws-security-specialty,incident-response,IR-2,SCS-C02 — IR-2 (MEDIUM) #14,What is the recommended design when applying Triage security events and automate response in the context of AWS Certified Security – Specialty?,"Deploy without monitoring, backup, or access controls required by the blueprint.",Mix controls from unrelated domains that do not address the stated objective.,"Implement Triage security events and automate response using AWS best practices for Incident Response, including monitoring and least privilege.",Use an approach that contradicts the exam objective and ignores documented constraints.,C,MEDIUM,aws-security-specialty|incident-response|IR-2|medium|blueprint-seed,**Answer: C** — Triage security events and automate response. Review the official AWS exam guide (SCS-C02) and linked documentation. Objective: IR-2.,https://docs.aws.amazon.com/security/|https://aws.amazon.com/certification/certified-security-specialty/
aws-security-specialty,incident-response,IR-2,SCS-C02 — IR-2 (MEDIUM) #15,A team must implement a solution for Triage security events and automate response in the context of AWS Certified Security – Specialty?,Mix controls from unrelated domains that do not address the stated objective.,Apply the official Incident Response guidance: Triage security events and automate response — this aligns with exam blueprint expectations and vendor documentation.,Use an approach that contradicts the exam objective and ignores documented constraints.,"Deploy without monitoring, backup, or access controls required by the blueprint.",D,MEDIUM,aws-security-specialty|incident-response|IR-2|medium|blueprint-seed,**Answer: D** — Triage security events and automate response. Review the official AWS exam guide (SCS-C02) and linked documentation. Objective: IR-2.,https://docs.aws.amazon.com/security/|https://aws.amazon.com/certification/certified-security-specialty/
aws-security-specialty,incident-response,IR-2,SCS-C02 — IR-2 (MEDIUM) #16,Which approach aligns with best practices when Triage security events and automate response in the context of AWS Certified Security – Specialty?,"Follow the documented approach for Triage security events and automate response, using recommended services and controls per the exam guide.",Use an approach that contradicts the exam objective and ignores documented constraints.,"Deploy without monitoring, backup, or access controls required by the blueprint.",Mix controls from unrelated domains that do not address the stated objective.,A,MEDIUM,aws-security-specialty|incident-response|IR-2|medium|blueprint-seed,**Answer: A** — Triage security events and automate response. Review the official AWS exam guide (SCS-C02) and linked documentation. Objective: IR-2.,https://docs.aws.amazon.com/security/|https://aws.amazon.com/certification/certified-security-specialty/
aws-security-specialty,incident-response,IR-2,SCS-C02 — IR-2 (MEDIUM) #17,"During a project review, stakeholders ask how to Triage security events and automate response in the context of AWS Certified Security – Specialty?",Use an approach that contradicts the exam objective and ignores documented constraints.,"Deploy without monitoring, backup, or access controls required by the blueprint.",Mix controls from unrelated domains that do not address the stated objective.,"Implement Triage security events and automate response using AWS best practices for Incident Response, including monitoring and least privilege.",B,MEDIUM,aws-security-specialty|incident-response|IR-2|medium|blueprint-seed,**Answer: B** — Triage security events and automate response. Review the official AWS exam guide (SCS-C02) and linked documentation. Objective: IR-2.,https://docs.aws.amazon.com/security/|https://aws.amazon.com/certification/certified-security-specialty/
aws-security-specialty,incident-response,IR-2,SCS-C02 — IR-2 (MEDIUM) #18,Which configuration satisfies requirements for Triage security events and automate response in the context of AWS Certified Security – Specialty?,"Deploy without monitoring, backup, or access controls required by the blueprint.",Mix controls from unrelated domains that do not address the stated objective.,Apply the official Incident Response guidance: Triage security events and automate response — this aligns with exam blueprint expectations and vendor documentation.,Use an approach that contradicts the exam objective and ignores documented constraints.,C,MEDIUM,aws-security-specialty|incident-response|IR-2|medium|blueprint-seed,**Answer: C** — Triage security events and automate response. Review the official AWS exam guide (SCS-C02) and linked documentation. Objective: IR-2.,https://docs.aws.amazon.com/security/|https://aws.amazon.com/certification/certified-security-specialty/
aws-security-specialty,incident-response,IR-2,SCS-C02 — IR-2 (MEDIUM) #19,What is the recommended design when applying Triage security events and automate response in the context of AWS Certified Security – Specialty?,Mix controls from unrelated domains that do not address the stated objective.,"Follow the documented approach for Triage security events and automate response, using recommended services and controls per the exam guide.",Use an approach that contradicts the exam objective and ignores documented constraints.,"Deploy without monitoring, backup, or access controls required by the blueprint.",D,MEDIUM,aws-security-specialty|incident-response|IR-2|medium|blueprint-seed,**Answer: D** — Triage security events and automate response. Review the official AWS exam guide (SCS-C02) and linked documentation. Objective: IR-2.,https://docs.aws.amazon.com/security/|https://aws.amazon.com/certification/certified-security-specialty/
aws-security-specialty,incident-response,IR-2,SCS-C02 — IR-2 (MEDIUM) #20,A team must implement a solution for Triage security events and automate response in the context of AWS Certified Security – Specialty?,"Implement Triage security events and automate response using AWS best practices for Incident Response, including monitoring and least privilege.",Use an approach that contradicts the exam objective and ignores documented constraints.,"Deploy without monitoring, backup, or access controls required by the blueprint.",Mix controls from unrelated domains that do not address the stated objective.,A,MEDIUM,aws-security-specialty|incident-response|IR-2|medium|blueprint-seed,**Answer: A** — Triage security events and automate response. Review the official AWS exam guide (SCS-C02) and linked documentation. Objective: IR-2.,https://docs.aws.amazon.com/security/|https://aws.amazon.com/certification/certified-security-specialty/
aws-security-specialty,incident-response,IR-2,SCS-C02 — IR-2 (MEDIUM) #21,Which approach aligns with best practices when Triage security events and automate response in the context of AWS Certified Security – Specialty?,Use an approach that contradicts the exam objective and ignores documented constraints.,"Deploy without monitoring, backup, or access controls required by the blueprint.",Mix controls from unrelated domains that do not address the stated objective.,Apply the official Incident Response guidance: Triage security events and automate response — this aligns with exam blueprint expectations and vendor documentation.,B,MEDIUM,aws-security-specialty|incident-response|IR-2|medium|blueprint-seed,**Answer: B** — Triage security events and automate response. Review the official AWS exam guide (SCS-C02) and linked documentation. Objective: IR-2.,https://docs.aws.amazon.com/security/|https://aws.amazon.com/certification/certified-security-specialty/
aws-security-specialty,incident-response,IR-2,SCS-C02 — IR-2 (MEDIUM) #22,"During a project review, stakeholders ask how to Triage security events and automate response in the context of AWS Certified Security – Specialty?","Deploy without monitoring, backup, or access controls required by the blueprint.",Mix controls from unrelated domains that do not address the stated objective.,"Follow the documented approach for Triage security events and automate response, using recommended services and controls per the exam guide.",Use an approach that contradicts the exam objective and ignores documented constraints.,C,MEDIUM,aws-security-specialty|incident-response|IR-2|medium|blueprint-seed,**Answer: C** — Triage security events and automate response. Review the official AWS exam guide (SCS-C02) and linked documentation. Objective: IR-2.,https://docs.aws.amazon.com/security/|https://aws.amazon.com/certification/certified-security-specialty/
aws-security-specialty,incident-response,IR-2,SCS-C02 — IR-2 (MEDIUM) #23,Which configuration satisfies requirements for Triage security events and automate response in the context of AWS Certified Security – Specialty?,Mix controls from unrelated domains that do not address the stated objective.,"Implement Triage security events and automate response using AWS best practices for Incident Response, including monitoring and least privilege.",Use an approach that contradicts the exam objective and ignores documented constraints.,"Deploy without monitoring, backup, or access controls required by the blueprint.",D,MEDIUM,aws-security-specialty|incident-response|IR-2|medium|blueprint-seed,**Answer: D** — Triage security events and automate response. Review the official AWS exam guide (SCS-C02) and linked documentation. Objective: IR-2.,https://docs.aws.amazon.com/security/|https://aws.amazon.com/certification/certified-security-specialty/
aws-security-specialty,incident-response,IR-2,SCS-C02 — IR-2 (MEDIUM) #24,What is the recommended design when applying Triage security events and automate response in the context of AWS Certified Security – Specialty?,Apply the official Incident Response guidance: Triage security events and automate response — this aligns with exam blueprint expectations and vendor documentation.,Use an approach that contradicts the exam objective and ignores documented constraints.,"Deploy without monitoring, backup, or access controls required by the blueprint.",Mix controls from unrelated domains that do not address the stated objective.,A,MEDIUM,aws-security-specialty|incident-response|IR-2|medium|blueprint-seed,**Answer: A** — Triage security events and automate response. Review the official AWS exam guide (SCS-C02) and linked documentation. Objective: IR-2.,https://docs.aws.amazon.com/security/|https://aws.amazon.com/certification/certified-security-specialty/
aws-security-specialty,incident-response,IR-2,SCS-C02 — IR-2 (HARD) #25,An enterprise requires zero-downtime architecture while Triage security events and automate response for Incident Response?,Use an approach that contradicts the exam objective and ignores documented constraints.,"Deploy without monitoring, backup, or access controls required by the blueprint.",Mix controls from unrelated domains that do not address the stated objective.,"Follow the documented approach for Triage security events and automate response, using recommended services and controls per the exam guide.",B,HARD,aws-security-specialty|incident-response|IR-2|hard|blueprint-seed,**Answer: B** — Triage security events and automate response. Review the official AWS exam guide (SCS-C02) and linked documentation. Objective: IR-2.,https://docs.aws.amazon.com/security/|https://aws.amazon.com/certification/certified-security-specialty/
aws-security-specialty,incident-response,IR-2,SCS-C02 — IR-2 (HARD) #26,"Given strict compliance, auditability, and multi-region constraints, how should you Triage security events and automate response for Incident Response?","Deploy without monitoring, backup, or access controls required by the blueprint.",Mix controls from unrelated domains that do not address the stated objective.,"Implement Triage security events and automate response using AWS best practices for Incident Response, including monitoring and least privilege.",Use an approach that contradicts the exam objective and ignores documented constraints.,C,HARD,aws-security-specialty|incident-response|IR-2|hard|blueprint-seed,**Answer: C** — Triage security events and automate response. Review the official AWS exam guide (SCS-C02) and linked documentation. Objective: IR-2.,https://docs.aws.amazon.com/security/|https://aws.amazon.com/certification/certified-security-specialty/
aws-security-specialty,incident-response,IR-2,SCS-C02 — IR-2 (HARD) #27,A production incident involves trade-offs between cost and resilience for Triage security events and automate response for Incident Response?,Mix controls from unrelated domains that do not address the stated objective.,Apply the official Incident Response guidance: Triage security events and automate response — this aligns with exam blueprint expectations and vendor documentation.,Use an approach that contradicts the exam objective and ignores documented constraints.,"Deploy without monitoring, backup, or access controls required by the blueprint.",D,HARD,aws-security-specialty|incident-response|IR-2|hard|blueprint-seed,**Answer: D** — Triage security events and automate response. Review the official AWS exam guide (SCS-C02) and linked documentation. Objective: IR-2.,https://docs.aws.amazon.com/security/|https://aws.amazon.com/certification/certified-security-specialty/
aws-security-specialty,incident-response,IR-2,SCS-C02 — IR-2 (HARD) #28,Complex regulatory requirements demand that you Triage security events and automate response for Incident Response?,"Follow the documented approach for Triage security events and automate response, using recommended services and controls per the exam guide.",Use an approach that contradicts the exam objective and ignores documented constraints.,"Deploy without monitoring, backup, or access controls required by the blueprint.",Mix controls from unrelated domains that do not address the stated objective.,A,HARD,aws-security-specialty|incident-response|IR-2|hard|blueprint-seed,**Answer: A** — Triage security events and automate response. Review the official AWS exam guide (SCS-C02) and linked documentation. Objective: IR-2.,https://docs.aws.amazon.com/security/|https://aws.amazon.com/certification/certified-security-specialty/
aws-security-specialty,incident-response,IR-2,SCS-C02 — IR-2 (HARD) #29,A multi-team rollout must balance security and velocity for Triage security events and automate response for Incident Response?,Use an approach that contradicts the exam objective and ignores documented constraints.,"Deploy without monitoring, backup, or access controls required by the blueprint.",Mix controls from unrelated domains that do not address the stated objective.,"Implement Triage security events and automate response using AWS best practices for Incident Response, including monitoring and least privilege.",B,HARD,aws-security-specialty|incident-response|IR-2|hard|blueprint-seed,**Answer: B** — Triage security events and automate response. Review the official AWS exam guide (SCS-C02) and linked documentation. Objective: IR-2.,https://docs.aws.amazon.com/security/|https://aws.amazon.com/certification/certified-security-specialty/
aws-security-specialty,incident-response,IR-2,SCS-C02 — IR-2 (HARD) #30,An enterprise requires zero-downtime architecture while Triage security events and automate response for Incident Response?,"Deploy without monitoring, backup, or access controls required by the blueprint.",Mix controls from unrelated domains that do not address the stated objective.,Apply the official Incident Response guidance: Triage security events and automate response — this aligns with exam blueprint expectations and vendor documentation.,Use an approach that contradicts the exam objective and ignores documented constraints.,C,HARD,aws-security-specialty|incident-response|IR-2|hard|blueprint-seed,**Answer: C** — Triage security events and automate response. Review the official AWS exam guide (SCS-C02) and linked documentation. Objective: IR-2.,https://docs.aws.amazon.com/security/|https://aws.amazon.com/certification/certified-security-specialty/
aws-security-specialty,incident-response,IR-2,SCS-C02 — IR-2 (HARD) #31,"Given strict compliance, auditability, and multi-region constraints, how should you Triage security events and automate response for Incident Response?",Mix controls from unrelated domains that do not address the stated objective.,"Follow the documented approach for Triage security events and automate response, using recommended services and controls per the exam guide.",Use an approach that contradicts the exam objective and ignores documented constraints.,"Deploy without monitoring, backup, or access controls required by the blueprint.",D,HARD,aws-security-specialty|incident-response|IR-2|hard|blueprint-seed,**Answer: D** — Triage security events and automate response. Review the official AWS exam guide (SCS-C02) and linked documentation. Objective: IR-2.,https://docs.aws.amazon.com/security/|https://aws.amazon.com/certification/certified-security-specialty/
aws-security-specialty,incident-response,IR-2,SCS-C02 — IR-2 (HARD) #32,A production incident involves trade-offs between cost and resilience for Triage security events and automate response for Incident Response?,"Implement Triage security events and automate response using AWS best practices for Incident Response, including monitoring and least privilege.",Use an approach that contradicts the exam objective and ignores documented constraints.,"Deploy without monitoring, backup, or access controls required by the blueprint.",Mix controls from unrelated domains that do not address the stated objective.,A,HARD,aws-security-specialty|incident-response|IR-2|hard|blueprint-seed,**Answer: A** — Triage security events and automate response. Review the official AWS exam guide (SCS-C02) and linked documentation. Objective: IR-2.,https://docs.aws.amazon.com/security/|https://aws.amazon.com/certification/certified-security-specialty/
aws-security-specialty,incident-response,IR-2,SCS-C02 — IR-2 (HARD) #33,Complex regulatory requirements demand that you Triage security events and automate response for Incident Response?,Use an approach that contradicts the exam objective and ignores documented constraints.,"Deploy without monitoring, backup, or access controls required by the blueprint.",Mix controls from unrelated domains that do not address the stated objective.,Apply the official Incident Response guidance: Triage security events and automate response — this aligns with exam blueprint expectations and vendor documentation.,B,HARD,aws-security-specialty|incident-response|IR-2|hard|blueprint-seed,**Answer: B** — Triage security events and automate response. Review the official AWS exam guide (SCS-C02) and linked documentation. Objective: IR-2.,https://docs.aws.amazon.com/security/|https://aws.amazon.com/certification/certified-security-specialty/
aws-security-specialty,incident-response,IR-2,SCS-C02 — IR-2 (HARD) #34,A multi-team rollout must balance security and velocity for Triage security events and automate response for Incident Response?,"Deploy without monitoring, backup, or access controls required by the blueprint.",Mix controls from unrelated domains that do not address the stated objective.,"Follow the documented approach for Triage security events and automate response, using recommended services and controls per the exam guide.",Use an approach that contradicts the exam objective and ignores documented constraints.,C,HARD,aws-security-specialty|incident-response|IR-2|hard|blueprint-seed,**Answer: C** — Triage security events and automate response. Review the official AWS exam guide (SCS-C02) and linked documentation. Objective: IR-2.,https://docs.aws.amazon.com/security/|https://aws.amazon.com/certification/certified-security-specialty/
aws-security-specialty,incident-response,IR-3,SCS-C02 — IR-3 (EASY) #1,What is the primary purpose of Contain and eradicate threats in AWS?,Use an approach that contradicts the exam objective and ignores documented constraints.,"Deploy without monitoring, backup, or access controls required by the blueprint.",Mix controls from unrelated domains that do not address the stated objective.,"Follow the documented approach for Contain and eradicate threats in AWS, using recommended services and controls per the exam guide.",B,EASY,aws-security-specialty|incident-response|IR-3|easy|blueprint-seed,**Answer: B** — Contain and eradicate threats in AWS. Review the official AWS exam guide (SCS-C02) and linked documentation. Objective: IR-3.,https://docs.aws.amazon.com/security/|https://aws.amazon.com/certification/certified-security-specialty/
aws-security-specialty,incident-response,IR-3,SCS-C02 — IR-3 (EASY) #2,Which concept is fundamental to Contain and eradicate threats in AWS?,"Deploy without monitoring, backup, or access controls required by the blueprint.",Mix controls from unrelated domains that do not address the stated objective.,"Implement Contain and eradicate threats in AWS using AWS best practices for Incident Response, including monitoring and least privilege.",Use an approach that contradicts the exam objective and ignores documented constraints.,C,EASY,aws-security-specialty|incident-response|IR-3|easy|blueprint-seed,**Answer: C** — Contain and eradicate threats in AWS. Review the official AWS exam guide (SCS-C02) and linked documentation. Objective: IR-3.,https://docs.aws.amazon.com/security/|https://aws.amazon.com/certification/certified-security-specialty/
aws-security-specialty,incident-response,IR-3,SCS-C02 — IR-3 (EASY) #3,Identify the core principle behind Contain and eradicate threats in AWS?,Mix controls from unrelated domains that do not address the stated objective.,Apply the official Incident Response guidance: Contain and eradicate threats in AWS — this aligns with exam blueprint expectations and vendor documentation.,Use an approach that contradicts the exam objective and ignores documented constraints.,"Deploy without monitoring, backup, or access controls required by the blueprint.",D,EASY,aws-security-specialty|incident-response|IR-3|easy|blueprint-seed,**Answer: D** — Contain and eradicate threats in AWS. Review the official AWS exam guide (SCS-C02) and linked documentation. Objective: IR-3.,https://docs.aws.amazon.com/security/|https://aws.amazon.com/certification/certified-security-specialty/
aws-security-specialty,incident-response,IR-3,SCS-C02 — IR-3 (EASY) #4,Which description accurately reflects Contain and eradicate threats in AWS?,"Follow the documented approach for Contain and eradicate threats in AWS, using recommended services and controls per the exam guide.",Use an approach that contradicts the exam objective and ignores documented constraints.,"Deploy without monitoring, backup, or access controls required by the blueprint.",Mix controls from unrelated domains that do not address the stated objective.,A,EASY,aws-security-specialty|incident-response|IR-3|easy|blueprint-seed,**Answer: A** — Contain and eradicate threats in AWS. Review the official AWS exam guide (SCS-C02) and linked documentation. Objective: IR-3.,https://docs.aws.amazon.com/security/|https://aws.amazon.com/certification/certified-security-specialty/
aws-security-specialty,incident-response,IR-3,SCS-C02 — IR-3 (EASY) #5,Which statement best defines the scope of Contain and eradicate threats in AWS?,Use an approach that contradicts the exam objective and ignores documented constraints.,"Deploy without monitoring, backup, or access controls required by the blueprint.",Mix controls from unrelated domains that do not address the stated objective.,"Implement Contain and eradicate threats in AWS using AWS best practices for Incident Response, including monitoring and least privilege.",B,EASY,aws-security-specialty|incident-response|IR-3|easy|blueprint-seed,**Answer: B** — Contain and eradicate threats in AWS. Review the official AWS exam guide (SCS-C02) and linked documentation. Objective: IR-3.,https://docs.aws.amazon.com/security/|https://aws.amazon.com/certification/certified-security-specialty/
aws-security-specialty,incident-response,IR-3,SCS-C02 — IR-3 (EASY) #6,What is the primary purpose of Contain and eradicate threats in AWS?,"Deploy without monitoring, backup, or access controls required by the blueprint.",Mix controls from unrelated domains that do not address the stated objective.,Apply the official Incident Response guidance: Contain and eradicate threats in AWS — this aligns with exam blueprint expectations and vendor documentation.,Use an approach that contradicts the exam objective and ignores documented constraints.,C,EASY,aws-security-specialty|incident-response|IR-3|easy|blueprint-seed,**Answer: C** — Contain and eradicate threats in AWS. Review the official AWS exam guide (SCS-C02) and linked documentation. Objective: IR-3.,https://docs.aws.amazon.com/security/|https://aws.amazon.com/certification/certified-security-specialty/
aws-security-specialty,incident-response,IR-3,SCS-C02 — IR-3 (EASY) #7,Which concept is fundamental to Contain and eradicate threats in AWS?,Mix controls from unrelated domains that do not address the stated objective.,"Follow the documented approach for Contain and eradicate threats in AWS, using recommended services and controls per the exam guide.",Use an approach that contradicts the exam objective and ignores documented constraints.,"Deploy without monitoring, backup, or access controls required by the blueprint.",D,EASY,aws-security-specialty|incident-response|IR-3|easy|blueprint-seed,**Answer: D** — Contain and eradicate threats in AWS. Review the official AWS exam guide (SCS-C02) and linked documentation. Objective: IR-3.,https://docs.aws.amazon.com/security/|https://aws.amazon.com/certification/certified-security-specialty/
aws-security-specialty,incident-response,IR-3,SCS-C02 — IR-3 (EASY) #8,Identify the core principle behind Contain and eradicate threats in AWS?,"Implement Contain and eradicate threats in AWS using AWS best practices for Incident Response, including monitoring and least privilege.",Use an approach that contradicts the exam objective and ignores documented constraints.,"Deploy without monitoring, backup, or access controls required by the blueprint.",Mix controls from unrelated domains that do not address the stated objective.,A,EASY,aws-security-specialty|incident-response|IR-3|easy|blueprint-seed,**Answer: A** — Contain and eradicate threats in AWS. Review the official AWS exam guide (SCS-C02) and linked documentation. Objective: IR-3.,https://docs.aws.amazon.com/security/|https://aws.amazon.com/certification/certified-security-specialty/
aws-security-specialty,incident-response,IR-3,SCS-C02 — IR-3 (EASY) #9,Which description accurately reflects Contain and eradicate threats in AWS?,Use an approach that contradicts the exam objective and ignores documented constraints.,"Deploy without monitoring, backup, or access controls required by the blueprint.",Mix controls from unrelated domains that do not address the stated objective.,Apply the official Incident Response guidance: Contain and eradicate threats in AWS — this aligns with exam blueprint expectations and vendor documentation.,B,EASY,aws-security-specialty|incident-response|IR-3|easy|blueprint-seed,**Answer: B** — Contain and eradicate threats in AWS. Review the official AWS exam guide (SCS-C02) and linked documentation. Objective: IR-3.,https://docs.aws.amazon.com/security/|https://aws.amazon.com/certification/certified-security-specialty/
aws-security-specialty,incident-response,IR-3,SCS-C02 — IR-3 (EASY) #10,Which statement best defines the scope of Contain and eradicate threats in AWS?,"Deploy without monitoring, backup, or access controls required by the blueprint.",Mix controls from unrelated domains that do not address the stated objective.,"Follow the documented approach for Contain and eradicate threats in AWS, using recommended services and controls per the exam guide.",Use an approach that contradicts the exam objective and ignores documented constraints.,C,EASY,aws-security-specialty|incident-response|IR-3|easy|blueprint-seed,**Answer: C** — Contain and eradicate threats in AWS. Review the official AWS exam guide (SCS-C02) and linked documentation. Objective: IR-3.,https://docs.aws.amazon.com/security/|https://aws.amazon.com/certification/certified-security-specialty/
aws-security-specialty,incident-response,IR-3,SCS-C02 — IR-3 (MEDIUM) #11,Which approach aligns with best practices when Contain and eradicate threats in AWS in the context of AWS Certified Security – Specialty?,Mix controls from unrelated domains that do not address the stated objective.,"Implement Contain and eradicate threats in AWS using AWS best practices for Incident Response, including monitoring and least privilege.",Use an approach that contradicts the exam objective and ignores documented constraints.,"Deploy without monitoring, backup, or access controls required by the blueprint.",D,MEDIUM,aws-security-specialty|incident-response|IR-3|medium|blueprint-seed,**Answer: D** — Contain and eradicate threats in AWS. Review the official AWS exam guide (SCS-C02) and linked documentation. Objective: IR-3.,https://docs.aws.amazon.com/security/|https://aws.amazon.com/certification/certified-security-specialty/
aws-security-specialty,incident-response,IR-3,SCS-C02 — IR-3 (MEDIUM) #12,"During a project review, stakeholders ask how to Contain and eradicate threats in AWS in the context of AWS Certified Security – Specialty?",Apply the official Incident Response guidance: Contain and eradicate threats in AWS — this aligns with exam blueprint expectations and vendor documentation.,Use an approach that contradicts the exam objective and ignores documented constraints.,"Deploy without monitoring, backup, or access controls required by the blueprint.",Mix controls from unrelated domains that do not address the stated objective.,A,MEDIUM,aws-security-specialty|incident-response|IR-3|medium|blueprint-seed,**Answer: A** — Contain and eradicate threats in AWS. Review the official AWS exam guide (SCS-C02) and linked documentation. Objective: IR-3.,https://docs.aws.amazon.com/security/|https://aws.amazon.com/certification/certified-security-specialty/
aws-security-specialty,incident-response,IR-3,SCS-C02 — IR-3 (MEDIUM) #13,Which configuration satisfies requirements for Contain and eradicate threats in AWS in the context of AWS Certified Security – Specialty?,Use an approach that contradicts the exam objective and ignores documented constraints.,"Deploy without monitoring, backup, or access controls required by the blueprint.",Mix controls from unrelated domains that do not address the stated objective.,"Follow the documented approach for Contain and eradicate threats in AWS, using recommended services and controls per the exam guide.",B,MEDIUM,aws-security-specialty|incident-response|IR-3|medium|blueprint-seed,**Answer: B** — Contain and eradicate threats in AWS. Review the official AWS exam guide (SCS-C02) and linked documentation. Objective: IR-3.,https://docs.aws.amazon.com/security/|https://aws.amazon.com/certification/certified-security-specialty/
aws-security-specialty,incident-response,IR-3,SCS-C02 — IR-3 (MEDIUM) #14,What is the recommended design when applying Contain and eradicate threats in AWS in the context of AWS Certified Security – Specialty?,"Deploy without monitoring, backup, or access controls required by the blueprint.",Mix controls from unrelated domains that do not address the stated objective.,"Implement Contain and eradicate threats in AWS using AWS best practices for Incident Response, including monitoring and least privilege.",Use an approach that contradicts the exam objective and ignores documented constraints.,C,MEDIUM,aws-security-specialty|incident-response|IR-3|medium|blueprint-seed,**Answer: C** — Contain and eradicate threats in AWS. Review the official AWS exam guide (SCS-C02) and linked documentation. Objective: IR-3.,https://docs.aws.amazon.com/security/|https://aws.amazon.com/certification/certified-security-specialty/
aws-security-specialty,incident-response,IR-3,SCS-C02 — IR-3 (MEDIUM) #15,A team must implement a solution for Contain and eradicate threats in AWS in the context of AWS Certified Security – Specialty?,Mix controls from unrelated domains that do not address the stated objective.,Apply the official Incident Response guidance: Contain and eradicate threats in AWS — this aligns with exam blueprint expectations and vendor documentation.,Use an approach that contradicts the exam objective and ignores documented constraints.,"Deploy without monitoring, backup, or access controls required by the blueprint.",D,MEDIUM,aws-security-specialty|incident-response|IR-3|medium|blueprint-seed,**Answer: D** — Contain and eradicate threats in AWS. Review the official AWS exam guide (SCS-C02) and linked documentation. Objective: IR-3.,https://docs.aws.amazon.com/security/|https://aws.amazon.com/certification/certified-security-specialty/
aws-security-specialty,incident-response,IR-3,SCS-C02 — IR-3 (MEDIUM) #16,Which approach aligns with best practices when Contain and eradicate threats in AWS in the context of AWS Certified Security – Specialty?,"Follow the documented approach for Contain and eradicate threats in AWS, using recommended services and controls per the exam guide.",Use an approach that contradicts the exam objective and ignores documented constraints.,"Deploy without monitoring, backup, or access controls required by the blueprint.",Mix controls from unrelated domains that do not address the stated objective.,A,MEDIUM,aws-security-specialty|incident-response|IR-3|medium|blueprint-seed,**Answer: A** — Contain and eradicate threats in AWS. Review the official AWS exam guide (SCS-C02) and linked documentation. Objective: IR-3.,https://docs.aws.amazon.com/security/|https://aws.amazon.com/certification/certified-security-specialty/
aws-security-specialty,incident-response,IR-3,SCS-C02 — IR-3 (MEDIUM) #17,"During a project review, stakeholders ask how to Contain and eradicate threats in AWS in the context of AWS Certified Security – Specialty?",Use an approach that contradicts the exam objective and ignores documented constraints.,"Deploy without monitoring, backup, or access controls required by the blueprint.",Mix controls from unrelated domains that do not address the stated objective.,"Implement Contain and eradicate threats in AWS using AWS best practices for Incident Response, including monitoring and least privilege.",B,MEDIUM,aws-security-specialty|incident-response|IR-3|medium|blueprint-seed,**Answer: B** — Contain and eradicate threats in AWS. Review the official AWS exam guide (SCS-C02) and linked documentation. Objective: IR-3.,https://docs.aws.amazon.com/security/|https://aws.amazon.com/certification/certified-security-specialty/
aws-security-specialty,incident-response,IR-3,SCS-C02 — IR-3 (MEDIUM) #18,Which configuration satisfies requirements for Contain and eradicate threats in AWS in the context of AWS Certified Security – Specialty?,"Deploy without monitoring, backup, or access controls required by the blueprint.",Mix controls from unrelated domains that do not address the stated objective.,Apply the official Incident Response guidance: Contain and eradicate threats in AWS — this aligns with exam blueprint expectations and vendor documentation.,Use an approach that contradicts the exam objective and ignores documented constraints.,C,MEDIUM,aws-security-specialty|incident-response|IR-3|medium|blueprint-seed,**Answer: C** — Contain and eradicate threats in AWS. Review the official AWS exam guide (SCS-C02) and linked documentation. Objective: IR-3.,https://docs.aws.amazon.com/security/|https://aws.amazon.com/certification/certified-security-specialty/
aws-security-specialty,incident-response,IR-3,SCS-C02 — IR-3 (MEDIUM) #19,What is the recommended design when applying Contain and eradicate threats in AWS in the context of AWS Certified Security – Specialty?,Mix controls from unrelated domains that do not address the stated objective.,"Follow the documented approach for Contain and eradicate threats in AWS, using recommended services and controls per the exam guide.",Use an approach that contradicts the exam objective and ignores documented constraints.,"Deploy without monitoring, backup, or access controls required by the blueprint.",D,MEDIUM,aws-security-specialty|incident-response|IR-3|medium|blueprint-seed,**Answer: D** — Contain and eradicate threats in AWS. Review the official AWS exam guide (SCS-C02) and linked documentation. Objective: IR-3.,https://docs.aws.amazon.com/security/|https://aws.amazon.com/certification/certified-security-specialty/
aws-security-specialty,incident-response,IR-3,SCS-C02 — IR-3 (MEDIUM) #20,A team must implement a solution for Contain and eradicate threats in AWS in the context of AWS Certified Security – Specialty?,"Implement Contain and eradicate threats in AWS using AWS best practices for Incident Response, including monitoring and least privilege.",Use an approach that contradicts the exam objective and ignores documented constraints.,"Deploy without monitoring, backup, or access controls required by the blueprint.",Mix controls from unrelated domains that do not address the stated objective.,A,MEDIUM,aws-security-specialty|incident-response|IR-3|medium|blueprint-seed,**Answer: A** — Contain and eradicate threats in AWS. Review the official AWS exam guide (SCS-C02) and linked documentation. Objective: IR-3.,https://docs.aws.amazon.com/security/|https://aws.amazon.com/certification/certified-security-specialty/
aws-security-specialty,incident-response,IR-3,SCS-C02 — IR-3 (MEDIUM) #21,Which approach aligns with best practices when Contain and eradicate threats in AWS in the context of AWS Certified Security – Specialty?,Use an approach that contradicts the exam objective and ignores documented constraints.,"Deploy without monitoring, backup, or access controls required by the blueprint.",Mix controls from unrelated domains that do not address the stated objective.,Apply the official Incident Response guidance: Contain and eradicate threats in AWS — this aligns with exam blueprint expectations and vendor documentation.,B,MEDIUM,aws-security-specialty|incident-response|IR-3|medium|blueprint-seed,**Answer: B** — Contain and eradicate threats in AWS. Review the official AWS exam guide (SCS-C02) and linked documentation. Objective: IR-3.,https://docs.aws.amazon.com/security/|https://aws.amazon.com/certification/certified-security-specialty/
aws-security-specialty,incident-response,IR-3,SCS-C02 — IR-3 (MEDIUM) #22,"During a project review, stakeholders ask how to Contain and eradicate threats in AWS in the context of AWS Certified Security – Specialty?","Deploy without monitoring, backup, or access controls required by the blueprint.",Mix controls from unrelated domains that do not address the stated objective.,"Follow the documented approach for Contain and eradicate threats in AWS, using recommended services and controls per the exam guide.",Use an approach that contradicts the exam objective and ignores documented constraints.,C,MEDIUM,aws-security-specialty|incident-response|IR-3|medium|blueprint-seed,**Answer: C** — Contain and eradicate threats in AWS. Review the official AWS exam guide (SCS-C02) and linked documentation. Objective: IR-3.,https://docs.aws.amazon.com/security/|https://aws.amazon.com/certification/certified-security-specialty/
aws-security-specialty,incident-response,IR-3,SCS-C02 — IR-3 (MEDIUM) #23,Which configuration satisfies requirements for Contain and eradicate threats in AWS in the context of AWS Certified Security – Specialty?,Mix controls from unrelated domains that do not address the stated objective.,"Implement Contain and eradicate threats in AWS using AWS best practices for Incident Response, including monitoring and least privilege.",Use an approach that contradicts the exam objective and ignores documented constraints.,"Deploy without monitoring, backup, or access controls required by the blueprint.",D,MEDIUM,aws-security-specialty|incident-response|IR-3|medium|blueprint-seed,**Answer: D** — Contain and eradicate threats in AWS. Review the official AWS exam guide (SCS-C02) and linked documentation. Objective: IR-3.,https://docs.aws.amazon.com/security/|https://aws.amazon.com/certification/certified-security-specialty/
aws-security-specialty,incident-response,IR-3,SCS-C02 — IR-3 (HARD) #24,A multi-team rollout must balance security and velocity for Contain and eradicate threats in AWS for Incident Response?,Apply the official Incident Response guidance: Contain and eradicate threats in AWS — this aligns with exam blueprint expectations and vendor documentation.,Use an approach that contradicts the exam objective and ignores documented constraints.,"Deploy without monitoring, backup, or access controls required by the blueprint.",Mix controls from unrelated domains that do not address the stated objective.,A,HARD,aws-security-specialty|incident-response|IR-3|hard|blueprint-seed,**Answer: A** — Contain and eradicate threats in AWS. Review the official AWS exam guide (SCS-C02) and linked documentation. Objective: IR-3.,https://docs.aws.amazon.com/security/|https://aws.amazon.com/certification/certified-security-specialty/
aws-security-specialty,incident-response,IR-3,SCS-C02 — IR-3 (HARD) #25,An enterprise requires zero-downtime architecture while Contain and eradicate threats in AWS for Incident Response?,Use an approach that contradicts the exam objective and ignores documented constraints.,"Deploy without monitoring, backup, or access controls required by the blueprint.",Mix controls from unrelated domains that do not address the stated objective.,"Follow the documented approach for Contain and eradicate threats in AWS, using recommended services and controls per the exam guide.",B,HARD,aws-security-specialty|incident-response|IR-3|hard|blueprint-seed,**Answer: B** — Contain and eradicate threats in AWS. Review the official AWS exam guide (SCS-C02) and linked documentation. Objective: IR-3.,https://docs.aws.amazon.com/security/|https://aws.amazon.com/certification/certified-security-specialty/
aws-security-specialty,incident-response,IR-3,SCS-C02 — IR-3 (HARD) #26,"Given strict compliance, auditability, and multi-region constraints, how should you Contain and eradicate threats in AWS for Incident Response?","Deploy without monitoring, backup, or access controls required by the blueprint.",Mix controls from unrelated domains that do not address the stated objective.,"Implement Contain and eradicate threats in AWS using AWS best practices for Incident Response, including monitoring and least privilege.",Use an approach that contradicts the exam objective and ignores documented constraints.,C,HARD,aws-security-specialty|incident-response|IR-3|hard|blueprint-seed,**Answer: C** — Contain and eradicate threats in AWS. Review the official AWS exam guide (SCS-C02) and linked documentation. Objective: IR-3.,https://docs.aws.amazon.com/security/|https://aws.amazon.com/certification/certified-security-specialty/
aws-security-specialty,incident-response,IR-3,SCS-C02 — IR-3 (HARD) #27,A production incident involves trade-offs between cost and resilience for Contain and eradicate threats in AWS for Incident Response?,Mix controls from unrelated domains that do not address the stated objective.,Apply the official Incident Response guidance: Contain and eradicate threats in AWS — this aligns with exam blueprint expectations and vendor documentation.,Use an approach that contradicts the exam objective and ignores documented constraints.,"Deploy without monitoring, backup, or access controls required by the blueprint.",D,HARD,aws-security-specialty|incident-response|IR-3|hard|blueprint-seed,**Answer: D** — Contain and eradicate threats in AWS. Review the official AWS exam guide (SCS-C02) and linked documentation. Objective: IR-3.,https://docs.aws.amazon.com/security/|https://aws.amazon.com/certification/certified-security-specialty/
aws-security-specialty,incident-response,IR-3,SCS-C02 — IR-3 (HARD) #28,Complex regulatory requirements demand that you Contain and eradicate threats in AWS for Incident Response?,"Follow the documented approach for Contain and eradicate threats in AWS, using recommended services and controls per the exam guide.",Use an approach that contradicts the exam objective and ignores documented constraints.,"Deploy without monitoring, backup, or access controls required by the blueprint.",Mix controls from unrelated domains that do not address the stated objective.,A,HARD,aws-security-specialty|incident-response|IR-3|hard|blueprint-seed,**Answer: A** — Contain and eradicate threats in AWS. Review the official AWS exam guide (SCS-C02) and linked documentation. Objective: IR-3.,https://docs.aws.amazon.com/security/|https://aws.amazon.com/certification/certified-security-specialty/
aws-security-specialty,incident-response,IR-3,SCS-C02 — IR-3 (HARD) #29,A multi-team rollout must balance security and velocity for Contain and eradicate threats in AWS for Incident Response?,Use an approach that contradicts the exam objective and ignores documented constraints.,"Deploy without monitoring, backup, or access controls required by the blueprint.",Mix controls from unrelated domains that do not address the stated objective.,"Implement Contain and eradicate threats in AWS using AWS best practices for Incident Response, including monitoring and least privilege.",B,HARD,aws-security-specialty|incident-response|IR-3|hard|blueprint-seed,**Answer: B** — Contain and eradicate threats in AWS. Review the official AWS exam guide (SCS-C02) and linked documentation. Objective: IR-3.,https://docs.aws.amazon.com/security/|https://aws.amazon.com/certification/certified-security-specialty/
aws-security-specialty,incident-response,IR-3,SCS-C02 — IR-3 (HARD) #30,An enterprise requires zero-downtime architecture while Contain and eradicate threats in AWS for Incident Response?,"Deploy without monitoring, backup, or access controls required by the blueprint.",Mix controls from unrelated domains that do not address the stated objective.,Apply the official Incident Response guidance: Contain and eradicate threats in AWS — this aligns with exam blueprint expectations and vendor documentation.,Use an approach that contradicts the exam objective and ignores documented constraints.,C,HARD,aws-security-specialty|incident-response|IR-3|hard|blueprint-seed,**Answer: C** — Contain and eradicate threats in AWS. Review the official AWS exam guide (SCS-C02) and linked documentation. Objective: IR-3.,https://docs.aws.amazon.com/security/|https://aws.amazon.com/certification/certified-security-specialty/
aws-security-specialty,incident-response,IR-3,SCS-C02 — IR-3 (HARD) #31,"Given strict compliance, auditability, and multi-region constraints, how should you Contain and eradicate threats in AWS for Incident Response?",Mix controls from unrelated domains that do not address the stated objective.,"Follow the documented approach for Contain and eradicate threats in AWS, using recommended services and controls per the exam guide.",Use an approach that contradicts the exam objective and ignores documented constraints.,"Deploy without monitoring, backup, or access controls required by the blueprint.",D,HARD,aws-security-specialty|incident-response|IR-3|hard|blueprint-seed,**Answer: D** — Contain and eradicate threats in AWS. Review the official AWS exam guide (SCS-C02) and linked documentation. Objective: IR-3.,https://docs.aws.amazon.com/security/|https://aws.amazon.com/certification/certified-security-specialty/
aws-security-specialty,incident-response,IR-3,SCS-C02 — IR-3 (HARD) #32,A production incident involves trade-offs between cost and resilience for Contain and eradicate threats in AWS for Incident Response?,"Implement Contain and eradicate threats in AWS using AWS best practices for Incident Response, including monitoring and least privilege.",Use an approach that contradicts the exam objective and ignores documented constraints.,"Deploy without monitoring, backup, or access controls required by the blueprint.",Mix controls from unrelated domains that do not address the stated objective.,A,HARD,aws-security-specialty|incident-response|IR-3|hard|blueprint-seed,**Answer: A** — Contain and eradicate threats in AWS. Review the official AWS exam guide (SCS-C02) and linked documentation. Objective: IR-3.,https://docs.aws.amazon.com/security/|https://aws.amazon.com/certification/certified-security-specialty/
aws-security-specialty,logging-monitoring,LM-1,SCS-C02 — LM-1 (EASY) #1,What is the primary purpose of Design centralized logging architectures?,Use an approach that contradicts the exam objective and ignores documented constraints.,"Deploy without monitoring, backup, or access controls required by the blueprint.",Mix controls from unrelated domains that do not address the stated objective.,"Follow the documented approach for Design centralized logging architectures, using recommended services and controls per the exam guide.",B,EASY,aws-security-specialty|logging-monitoring|LM-1|easy|blueprint-seed,**Answer: B** — Design centralized logging architectures. Review the official AWS exam guide (SCS-C02) and linked documentation. Objective: LM-1.,https://docs.aws.amazon.com/security/|https://aws.amazon.com/certification/certified-security-specialty/
aws-security-specialty,logging-monitoring,LM-1,SCS-C02 — LM-1 (EASY) #2,Which concept is fundamental to Design centralized logging architectures?,"Deploy without monitoring, backup, or access controls required by the blueprint.",Mix controls from unrelated domains that do not address the stated objective.,"Implement Design centralized logging architectures using AWS best practices for Logging and Monitoring, including monitoring and least privilege.",Use an approach that contradicts the exam objective and ignores documented constraints.,C,EASY,aws-security-specialty|logging-monitoring|LM-1|easy|blueprint-seed,**Answer: C** — Design centralized logging architectures. Review the official AWS exam guide (SCS-C02) and linked documentation. Objective: LM-1.,https://docs.aws.amazon.com/security/|https://aws.amazon.com/certification/certified-security-specialty/
aws-security-specialty,logging-monitoring,LM-1,SCS-C02 — LM-1 (EASY) #3,Identify the core principle behind Design centralized logging architectures?,Mix controls from unrelated domains that do not address the stated objective.,Apply the official Logging and Monitoring guidance: Design centralized logging architectures — this aligns with exam blueprint expectations and vendor documentation.,Use an approach that contradicts the exam objective and ignores documented constraints.,"Deploy without monitoring, backup, or access controls required by the blueprint.",D,EASY,aws-security-specialty|logging-monitoring|LM-1|easy|blueprint-seed,**Answer: D** — Design centralized logging architectures. Review the official AWS exam guide (SCS-C02) and linked documentation. Objective: LM-1.,https://docs.aws.amazon.com/security/|https://aws.amazon.com/certification/certified-security-specialty/
aws-security-specialty,logging-monitoring,LM-1,SCS-C02 — LM-1 (EASY) #4,Which description accurately reflects Design centralized logging architectures?,"Follow the documented approach for Design centralized logging architectures, using recommended services and controls per the exam guide.",Use an approach that contradicts the exam objective and ignores documented constraints.,"Deploy without monitoring, backup, or access controls required by the blueprint.",Mix controls from unrelated domains that do not address the stated objective.,A,EASY,aws-security-specialty|logging-monitoring|LM-1|easy|blueprint-seed,**Answer: A** — Design centralized logging architectures. Review the official AWS exam guide (SCS-C02) and linked documentation. Objective: LM-1.,https://docs.aws.amazon.com/security/|https://aws.amazon.com/certification/certified-security-specialty/
aws-security-specialty,logging-monitoring,LM-1,SCS-C02 — LM-1 (EASY) #5,Which statement best defines the scope of Design centralized logging architectures?,Use an approach that contradicts the exam objective and ignores documented constraints.,"Deploy without monitoring, backup, or access controls required by the blueprint.",Mix controls from unrelated domains that do not address the stated objective.,"Implement Design centralized logging architectures using AWS best practices for Logging and Monitoring, including monitoring and least privilege.",B,EASY,aws-security-specialty|logging-monitoring|LM-1|easy|blueprint-seed,**Answer: B** — Design centralized logging architectures. Review the official AWS exam guide (SCS-C02) and linked documentation. Objective: LM-1.,https://docs.aws.amazon.com/security/|https://aws.amazon.com/certification/certified-security-specialty/
aws-security-specialty,logging-monitoring,LM-1,SCS-C02 — LM-1 (EASY) #6,What is the primary purpose of Design centralized logging architectures?,"Deploy without monitoring, backup, or access controls required by the blueprint.",Mix controls from unrelated domains that do not address the stated objective.,Apply the official Logging and Monitoring guidance: Design centralized logging architectures — this aligns with exam blueprint expectations and vendor documentation.,Use an approach that contradicts the exam objective and ignores documented constraints.,C,EASY,aws-security-specialty|logging-monitoring|LM-1|easy|blueprint-seed,**Answer: C** — Design centralized logging architectures. Review the official AWS exam guide (SCS-C02) and linked documentation. Objective: LM-1.,https://docs.aws.amazon.com/security/|https://aws.amazon.com/certification/certified-security-specialty/
aws-security-specialty,logging-monitoring,LM-1,SCS-C02 — LM-1 (EASY) #7,Which concept is fundamental to Design centralized logging architectures?,Mix controls from unrelated domains that do not address the stated objective.,"Follow the documented approach for Design centralized logging architectures, using recommended services and controls per the exam guide.",Use an approach that contradicts the exam objective and ignores documented constraints.,"Deploy without monitoring, backup, or access controls required by the blueprint.",D,EASY,aws-security-specialty|logging-monitoring|LM-1|easy|blueprint-seed,**Answer: D** — Design centralized logging architectures. Review the official AWS exam guide (SCS-C02) and linked documentation. Objective: LM-1.,https://docs.aws.amazon.com/security/|https://aws.amazon.com/certification/certified-security-specialty/
aws-security-specialty,logging-monitoring,LM-1,SCS-C02 — LM-1 (EASY) #8,Identify the core principle behind Design centralized logging architectures?,"Implement Design centralized logging architectures using AWS best practices for Logging and Monitoring, including monitoring and least privilege.",Use an approach that contradicts the exam objective and ignores documented constraints.,"Deploy without monitoring, backup, or access controls required by the blueprint.",Mix controls from unrelated domains that do not address the stated objective.,A,EASY,aws-security-specialty|logging-monitoring|LM-1|easy|blueprint-seed,**Answer: A** — Design centralized logging architectures. Review the official AWS exam guide (SCS-C02) and linked documentation. Objective: LM-1.,https://docs.aws.amazon.com/security/|https://aws.amazon.com/certification/certified-security-specialty/
aws-security-specialty,logging-monitoring,LM-1,SCS-C02 — LM-1 (EASY) #9,Which description accurately reflects Design centralized logging architectures?,Use an approach that contradicts the exam objective and ignores documented constraints.,"Deploy without monitoring, backup, or access controls required by the blueprint.",Mix controls from unrelated domains that do not address the stated objective.,Apply the official Logging and Monitoring guidance: Design centralized logging architectures — this aligns with exam blueprint expectations and vendor documentation.,B,EASY,aws-security-specialty|logging-monitoring|LM-1|easy|blueprint-seed,**Answer: B** — Design centralized logging architectures. Review the official AWS exam guide (SCS-C02) and linked documentation. Objective: LM-1.,https://docs.aws.amazon.com/security/|https://aws.amazon.com/certification/certified-security-specialty/
aws-security-specialty,logging-monitoring,LM-1,SCS-C02 — LM-1 (EASY) #10,Which statement best defines the scope of Design centralized logging architectures?,"Deploy without monitoring, backup, or access controls required by the blueprint.",Mix controls from unrelated domains that do not address the stated objective.,"Follow the documented approach for Design centralized logging architectures, using recommended services and controls per the exam guide.",Use an approach that contradicts the exam objective and ignores documented constraints.,C,EASY,aws-security-specialty|logging-monitoring|LM-1|easy|blueprint-seed,**Answer: C** — Design centralized logging architectures. Review the official AWS exam guide (SCS-C02) and linked documentation. Objective: LM-1.,https://docs.aws.amazon.com/security/|https://aws.amazon.com/certification/certified-security-specialty/
aws-security-specialty,logging-monitoring,LM-1,SCS-C02 — LM-1 (MEDIUM) #11,Which approach aligns with best practices when Design centralized logging architectures in the context of AWS Certified Security – Specialty?,Mix controls from unrelated domains that do not address the stated objective.,"Implement Design centralized logging architectures using AWS best practices for Logging and Monitoring, including monitoring and least privilege.",Use an approach that contradicts the exam objective and ignores documented constraints.,"Deploy without monitoring, backup, or access controls required by the blueprint.",D,MEDIUM,aws-security-specialty|logging-monitoring|LM-1|medium|blueprint-seed,**Answer: D** — Design centralized logging architectures. Review the official AWS exam guide (SCS-C02) and linked documentation. Objective: LM-1.,https://docs.aws.amazon.com/security/|https://aws.amazon.com/certification/certified-security-specialty/
aws-security-specialty,logging-monitoring,LM-1,SCS-C02 — LM-1 (MEDIUM) #12,"During a project review, stakeholders ask how to Design centralized logging architectures in the context of AWS Certified Security – Specialty?",Apply the official Logging and Monitoring guidance: Design centralized logging architectures — this aligns with exam blueprint expectations and vendor documentation.,Use an approach that contradicts the exam objective and ignores documented constraints.,"Deploy without monitoring, backup, or access controls required by the blueprint.",Mix controls from unrelated domains that do not address the stated objective.,A,MEDIUM,aws-security-specialty|logging-monitoring|LM-1|medium|blueprint-seed,**Answer: A** — Design centralized logging architectures. Review the official AWS exam guide (SCS-C02) and linked documentation. Objective: LM-1.,https://docs.aws.amazon.com/security/|https://aws.amazon.com/certification/certified-security-specialty/
aws-security-specialty,logging-monitoring,LM-1,SCS-C02 — LM-1 (MEDIUM) #13,Which configuration satisfies requirements for Design centralized logging architectures in the context of AWS Certified Security – Specialty?,Use an approach that contradicts the exam objective and ignores documented constraints.,"Deploy without monitoring, backup, or access controls required by the blueprint.",Mix controls from unrelated domains that do not address the stated objective.,"Follow the documented approach for Design centralized logging architectures, using recommended services and controls per the exam guide.",B,MEDIUM,aws-security-specialty|logging-monitoring|LM-1|medium|blueprint-seed,**Answer: B** — Design centralized logging architectures. Review the official AWS exam guide (SCS-C02) and linked documentation. Objective: LM-1.,https://docs.aws.amazon.com/security/|https://aws.amazon.com/certification/certified-security-specialty/
aws-security-specialty,logging-monitoring,LM-1,SCS-C02 — LM-1 (MEDIUM) #14,What is the recommended design when applying Design centralized logging architectures in the context of AWS Certified Security – Specialty?,"Deploy without monitoring, backup, or access controls required by the blueprint.",Mix controls from unrelated domains that do not address the stated objective.,"Implement Design centralized logging architectures using AWS best practices for Logging and Monitoring, including monitoring and least privilege.",Use an approach that contradicts the exam objective and ignores documented constraints.,C,MEDIUM,aws-security-specialty|logging-monitoring|LM-1|medium|blueprint-seed,**Answer: C** — Design centralized logging architectures. Review the official AWS exam guide (SCS-C02) and linked documentation. Objective: LM-1.,https://docs.aws.amazon.com/security/|https://aws.amazon.com/certification/certified-security-specialty/
aws-security-specialty,logging-monitoring,LM-1,SCS-C02 — LM-1 (MEDIUM) #15,A team must implement a solution for Design centralized logging architectures in the context of AWS Certified Security – Specialty?,Mix controls from unrelated domains that do not address the stated objective.,Apply the official Logging and Monitoring guidance: Design centralized logging architectures — this aligns with exam blueprint expectations and vendor documentation.,Use an approach that contradicts the exam objective and ignores documented constraints.,"Deploy without monitoring, backup, or access controls required by the blueprint.",D,MEDIUM,aws-security-specialty|logging-monitoring|LM-1|medium|blueprint-seed,**Answer: D** — Design centralized logging architectures. Review the official AWS exam guide (SCS-C02) and linked documentation. Objective: LM-1.,https://docs.aws.amazon.com/security/|https://aws.amazon.com/certification/certified-security-specialty/
aws-security-specialty,logging-monitoring,LM-1,SCS-C02 — LM-1 (MEDIUM) #16,Which approach aligns with best practices when Design centralized logging architectures in the context of AWS Certified Security – Specialty?,"Follow the documented approach for Design centralized logging architectures, using recommended services and controls per the exam guide.",Use an approach that contradicts the exam objective and ignores documented constraints.,"Deploy without monitoring, backup, or access controls required by the blueprint.",Mix controls from unrelated domains that do not address the stated objective.,A,MEDIUM,aws-security-specialty|logging-monitoring|LM-1|medium|blueprint-seed,**Answer: A** — Design centralized logging architectures. Review the official AWS exam guide (SCS-C02) and linked documentation. Objective: LM-1.,https://docs.aws.amazon.com/security/|https://aws.amazon.com/certification/certified-security-specialty/
aws-security-specialty,logging-monitoring,LM-1,SCS-C02 — LM-1 (MEDIUM) #17,"During a project review, stakeholders ask how to Design centralized logging architectures in the context of AWS Certified Security – Specialty?",Use an approach that contradicts the exam objective and ignores documented constraints.,"Deploy without monitoring, backup, or access controls required by the blueprint.",Mix controls from unrelated domains that do not address the stated objective.,"Implement Design centralized logging architectures using AWS best practices for Logging and Monitoring, including monitoring and least privilege.",B,MEDIUM,aws-security-specialty|logging-monitoring|LM-1|medium|blueprint-seed,**Answer: B** — Design centralized logging architectures. Review the official AWS exam guide (SCS-C02) and linked documentation. Objective: LM-1.,https://docs.aws.amazon.com/security/|https://aws.amazon.com/certification/certified-security-specialty/
aws-security-specialty,logging-monitoring,LM-1,SCS-C02 — LM-1 (MEDIUM) #18,Which configuration satisfies requirements for Design centralized logging architectures in the context of AWS Certified Security – Specialty?,"Deploy without monitoring, backup, or access controls required by the blueprint.",Mix controls from unrelated domains that do not address the stated objective.,Apply the official Logging and Monitoring guidance: Design centralized logging architectures — this aligns with exam blueprint expectations and vendor documentation.,Use an approach that contradicts the exam objective and ignores documented constraints.,C,MEDIUM,aws-security-specialty|logging-monitoring|LM-1|medium|blueprint-seed,**Answer: C** — Design centralized logging architectures. Review the official AWS exam guide (SCS-C02) and linked documentation. Objective: LM-1.,https://docs.aws.amazon.com/security/|https://aws.amazon.com/certification/certified-security-specialty/
aws-security-specialty,logging-monitoring,LM-1,SCS-C02 — LM-1 (MEDIUM) #19,What is the recommended design when applying Design centralized logging architectures in the context of AWS Certified Security – Specialty?,Mix controls from unrelated domains that do not address the stated objective.,"Follow the documented approach for Design centralized logging architectures, using recommended services and controls per the exam guide.",Use an approach that contradicts the exam objective and ignores documented constraints.,"Deploy without monitoring, backup, or access controls required by the blueprint.",D,MEDIUM,aws-security-specialty|logging-monitoring|LM-1|medium|blueprint-seed,**Answer: D** — Design centralized logging architectures. Review the official AWS exam guide (SCS-C02) and linked documentation. Objective: LM-1.,https://docs.aws.amazon.com/security/|https://aws.amazon.com/certification/certified-security-specialty/
aws-security-specialty,logging-monitoring,LM-1,SCS-C02 — LM-1 (MEDIUM) #20,A team must implement a solution for Design centralized logging architectures in the context of AWS Certified Security – Specialty?,"Implement Design centralized logging architectures using AWS best practices for Logging and Monitoring, including monitoring and least privilege.",Use an approach that contradicts the exam objective and ignores documented constraints.,"Deploy without monitoring, backup, or access controls required by the blueprint.",Mix controls from unrelated domains that do not address the stated objective.,A,MEDIUM,aws-security-specialty|logging-monitoring|LM-1|medium|blueprint-seed,**Answer: A** — Design centralized logging architectures. Review the official AWS exam guide (SCS-C02) and linked documentation. Objective: LM-1.,https://docs.aws.amazon.com/security/|https://aws.amazon.com/certification/certified-security-specialty/
aws-security-specialty,logging-monitoring,LM-1,SCS-C02 — LM-1 (MEDIUM) #21,Which approach aligns with best practices when Design centralized logging architectures in the context of AWS Certified Security – Specialty?,Use an approach that contradicts the exam objective and ignores documented constraints.,"Deploy without monitoring, backup, or access controls required by the blueprint.",Mix controls from unrelated domains that do not address the stated objective.,Apply the official Logging and Monitoring guidance: Design centralized logging architectures — this aligns with exam blueprint expectations and vendor documentation.,B,MEDIUM,aws-security-specialty|logging-monitoring|LM-1|medium|blueprint-seed,**Answer: B** — Design centralized logging architectures. Review the official AWS exam guide (SCS-C02) and linked documentation. Objective: LM-1.,https://docs.aws.amazon.com/security/|https://aws.amazon.com/certification/certified-security-specialty/
aws-security-specialty,logging-monitoring,LM-1,SCS-C02 — LM-1 (MEDIUM) #22,"During a project review, stakeholders ask how to Design centralized logging architectures in the context of AWS Certified Security – Specialty?","Deploy without monitoring, backup, or access controls required by the blueprint.",Mix controls from unrelated domains that do not address the stated objective.,"Follow the documented approach for Design centralized logging architectures, using recommended services and controls per the exam guide.",Use an approach that contradicts the exam objective and ignores documented constraints.,C,MEDIUM,aws-security-specialty|logging-monitoring|LM-1|medium|blueprint-seed,**Answer: C** — Design centralized logging architectures. Review the official AWS exam guide (SCS-C02) and linked documentation. Objective: LM-1.,https://docs.aws.amazon.com/security/|https://aws.amazon.com/certification/certified-security-specialty/
aws-security-specialty,logging-monitoring,LM-1,SCS-C02 — LM-1 (MEDIUM) #23,Which configuration satisfies requirements for Design centralized logging architectures in the context of AWS Certified Security – Specialty?,Mix controls from unrelated domains that do not address the stated objective.,"Implement Design centralized logging architectures using AWS best practices for Logging and Monitoring, including monitoring and least privilege.",Use an approach that contradicts the exam objective and ignores documented constraints.,"Deploy without monitoring, backup, or access controls required by the blueprint.",D,MEDIUM,aws-security-specialty|logging-monitoring|LM-1|medium|blueprint-seed,**Answer: D** — Design centralized logging architectures. Review the official AWS exam guide (SCS-C02) and linked documentation. Objective: LM-1.,https://docs.aws.amazon.com/security/|https://aws.amazon.com/certification/certified-security-specialty/
aws-security-specialty,logging-monitoring,LM-1,SCS-C02 — LM-1 (MEDIUM) #24,What is the recommended design when applying Design centralized logging architectures in the context of AWS Certified Security – Specialty?,Apply the official Logging and Monitoring guidance: Design centralized logging architectures — this aligns with exam blueprint expectations and vendor documentation.,Use an approach that contradicts the exam objective and ignores documented constraints.,"Deploy without monitoring, backup, or access controls required by the blueprint.",Mix controls from unrelated domains that do not address the stated objective.,A,MEDIUM,aws-security-specialty|logging-monitoring|LM-1|medium|blueprint-seed,**Answer: A** — Design centralized logging architectures. Review the official AWS exam guide (SCS-C02) and linked documentation. Objective: LM-1.,https://docs.aws.amazon.com/security/|https://aws.amazon.com/certification/certified-security-specialty/
aws-security-specialty,logging-monitoring,LM-1,SCS-C02 — LM-1 (HARD) #25,An enterprise requires zero-downtime architecture while Design centralized logging architectures for Logging and Monitoring?,Use an approach that contradicts the exam objective and ignores documented constraints.,"Deploy without monitoring, backup, or access controls required by the blueprint.",Mix controls from unrelated domains that do not address the stated objective.,"Follow the documented approach for Design centralized logging architectures, using recommended services and controls per the exam guide.",B,HARD,aws-security-specialty|logging-monitoring|LM-1|hard|blueprint-seed,**Answer: B** — Design centralized logging architectures. Review the official AWS exam guide (SCS-C02) and linked documentation. Objective: LM-1.,https://docs.aws.amazon.com/security/|https://aws.amazon.com/certification/certified-security-specialty/
aws-security-specialty,logging-monitoring,LM-1,SCS-C02 — LM-1 (HARD) #26,"Given strict compliance, auditability, and multi-region constraints, how should you Design centralized logging architectures for Logging and Monitoring?","Deploy without monitoring, backup, or access controls required by the blueprint.",Mix controls from unrelated domains that do not address the stated objective.,"Implement Design centralized logging architectures using AWS best practices for Logging and Monitoring, including monitoring and least privilege.",Use an approach that contradicts the exam objective and ignores documented constraints.,C,HARD,aws-security-specialty|logging-monitoring|LM-1|hard|blueprint-seed,**Answer: C** — Design centralized logging architectures. Review the official AWS exam guide (SCS-C02) and linked documentation. Objective: LM-1.,https://docs.aws.amazon.com/security/|https://aws.amazon.com/certification/certified-security-specialty/
aws-security-specialty,logging-monitoring,LM-1,SCS-C02 — LM-1 (HARD) #27,A production incident involves trade-offs between cost and resilience for Design centralized logging architectures for Logging and Monitoring?,Mix controls from unrelated domains that do not address the stated objective.,Apply the official Logging and Monitoring guidance: Design centralized logging architectures — this aligns with exam blueprint expectations and vendor documentation.,Use an approach that contradicts the exam objective and ignores documented constraints.,"Deploy without monitoring, backup, or access controls required by the blueprint.",D,HARD,aws-security-specialty|logging-monitoring|LM-1|hard|blueprint-seed,**Answer: D** — Design centralized logging architectures. Review the official AWS exam guide (SCS-C02) and linked documentation. Objective: LM-1.,https://docs.aws.amazon.com/security/|https://aws.amazon.com/certification/certified-security-specialty/
aws-security-specialty,logging-monitoring,LM-1,SCS-C02 — LM-1 (HARD) #28,Complex regulatory requirements demand that you Design centralized logging architectures for Logging and Monitoring?,"Follow the documented approach for Design centralized logging architectures, using recommended services and controls per the exam guide.",Use an approach that contradicts the exam objective and ignores documented constraints.,"Deploy without monitoring, backup, or access controls required by the blueprint.",Mix controls from unrelated domains that do not address the stated objective.,A,HARD,aws-security-specialty|logging-monitoring|LM-1|hard|blueprint-seed,**Answer: A** — Design centralized logging architectures. Review the official AWS exam guide (SCS-C02) and linked documentation. Objective: LM-1.,https://docs.aws.amazon.com/security/|https://aws.amazon.com/certification/certified-security-specialty/
aws-security-specialty,logging-monitoring,LM-1,SCS-C02 — LM-1 (HARD) #29,A multi-team rollout must balance security and velocity for Design centralized logging architectures for Logging and Monitoring?,Use an approach that contradicts the exam objective and ignores documented constraints.,"Deploy without monitoring, backup, or access controls required by the blueprint.",Mix controls from unrelated domains that do not address the stated objective.,"Implement Design centralized logging architectures using AWS best practices for Logging and Monitoring, including monitoring and least privilege.",B,HARD,aws-security-specialty|logging-monitoring|LM-1|hard|blueprint-seed,**Answer: B** — Design centralized logging architectures. Review the official AWS exam guide (SCS-C02) and linked documentation. Objective: LM-1.,https://docs.aws.amazon.com/security/|https://aws.amazon.com/certification/certified-security-specialty/
aws-security-specialty,logging-monitoring,LM-1,SCS-C02 — LM-1 (HARD) #30,An enterprise requires zero-downtime architecture while Design centralized logging architectures for Logging and Monitoring?,"Deploy without monitoring, backup, or access controls required by the blueprint.",Mix controls from unrelated domains that do not address the stated objective.,Apply the official Logging and Monitoring guidance: Design centralized logging architectures — this aligns with exam blueprint expectations and vendor documentation.,Use an approach that contradicts the exam objective and ignores documented constraints.,C,HARD,aws-security-specialty|logging-monitoring|LM-1|hard|blueprint-seed,**Answer: C** — Design centralized logging architectures. Review the official AWS exam guide (SCS-C02) and linked documentation. Objective: LM-1.,https://docs.aws.amazon.com/security/|https://aws.amazon.com/certification/certified-security-specialty/
aws-security-specialty,logging-monitoring,LM-1,SCS-C02 — LM-1 (HARD) #31,"Given strict compliance, auditability, and multi-region constraints, how should you Design centralized logging architectures for Logging and Monitoring?",Mix controls from unrelated domains that do not address the stated objective.,"Follow the documented approach for Design centralized logging architectures, using recommended services and controls per the exam guide.",Use an approach that contradicts the exam objective and ignores documented constraints.,"Deploy without monitoring, backup, or access controls required by the blueprint.",D,HARD,aws-security-specialty|logging-monitoring|LM-1|hard|blueprint-seed,**Answer: D** — Design centralized logging architectures. Review the official AWS exam guide (SCS-C02) and linked documentation. Objective: LM-1.,https://docs.aws.amazon.com/security/|https://aws.amazon.com/certification/certified-security-specialty/
aws-security-specialty,logging-monitoring,LM-1,SCS-C02 — LM-1 (HARD) #32,A production incident involves trade-offs between cost and resilience for Design centralized logging architectures for Logging and Monitoring?,"Implement Design centralized logging architectures using AWS best practices for Logging and Monitoring, including monitoring and least privilege.",Use an approach that contradicts the exam objective and ignores documented constraints.,"Deploy without monitoring, backup, or access controls required by the blueprint.",Mix controls from unrelated domains that do not address the stated objective.,A,HARD,aws-security-specialty|logging-monitoring|LM-1|hard|blueprint-seed,**Answer: A** — Design centralized logging architectures. Review the official AWS exam guide (SCS-C02) and linked documentation. Objective: LM-1.,https://docs.aws.amazon.com/security/|https://aws.amazon.com/certification/certified-security-specialty/
aws-security-specialty,logging-monitoring,LM-1,SCS-C02 — LM-1 (HARD) #33,Complex regulatory requirements demand that you Design centralized logging architectures for Logging and Monitoring?,Use an approach that contradicts the exam objective and ignores documented constraints.,"Deploy without monitoring, backup, or access controls required by the blueprint.",Mix controls from unrelated domains that do not address the stated objective.,Apply the official Logging and Monitoring guidance: Design centralized logging architectures — this aligns with exam blueprint expectations and vendor documentation.,B,HARD,aws-security-specialty|logging-monitoring|LM-1|hard|blueprint-seed,**Answer: B** — Design centralized logging architectures. Review the official AWS exam guide (SCS-C02) and linked documentation. Objective: LM-1.,https://docs.aws.amazon.com/security/|https://aws.amazon.com/certification/certified-security-specialty/
aws-security-specialty,logging-monitoring,LM-1,SCS-C02 — LM-1 (HARD) #34,A multi-team rollout must balance security and velocity for Design centralized logging architectures for Logging and Monitoring?,"Deploy without monitoring, backup, or access controls required by the blueprint.",Mix controls from unrelated domains that do not address the stated objective.,"Follow the documented approach for Design centralized logging architectures, using recommended services and controls per the exam guide.",Use an approach that contradicts the exam objective and ignores documented constraints.,C,HARD,aws-security-specialty|logging-monitoring|LM-1|hard|blueprint-seed,**Answer: C** — Design centralized logging architectures. Review the official AWS exam guide (SCS-C02) and linked documentation. Objective: LM-1.,https://docs.aws.amazon.com/security/|https://aws.amazon.com/certification/certified-security-specialty/
aws-security-specialty,logging-monitoring,LM-2,SCS-C02 — LM-2 (EASY) #1,What is the primary purpose of Implement detective controls and alerting?,Use an approach that contradicts the exam objective and ignores documented constraints.,"Deploy without monitoring, backup, or access controls required by the blueprint.",Mix controls from unrelated domains that do not address the stated objective.,"Follow the documented approach for Implement detective controls and alerting, using recommended services and controls per the exam guide.",B,EASY,aws-security-specialty|logging-monitoring|LM-2|easy|blueprint-seed,**Answer: B** — Implement detective controls and alerting. Review the official AWS exam guide (SCS-C02) and linked documentation. Objective: LM-2.,https://docs.aws.amazon.com/security/|https://aws.amazon.com/certification/certified-security-specialty/
aws-security-specialty,logging-monitoring,LM-2,SCS-C02 — LM-2 (EASY) #2,Which concept is fundamental to Implement detective controls and alerting?,"Deploy without monitoring, backup, or access controls required by the blueprint.",Mix controls from unrelated domains that do not address the stated objective.,"Implement Implement detective controls and alerting using AWS best practices for Logging and Monitoring, including monitoring and least privilege.",Use an approach that contradicts the exam objective and ignores documented constraints.,C,EASY,aws-security-specialty|logging-monitoring|LM-2|easy|blueprint-seed,**Answer: C** — Implement detective controls and alerting. Review the official AWS exam guide (SCS-C02) and linked documentation. Objective: LM-2.,https://docs.aws.amazon.com/security/|https://aws.amazon.com/certification/certified-security-specialty/
aws-security-specialty,logging-monitoring,LM-2,SCS-C02 — LM-2 (EASY) #3,Identify the core principle behind Implement detective controls and alerting?,Mix controls from unrelated domains that do not address the stated objective.,Apply the official Logging and Monitoring guidance: Implement detective controls and alerting — this aligns with exam blueprint expectations and vendor documentation.,Use an approach that contradicts the exam objective and ignores documented constraints.,"Deploy without monitoring, backup, or access controls required by the blueprint.",D,EASY,aws-security-specialty|logging-monitoring|LM-2|easy|blueprint-seed,**Answer: D** — Implement detective controls and alerting. Review the official AWS exam guide (SCS-C02) and linked documentation. Objective: LM-2.,https://docs.aws.amazon.com/security/|https://aws.amazon.com/certification/certified-security-specialty/
aws-security-specialty,logging-monitoring,LM-2,SCS-C02 — LM-2 (EASY) #4,Which description accurately reflects Implement detective controls and alerting?,"Follow the documented approach for Implement detective controls and alerting, using recommended services and controls per the exam guide.",Use an approach that contradicts the exam objective and ignores documented constraints.,"Deploy without monitoring, backup, or access controls required by the blueprint.",Mix controls from unrelated domains that do not address the stated objective.,A,EASY,aws-security-specialty|logging-monitoring|LM-2|easy|blueprint-seed,**Answer: A** — Implement detective controls and alerting. Review the official AWS exam guide (SCS-C02) and linked documentation. Objective: LM-2.,https://docs.aws.amazon.com/security/|https://aws.amazon.com/certification/certified-security-specialty/
aws-security-specialty,logging-monitoring,LM-2,SCS-C02 — LM-2 (EASY) #5,Which statement best defines the scope of Implement detective controls and alerting?,Use an approach that contradicts the exam objective and ignores documented constraints.,"Deploy without monitoring, backup, or access controls required by the blueprint.",Mix controls from unrelated domains that do not address the stated objective.,"Implement Implement detective controls and alerting using AWS best practices for Logging and Monitoring, including monitoring and least privilege.",B,EASY,aws-security-specialty|logging-monitoring|LM-2|easy|blueprint-seed,**Answer: B** — Implement detective controls and alerting. Review the official AWS exam guide (SCS-C02) and linked documentation. Objective: LM-2.,https://docs.aws.amazon.com/security/|https://aws.amazon.com/certification/certified-security-specialty/
aws-security-specialty,logging-monitoring,LM-2,SCS-C02 — LM-2 (EASY) #6,What is the primary purpose of Implement detective controls and alerting?,"Deploy without monitoring, backup, or access controls required by the blueprint.",Mix controls from unrelated domains that do not address the stated objective.,Apply the official Logging and Monitoring guidance: Implement detective controls and alerting — this aligns with exam blueprint expectations and vendor documentation.,Use an approach that contradicts the exam objective and ignores documented constraints.,C,EASY,aws-security-specialty|logging-monitoring|LM-2|easy|blueprint-seed,**Answer: C** — Implement detective controls and alerting. Review the official AWS exam guide (SCS-C02) and linked documentation. Objective: LM-2.,https://docs.aws.amazon.com/security/|https://aws.amazon.com/certification/certified-security-specialty/
aws-security-specialty,logging-monitoring,LM-2,SCS-C02 — LM-2 (EASY) #7,Which concept is fundamental to Implement detective controls and alerting?,Mix controls from unrelated domains that do not address the stated objective.,"Follow the documented approach for Implement detective controls and alerting, using recommended services and controls per the exam guide.",Use an approach that contradicts the exam objective and ignores documented constraints.,"Deploy without monitoring, backup, or access controls required by the blueprint.",D,EASY,aws-security-specialty|logging-monitoring|LM-2|easy|blueprint-seed,**Answer: D** — Implement detective controls and alerting. Review the official AWS exam guide (SCS-C02) and linked documentation. Objective: LM-2.,https://docs.aws.amazon.com/security/|https://aws.amazon.com/certification/certified-security-specialty/
aws-security-specialty,logging-monitoring,LM-2,SCS-C02 — LM-2 (EASY) #8,Identify the core principle behind Implement detective controls and alerting?,"Implement Implement detective controls and alerting using AWS best practices for Logging and Monitoring, including monitoring and least privilege.",Use an approach that contradicts the exam objective and ignores documented constraints.,"Deploy without monitoring, backup, or access controls required by the blueprint.",Mix controls from unrelated domains that do not address the stated objective.,A,EASY,aws-security-specialty|logging-monitoring|LM-2|easy|blueprint-seed,**Answer: A** — Implement detective controls and alerting. Review the official AWS exam guide (SCS-C02) and linked documentation. Objective: LM-2.,https://docs.aws.amazon.com/security/|https://aws.amazon.com/certification/certified-security-specialty/
aws-security-specialty,logging-monitoring,LM-2,SCS-C02 — LM-2 (EASY) #9,Which description accurately reflects Implement detective controls and alerting?,Use an approach that contradicts the exam objective and ignores documented constraints.,"Deploy without monitoring, backup, or access controls required by the blueprint.",Mix controls from unrelated domains that do not address the stated objective.,Apply the official Logging and Monitoring guidance: Implement detective controls and alerting — this aligns with exam blueprint expectations and vendor documentation.,B,EASY,aws-security-specialty|logging-monitoring|LM-2|easy|blueprint-seed,**Answer: B** — Implement detective controls and alerting. Review the official AWS exam guide (SCS-C02) and linked documentation. Objective: LM-2.,https://docs.aws.amazon.com/security/|https://aws.amazon.com/certification/certified-security-specialty/
aws-security-specialty,logging-monitoring,LM-2,SCS-C02 — LM-2 (EASY) #10,Which statement best defines the scope of Implement detective controls and alerting?,"Deploy without monitoring, backup, or access controls required by the blueprint.",Mix controls from unrelated domains that do not address the stated objective.,"Follow the documented approach for Implement detective controls and alerting, using recommended services and controls per the exam guide.",Use an approach that contradicts the exam objective and ignores documented constraints.,C,EASY,aws-security-specialty|logging-monitoring|LM-2|easy|blueprint-seed,**Answer: C** — Implement detective controls and alerting. Review the official AWS exam guide (SCS-C02) and linked documentation. Objective: LM-2.,https://docs.aws.amazon.com/security/|https://aws.amazon.com/certification/certified-security-specialty/
aws-security-specialty,logging-monitoring,LM-2,SCS-C02 — LM-2 (MEDIUM) #11,Which approach aligns with best practices when Implement detective controls and alerting in the context of AWS Certified Security – Specialty?,Mix controls from unrelated domains that do not address the stated objective.,"Implement Implement detective controls and alerting using AWS best practices for Logging and Monitoring, including monitoring and least privilege.",Use an approach that contradicts the exam objective and ignores documented constraints.,"Deploy without monitoring, backup, or access controls required by the blueprint.",D,MEDIUM,aws-security-specialty|logging-monitoring|LM-2|medium|blueprint-seed,**Answer: D** — Implement detective controls and alerting. Review the official AWS exam guide (SCS-C02) and linked documentation. Objective: LM-2.,https://docs.aws.amazon.com/security/|https://aws.amazon.com/certification/certified-security-specialty/
aws-security-specialty,logging-monitoring,LM-2,SCS-C02 — LM-2 (MEDIUM) #12,"During a project review, stakeholders ask how to Implement detective controls and alerting in the context of AWS Certified Security – Specialty?",Apply the official Logging and Monitoring guidance: Implement detective controls and alerting — this aligns with exam blueprint expectations and vendor documentation.,Use an approach that contradicts the exam objective and ignores documented constraints.,"Deploy without monitoring, backup, or access controls required by the blueprint.",Mix controls from unrelated domains that do not address the stated objective.,A,MEDIUM,aws-security-specialty|logging-monitoring|LM-2|medium|blueprint-seed,**Answer: A** — Implement detective controls and alerting. Review the official AWS exam guide (SCS-C02) and linked documentation. Objective: LM-2.,https://docs.aws.amazon.com/security/|https://aws.amazon.com/certification/certified-security-specialty/
aws-security-specialty,logging-monitoring,LM-2,SCS-C02 — LM-2 (MEDIUM) #13,Which configuration satisfies requirements for Implement detective controls and alerting in the context of AWS Certified Security – Specialty?,Use an approach that contradicts the exam objective and ignores documented constraints.,"Deploy without monitoring, backup, or access controls required by the blueprint.",Mix controls from unrelated domains that do not address the stated objective.,"Follow the documented approach for Implement detective controls and alerting, using recommended services and controls per the exam guide.",B,MEDIUM,aws-security-specialty|logging-monitoring|LM-2|medium|blueprint-seed,**Answer: B** — Implement detective controls and alerting. Review the official AWS exam guide (SCS-C02) and linked documentation. Objective: LM-2.,https://docs.aws.amazon.com/security/|https://aws.amazon.com/certification/certified-security-specialty/
aws-security-specialty,logging-monitoring,LM-2,SCS-C02 — LM-2 (MEDIUM) #14,What is the recommended design when applying Implement detective controls and alerting in the context of AWS Certified Security – Specialty?,"Deploy without monitoring, backup, or access controls required by the blueprint.",Mix controls from unrelated domains that do not address the stated objective.,"Implement Implement detective controls and alerting using AWS best practices for Logging and Monitoring, including monitoring and least privilege.",Use an approach that contradicts the exam objective and ignores documented constraints.,C,MEDIUM,aws-security-specialty|logging-monitoring|LM-2|medium|blueprint-seed,**Answer: C** — Implement detective controls and alerting. Review the official AWS exam guide (SCS-C02) and linked documentation. Objective: LM-2.,https://docs.aws.amazon.com/security/|https://aws.amazon.com/certification/certified-security-specialty/
aws-security-specialty,logging-monitoring,LM-2,SCS-C02 — LM-2 (MEDIUM) #15,A team must implement a solution for Implement detective controls and alerting in the context of AWS Certified Security – Specialty?,Mix controls from unrelated domains that do not address the stated objective.,Apply the official Logging and Monitoring guidance: Implement detective controls and alerting — this aligns with exam blueprint expectations and vendor documentation.,Use an approach that contradicts the exam objective and ignores documented constraints.,"Deploy without monitoring, backup, or access controls required by the blueprint.",D,MEDIUM,aws-security-specialty|logging-monitoring|LM-2|medium|blueprint-seed,**Answer: D** — Implement detective controls and alerting. Review the official AWS exam guide (SCS-C02) and linked documentation. Objective: LM-2.,https://docs.aws.amazon.com/security/|https://aws.amazon.com/certification/certified-security-specialty/
aws-security-specialty,logging-monitoring,LM-2,SCS-C02 — LM-2 (MEDIUM) #16,Which approach aligns with best practices when Implement detective controls and alerting in the context of AWS Certified Security – Specialty?,"Follow the documented approach for Implement detective controls and alerting, using recommended services and controls per the exam guide.",Use an approach that contradicts the exam objective and ignores documented constraints.,"Deploy without monitoring, backup, or access controls required by the blueprint.",Mix controls from unrelated domains that do not address the stated objective.,A,MEDIUM,aws-security-specialty|logging-monitoring|LM-2|medium|blueprint-seed,**Answer: A** — Implement detective controls and alerting. Review the official AWS exam guide (SCS-C02) and linked documentation. Objective: LM-2.,https://docs.aws.amazon.com/security/|https://aws.amazon.com/certification/certified-security-specialty/
aws-security-specialty,logging-monitoring,LM-2,SCS-C02 — LM-2 (MEDIUM) #17,"During a project review, stakeholders ask how to Implement detective controls and alerting in the context of AWS Certified Security – Specialty?",Use an approach that contradicts the exam objective and ignores documented constraints.,"Deploy without monitoring, backup, or access controls required by the blueprint.",Mix controls from unrelated domains that do not address the stated objective.,"Implement Implement detective controls and alerting using AWS best practices for Logging and Monitoring, including monitoring and least privilege.",B,MEDIUM,aws-security-specialty|logging-monitoring|LM-2|medium|blueprint-seed,**Answer: B** — Implement detective controls and alerting. Review the official AWS exam guide (SCS-C02) and linked documentation. Objective: LM-2.,https://docs.aws.amazon.com/security/|https://aws.amazon.com/certification/certified-security-specialty/
aws-security-specialty,logging-monitoring,LM-2,SCS-C02 — LM-2 (MEDIUM) #18,Which configuration satisfies requirements for Implement detective controls and alerting in the context of AWS Certified Security – Specialty?,"Deploy without monitoring, backup, or access controls required by the blueprint.",Mix controls from unrelated domains that do not address the stated objective.,Apply the official Logging and Monitoring guidance: Implement detective controls and alerting — this aligns with exam blueprint expectations and vendor documentation.,Use an approach that contradicts the exam objective and ignores documented constraints.,C,MEDIUM,aws-security-specialty|logging-monitoring|LM-2|medium|blueprint-seed,**Answer: C** — Implement detective controls and alerting. Review the official AWS exam guide (SCS-C02) and linked documentation. Objective: LM-2.,https://docs.aws.amazon.com/security/|https://aws.amazon.com/certification/certified-security-specialty/
aws-security-specialty,logging-monitoring,LM-2,SCS-C02 — LM-2 (MEDIUM) #19,What is the recommended design when applying Implement detective controls and alerting in the context of AWS Certified Security – Specialty?,Mix controls from unrelated domains that do not address the stated objective.,"Follow the documented approach for Implement detective controls and alerting, using recommended services and controls per the exam guide.",Use an approach that contradicts the exam objective and ignores documented constraints.,"Deploy without monitoring, backup, or access controls required by the blueprint.",D,MEDIUM,aws-security-specialty|logging-monitoring|LM-2|medium|blueprint-seed,**Answer: D** — Implement detective controls and alerting. Review the official AWS exam guide (SCS-C02) and linked documentation. Objective: LM-2.,https://docs.aws.amazon.com/security/|https://aws.amazon.com/certification/certified-security-specialty/
aws-security-specialty,logging-monitoring,LM-2,SCS-C02 — LM-2 (MEDIUM) #20,A team must implement a solution for Implement detective controls and alerting in the context of AWS Certified Security – Specialty?,"Implement Implement detective controls and alerting using AWS best practices for Logging and Monitoring, including monitoring and least privilege.",Use an approach that contradicts the exam objective and ignores documented constraints.,"Deploy without monitoring, backup, or access controls required by the blueprint.",Mix controls from unrelated domains that do not address the stated objective.,A,MEDIUM,aws-security-specialty|logging-monitoring|LM-2|medium|blueprint-seed,**Answer: A** — Implement detective controls and alerting. Review the official AWS exam guide (SCS-C02) and linked documentation. Objective: LM-2.,https://docs.aws.amazon.com/security/|https://aws.amazon.com/certification/certified-security-specialty/
aws-security-specialty,logging-monitoring,LM-2,SCS-C02 — LM-2 (MEDIUM) #21,Which approach aligns with best practices when Implement detective controls and alerting in the context of AWS Certified Security – Specialty?,Use an approach that contradicts the exam objective and ignores documented constraints.,"Deploy without monitoring, backup, or access controls required by the blueprint.",Mix controls from unrelated domains that do not address the stated objective.,Apply the official Logging and Monitoring guidance: Implement detective controls and alerting — this aligns with exam blueprint expectations and vendor documentation.,B,MEDIUM,aws-security-specialty|logging-monitoring|LM-2|medium|blueprint-seed,**Answer: B** — Implement detective controls and alerting. Review the official AWS exam guide (SCS-C02) and linked documentation. Objective: LM-2.,https://docs.aws.amazon.com/security/|https://aws.amazon.com/certification/certified-security-specialty/
aws-security-specialty,logging-monitoring,LM-2,SCS-C02 — LM-2 (MEDIUM) #22,"During a project review, stakeholders ask how to Implement detective controls and alerting in the context of AWS Certified Security – Specialty?","Deploy without monitoring, backup, or access controls required by the blueprint.",Mix controls from unrelated domains that do not address the stated objective.,"Follow the documented approach for Implement detective controls and alerting, using recommended services and controls per the exam guide.",Use an approach that contradicts the exam objective and ignores documented constraints.,C,MEDIUM,aws-security-specialty|logging-monitoring|LM-2|medium|blueprint-seed,**Answer: C** — Implement detective controls and alerting. Review the official AWS exam guide (SCS-C02) and linked documentation. Objective: LM-2.,https://docs.aws.amazon.com/security/|https://aws.amazon.com/certification/certified-security-specialty/
aws-security-specialty,logging-monitoring,LM-2,SCS-C02 — LM-2 (MEDIUM) #23,Which configuration satisfies requirements for Implement detective controls and alerting in the context of AWS Certified Security – Specialty?,Mix controls from unrelated domains that do not address the stated objective.,"Implement Implement detective controls and alerting using AWS best practices for Logging and Monitoring, including monitoring and least privilege.",Use an approach that contradicts the exam objective and ignores documented constraints.,"Deploy without monitoring, backup, or access controls required by the blueprint.",D,MEDIUM,aws-security-specialty|logging-monitoring|LM-2|medium|blueprint-seed,**Answer: D** — Implement detective controls and alerting. Review the official AWS exam guide (SCS-C02) and linked documentation. Objective: LM-2.,https://docs.aws.amazon.com/security/|https://aws.amazon.com/certification/certified-security-specialty/
aws-security-specialty,logging-monitoring,LM-2,SCS-C02 — LM-2 (MEDIUM) #24,What is the recommended design when applying Implement detective controls and alerting in the context of AWS Certified Security – Specialty?,Apply the official Logging and Monitoring guidance: Implement detective controls and alerting — this aligns with exam blueprint expectations and vendor documentation.,Use an approach that contradicts the exam objective and ignores documented constraints.,"Deploy without monitoring, backup, or access controls required by the blueprint.",Mix controls from unrelated domains that do not address the stated objective.,A,MEDIUM,aws-security-specialty|logging-monitoring|LM-2|medium|blueprint-seed,**Answer: A** — Implement detective controls and alerting. Review the official AWS exam guide (SCS-C02) and linked documentation. Objective: LM-2.,https://docs.aws.amazon.com/security/|https://aws.amazon.com/certification/certified-security-specialty/
aws-security-specialty,logging-monitoring,LM-2,SCS-C02 — LM-2 (HARD) #25,An enterprise requires zero-downtime architecture while Implement detective controls and alerting for Logging and Monitoring?,Use an approach that contradicts the exam objective and ignores documented constraints.,"Deploy without monitoring, backup, or access controls required by the blueprint.",Mix controls from unrelated domains that do not address the stated objective.,"Follow the documented approach for Implement detective controls and alerting, using recommended services and controls per the exam guide.",B,HARD,aws-security-specialty|logging-monitoring|LM-2|hard|blueprint-seed,**Answer: B** — Implement detective controls and alerting. Review the official AWS exam guide (SCS-C02) and linked documentation. Objective: LM-2.,https://docs.aws.amazon.com/security/|https://aws.amazon.com/certification/certified-security-specialty/
aws-security-specialty,logging-monitoring,LM-2,SCS-C02 — LM-2 (HARD) #26,"Given strict compliance, auditability, and multi-region constraints, how should you Implement detective controls and alerting for Logging and Monitoring?","Deploy without monitoring, backup, or access controls required by the blueprint.",Mix controls from unrelated domains that do not address the stated objective.,"Implement Implement detective controls and alerting using AWS best practices for Logging and Monitoring, including monitoring and least privilege.",Use an approach that contradicts the exam objective and ignores documented constraints.,C,HARD,aws-security-specialty|logging-monitoring|LM-2|hard|blueprint-seed,**Answer: C** — Implement detective controls and alerting. Review the official AWS exam guide (SCS-C02) and linked documentation. Objective: LM-2.,https://docs.aws.amazon.com/security/|https://aws.amazon.com/certification/certified-security-specialty/
aws-security-specialty,logging-monitoring,LM-2,SCS-C02 — LM-2 (HARD) #27,A production incident involves trade-offs between cost and resilience for Implement detective controls and alerting for Logging and Monitoring?,Mix controls from unrelated domains that do not address the stated objective.,Apply the official Logging and Monitoring guidance: Implement detective controls and alerting — this aligns with exam blueprint expectations and vendor documentation.,Use an approach that contradicts the exam objective and ignores documented constraints.,"Deploy without monitoring, backup, or access controls required by the blueprint.",D,HARD,aws-security-specialty|logging-monitoring|LM-2|hard|blueprint-seed,**Answer: D** — Implement detective controls and alerting. Review the official AWS exam guide (SCS-C02) and linked documentation. Objective: LM-2.,https://docs.aws.amazon.com/security/|https://aws.amazon.com/certification/certified-security-specialty/
aws-security-specialty,logging-monitoring,LM-2,SCS-C02 — LM-2 (HARD) #28,Complex regulatory requirements demand that you Implement detective controls and alerting for Logging and Monitoring?,"Follow the documented approach for Implement detective controls and alerting, using recommended services and controls per the exam guide.",Use an approach that contradicts the exam objective and ignores documented constraints.,"Deploy without monitoring, backup, or access controls required by the blueprint.",Mix controls from unrelated domains that do not address the stated objective.,A,HARD,aws-security-specialty|logging-monitoring|LM-2|hard|blueprint-seed,**Answer: A** — Implement detective controls and alerting. Review the official AWS exam guide (SCS-C02) and linked documentation. Objective: LM-2.,https://docs.aws.amazon.com/security/|https://aws.amazon.com/certification/certified-security-specialty/
aws-security-specialty,logging-monitoring,LM-2,SCS-C02 — LM-2 (HARD) #29,A multi-team rollout must balance security and velocity for Implement detective controls and alerting for Logging and Monitoring?,Use an approach that contradicts the exam objective and ignores documented constraints.,"Deploy without monitoring, backup, or access controls required by the blueprint.",Mix controls from unrelated domains that do not address the stated objective.,"Implement Implement detective controls and alerting using AWS best practices for Logging and Monitoring, including monitoring and least privilege.",B,HARD,aws-security-specialty|logging-monitoring|LM-2|hard|blueprint-seed,**Answer: B** — Implement detective controls and alerting. Review the official AWS exam guide (SCS-C02) and linked documentation. Objective: LM-2.,https://docs.aws.amazon.com/security/|https://aws.amazon.com/certification/certified-security-specialty/
aws-security-specialty,logging-monitoring,LM-2,SCS-C02 — LM-2 (HARD) #30,An enterprise requires zero-downtime architecture while Implement detective controls and alerting for Logging and Monitoring?,"Deploy without monitoring, backup, or access controls required by the blueprint.",Mix controls from unrelated domains that do not address the stated objective.,Apply the official Logging and Monitoring guidance: Implement detective controls and alerting — this aligns with exam blueprint expectations and vendor documentation.,Use an approach that contradicts the exam objective and ignores documented constraints.,C,HARD,aws-security-specialty|logging-monitoring|LM-2|hard|blueprint-seed,**Answer: C** — Implement detective controls and alerting. Review the official AWS exam guide (SCS-C02) and linked documentation. Objective: LM-2.,https://docs.aws.amazon.com/security/|https://aws.amazon.com/certification/certified-security-specialty/
aws-security-specialty,logging-monitoring,LM-2,SCS-C02 — LM-2 (HARD) #31,"Given strict compliance, auditability, and multi-region constraints, how should you Implement detective controls and alerting for Logging and Monitoring?",Mix controls from unrelated domains that do not address the stated objective.,"Follow the documented approach for Implement detective controls and alerting, using recommended services and controls per the exam guide.",Use an approach that contradicts the exam objective and ignores documented constraints.,"Deploy without monitoring, backup, or access controls required by the blueprint.",D,HARD,aws-security-specialty|logging-monitoring|LM-2|hard|blueprint-seed,**Answer: D** — Implement detective controls and alerting. Review the official AWS exam guide (SCS-C02) and linked documentation. Objective: LM-2.,https://docs.aws.amazon.com/security/|https://aws.amazon.com/certification/certified-security-specialty/
aws-security-specialty,logging-monitoring,LM-2,SCS-C02 — LM-2 (HARD) #32,A production incident involves trade-offs between cost and resilience for Implement detective controls and alerting for Logging and Monitoring?,"Implement Implement detective controls and alerting using AWS best practices for Logging and Monitoring, including monitoring and least privilege.",Use an approach that contradicts the exam objective and ignores documented constraints.,"Deploy without monitoring, backup, or access controls required by the blueprint.",Mix controls from unrelated domains that do not address the stated objective.,A,HARD,aws-security-specialty|logging-monitoring|LM-2|hard|blueprint-seed,**Answer: A** — Implement detective controls and alerting. Review the official AWS exam guide (SCS-C02) and linked documentation. Objective: LM-2.,https://docs.aws.amazon.com/security/|https://aws.amazon.com/certification/certified-security-specialty/
aws-security-specialty,logging-monitoring,LM-2,SCS-C02 — LM-2 (HARD) #33,Complex regulatory requirements demand that you Implement detective controls and alerting for Logging and Monitoring?,Use an approach that contradicts the exam objective and ignores documented constraints.,"Deploy without monitoring, backup, or access controls required by the blueprint.",Mix controls from unrelated domains that do not address the stated objective.,Apply the official Logging and Monitoring guidance: Implement detective controls and alerting — this aligns with exam blueprint expectations and vendor documentation.,B,HARD,aws-security-specialty|logging-monitoring|LM-2|hard|blueprint-seed,**Answer: B** — Implement detective controls and alerting. Review the official AWS exam guide (SCS-C02) and linked documentation. Objective: LM-2.,https://docs.aws.amazon.com/security/|https://aws.amazon.com/certification/certified-security-specialty/
aws-security-specialty,logging-monitoring,LM-2,SCS-C02 — LM-2 (HARD) #34,A multi-team rollout must balance security and velocity for Implement detective controls and alerting for Logging and Monitoring?,"Deploy without monitoring, backup, or access controls required by the blueprint.",Mix controls from unrelated domains that do not address the stated objective.,"Follow the documented approach for Implement detective controls and alerting, using recommended services and controls per the exam guide.",Use an approach that contradicts the exam objective and ignores documented constraints.,C,HARD,aws-security-specialty|logging-monitoring|LM-2|hard|blueprint-seed,**Answer: C** — Implement detective controls and alerting. Review the official AWS exam guide (SCS-C02) and linked documentation. Objective: LM-2.,https://docs.aws.amazon.com/security/|https://aws.amazon.com/certification/certified-security-specialty/
aws-security-specialty,logging-monitoring,LM-3,SCS-C02 — LM-3 (EASY) #1,What is the primary purpose of Analyze logs for security anomalies?,Use an approach that contradicts the exam objective and ignores documented constraints.,"Deploy without monitoring, backup, or access controls required by the blueprint.",Mix controls from unrelated domains that do not address the stated objective.,"Follow the documented approach for Analyze logs for security anomalies, using recommended services and controls per the exam guide.",B,EASY,aws-security-specialty|logging-monitoring|LM-3|easy|blueprint-seed,**Answer: B** — Analyze logs for security anomalies. Review the official AWS exam guide (SCS-C02) and linked documentation. Objective: LM-3.,https://docs.aws.amazon.com/security/|https://aws.amazon.com/certification/certified-security-specialty/
aws-security-specialty,logging-monitoring,LM-3,SCS-C02 — LM-3 (EASY) #2,Which concept is fundamental to Analyze logs for security anomalies?,"Deploy without monitoring, backup, or access controls required by the blueprint.",Mix controls from unrelated domains that do not address the stated objective.,"Implement Analyze logs for security anomalies using AWS best practices for Logging and Monitoring, including monitoring and least privilege.",Use an approach that contradicts the exam objective and ignores documented constraints.,C,EASY,aws-security-specialty|logging-monitoring|LM-3|easy|blueprint-seed,**Answer: C** — Analyze logs for security anomalies. Review the official AWS exam guide (SCS-C02) and linked documentation. Objective: LM-3.,https://docs.aws.amazon.com/security/|https://aws.amazon.com/certification/certified-security-specialty/
aws-security-specialty,logging-monitoring,LM-3,SCS-C02 — LM-3 (EASY) #3,Identify the core principle behind Analyze logs for security anomalies?,Mix controls from unrelated domains that do not address the stated objective.,Apply the official Logging and Monitoring guidance: Analyze logs for security anomalies — this aligns with exam blueprint expectations and vendor documentation.,Use an approach that contradicts the exam objective and ignores documented constraints.,"Deploy without monitoring, backup, or access controls required by the blueprint.",D,EASY,aws-security-specialty|logging-monitoring|LM-3|easy|blueprint-seed,**Answer: D** — Analyze logs for security anomalies. Review the official AWS exam guide (SCS-C02) and linked documentation. Objective: LM-3.,https://docs.aws.amazon.com/security/|https://aws.amazon.com/certification/certified-security-specialty/
aws-security-specialty,logging-monitoring,LM-3,SCS-C02 — LM-3 (EASY) #4,Which description accurately reflects Analyze logs for security anomalies?,"Follow the documented approach for Analyze logs for security anomalies, using recommended services and controls per the exam guide.",Use an approach that contradicts the exam objective and ignores documented constraints.,"Deploy without monitoring, backup, or access controls required by the blueprint.",Mix controls from unrelated domains that do not address the stated objective.,A,EASY,aws-security-specialty|logging-monitoring|LM-3|easy|blueprint-seed,**Answer: A** — Analyze logs for security anomalies. Review the official AWS exam guide (SCS-C02) and linked documentation. Objective: LM-3.,https://docs.aws.amazon.com/security/|https://aws.amazon.com/certification/certified-security-specialty/
aws-security-specialty,logging-monitoring,LM-3,SCS-C02 — LM-3 (EASY) #5,Which statement best defines the scope of Analyze logs for security anomalies?,Use an approach that contradicts the exam objective and ignores documented constraints.,"Deploy without monitoring, backup, or access controls required by the blueprint.",Mix controls from unrelated domains that do not address the stated objective.,"Implement Analyze logs for security anomalies using AWS best practices for Logging and Monitoring, including monitoring and least privilege.",B,EASY,aws-security-specialty|logging-monitoring|LM-3|easy|blueprint-seed,**Answer: B** — Analyze logs for security anomalies. Review the official AWS exam guide (SCS-C02) and linked documentation. Objective: LM-3.,https://docs.aws.amazon.com/security/|https://aws.amazon.com/certification/certified-security-specialty/
aws-security-specialty,logging-monitoring,LM-3,SCS-C02 — LM-3 (EASY) #6,What is the primary purpose of Analyze logs for security anomalies?,"Deploy without monitoring, backup, or access controls required by the blueprint.",Mix controls from unrelated domains that do not address the stated objective.,Apply the official Logging and Monitoring guidance: Analyze logs for security anomalies — this aligns with exam blueprint expectations and vendor documentation.,Use an approach that contradicts the exam objective and ignores documented constraints.,C,EASY,aws-security-specialty|logging-monitoring|LM-3|easy|blueprint-seed,**Answer: C** — Analyze logs for security anomalies. Review the official AWS exam guide (SCS-C02) and linked documentation. Objective: LM-3.,https://docs.aws.amazon.com/security/|https://aws.amazon.com/certification/certified-security-specialty/
aws-security-specialty,logging-monitoring,LM-3,SCS-C02 — LM-3 (EASY) #7,Which concept is fundamental to Analyze logs for security anomalies?,Mix controls from unrelated domains that do not address the stated objective.,"Follow the documented approach for Analyze logs for security anomalies, using recommended services and controls per the exam guide.",Use an approach that contradicts the exam objective and ignores documented constraints.,"Deploy without monitoring, backup, or access controls required by the blueprint.",D,EASY,aws-security-specialty|logging-monitoring|LM-3|easy|blueprint-seed,**Answer: D** — Analyze logs for security anomalies. Review the official AWS exam guide (SCS-C02) and linked documentation. Objective: LM-3.,https://docs.aws.amazon.com/security/|https://aws.amazon.com/certification/certified-security-specialty/
aws-security-specialty,logging-monitoring,LM-3,SCS-C02 — LM-3 (EASY) #8,Identify the core principle behind Analyze logs for security anomalies?,"Implement Analyze logs for security anomalies using AWS best practices for Logging and Monitoring, including monitoring and least privilege.",Use an approach that contradicts the exam objective and ignores documented constraints.,"Deploy without monitoring, backup, or access controls required by the blueprint.",Mix controls from unrelated domains that do not address the stated objective.,A,EASY,aws-security-specialty|logging-monitoring|LM-3|easy|blueprint-seed,**Answer: A** — Analyze logs for security anomalies. Review the official AWS exam guide (SCS-C02) and linked documentation. Objective: LM-3.,https://docs.aws.amazon.com/security/|https://aws.amazon.com/certification/certified-security-specialty/
aws-security-specialty,logging-monitoring,LM-3,SCS-C02 — LM-3 (EASY) #9,Which description accurately reflects Analyze logs for security anomalies?,Use an approach that contradicts the exam objective and ignores documented constraints.,"Deploy without monitoring, backup, or access controls required by the blueprint.",Mix controls from unrelated domains that do not address the stated objective.,Apply the official Logging and Monitoring guidance: Analyze logs for security anomalies — this aligns with exam blueprint expectations and vendor documentation.,B,EASY,aws-security-specialty|logging-monitoring|LM-3|easy|blueprint-seed,**Answer: B** — Analyze logs for security anomalies. Review the official AWS exam guide (SCS-C02) and linked documentation. Objective: LM-3.,https://docs.aws.amazon.com/security/|https://aws.amazon.com/certification/certified-security-specialty/
aws-security-specialty,logging-monitoring,LM-3,SCS-C02 — LM-3 (EASY) #10,Which statement best defines the scope of Analyze logs for security anomalies?,"Deploy without monitoring, backup, or access controls required by the blueprint.",Mix controls from unrelated domains that do not address the stated objective.,"Follow the documented approach for Analyze logs for security anomalies, using recommended services and controls per the exam guide.",Use an approach that contradicts the exam objective and ignores documented constraints.,C,EASY,aws-security-specialty|logging-monitoring|LM-3|easy|blueprint-seed,**Answer: C** — Analyze logs for security anomalies. Review the official AWS exam guide (SCS-C02) and linked documentation. Objective: LM-3.,https://docs.aws.amazon.com/security/|https://aws.amazon.com/certification/certified-security-specialty/
aws-security-specialty,logging-monitoring,LM-3,SCS-C02 — LM-3 (MEDIUM) #11,Which approach aligns with best practices when Analyze logs for security anomalies in the context of AWS Certified Security – Specialty?,Mix controls from unrelated domains that do not address the stated objective.,"Implement Analyze logs for security anomalies using AWS best practices for Logging and Monitoring, including monitoring and least privilege.",Use an approach that contradicts the exam objective and ignores documented constraints.,"Deploy without monitoring, backup, or access controls required by the blueprint.",D,MEDIUM,aws-security-specialty|logging-monitoring|LM-3|medium|blueprint-seed,**Answer: D** — Analyze logs for security anomalies. Review the official AWS exam guide (SCS-C02) and linked documentation. Objective: LM-3.,https://docs.aws.amazon.com/security/|https://aws.amazon.com/certification/certified-security-specialty/
aws-security-specialty,logging-monitoring,LM-3,SCS-C02 — LM-3 (MEDIUM) #12,"During a project review, stakeholders ask how to Analyze logs for security anomalies in the context of AWS Certified Security – Specialty?",Apply the official Logging and Monitoring guidance: Analyze logs for security anomalies — this aligns with exam blueprint expectations and vendor documentation.,Use an approach that contradicts the exam objective and ignores documented constraints.,"Deploy without monitoring, backup, or access controls required by the blueprint.",Mix controls from unrelated domains that do not address the stated objective.,A,MEDIUM,aws-security-specialty|logging-monitoring|LM-3|medium|blueprint-seed,**Answer: A** — Analyze logs for security anomalies. Review the official AWS exam guide (SCS-C02) and linked documentation. Objective: LM-3.,https://docs.aws.amazon.com/security/|https://aws.amazon.com/certification/certified-security-specialty/
aws-security-specialty,logging-monitoring,LM-3,SCS-C02 — LM-3 (MEDIUM) #13,Which configuration satisfies requirements for Analyze logs for security anomalies in the context of AWS Certified Security – Specialty?,Use an approach that contradicts the exam objective and ignores documented constraints.,"Deploy without monitoring, backup, or access controls required by the blueprint.",Mix controls from unrelated domains that do not address the stated objective.,"Follow the documented approach for Analyze logs for security anomalies, using recommended services and controls per the exam guide.",B,MEDIUM,aws-security-specialty|logging-monitoring|LM-3|medium|blueprint-seed,**Answer: B** — Analyze logs for security anomalies. Review the official AWS exam guide (SCS-C02) and linked documentation. Objective: LM-3.,https://docs.aws.amazon.com/security/|https://aws.amazon.com/certification/certified-security-specialty/
aws-security-specialty,logging-monitoring,LM-3,SCS-C02 — LM-3 (MEDIUM) #14,What is the recommended design when applying Analyze logs for security anomalies in the context of AWS Certified Security – Specialty?,"Deploy without monitoring, backup, or access controls required by the blueprint.",Mix controls from unrelated domains that do not address the stated objective.,"Implement Analyze logs for security anomalies using AWS best practices for Logging and Monitoring, including monitoring and least privilege.",Use an approach that contradicts the exam objective and ignores documented constraints.,C,MEDIUM,aws-security-specialty|logging-monitoring|LM-3|medium|blueprint-seed,**Answer: C** — Analyze logs for security anomalies. Review the official AWS exam guide (SCS-C02) and linked documentation. Objective: LM-3.,https://docs.aws.amazon.com/security/|https://aws.amazon.com/certification/certified-security-specialty/
aws-security-specialty,logging-monitoring,LM-3,SCS-C02 — LM-3 (MEDIUM) #15,A team must implement a solution for Analyze logs for security anomalies in the context of AWS Certified Security – Specialty?,Mix controls from unrelated domains that do not address the stated objective.,Apply the official Logging and Monitoring guidance: Analyze logs for security anomalies — this aligns with exam blueprint expectations and vendor documentation.,Use an approach that contradicts the exam objective and ignores documented constraints.,"Deploy without monitoring, backup, or access controls required by the blueprint.",D,MEDIUM,aws-security-specialty|logging-monitoring|LM-3|medium|blueprint-seed,**Answer: D** — Analyze logs for security anomalies. Review the official AWS exam guide (SCS-C02) and linked documentation. Objective: LM-3.,https://docs.aws.amazon.com/security/|https://aws.amazon.com/certification/certified-security-specialty/
aws-security-specialty,logging-monitoring,LM-3,SCS-C02 — LM-3 (MEDIUM) #16,Which approach aligns with best practices when Analyze logs for security anomalies in the context of AWS Certified Security – Specialty?,"Follow the documented approach for Analyze logs for security anomalies, using recommended services and controls per the exam guide.",Use an approach that contradicts the exam objective and ignores documented constraints.,"Deploy without monitoring, backup, or access controls required by the blueprint.",Mix controls from unrelated domains that do not address the stated objective.,A,MEDIUM,aws-security-specialty|logging-monitoring|LM-3|medium|blueprint-seed,**Answer: A** — Analyze logs for security anomalies. Review the official AWS exam guide (SCS-C02) and linked documentation. Objective: LM-3.,https://docs.aws.amazon.com/security/|https://aws.amazon.com/certification/certified-security-specialty/
aws-security-specialty,logging-monitoring,LM-3,SCS-C02 — LM-3 (MEDIUM) #17,"During a project review, stakeholders ask how to Analyze logs for security anomalies in the context of AWS Certified Security – Specialty?",Use an approach that contradicts the exam objective and ignores documented constraints.,"Deploy without monitoring, backup, or access controls required by the blueprint.",Mix controls from unrelated domains that do not address the stated objective.,"Implement Analyze logs for security anomalies using AWS best practices for Logging and Monitoring, including monitoring and least privilege.",B,MEDIUM,aws-security-specialty|logging-monitoring|LM-3|medium|blueprint-seed,**Answer: B** — Analyze logs for security anomalies. Review the official AWS exam guide (SCS-C02) and linked documentation. Objective: LM-3.,https://docs.aws.amazon.com/security/|https://aws.amazon.com/certification/certified-security-specialty/
aws-security-specialty,logging-monitoring,LM-3,SCS-C02 — LM-3 (MEDIUM) #18,Which configuration satisfies requirements for Analyze logs for security anomalies in the context of AWS Certified Security – Specialty?,"Deploy without monitoring, backup, or access controls required by the blueprint.",Mix controls from unrelated domains that do not address the stated objective.,Apply the official Logging and Monitoring guidance: Analyze logs for security anomalies — this aligns with exam blueprint expectations and vendor documentation.,Use an approach that contradicts the exam objective and ignores documented constraints.,C,MEDIUM,aws-security-specialty|logging-monitoring|LM-3|medium|blueprint-seed,**Answer: C** — Analyze logs for security anomalies. Review the official AWS exam guide (SCS-C02) and linked documentation. Objective: LM-3.,https://docs.aws.amazon.com/security/|https://aws.amazon.com/certification/certified-security-specialty/
aws-security-specialty,logging-monitoring,LM-3,SCS-C02 — LM-3 (MEDIUM) #19,What is the recommended design when applying Analyze logs for security anomalies in the context of AWS Certified Security – Specialty?,Mix controls from unrelated domains that do not address the stated objective.,"Follow the documented approach for Analyze logs for security anomalies, using recommended services and controls per the exam guide.",Use an approach that contradicts the exam objective and ignores documented constraints.,"Deploy without monitoring, backup, or access controls required by the blueprint.",D,MEDIUM,aws-security-specialty|logging-monitoring|LM-3|medium|blueprint-seed,**Answer: D** — Analyze logs for security anomalies. Review the official AWS exam guide (SCS-C02) and linked documentation. Objective: LM-3.,https://docs.aws.amazon.com/security/|https://aws.amazon.com/certification/certified-security-specialty/
aws-security-specialty,logging-monitoring,LM-3,SCS-C02 — LM-3 (MEDIUM) #20,A team must implement a solution for Analyze logs for security anomalies in the context of AWS Certified Security – Specialty?,"Implement Analyze logs for security anomalies using AWS best practices for Logging and Monitoring, including monitoring and least privilege.",Use an approach that contradicts the exam objective and ignores documented constraints.,"Deploy without monitoring, backup, or access controls required by the blueprint.",Mix controls from unrelated domains that do not address the stated objective.,A,MEDIUM,aws-security-specialty|logging-monitoring|LM-3|medium|blueprint-seed,**Answer: A** — Analyze logs for security anomalies. Review the official AWS exam guide (SCS-C02) and linked documentation. Objective: LM-3.,https://docs.aws.amazon.com/security/|https://aws.amazon.com/certification/certified-security-specialty/
aws-security-specialty,logging-monitoring,LM-3,SCS-C02 — LM-3 (MEDIUM) #21,Which approach aligns with best practices when Analyze logs for security anomalies in the context of AWS Certified Security – Specialty?,Use an approach that contradicts the exam objective and ignores documented constraints.,"Deploy without monitoring, backup, or access controls required by the blueprint.",Mix controls from unrelated domains that do not address the stated objective.,Apply the official Logging and Monitoring guidance: Analyze logs for security anomalies — this aligns with exam blueprint expectations and vendor documentation.,B,MEDIUM,aws-security-specialty|logging-monitoring|LM-3|medium|blueprint-seed,**Answer: B** — Analyze logs for security anomalies. Review the official AWS exam guide (SCS-C02) and linked documentation. Objective: LM-3.,https://docs.aws.amazon.com/security/|https://aws.amazon.com/certification/certified-security-specialty/
aws-security-specialty,logging-monitoring,LM-3,SCS-C02 — LM-3 (MEDIUM) #22,"During a project review, stakeholders ask how to Analyze logs for security anomalies in the context of AWS Certified Security – Specialty?","Deploy without monitoring, backup, or access controls required by the blueprint.",Mix controls from unrelated domains that do not address the stated objective.,"Follow the documented approach for Analyze logs for security anomalies, using recommended services and controls per the exam guide.",Use an approach that contradicts the exam objective and ignores documented constraints.,C,MEDIUM,aws-security-specialty|logging-monitoring|LM-3|medium|blueprint-seed,**Answer: C** — Analyze logs for security anomalies. Review the official AWS exam guide (SCS-C02) and linked documentation. Objective: LM-3.,https://docs.aws.amazon.com/security/|https://aws.amazon.com/certification/certified-security-specialty/
aws-security-specialty,logging-monitoring,LM-3,SCS-C02 — LM-3 (MEDIUM) #23,Which configuration satisfies requirements for Analyze logs for security anomalies in the context of AWS Certified Security – Specialty?,Mix controls from unrelated domains that do not address the stated objective.,"Implement Analyze logs for security anomalies using AWS best practices for Logging and Monitoring, including monitoring and least privilege.",Use an approach that contradicts the exam objective and ignores documented constraints.,"Deploy without monitoring, backup, or access controls required by the blueprint.",D,MEDIUM,aws-security-specialty|logging-monitoring|LM-3|medium|blueprint-seed,**Answer: D** — Analyze logs for security anomalies. Review the official AWS exam guide (SCS-C02) and linked documentation. Objective: LM-3.,https://docs.aws.amazon.com/security/|https://aws.amazon.com/certification/certified-security-specialty/
aws-security-specialty,logging-monitoring,LM-3,SCS-C02 — LM-3 (HARD) #24,A multi-team rollout must balance security and velocity for Analyze logs for security anomalies for Logging and Monitoring?,Apply the official Logging and Monitoring guidance: Analyze logs for security anomalies — this aligns with exam blueprint expectations and vendor documentation.,Use an approach that contradicts the exam objective and ignores documented constraints.,"Deploy without monitoring, backup, or access controls required by the blueprint.",Mix controls from unrelated domains that do not address the stated objective.,A,HARD,aws-security-specialty|logging-monitoring|LM-3|hard|blueprint-seed,**Answer: A** — Analyze logs for security anomalies. Review the official AWS exam guide (SCS-C02) and linked documentation. Objective: LM-3.,https://docs.aws.amazon.com/security/|https://aws.amazon.com/certification/certified-security-specialty/
aws-security-specialty,logging-monitoring,LM-3,SCS-C02 — LM-3 (HARD) #25,An enterprise requires zero-downtime architecture while Analyze logs for security anomalies for Logging and Monitoring?,Use an approach that contradicts the exam objective and ignores documented constraints.,"Deploy without monitoring, backup, or access controls required by the blueprint.",Mix controls from unrelated domains that do not address the stated objective.,"Follow the documented approach for Analyze logs for security anomalies, using recommended services and controls per the exam guide.",B,HARD,aws-security-specialty|logging-monitoring|LM-3|hard|blueprint-seed,**Answer: B** — Analyze logs for security anomalies. Review the official AWS exam guide (SCS-C02) and linked documentation. Objective: LM-3.,https://docs.aws.amazon.com/security/|https://aws.amazon.com/certification/certified-security-specialty/
aws-security-specialty,logging-monitoring,LM-3,SCS-C02 — LM-3 (HARD) #26,"Given strict compliance, auditability, and multi-region constraints, how should you Analyze logs for security anomalies for Logging and Monitoring?","Deploy without monitoring, backup, or access controls required by the blueprint.",Mix controls from unrelated domains that do not address the stated objective.,"Implement Analyze logs for security anomalies using AWS best practices for Logging and Monitoring, including monitoring and least privilege.",Use an approach that contradicts the exam objective and ignores documented constraints.,C,HARD,aws-security-specialty|logging-monitoring|LM-3|hard|blueprint-seed,**Answer: C** — Analyze logs for security anomalies. Review the official AWS exam guide (SCS-C02) and linked documentation. Objective: LM-3.,https://docs.aws.amazon.com/security/|https://aws.amazon.com/certification/certified-security-specialty/
aws-security-specialty,logging-monitoring,LM-3,SCS-C02 — LM-3 (HARD) #27,A production incident involves trade-offs between cost and resilience for Analyze logs for security anomalies for Logging and Monitoring?,Mix controls from unrelated domains that do not address the stated objective.,Apply the official Logging and Monitoring guidance: Analyze logs for security anomalies — this aligns with exam blueprint expectations and vendor documentation.,Use an approach that contradicts the exam objective and ignores documented constraints.,"Deploy without monitoring, backup, or access controls required by the blueprint.",D,HARD,aws-security-specialty|logging-monitoring|LM-3|hard|blueprint-seed,**Answer: D** — Analyze logs for security anomalies. Review the official AWS exam guide (SCS-C02) and linked documentation. Objective: LM-3.,https://docs.aws.amazon.com/security/|https://aws.amazon.com/certification/certified-security-specialty/
aws-security-specialty,logging-monitoring,LM-3,SCS-C02 — LM-3 (HARD) #28,Complex regulatory requirements demand that you Analyze logs for security anomalies for Logging and Monitoring?,"Follow the documented approach for Analyze logs for security anomalies, using recommended services and controls per the exam guide.",Use an approach that contradicts the exam objective and ignores documented constraints.,"Deploy without monitoring, backup, or access controls required by the blueprint.",Mix controls from unrelated domains that do not address the stated objective.,A,HARD,aws-security-specialty|logging-monitoring|LM-3|hard|blueprint-seed,**Answer: A** — Analyze logs for security anomalies. Review the official AWS exam guide (SCS-C02) and linked documentation. Objective: LM-3.,https://docs.aws.amazon.com/security/|https://aws.amazon.com/certification/certified-security-specialty/
aws-security-specialty,logging-monitoring,LM-3,SCS-C02 — LM-3 (HARD) #29,A multi-team rollout must balance security and velocity for Analyze logs for security anomalies for Logging and Monitoring?,Use an approach that contradicts the exam objective and ignores documented constraints.,"Deploy without monitoring, backup, or access controls required by the blueprint.",Mix controls from unrelated domains that do not address the stated objective.,"Implement Analyze logs for security anomalies using AWS best practices for Logging and Monitoring, including monitoring and least privilege.",B,HARD,aws-security-specialty|logging-monitoring|LM-3|hard|blueprint-seed,**Answer: B** — Analyze logs for security anomalies. Review the official AWS exam guide (SCS-C02) and linked documentation. Objective: LM-3.,https://docs.aws.amazon.com/security/|https://aws.amazon.com/certification/certified-security-specialty/
aws-security-specialty,logging-monitoring,LM-3,SCS-C02 — LM-3 (HARD) #30,An enterprise requires zero-downtime architecture while Analyze logs for security anomalies for Logging and Monitoring?,"Deploy without monitoring, backup, or access controls required by the blueprint.",Mix controls from unrelated domains that do not address the stated objective.,Apply the official Logging and Monitoring guidance: Analyze logs for security anomalies — this aligns with exam blueprint expectations and vendor documentation.,Use an approach that contradicts the exam objective and ignores documented constraints.,C,HARD,aws-security-specialty|logging-monitoring|LM-3|hard|blueprint-seed,**Answer: C** — Analyze logs for security anomalies. Review the official AWS exam guide (SCS-C02) and linked documentation. Objective: LM-3.,https://docs.aws.amazon.com/security/|https://aws.amazon.com/certification/certified-security-specialty/
aws-security-specialty,logging-monitoring,LM-3,SCS-C02 — LM-3 (HARD) #31,"Given strict compliance, auditability, and multi-region constraints, how should you Analyze logs for security anomalies for Logging and Monitoring?",Mix controls from unrelated domains that do not address the stated objective.,"Follow the documented approach for Analyze logs for security anomalies, using recommended services and controls per the exam guide.",Use an approach that contradicts the exam objective and ignores documented constraints.,"Deploy without monitoring, backup, or access controls required by the blueprint.",D,HARD,aws-security-specialty|logging-monitoring|LM-3|hard|blueprint-seed,**Answer: D** — Analyze logs for security anomalies. Review the official AWS exam guide (SCS-C02) and linked documentation. Objective: LM-3.,https://docs.aws.amazon.com/security/|https://aws.amazon.com/certification/certified-security-specialty/
aws-security-specialty,logging-monitoring,LM-3,SCS-C02 — LM-3 (HARD) #32,A production incident involves trade-offs between cost and resilience for Analyze logs for security anomalies for Logging and Monitoring?,"Implement Analyze logs for security anomalies using AWS best practices for Logging and Monitoring, including monitoring and least privilege.",Use an approach that contradicts the exam objective and ignores documented constraints.,"Deploy without monitoring, backup, or access controls required by the blueprint.",Mix controls from unrelated domains that do not address the stated objective.,A,HARD,aws-security-specialty|logging-monitoring|LM-3|hard|blueprint-seed,**Answer: A** — Analyze logs for security anomalies. Review the official AWS exam guide (SCS-C02) and linked documentation. Objective: LM-3.,https://docs.aws.amazon.com/security/|https://aws.amazon.com/certification/certified-security-specialty/
aws-security-specialty,infrastructure-security,IS-1,SCS-C02 — IS-1 (EASY) #1,What is the primary purpose of Design secure VPC and network segmentation?,Use an approach that contradicts the exam objective and ignores documented constraints.,"Deploy without monitoring, backup, or access controls required by the blueprint.",Mix controls from unrelated domains that do not address the stated objective.,"Follow the documented approach for Design secure VPC and network segmentation, using recommended services and controls per the exam guide.",B,EASY,aws-security-specialty|infrastructure-security|IS-1|easy|blueprint-seed,**Answer: B** — Design secure VPC and network segmentation. Review the official AWS exam guide (SCS-C02) and linked documentation. Objective: IS-1.,https://docs.aws.amazon.com/security/|https://aws.amazon.com/certification/certified-security-specialty/
aws-security-specialty,infrastructure-security,IS-1,SCS-C02 — IS-1 (EASY) #2,Which concept is fundamental to Design secure VPC and network segmentation?,"Deploy without monitoring, backup, or access controls required by the blueprint.",Mix controls from unrelated domains that do not address the stated objective.,"Implement Design secure VPC and network segmentation using AWS best practices for Infrastructure Security, including monitoring and least privilege.",Use an approach that contradicts the exam objective and ignores documented constraints.,C,EASY,aws-security-specialty|infrastructure-security|IS-1|easy|blueprint-seed,**Answer: C** — Design secure VPC and network segmentation. Review the official AWS exam guide (SCS-C02) and linked documentation. Objective: IS-1.,https://docs.aws.amazon.com/security/|https://aws.amazon.com/certification/certified-security-specialty/
aws-security-specialty,infrastructure-security,IS-1,SCS-C02 — IS-1 (EASY) #3,Identify the core principle behind Design secure VPC and network segmentation?,Mix controls from unrelated domains that do not address the stated objective.,Apply the official Infrastructure Security guidance: Design secure VPC and network segmentation — this aligns with exam blueprint expectations and vendor documentation.,Use an approach that contradicts the exam objective and ignores documented constraints.,"Deploy without monitoring, backup, or access controls required by the blueprint.",D,EASY,aws-security-specialty|infrastructure-security|IS-1|easy|blueprint-seed,**Answer: D** — Design secure VPC and network segmentation. Review the official AWS exam guide (SCS-C02) and linked documentation. Objective: IS-1.,https://docs.aws.amazon.com/security/|https://aws.amazon.com/certification/certified-security-specialty/
aws-security-specialty,infrastructure-security,IS-1,SCS-C02 — IS-1 (EASY) #4,Which description accurately reflects Design secure VPC and network segmentation?,"Follow the documented approach for Design secure VPC and network segmentation, using recommended services and controls per the exam guide.",Use an approach that contradicts the exam objective and ignores documented constraints.,"Deploy without monitoring, backup, or access controls required by the blueprint.",Mix controls from unrelated domains that do not address the stated objective.,A,EASY,aws-security-specialty|infrastructure-security|IS-1|easy|blueprint-seed,**Answer: A** — Design secure VPC and network segmentation. Review the official AWS exam guide (SCS-C02) and linked documentation. Objective: IS-1.,https://docs.aws.amazon.com/security/|https://aws.amazon.com/certification/certified-security-specialty/
aws-security-specialty,infrastructure-security,IS-1,SCS-C02 — IS-1 (EASY) #5,Which statement best defines the scope of Design secure VPC and network segmentation?,Use an approach that contradicts the exam objective and ignores documented constraints.,"Deploy without monitoring, backup, or access controls required by the blueprint.",Mix controls from unrelated domains that do not address the stated objective.,"Implement Design secure VPC and network segmentation using AWS best practices for Infrastructure Security, including monitoring and least privilege.",B,EASY,aws-security-specialty|infrastructure-security|IS-1|easy|blueprint-seed,**Answer: B** — Design secure VPC and network segmentation. Review the official AWS exam guide (SCS-C02) and linked documentation. Objective: IS-1.,https://docs.aws.amazon.com/security/|https://aws.amazon.com/certification/certified-security-specialty/
aws-security-specialty,infrastructure-security,IS-1,SCS-C02 — IS-1 (EASY) #6,What is the primary purpose of Design secure VPC and network segmentation?,"Deploy without monitoring, backup, or access controls required by the blueprint.",Mix controls from unrelated domains that do not address the stated objective.,Apply the official Infrastructure Security guidance: Design secure VPC and network segmentation — this aligns with exam blueprint expectations and vendor documentation.,Use an approach that contradicts the exam objective and ignores documented constraints.,C,EASY,aws-security-specialty|infrastructure-security|IS-1|easy|blueprint-seed,**Answer: C** — Design secure VPC and network segmentation. Review the official AWS exam guide (SCS-C02) and linked documentation. Objective: IS-1.,https://docs.aws.amazon.com/security/|https://aws.amazon.com/certification/certified-security-specialty/
aws-security-specialty,infrastructure-security,IS-1,SCS-C02 — IS-1 (EASY) #7,Which concept is fundamental to Design secure VPC and network segmentation?,Mix controls from unrelated domains that do not address the stated objective.,"Follow the documented approach for Design secure VPC and network segmentation, using recommended services and controls per the exam guide.",Use an approach that contradicts the exam objective and ignores documented constraints.,"Deploy without monitoring, backup, or access controls required by the blueprint.",D,EASY,aws-security-specialty|infrastructure-security|IS-1|easy|blueprint-seed,**Answer: D** — Design secure VPC and network segmentation. Review the official AWS exam guide (SCS-C02) and linked documentation. Objective: IS-1.,https://docs.aws.amazon.com/security/|https://aws.amazon.com/certification/certified-security-specialty/
aws-security-specialty,infrastructure-security,IS-1,SCS-C02 — IS-1 (EASY) #8,Identify the core principle behind Design secure VPC and network segmentation?,"Implement Design secure VPC and network segmentation using AWS best practices for Infrastructure Security, including monitoring and least privilege.",Use an approach that contradicts the exam objective and ignores documented constraints.,"Deploy without monitoring, backup, or access controls required by the blueprint.",Mix controls from unrelated domains that do not address the stated objective.,A,EASY,aws-security-specialty|infrastructure-security|IS-1|easy|blueprint-seed,**Answer: A** — Design secure VPC and network segmentation. Review the official AWS exam guide (SCS-C02) and linked documentation. Objective: IS-1.,https://docs.aws.amazon.com/security/|https://aws.amazon.com/certification/certified-security-specialty/
aws-security-specialty,infrastructure-security,IS-1,SCS-C02 — IS-1 (EASY) #9,Which description accurately reflects Design secure VPC and network segmentation?,Use an approach that contradicts the exam objective and ignores documented constraints.,"Deploy without monitoring, backup, or access controls required by the blueprint.",Mix controls from unrelated domains that do not address the stated objective.,Apply the official Infrastructure Security guidance: Design secure VPC and network segmentation — this aligns with exam blueprint expectations and vendor documentation.,B,EASY,aws-security-specialty|infrastructure-security|IS-1|easy|blueprint-seed,**Answer: B** — Design secure VPC and network segmentation. Review the official AWS exam guide (SCS-C02) and linked documentation. Objective: IS-1.,https://docs.aws.amazon.com/security/|https://aws.amazon.com/certification/certified-security-specialty/
aws-security-specialty,infrastructure-security,IS-1,SCS-C02 — IS-1 (EASY) #10,Which statement best defines the scope of Design secure VPC and network segmentation?,"Deploy without monitoring, backup, or access controls required by the blueprint.",Mix controls from unrelated domains that do not address the stated objective.,"Follow the documented approach for Design secure VPC and network segmentation, using recommended services and controls per the exam guide.",Use an approach that contradicts the exam objective and ignores documented constraints.,C,EASY,aws-security-specialty|infrastructure-security|IS-1|easy|blueprint-seed,**Answer: C** — Design secure VPC and network segmentation. Review the official AWS exam guide (SCS-C02) and linked documentation. Objective: IS-1.,https://docs.aws.amazon.com/security/|https://aws.amazon.com/certification/certified-security-specialty/
aws-security-specialty,infrastructure-security,IS-1,SCS-C02 — IS-1 (MEDIUM) #11,Which approach aligns with best practices when Design secure VPC and network segmentation in the context of AWS Certified Security – Specialty?,Mix controls from unrelated domains that do not address the stated objective.,"Implement Design secure VPC and network segmentation using AWS best practices for Infrastructure Security, including monitoring and least privilege.",Use an approach that contradicts the exam objective and ignores documented constraints.,"Deploy without monitoring, backup, or access controls required by the blueprint.",D,MEDIUM,aws-security-specialty|infrastructure-security|IS-1|medium|blueprint-seed,**Answer: D** — Design secure VPC and network segmentation. Review the official AWS exam guide (SCS-C02) and linked documentation. Objective: IS-1.,https://docs.aws.amazon.com/security/|https://aws.amazon.com/certification/certified-security-specialty/
aws-security-specialty,infrastructure-security,IS-1,SCS-C02 — IS-1 (MEDIUM) #12,"During a project review, stakeholders ask how to Design secure VPC and network segmentation in the context of AWS Certified Security – Specialty?",Apply the official Infrastructure Security guidance: Design secure VPC and network segmentation — this aligns with exam blueprint expectations and vendor documentation.,Use an approach that contradicts the exam objective and ignores documented constraints.,"Deploy without monitoring, backup, or access controls required by the blueprint.",Mix controls from unrelated domains that do not address the stated objective.,A,MEDIUM,aws-security-specialty|infrastructure-security|IS-1|medium|blueprint-seed,**Answer: A** — Design secure VPC and network segmentation. Review the official AWS exam guide (SCS-C02) and linked documentation. Objective: IS-1.,https://docs.aws.amazon.com/security/|https://aws.amazon.com/certification/certified-security-specialty/
aws-security-specialty,infrastructure-security,IS-1,SCS-C02 — IS-1 (MEDIUM) #13,Which configuration satisfies requirements for Design secure VPC and network segmentation in the context of AWS Certified Security – Specialty?,Use an approach that contradicts the exam objective and ignores documented constraints.,"Deploy without monitoring, backup, or access controls required by the blueprint.",Mix controls from unrelated domains that do not address the stated objective.,"Follow the documented approach for Design secure VPC and network segmentation, using recommended services and controls per the exam guide.",B,MEDIUM,aws-security-specialty|infrastructure-security|IS-1|medium|blueprint-seed,**Answer: B** — Design secure VPC and network segmentation. Review the official AWS exam guide (SCS-C02) and linked documentation. Objective: IS-1.,https://docs.aws.amazon.com/security/|https://aws.amazon.com/certification/certified-security-specialty/
aws-security-specialty,infrastructure-security,IS-1,SCS-C02 — IS-1 (MEDIUM) #14,What is the recommended design when applying Design secure VPC and network segmentation in the context of AWS Certified Security – Specialty?,"Deploy without monitoring, backup, or access controls required by the blueprint.",Mix controls from unrelated domains that do not address the stated objective.,"Implement Design secure VPC and network segmentation using AWS best practices for Infrastructure Security, including monitoring and least privilege.",Use an approach that contradicts the exam objective and ignores documented constraints.,C,MEDIUM,aws-security-specialty|infrastructure-security|IS-1|medium|blueprint-seed,**Answer: C** — Design secure VPC and network segmentation. Review the official AWS exam guide (SCS-C02) and linked documentation. Objective: IS-1.,https://docs.aws.amazon.com/security/|https://aws.amazon.com/certification/certified-security-specialty/
aws-security-specialty,infrastructure-security,IS-1,SCS-C02 — IS-1 (MEDIUM) #15,A team must implement a solution for Design secure VPC and network segmentation in the context of AWS Certified Security – Specialty?,Mix controls from unrelated domains that do not address the stated objective.,Apply the official Infrastructure Security guidance: Design secure VPC and network segmentation — this aligns with exam blueprint expectations and vendor documentation.,Use an approach that contradicts the exam objective and ignores documented constraints.,"Deploy without monitoring, backup, or access controls required by the blueprint.",D,MEDIUM,aws-security-specialty|infrastructure-security|IS-1|medium|blueprint-seed,**Answer: D** — Design secure VPC and network segmentation. Review the official AWS exam guide (SCS-C02) and linked documentation. Objective: IS-1.,https://docs.aws.amazon.com/security/|https://aws.amazon.com/certification/certified-security-specialty/
aws-security-specialty,infrastructure-security,IS-1,SCS-C02 — IS-1 (MEDIUM) #16,Which approach aligns with best practices when Design secure VPC and network segmentation in the context of AWS Certified Security – Specialty?,"Follow the documented approach for Design secure VPC and network segmentation, using recommended services and controls per the exam guide.",Use an approach that contradicts the exam objective and ignores documented constraints.,"Deploy without monitoring, backup, or access controls required by the blueprint.",Mix controls from unrelated domains that do not address the stated objective.,A,MEDIUM,aws-security-specialty|infrastructure-security|IS-1|medium|blueprint-seed,**Answer: A** — Design secure VPC and network segmentation. Review the official AWS exam guide (SCS-C02) and linked documentation. Objective: IS-1.,https://docs.aws.amazon.com/security/|https://aws.amazon.com/certification/certified-security-specialty/
aws-security-specialty,infrastructure-security,IS-1,SCS-C02 — IS-1 (MEDIUM) #17,"During a project review, stakeholders ask how to Design secure VPC and network segmentation in the context of AWS Certified Security – Specialty?",Use an approach that contradicts the exam objective and ignores documented constraints.,"Deploy without monitoring, backup, or access controls required by the blueprint.",Mix controls from unrelated domains that do not address the stated objective.,"Implement Design secure VPC and network segmentation using AWS best practices for Infrastructure Security, including monitoring and least privilege.",B,MEDIUM,aws-security-specialty|infrastructure-security|IS-1|medium|blueprint-seed,**Answer: B** — Design secure VPC and network segmentation. Review the official AWS exam guide (SCS-C02) and linked documentation. Objective: IS-1.,https://docs.aws.amazon.com/security/|https://aws.amazon.com/certification/certified-security-specialty/
aws-security-specialty,infrastructure-security,IS-1,SCS-C02 — IS-1 (MEDIUM) #18,Which configuration satisfies requirements for Design secure VPC and network segmentation in the context of AWS Certified Security – Specialty?,"Deploy without monitoring, backup, or access controls required by the blueprint.",Mix controls from unrelated domains that do not address the stated objective.,Apply the official Infrastructure Security guidance: Design secure VPC and network segmentation — this aligns with exam blueprint expectations and vendor documentation.,Use an approach that contradicts the exam objective and ignores documented constraints.,C,MEDIUM,aws-security-specialty|infrastructure-security|IS-1|medium|blueprint-seed,**Answer: C** — Design secure VPC and network segmentation. Review the official AWS exam guide (SCS-C02) and linked documentation. Objective: IS-1.,https://docs.aws.amazon.com/security/|https://aws.amazon.com/certification/certified-security-specialty/
aws-security-specialty,infrastructure-security,IS-1,SCS-C02 — IS-1 (MEDIUM) #19,What is the recommended design when applying Design secure VPC and network segmentation in the context of AWS Certified Security – Specialty?,Mix controls from unrelated domains that do not address the stated objective.,"Follow the documented approach for Design secure VPC and network segmentation, using recommended services and controls per the exam guide.",Use an approach that contradicts the exam objective and ignores documented constraints.,"Deploy without monitoring, backup, or access controls required by the blueprint.",D,MEDIUM,aws-security-specialty|infrastructure-security|IS-1|medium|blueprint-seed,**Answer: D** — Design secure VPC and network segmentation. Review the official AWS exam guide (SCS-C02) and linked documentation. Objective: IS-1.,https://docs.aws.amazon.com/security/|https://aws.amazon.com/certification/certified-security-specialty/
aws-security-specialty,infrastructure-security,IS-1,SCS-C02 — IS-1 (MEDIUM) #20,A team must implement a solution for Design secure VPC and network segmentation in the context of AWS Certified Security – Specialty?,"Implement Design secure VPC and network segmentation using AWS best practices for Infrastructure Security, including monitoring and least privilege.",Use an approach that contradicts the exam objective and ignores documented constraints.,"Deploy without monitoring, backup, or access controls required by the blueprint.",Mix controls from unrelated domains that do not address the stated objective.,A,MEDIUM,aws-security-specialty|infrastructure-security|IS-1|medium|blueprint-seed,**Answer: A** — Design secure VPC and network segmentation. Review the official AWS exam guide (SCS-C02) and linked documentation. Objective: IS-1.,https://docs.aws.amazon.com/security/|https://aws.amazon.com/certification/certified-security-specialty/
aws-security-specialty,infrastructure-security,IS-1,SCS-C02 — IS-1 (MEDIUM) #21,Which approach aligns with best practices when Design secure VPC and network segmentation in the context of AWS Certified Security – Specialty?,Use an approach that contradicts the exam objective and ignores documented constraints.,"Deploy without monitoring, backup, or access controls required by the blueprint.",Mix controls from unrelated domains that do not address the stated objective.,Apply the official Infrastructure Security guidance: Design secure VPC and network segmentation — this aligns with exam blueprint expectations and vendor documentation.,B,MEDIUM,aws-security-specialty|infrastructure-security|IS-1|medium|blueprint-seed,**Answer: B** — Design secure VPC and network segmentation. Review the official AWS exam guide (SCS-C02) and linked documentation. Objective: IS-1.,https://docs.aws.amazon.com/security/|https://aws.amazon.com/certification/certified-security-specialty/
aws-security-specialty,infrastructure-security,IS-1,SCS-C02 — IS-1 (MEDIUM) #22,"During a project review, stakeholders ask how to Design secure VPC and network segmentation in the context of AWS Certified Security – Specialty?","Deploy without monitoring, backup, or access controls required by the blueprint.",Mix controls from unrelated domains that do not address the stated objective.,"Follow the documented approach for Design secure VPC and network segmentation, using recommended services and controls per the exam guide.",Use an approach that contradicts the exam objective and ignores documented constraints.,C,MEDIUM,aws-security-specialty|infrastructure-security|IS-1|medium|blueprint-seed,**Answer: C** — Design secure VPC and network segmentation. Review the official AWS exam guide (SCS-C02) and linked documentation. Objective: IS-1.,https://docs.aws.amazon.com/security/|https://aws.amazon.com/certification/certified-security-specialty/
aws-security-specialty,infrastructure-security,IS-1,SCS-C02 — IS-1 (MEDIUM) #23,Which configuration satisfies requirements for Design secure VPC and network segmentation in the context of AWS Certified Security – Specialty?,Mix controls from unrelated domains that do not address the stated objective.,"Implement Design secure VPC and network segmentation using AWS best practices for Infrastructure Security, including monitoring and least privilege.",Use an approach that contradicts the exam objective and ignores documented constraints.,"Deploy without monitoring, backup, or access controls required by the blueprint.",D,MEDIUM,aws-security-specialty|infrastructure-security|IS-1|medium|blueprint-seed,**Answer: D** — Design secure VPC and network segmentation. Review the official AWS exam guide (SCS-C02) and linked documentation. Objective: IS-1.,https://docs.aws.amazon.com/security/|https://aws.amazon.com/certification/certified-security-specialty/
aws-security-specialty,infrastructure-security,IS-1,SCS-C02 — IS-1 (HARD) #24,A multi-team rollout must balance security and velocity for Design secure VPC and network segmentation for Infrastructure Security?,Apply the official Infrastructure Security guidance: Design secure VPC and network segmentation — this aligns with exam blueprint expectations and vendor documentation.,Use an approach that contradicts the exam objective and ignores documented constraints.,"Deploy without monitoring, backup, or access controls required by the blueprint.",Mix controls from unrelated domains that do not address the stated objective.,A,HARD,aws-security-specialty|infrastructure-security|IS-1|hard|blueprint-seed,**Answer: A** — Design secure VPC and network segmentation. Review the official AWS exam guide (SCS-C02) and linked documentation. Objective: IS-1.,https://docs.aws.amazon.com/security/|https://aws.amazon.com/certification/certified-security-specialty/
aws-security-specialty,infrastructure-security,IS-1,SCS-C02 — IS-1 (HARD) #25,An enterprise requires zero-downtime architecture while Design secure VPC and network segmentation for Infrastructure Security?,Use an approach that contradicts the exam objective and ignores documented constraints.,"Deploy without monitoring, backup, or access controls required by the blueprint.",Mix controls from unrelated domains that do not address the stated objective.,"Follow the documented approach for Design secure VPC and network segmentation, using recommended services and controls per the exam guide.",B,HARD,aws-security-specialty|infrastructure-security|IS-1|hard|blueprint-seed,**Answer: B** — Design secure VPC and network segmentation. Review the official AWS exam guide (SCS-C02) and linked documentation. Objective: IS-1.,https://docs.aws.amazon.com/security/|https://aws.amazon.com/certification/certified-security-specialty/
aws-security-specialty,infrastructure-security,IS-1,SCS-C02 — IS-1 (HARD) #26,"Given strict compliance, auditability, and multi-region constraints, how should you Design secure VPC and network segmentation for Infrastructure Security?","Deploy without monitoring, backup, or access controls required by the blueprint.",Mix controls from unrelated domains that do not address the stated objective.,"Implement Design secure VPC and network segmentation using AWS best practices for Infrastructure Security, including monitoring and least privilege.",Use an approach that contradicts the exam objective and ignores documented constraints.,C,HARD,aws-security-specialty|infrastructure-security|IS-1|hard|blueprint-seed,**Answer: C** — Design secure VPC and network segmentation. Review the official AWS exam guide (SCS-C02) and linked documentation. Objective: IS-1.,https://docs.aws.amazon.com/security/|https://aws.amazon.com/certification/certified-security-specialty/
aws-security-specialty,infrastructure-security,IS-1,SCS-C02 — IS-1 (HARD) #27,A production incident involves trade-offs between cost and resilience for Design secure VPC and network segmentation for Infrastructure Security?,Mix controls from unrelated domains that do not address the stated objective.,Apply the official Infrastructure Security guidance: Design secure VPC and network segmentation — this aligns with exam blueprint expectations and vendor documentation.,Use an approach that contradicts the exam objective and ignores documented constraints.,"Deploy without monitoring, backup, or access controls required by the blueprint.",D,HARD,aws-security-specialty|infrastructure-security|IS-1|hard|blueprint-seed,**Answer: D** — Design secure VPC and network segmentation. Review the official AWS exam guide (SCS-C02) and linked documentation. Objective: IS-1.,https://docs.aws.amazon.com/security/|https://aws.amazon.com/certification/certified-security-specialty/
aws-security-specialty,infrastructure-security,IS-1,SCS-C02 — IS-1 (HARD) #28,Complex regulatory requirements demand that you Design secure VPC and network segmentation for Infrastructure Security?,"Follow the documented approach for Design secure VPC and network segmentation, using recommended services and controls per the exam guide.",Use an approach that contradicts the exam objective and ignores documented constraints.,"Deploy without monitoring, backup, or access controls required by the blueprint.",Mix controls from unrelated domains that do not address the stated objective.,A,HARD,aws-security-specialty|infrastructure-security|IS-1|hard|blueprint-seed,**Answer: A** — Design secure VPC and network segmentation. Review the official AWS exam guide (SCS-C02) and linked documentation. Objective: IS-1.,https://docs.aws.amazon.com/security/|https://aws.amazon.com/certification/certified-security-specialty/
aws-security-specialty,infrastructure-security,IS-1,SCS-C02 — IS-1 (HARD) #29,A multi-team rollout must balance security and velocity for Design secure VPC and network segmentation for Infrastructure Security?,Use an approach that contradicts the exam objective and ignores documented constraints.,"Deploy without monitoring, backup, or access controls required by the blueprint.",Mix controls from unrelated domains that do not address the stated objective.,"Implement Design secure VPC and network segmentation using AWS best practices for Infrastructure Security, including monitoring and least privilege.",B,HARD,aws-security-specialty|infrastructure-security|IS-1|hard|blueprint-seed,**Answer: B** — Design secure VPC and network segmentation. Review the official AWS exam guide (SCS-C02) and linked documentation. Objective: IS-1.,https://docs.aws.amazon.com/security/|https://aws.amazon.com/certification/certified-security-specialty/
aws-security-specialty,infrastructure-security,IS-1,SCS-C02 — IS-1 (HARD) #30,An enterprise requires zero-downtime architecture while Design secure VPC and network segmentation for Infrastructure Security?,"Deploy without monitoring, backup, or access controls required by the blueprint.",Mix controls from unrelated domains that do not address the stated objective.,Apply the official Infrastructure Security guidance: Design secure VPC and network segmentation — this aligns with exam blueprint expectations and vendor documentation.,Use an approach that contradicts the exam objective and ignores documented constraints.,C,HARD,aws-security-specialty|infrastructure-security|IS-1|hard|blueprint-seed,**Answer: C** — Design secure VPC and network segmentation. Review the official AWS exam guide (SCS-C02) and linked documentation. Objective: IS-1.,https://docs.aws.amazon.com/security/|https://aws.amazon.com/certification/certified-security-specialty/
aws-security-specialty,infrastructure-security,IS-1,SCS-C02 — IS-1 (HARD) #31,"Given strict compliance, auditability, and multi-region constraints, how should you Design secure VPC and network segmentation for Infrastructure Security?",Mix controls from unrelated domains that do not address the stated objective.,"Follow the documented approach for Design secure VPC and network segmentation, using recommended services and controls per the exam guide.",Use an approach that contradicts the exam objective and ignores documented constraints.,"Deploy without monitoring, backup, or access controls required by the blueprint.",D,HARD,aws-security-specialty|infrastructure-security|IS-1|hard|blueprint-seed,**Answer: D** — Design secure VPC and network segmentation. Review the official AWS exam guide (SCS-C02) and linked documentation. Objective: IS-1.,https://docs.aws.amazon.com/security/|https://aws.amazon.com/certification/certified-security-specialty/
aws-security-specialty,infrastructure-security,IS-1,SCS-C02 — IS-1 (HARD) #32,A production incident involves trade-offs between cost and resilience for Design secure VPC and network segmentation for Infrastructure Security?,"Implement Design secure VPC and network segmentation using AWS best practices for Infrastructure Security, including monitoring and least privilege.",Use an approach that contradicts the exam objective and ignores documented constraints.,"Deploy without monitoring, backup, or access controls required by the blueprint.",Mix controls from unrelated domains that do not address the stated objective.,A,HARD,aws-security-specialty|infrastructure-security|IS-1|hard|blueprint-seed,**Answer: A** — Design secure VPC and network segmentation. Review the official AWS exam guide (SCS-C02) and linked documentation. Objective: IS-1.,https://docs.aws.amazon.com/security/|https://aws.amazon.com/certification/certified-security-specialty/
aws-security-specialty,infrastructure-security,IS-1,SCS-C02 — IS-1 (HARD) #33,Complex regulatory requirements demand that you Design secure VPC and network segmentation for Infrastructure Security?,Use an approach that contradicts the exam objective and ignores documented constraints.,"Deploy without monitoring, backup, or access controls required by the blueprint.",Mix controls from unrelated domains that do not address the stated objective.,Apply the official Infrastructure Security guidance: Design secure VPC and network segmentation — this aligns with exam blueprint expectations and vendor documentation.,B,HARD,aws-security-specialty|infrastructure-security|IS-1|hard|blueprint-seed,**Answer: B** — Design secure VPC and network segmentation. Review the official AWS exam guide (SCS-C02) and linked documentation. Objective: IS-1.,https://docs.aws.amazon.com/security/|https://aws.amazon.com/certification/certified-security-specialty/
aws-security-specialty,infrastructure-security,IS-2,SCS-C02 — IS-2 (EASY) #1,What is the primary purpose of Harden compute and container workloads?,Use an approach that contradicts the exam objective and ignores documented constraints.,"Deploy without monitoring, backup, or access controls required by the blueprint.",Mix controls from unrelated domains that do not address the stated objective.,"Follow the documented approach for Harden compute and container workloads, using recommended services and controls per the exam guide.",B,EASY,aws-security-specialty|infrastructure-security|IS-2|easy|blueprint-seed,**Answer: B** — Harden compute and container workloads. Review the official AWS exam guide (SCS-C02) and linked documentation. Objective: IS-2.,https://docs.aws.amazon.com/security/|https://aws.amazon.com/certification/certified-security-specialty/
aws-security-specialty,infrastructure-security,IS-2,SCS-C02 — IS-2 (EASY) #2,Which concept is fundamental to Harden compute and container workloads?,"Deploy without monitoring, backup, or access controls required by the blueprint.",Mix controls from unrelated domains that do not address the stated objective.,"Implement Harden compute and container workloads using AWS best practices for Infrastructure Security, including monitoring and least privilege.",Use an approach that contradicts the exam objective and ignores documented constraints.,C,EASY,aws-security-specialty|infrastructure-security|IS-2|easy|blueprint-seed,**Answer: C** — Harden compute and container workloads. Review the official AWS exam guide (SCS-C02) and linked documentation. Objective: IS-2.,https://docs.aws.amazon.com/security/|https://aws.amazon.com/certification/certified-security-specialty/
aws-security-specialty,infrastructure-security,IS-2,SCS-C02 — IS-2 (EASY) #3,Identify the core principle behind Harden compute and container workloads?,Mix controls from unrelated domains that do not address the stated objective.,Apply the official Infrastructure Security guidance: Harden compute and container workloads — this aligns with exam blueprint expectations and vendor documentation.,Use an approach that contradicts the exam objective and ignores documented constraints.,"Deploy without monitoring, backup, or access controls required by the blueprint.",D,EASY,aws-security-specialty|infrastructure-security|IS-2|easy|blueprint-seed,**Answer: D** — Harden compute and container workloads. Review the official AWS exam guide (SCS-C02) and linked documentation. Objective: IS-2.,https://docs.aws.amazon.com/security/|https://aws.amazon.com/certification/certified-security-specialty/
aws-security-specialty,infrastructure-security,IS-2,SCS-C02 — IS-2 (EASY) #4,Which description accurately reflects Harden compute and container workloads?,"Follow the documented approach for Harden compute and container workloads, using recommended services and controls per the exam guide.",Use an approach that contradicts the exam objective and ignores documented constraints.,"Deploy without monitoring, backup, or access controls required by the blueprint.",Mix controls from unrelated domains that do not address the stated objective.,A,EASY,aws-security-specialty|infrastructure-security|IS-2|easy|blueprint-seed,**Answer: A** — Harden compute and container workloads. Review the official AWS exam guide (SCS-C02) and linked documentation. Objective: IS-2.,https://docs.aws.amazon.com/security/|https://aws.amazon.com/certification/certified-security-specialty/
aws-security-specialty,infrastructure-security,IS-2,SCS-C02 — IS-2 (EASY) #5,Which statement best defines the scope of Harden compute and container workloads?,Use an approach that contradicts the exam objective and ignores documented constraints.,"Deploy without monitoring, backup, or access controls required by the blueprint.",Mix controls from unrelated domains that do not address the stated objective.,"Implement Harden compute and container workloads using AWS best practices for Infrastructure Security, including monitoring and least privilege.",B,EASY,aws-security-specialty|infrastructure-security|IS-2|easy|blueprint-seed,**Answer: B** — Harden compute and container workloads. Review the official AWS exam guide (SCS-C02) and linked documentation. Objective: IS-2.,https://docs.aws.amazon.com/security/|https://aws.amazon.com/certification/certified-security-specialty/
aws-security-specialty,infrastructure-security,IS-2,SCS-C02 — IS-2 (EASY) #6,What is the primary purpose of Harden compute and container workloads?,"Deploy without monitoring, backup, or access controls required by the blueprint.",Mix controls from unrelated domains that do not address the stated objective.,Apply the official Infrastructure Security guidance: Harden compute and container workloads — this aligns with exam blueprint expectations and vendor documentation.,Use an approach that contradicts the exam objective and ignores documented constraints.,C,EASY,aws-security-specialty|infrastructure-security|IS-2|easy|blueprint-seed,**Answer: C** — Harden compute and container workloads. Review the official AWS exam guide (SCS-C02) and linked documentation. Objective: IS-2.,https://docs.aws.amazon.com/security/|https://aws.amazon.com/certification/certified-security-specialty/
aws-security-specialty,infrastructure-security,IS-2,SCS-C02 — IS-2 (EASY) #7,Which concept is fundamental to Harden compute and container workloads?,Mix controls from unrelated domains that do not address the stated objective.,"Follow the documented approach for Harden compute and container workloads, using recommended services and controls per the exam guide.",Use an approach that contradicts the exam objective and ignores documented constraints.,"Deploy without monitoring, backup, or access controls required by the blueprint.",D,EASY,aws-security-specialty|infrastructure-security|IS-2|easy|blueprint-seed,**Answer: D** — Harden compute and container workloads. Review the official AWS exam guide (SCS-C02) and linked documentation. Objective: IS-2.,https://docs.aws.amazon.com/security/|https://aws.amazon.com/certification/certified-security-specialty/
aws-security-specialty,infrastructure-security,IS-2,SCS-C02 — IS-2 (EASY) #8,Identify the core principle behind Harden compute and container workloads?,"Implement Harden compute and container workloads using AWS best practices for Infrastructure Security, including monitoring and least privilege.",Use an approach that contradicts the exam objective and ignores documented constraints.,"Deploy without monitoring, backup, or access controls required by the blueprint.",Mix controls from unrelated domains that do not address the stated objective.,A,EASY,aws-security-specialty|infrastructure-security|IS-2|easy|blueprint-seed,**Answer: A** — Harden compute and container workloads. Review the official AWS exam guide (SCS-C02) and linked documentation. Objective: IS-2.,https://docs.aws.amazon.com/security/|https://aws.amazon.com/certification/certified-security-specialty/
aws-security-specialty,infrastructure-security,IS-2,SCS-C02 — IS-2 (EASY) #9,Which description accurately reflects Harden compute and container workloads?,Use an approach that contradicts the exam objective and ignores documented constraints.,"Deploy without monitoring, backup, or access controls required by the blueprint.",Mix controls from unrelated domains that do not address the stated objective.,Apply the official Infrastructure Security guidance: Harden compute and container workloads — this aligns with exam blueprint expectations and vendor documentation.,B,EASY,aws-security-specialty|infrastructure-security|IS-2|easy|blueprint-seed,**Answer: B** — Harden compute and container workloads. Review the official AWS exam guide (SCS-C02) and linked documentation. Objective: IS-2.,https://docs.aws.amazon.com/security/|https://aws.amazon.com/certification/certified-security-specialty/
aws-security-specialty,infrastructure-security,IS-2,SCS-C02 — IS-2 (EASY) #10,Which statement best defines the scope of Harden compute and container workloads?,"Deploy without monitoring, backup, or access controls required by the blueprint.",Mix controls from unrelated domains that do not address the stated objective.,"Follow the documented approach for Harden compute and container workloads, using recommended services and controls per the exam guide.",Use an approach that contradicts the exam objective and ignores documented constraints.,C,EASY,aws-security-specialty|infrastructure-security|IS-2|easy|blueprint-seed,**Answer: C** — Harden compute and container workloads. Review the official AWS exam guide (SCS-C02) and linked documentation. Objective: IS-2.,https://docs.aws.amazon.com/security/|https://aws.amazon.com/certification/certified-security-specialty/
aws-security-specialty,infrastructure-security,IS-2,SCS-C02 — IS-2 (MEDIUM) #11,Which approach aligns with best practices when Harden compute and container workloads in the context of AWS Certified Security – Specialty?,Mix controls from unrelated domains that do not address the stated objective.,"Implement Harden compute and container workloads using AWS best practices for Infrastructure Security, including monitoring and least privilege.",Use an approach that contradicts the exam objective and ignores documented constraints.,"Deploy without monitoring, backup, or access controls required by the blueprint.",D,MEDIUM,aws-security-specialty|infrastructure-security|IS-2|medium|blueprint-seed,**Answer: D** — Harden compute and container workloads. Review the official AWS exam guide (SCS-C02) and linked documentation. Objective: IS-2.,https://docs.aws.amazon.com/security/|https://aws.amazon.com/certification/certified-security-specialty/
aws-security-specialty,infrastructure-security,IS-2,SCS-C02 — IS-2 (MEDIUM) #12,"During a project review, stakeholders ask how to Harden compute and container workloads in the context of AWS Certified Security – Specialty?",Apply the official Infrastructure Security guidance: Harden compute and container workloads — this aligns with exam blueprint expectations and vendor documentation.,Use an approach that contradicts the exam objective and ignores documented constraints.,"Deploy without monitoring, backup, or access controls required by the blueprint.",Mix controls from unrelated domains that do not address the stated objective.,A,MEDIUM,aws-security-specialty|infrastructure-security|IS-2|medium|blueprint-seed,**Answer: A** — Harden compute and container workloads. Review the official AWS exam guide (SCS-C02) and linked documentation. Objective: IS-2.,https://docs.aws.amazon.com/security/|https://aws.amazon.com/certification/certified-security-specialty/
aws-security-specialty,infrastructure-security,IS-2,SCS-C02 — IS-2 (MEDIUM) #13,Which configuration satisfies requirements for Harden compute and container workloads in the context of AWS Certified Security – Specialty?,Use an approach that contradicts the exam objective and ignores documented constraints.,"Deploy without monitoring, backup, or access controls required by the blueprint.",Mix controls from unrelated domains that do not address the stated objective.,"Follow the documented approach for Harden compute and container workloads, using recommended services and controls per the exam guide.",B,MEDIUM,aws-security-specialty|infrastructure-security|IS-2|medium|blueprint-seed,**Answer: B** — Harden compute and container workloads. Review the official AWS exam guide (SCS-C02) and linked documentation. Objective: IS-2.,https://docs.aws.amazon.com/security/|https://aws.amazon.com/certification/certified-security-specialty/
aws-security-specialty,infrastructure-security,IS-2,SCS-C02 — IS-2 (MEDIUM) #14,What is the recommended design when applying Harden compute and container workloads in the context of AWS Certified Security – Specialty?,"Deploy without monitoring, backup, or access controls required by the blueprint.",Mix controls from unrelated domains that do not address the stated objective.,"Implement Harden compute and container workloads using AWS best practices for Infrastructure Security, including monitoring and least privilege.",Use an approach that contradicts the exam objective and ignores documented constraints.,C,MEDIUM,aws-security-specialty|infrastructure-security|IS-2|medium|blueprint-seed,**Answer: C** — Harden compute and container workloads. Review the official AWS exam guide (SCS-C02) and linked documentation. Objective: IS-2.,https://docs.aws.amazon.com/security/|https://aws.amazon.com/certification/certified-security-specialty/
aws-security-specialty,infrastructure-security,IS-2,SCS-C02 — IS-2 (MEDIUM) #15,A team must implement a solution for Harden compute and container workloads in the context of AWS Certified Security – Specialty?,Mix controls from unrelated domains that do not address the stated objective.,Apply the official Infrastructure Security guidance: Harden compute and container workloads — this aligns with exam blueprint expectations and vendor documentation.,Use an approach that contradicts the exam objective and ignores documented constraints.,"Deploy without monitoring, backup, or access controls required by the blueprint.",D,MEDIUM,aws-security-specialty|infrastructure-security|IS-2|medium|blueprint-seed,**Answer: D** — Harden compute and container workloads. Review the official AWS exam guide (SCS-C02) and linked documentation. Objective: IS-2.,https://docs.aws.amazon.com/security/|https://aws.amazon.com/certification/certified-security-specialty/
aws-security-specialty,infrastructure-security,IS-2,SCS-C02 — IS-2 (MEDIUM) #16,Which approach aligns with best practices when Harden compute and container workloads in the context of AWS Certified Security – Specialty?,"Follow the documented approach for Harden compute and container workloads, using recommended services and controls per the exam guide.",Use an approach that contradicts the exam objective and ignores documented constraints.,"Deploy without monitoring, backup, or access controls required by the blueprint.",Mix controls from unrelated domains that do not address the stated objective.,A,MEDIUM,aws-security-specialty|infrastructure-security|IS-2|medium|blueprint-seed,**Answer: A** — Harden compute and container workloads. Review the official AWS exam guide (SCS-C02) and linked documentation. Objective: IS-2.,https://docs.aws.amazon.com/security/|https://aws.amazon.com/certification/certified-security-specialty/
aws-security-specialty,infrastructure-security,IS-2,SCS-C02 — IS-2 (MEDIUM) #17,"During a project review, stakeholders ask how to Harden compute and container workloads in the context of AWS Certified Security – Specialty?",Use an approach that contradicts the exam objective and ignores documented constraints.,"Deploy without monitoring, backup, or access controls required by the blueprint.",Mix controls from unrelated domains that do not address the stated objective.,"Implement Harden compute and container workloads using AWS best practices for Infrastructure Security, including monitoring and least privilege.",B,MEDIUM,aws-security-specialty|infrastructure-security|IS-2|medium|blueprint-seed,**Answer: B** — Harden compute and container workloads. Review the official AWS exam guide (SCS-C02) and linked documentation. Objective: IS-2.,https://docs.aws.amazon.com/security/|https://aws.amazon.com/certification/certified-security-specialty/
aws-security-specialty,infrastructure-security,IS-2,SCS-C02 — IS-2 (MEDIUM) #18,Which configuration satisfies requirements for Harden compute and container workloads in the context of AWS Certified Security – Specialty?,"Deploy without monitoring, backup, or access controls required by the blueprint.",Mix controls from unrelated domains that do not address the stated objective.,Apply the official Infrastructure Security guidance: Harden compute and container workloads — this aligns with exam blueprint expectations and vendor documentation.,Use an approach that contradicts the exam objective and ignores documented constraints.,C,MEDIUM,aws-security-specialty|infrastructure-security|IS-2|medium|blueprint-seed,**Answer: C** — Harden compute and container workloads. Review the official AWS exam guide (SCS-C02) and linked documentation. Objective: IS-2.,https://docs.aws.amazon.com/security/|https://aws.amazon.com/certification/certified-security-specialty/
aws-security-specialty,infrastructure-security,IS-2,SCS-C02 — IS-2 (MEDIUM) #19,What is the recommended design when applying Harden compute and container workloads in the context of AWS Certified Security – Specialty?,Mix controls from unrelated domains that do not address the stated objective.,"Follow the documented approach for Harden compute and container workloads, using recommended services and controls per the exam guide.",Use an approach that contradicts the exam objective and ignores documented constraints.,"Deploy without monitoring, backup, or access controls required by the blueprint.",D,MEDIUM,aws-security-specialty|infrastructure-security|IS-2|medium|blueprint-seed,**Answer: D** — Harden compute and container workloads. Review the official AWS exam guide (SCS-C02) and linked documentation. Objective: IS-2.,https://docs.aws.amazon.com/security/|https://aws.amazon.com/certification/certified-security-specialty/
aws-security-specialty,infrastructure-security,IS-2,SCS-C02 — IS-2 (MEDIUM) #20,A team must implement a solution for Harden compute and container workloads in the context of AWS Certified Security – Specialty?,"Implement Harden compute and container workloads using AWS best practices for Infrastructure Security, including monitoring and least privilege.",Use an approach that contradicts the exam objective and ignores documented constraints.,"Deploy without monitoring, backup, or access controls required by the blueprint.",Mix controls from unrelated domains that do not address the stated objective.,A,MEDIUM,aws-security-specialty|infrastructure-security|IS-2|medium|blueprint-seed,**Answer: A** — Harden compute and container workloads. Review the official AWS exam guide (SCS-C02) and linked documentation. Objective: IS-2.,https://docs.aws.amazon.com/security/|https://aws.amazon.com/certification/certified-security-specialty/
aws-security-specialty,infrastructure-security,IS-2,SCS-C02 — IS-2 (MEDIUM) #21,Which approach aligns with best practices when Harden compute and container workloads in the context of AWS Certified Security – Specialty?,Use an approach that contradicts the exam objective and ignores documented constraints.,"Deploy without monitoring, backup, or access controls required by the blueprint.",Mix controls from unrelated domains that do not address the stated objective.,Apply the official Infrastructure Security guidance: Harden compute and container workloads — this aligns with exam blueprint expectations and vendor documentation.,B,MEDIUM,aws-security-specialty|infrastructure-security|IS-2|medium|blueprint-seed,**Answer: B** — Harden compute and container workloads. Review the official AWS exam guide (SCS-C02) and linked documentation. Objective: IS-2.,https://docs.aws.amazon.com/security/|https://aws.amazon.com/certification/certified-security-specialty/
aws-security-specialty,infrastructure-security,IS-2,SCS-C02 — IS-2 (MEDIUM) #22,"During a project review, stakeholders ask how to Harden compute and container workloads in the context of AWS Certified Security – Specialty?","Deploy without monitoring, backup, or access controls required by the blueprint.",Mix controls from unrelated domains that do not address the stated objective.,"Follow the documented approach for Harden compute and container workloads, using recommended services and controls per the exam guide.",Use an approach that contradicts the exam objective and ignores documented constraints.,C,MEDIUM,aws-security-specialty|infrastructure-security|IS-2|medium|blueprint-seed,**Answer: C** — Harden compute and container workloads. Review the official AWS exam guide (SCS-C02) and linked documentation. Objective: IS-2.,https://docs.aws.amazon.com/security/|https://aws.amazon.com/certification/certified-security-specialty/
aws-security-specialty,infrastructure-security,IS-2,SCS-C02 — IS-2 (MEDIUM) #23,Which configuration satisfies requirements for Harden compute and container workloads in the context of AWS Certified Security – Specialty?,Mix controls from unrelated domains that do not address the stated objective.,"Implement Harden compute and container workloads using AWS best practices for Infrastructure Security, including monitoring and least privilege.",Use an approach that contradicts the exam objective and ignores documented constraints.,"Deploy without monitoring, backup, or access controls required by the blueprint.",D,MEDIUM,aws-security-specialty|infrastructure-security|IS-2|medium|blueprint-seed,**Answer: D** — Harden compute and container workloads. Review the official AWS exam guide (SCS-C02) and linked documentation. Objective: IS-2.,https://docs.aws.amazon.com/security/|https://aws.amazon.com/certification/certified-security-specialty/
aws-security-specialty,infrastructure-security,IS-2,SCS-C02 — IS-2 (HARD) #24,A multi-team rollout must balance security and velocity for Harden compute and container workloads for Infrastructure Security?,Apply the official Infrastructure Security guidance: Harden compute and container workloads — this aligns with exam blueprint expectations and vendor documentation.,Use an approach that contradicts the exam objective and ignores documented constraints.,"Deploy without monitoring, backup, or access controls required by the blueprint.",Mix controls from unrelated domains that do not address the stated objective.,A,HARD,aws-security-specialty|infrastructure-security|IS-2|hard|blueprint-seed,**Answer: A** — Harden compute and container workloads. Review the official AWS exam guide (SCS-C02) and linked documentation. Objective: IS-2.,https://docs.aws.amazon.com/security/|https://aws.amazon.com/certification/certified-security-specialty/
aws-security-specialty,infrastructure-security,IS-2,SCS-C02 — IS-2 (HARD) #25,An enterprise requires zero-downtime architecture while Harden compute and container workloads for Infrastructure Security?,Use an approach that contradicts the exam objective and ignores documented constraints.,"Deploy without monitoring, backup, or access controls required by the blueprint.",Mix controls from unrelated domains that do not address the stated objective.,"Follow the documented approach for Harden compute and container workloads, using recommended services and controls per the exam guide.",B,HARD,aws-security-specialty|infrastructure-security|IS-2|hard|blueprint-seed,**Answer: B** — Harden compute and container workloads. Review the official AWS exam guide (SCS-C02) and linked documentation. Objective: IS-2.,https://docs.aws.amazon.com/security/|https://aws.amazon.com/certification/certified-security-specialty/
aws-security-specialty,infrastructure-security,IS-2,SCS-C02 — IS-2 (HARD) #26,"Given strict compliance, auditability, and multi-region constraints, how should you Harden compute and container workloads for Infrastructure Security?","Deploy without monitoring, backup, or access controls required by the blueprint.",Mix controls from unrelated domains that do not address the stated objective.,"Implement Harden compute and container workloads using AWS best practices for Infrastructure Security, including monitoring and least privilege.",Use an approach that contradicts the exam objective and ignores documented constraints.,C,HARD,aws-security-specialty|infrastructure-security|IS-2|hard|blueprint-seed,**Answer: C** — Harden compute and container workloads. Review the official AWS exam guide (SCS-C02) and linked documentation. Objective: IS-2.,https://docs.aws.amazon.com/security/|https://aws.amazon.com/certification/certified-security-specialty/
aws-security-specialty,infrastructure-security,IS-2,SCS-C02 — IS-2 (HARD) #27,A production incident involves trade-offs between cost and resilience for Harden compute and container workloads for Infrastructure Security?,Mix controls from unrelated domains that do not address the stated objective.,Apply the official Infrastructure Security guidance: Harden compute and container workloads — this aligns with exam blueprint expectations and vendor documentation.,Use an approach that contradicts the exam objective and ignores documented constraints.,"Deploy without monitoring, backup, or access controls required by the blueprint.",D,HARD,aws-security-specialty|infrastructure-security|IS-2|hard|blueprint-seed,**Answer: D** — Harden compute and container workloads. Review the official AWS exam guide (SCS-C02) and linked documentation. Objective: IS-2.,https://docs.aws.amazon.com/security/|https://aws.amazon.com/certification/certified-security-specialty/
aws-security-specialty,infrastructure-security,IS-2,SCS-C02 — IS-2 (HARD) #28,Complex regulatory requirements demand that you Harden compute and container workloads for Infrastructure Security?,"Follow the documented approach for Harden compute and container workloads, using recommended services and controls per the exam guide.",Use an approach that contradicts the exam objective and ignores documented constraints.,"Deploy without monitoring, backup, or access controls required by the blueprint.",Mix controls from unrelated domains that do not address the stated objective.,A,HARD,aws-security-specialty|infrastructure-security|IS-2|hard|blueprint-seed,**Answer: A** — Harden compute and container workloads. Review the official AWS exam guide (SCS-C02) and linked documentation. Objective: IS-2.,https://docs.aws.amazon.com/security/|https://aws.amazon.com/certification/certified-security-specialty/
aws-security-specialty,infrastructure-security,IS-2,SCS-C02 — IS-2 (HARD) #29,A multi-team rollout must balance security and velocity for Harden compute and container workloads for Infrastructure Security?,Use an approach that contradicts the exam objective and ignores documented constraints.,"Deploy without monitoring, backup, or access controls required by the blueprint.",Mix controls from unrelated domains that do not address the stated objective.,"Implement Harden compute and container workloads using AWS best practices for Infrastructure Security, including monitoring and least privilege.",B,HARD,aws-security-specialty|infrastructure-security|IS-2|hard|blueprint-seed,**Answer: B** — Harden compute and container workloads. Review the official AWS exam guide (SCS-C02) and linked documentation. Objective: IS-2.,https://docs.aws.amazon.com/security/|https://aws.amazon.com/certification/certified-security-specialty/
aws-security-specialty,infrastructure-security,IS-2,SCS-C02 — IS-2 (HARD) #30,An enterprise requires zero-downtime architecture while Harden compute and container workloads for Infrastructure Security?,"Deploy without monitoring, backup, or access controls required by the blueprint.",Mix controls from unrelated domains that do not address the stated objective.,Apply the official Infrastructure Security guidance: Harden compute and container workloads — this aligns with exam blueprint expectations and vendor documentation.,Use an approach that contradicts the exam objective and ignores documented constraints.,C,HARD,aws-security-specialty|infrastructure-security|IS-2|hard|blueprint-seed,**Answer: C** — Harden compute and container workloads. Review the official AWS exam guide (SCS-C02) and linked documentation. Objective: IS-2.,https://docs.aws.amazon.com/security/|https://aws.amazon.com/certification/certified-security-specialty/
aws-security-specialty,infrastructure-security,IS-2,SCS-C02 — IS-2 (HARD) #31,"Given strict compliance, auditability, and multi-region constraints, how should you Harden compute and container workloads for Infrastructure Security?",Mix controls from unrelated domains that do not address the stated objective.,"Follow the documented approach for Harden compute and container workloads, using recommended services and controls per the exam guide.",Use an approach that contradicts the exam objective and ignores documented constraints.,"Deploy without monitoring, backup, or access controls required by the blueprint.",D,HARD,aws-security-specialty|infrastructure-security|IS-2|hard|blueprint-seed,**Answer: D** — Harden compute and container workloads. Review the official AWS exam guide (SCS-C02) and linked documentation. Objective: IS-2.,https://docs.aws.amazon.com/security/|https://aws.amazon.com/certification/certified-security-specialty/
aws-security-specialty,infrastructure-security,IS-2,SCS-C02 — IS-2 (HARD) #32,A production incident involves trade-offs between cost and resilience for Harden compute and container workloads for Infrastructure Security?,"Implement Harden compute and container workloads using AWS best practices for Infrastructure Security, including monitoring and least privilege.",Use an approach that contradicts the exam objective and ignores documented constraints.,"Deploy without monitoring, backup, or access controls required by the blueprint.",Mix controls from unrelated domains that do not address the stated objective.,A,HARD,aws-security-specialty|infrastructure-security|IS-2|hard|blueprint-seed,**Answer: A** — Harden compute and container workloads. Review the official AWS exam guide (SCS-C02) and linked documentation. Objective: IS-2.,https://docs.aws.amazon.com/security/|https://aws.amazon.com/certification/certified-security-specialty/
aws-security-specialty,infrastructure-security,IS-2,SCS-C02 — IS-2 (HARD) #33,Complex regulatory requirements demand that you Harden compute and container workloads for Infrastructure Security?,Use an approach that contradicts the exam objective and ignores documented constraints.,"Deploy without monitoring, backup, or access controls required by the blueprint.",Mix controls from unrelated domains that do not address the stated objective.,Apply the official Infrastructure Security guidance: Harden compute and container workloads — this aligns with exam blueprint expectations and vendor documentation.,B,HARD,aws-security-specialty|infrastructure-security|IS-2|hard|blueprint-seed,**Answer: B** — Harden compute and container workloads. Review the official AWS exam guide (SCS-C02) and linked documentation. Objective: IS-2.,https://docs.aws.amazon.com/security/|https://aws.amazon.com/certification/certified-security-specialty/
aws-security-specialty,infrastructure-security,IS-3,SCS-C02 — IS-3 (EASY) #1,What is the primary purpose of Implement edge and DDoS protection?,Use an approach that contradicts the exam objective and ignores documented constraints.,"Deploy without monitoring, backup, or access controls required by the blueprint.",Mix controls from unrelated domains that do not address the stated objective.,"Follow the documented approach for Implement edge and DDoS protection, using recommended services and controls per the exam guide.",B,EASY,aws-security-specialty|infrastructure-security|IS-3|easy|blueprint-seed,**Answer: B** — Implement edge and DDoS protection. Review the official AWS exam guide (SCS-C02) and linked documentation. Objective: IS-3.,https://docs.aws.amazon.com/security/|https://aws.amazon.com/certification/certified-security-specialty/
aws-security-specialty,infrastructure-security,IS-3,SCS-C02 — IS-3 (EASY) #2,Which concept is fundamental to Implement edge and DDoS protection?,"Deploy without monitoring, backup, or access controls required by the blueprint.",Mix controls from unrelated domains that do not address the stated objective.,"Implement Implement edge and DDoS protection using AWS best practices for Infrastructure Security, including monitoring and least privilege.",Use an approach that contradicts the exam objective and ignores documented constraints.,C,EASY,aws-security-specialty|infrastructure-security|IS-3|easy|blueprint-seed,**Answer: C** — Implement edge and DDoS protection. Review the official AWS exam guide (SCS-C02) and linked documentation. Objective: IS-3.,https://docs.aws.amazon.com/security/|https://aws.amazon.com/certification/certified-security-specialty/
aws-security-specialty,infrastructure-security,IS-3,SCS-C02 — IS-3 (EASY) #3,Identify the core principle behind Implement edge and DDoS protection?,Mix controls from unrelated domains that do not address the stated objective.,Apply the official Infrastructure Security guidance: Implement edge and DDoS protection — this aligns with exam blueprint expectations and vendor documentation.,Use an approach that contradicts the exam objective and ignores documented constraints.,"Deploy without monitoring, backup, or access controls required by the blueprint.",D,EASY,aws-security-specialty|infrastructure-security|IS-3|easy|blueprint-seed,**Answer: D** — Implement edge and DDoS protection. Review the official AWS exam guide (SCS-C02) and linked documentation. Objective: IS-3.,https://docs.aws.amazon.com/security/|https://aws.amazon.com/certification/certified-security-specialty/
aws-security-specialty,infrastructure-security,IS-3,SCS-C02 — IS-3 (EASY) #4,Which description accurately reflects Implement edge and DDoS protection?,"Follow the documented approach for Implement edge and DDoS protection, using recommended services and controls per the exam guide.",Use an approach that contradicts the exam objective and ignores documented constraints.,"Deploy without monitoring, backup, or access controls required by the blueprint.",Mix controls from unrelated domains that do not address the stated objective.,A,EASY,aws-security-specialty|infrastructure-security|IS-3|easy|blueprint-seed,**Answer: A** — Implement edge and DDoS protection. Review the official AWS exam guide (SCS-C02) and linked documentation. Objective: IS-3.,https://docs.aws.amazon.com/security/|https://aws.amazon.com/certification/certified-security-specialty/
aws-security-specialty,infrastructure-security,IS-3,SCS-C02 — IS-3 (EASY) #5,Which statement best defines the scope of Implement edge and DDoS protection?,Use an approach that contradicts the exam objective and ignores documented constraints.,"Deploy without monitoring, backup, or access controls required by the blueprint.",Mix controls from unrelated domains that do not address the stated objective.,"Implement Implement edge and DDoS protection using AWS best practices for Infrastructure Security, including monitoring and least privilege.",B,EASY,aws-security-specialty|infrastructure-security|IS-3|easy|blueprint-seed,**Answer: B** — Implement edge and DDoS protection. Review the official AWS exam guide (SCS-C02) and linked documentation. Objective: IS-3.,https://docs.aws.amazon.com/security/|https://aws.amazon.com/certification/certified-security-specialty/
aws-security-specialty,infrastructure-security,IS-3,SCS-C02 — IS-3 (EASY) #6,What is the primary purpose of Implement edge and DDoS protection?,"Deploy without monitoring, backup, or access controls required by the blueprint.",Mix controls from unrelated domains that do not address the stated objective.,Apply the official Infrastructure Security guidance: Implement edge and DDoS protection — this aligns with exam blueprint expectations and vendor documentation.,Use an approach that contradicts the exam objective and ignores documented constraints.,C,EASY,aws-security-specialty|infrastructure-security|IS-3|easy|blueprint-seed,**Answer: C** — Implement edge and DDoS protection. Review the official AWS exam guide (SCS-C02) and linked documentation. Objective: IS-3.,https://docs.aws.amazon.com/security/|https://aws.amazon.com/certification/certified-security-specialty/
aws-security-specialty,infrastructure-security,IS-3,SCS-C02 — IS-3 (EASY) #7,Which concept is fundamental to Implement edge and DDoS protection?,Mix controls from unrelated domains that do not address the stated objective.,"Follow the documented approach for Implement edge and DDoS protection, using recommended services and controls per the exam guide.",Use an approach that contradicts the exam objective and ignores documented constraints.,"Deploy without monitoring, backup, or access controls required by the blueprint.",D,EASY,aws-security-specialty|infrastructure-security|IS-3|easy|blueprint-seed,**Answer: D** — Implement edge and DDoS protection. Review the official AWS exam guide (SCS-C02) and linked documentation. Objective: IS-3.,https://docs.aws.amazon.com/security/|https://aws.amazon.com/certification/certified-security-specialty/
aws-security-specialty,infrastructure-security,IS-3,SCS-C02 — IS-3 (EASY) #8,Identify the core principle behind Implement edge and DDoS protection?,"Implement Implement edge and DDoS protection using AWS best practices for Infrastructure Security, including monitoring and least privilege.",Use an approach that contradicts the exam objective and ignores documented constraints.,"Deploy without monitoring, backup, or access controls required by the blueprint.",Mix controls from unrelated domains that do not address the stated objective.,A,EASY,aws-security-specialty|infrastructure-security|IS-3|easy|blueprint-seed,**Answer: A** — Implement edge and DDoS protection. Review the official AWS exam guide (SCS-C02) and linked documentation. Objective: IS-3.,https://docs.aws.amazon.com/security/|https://aws.amazon.com/certification/certified-security-specialty/
aws-security-specialty,infrastructure-security,IS-3,SCS-C02 — IS-3 (EASY) #9,Which description accurately reflects Implement edge and DDoS protection?,Use an approach that contradicts the exam objective and ignores documented constraints.,"Deploy without monitoring, backup, or access controls required by the blueprint.",Mix controls from unrelated domains that do not address the stated objective.,Apply the official Infrastructure Security guidance: Implement edge and DDoS protection — this aligns with exam blueprint expectations and vendor documentation.,B,EASY,aws-security-specialty|infrastructure-security|IS-3|easy|blueprint-seed,**Answer: B** — Implement edge and DDoS protection. Review the official AWS exam guide (SCS-C02) and linked documentation. Objective: IS-3.,https://docs.aws.amazon.com/security/|https://aws.amazon.com/certification/certified-security-specialty/
aws-security-specialty,infrastructure-security,IS-3,SCS-C02 — IS-3 (EASY) #10,Which statement best defines the scope of Implement edge and DDoS protection?,"Deploy without monitoring, backup, or access controls required by the blueprint.",Mix controls from unrelated domains that do not address the stated objective.,"Follow the documented approach for Implement edge and DDoS protection, using recommended services and controls per the exam guide.",Use an approach that contradicts the exam objective and ignores documented constraints.,C,EASY,aws-security-specialty|infrastructure-security|IS-3|easy|blueprint-seed,**Answer: C** — Implement edge and DDoS protection. Review the official AWS exam guide (SCS-C02) and linked documentation. Objective: IS-3.,https://docs.aws.amazon.com/security/|https://aws.amazon.com/certification/certified-security-specialty/
aws-security-specialty,infrastructure-security,IS-3,SCS-C02 — IS-3 (MEDIUM) #11,Which approach aligns with best practices when Implement edge and DDoS protection in the context of AWS Certified Security – Specialty?,Mix controls from unrelated domains that do not address the stated objective.,"Implement Implement edge and DDoS protection using AWS best practices for Infrastructure Security, including monitoring and least privilege.",Use an approach that contradicts the exam objective and ignores documented constraints.,"Deploy without monitoring, backup, or access controls required by the blueprint.",D,MEDIUM,aws-security-specialty|infrastructure-security|IS-3|medium|blueprint-seed,**Answer: D** — Implement edge and DDoS protection. Review the official AWS exam guide (SCS-C02) and linked documentation. Objective: IS-3.,https://docs.aws.amazon.com/security/|https://aws.amazon.com/certification/certified-security-specialty/
aws-security-specialty,infrastructure-security,IS-3,SCS-C02 — IS-3 (MEDIUM) #12,"During a project review, stakeholders ask how to Implement edge and DDoS protection in the context of AWS Certified Security – Specialty?",Apply the official Infrastructure Security guidance: Implement edge and DDoS protection — this aligns with exam blueprint expectations and vendor documentation.,Use an approach that contradicts the exam objective and ignores documented constraints.,"Deploy without monitoring, backup, or access controls required by the blueprint.",Mix controls from unrelated domains that do not address the stated objective.,A,MEDIUM,aws-security-specialty|infrastructure-security|IS-3|medium|blueprint-seed,**Answer: A** — Implement edge and DDoS protection. Review the official AWS exam guide (SCS-C02) and linked documentation. Objective: IS-3.,https://docs.aws.amazon.com/security/|https://aws.amazon.com/certification/certified-security-specialty/
aws-security-specialty,infrastructure-security,IS-3,SCS-C02 — IS-3 (MEDIUM) #13,Which configuration satisfies requirements for Implement edge and DDoS protection in the context of AWS Certified Security – Specialty?,Use an approach that contradicts the exam objective and ignores documented constraints.,"Deploy without monitoring, backup, or access controls required by the blueprint.",Mix controls from unrelated domains that do not address the stated objective.,"Follow the documented approach for Implement edge and DDoS protection, using recommended services and controls per the exam guide.",B,MEDIUM,aws-security-specialty|infrastructure-security|IS-3|medium|blueprint-seed,**Answer: B** — Implement edge and DDoS protection. Review the official AWS exam guide (SCS-C02) and linked documentation. Objective: IS-3.,https://docs.aws.amazon.com/security/|https://aws.amazon.com/certification/certified-security-specialty/
aws-security-specialty,infrastructure-security,IS-3,SCS-C02 — IS-3 (MEDIUM) #14,What is the recommended design when applying Implement edge and DDoS protection in the context of AWS Certified Security – Specialty?,"Deploy without monitoring, backup, or access controls required by the blueprint.",Mix controls from unrelated domains that do not address the stated objective.,"Implement Implement edge and DDoS protection using AWS best practices for Infrastructure Security, including monitoring and least privilege.",Use an approach that contradicts the exam objective and ignores documented constraints.,C,MEDIUM,aws-security-specialty|infrastructure-security|IS-3|medium|blueprint-seed,**Answer: C** — Implement edge and DDoS protection. Review the official AWS exam guide (SCS-C02) and linked documentation. Objective: IS-3.,https://docs.aws.amazon.com/security/|https://aws.amazon.com/certification/certified-security-specialty/
aws-security-specialty,infrastructure-security,IS-3,SCS-C02 — IS-3 (MEDIUM) #15,A team must implement a solution for Implement edge and DDoS protection in the context of AWS Certified Security – Specialty?,Mix controls from unrelated domains that do not address the stated objective.,Apply the official Infrastructure Security guidance: Implement edge and DDoS protection — this aligns with exam blueprint expectations and vendor documentation.,Use an approach that contradicts the exam objective and ignores documented constraints.,"Deploy without monitoring, backup, or access controls required by the blueprint.",D,MEDIUM,aws-security-specialty|infrastructure-security|IS-3|medium|blueprint-seed,**Answer: D** — Implement edge and DDoS protection. Review the official AWS exam guide (SCS-C02) and linked documentation. Objective: IS-3.,https://docs.aws.amazon.com/security/|https://aws.amazon.com/certification/certified-security-specialty/
aws-security-specialty,infrastructure-security,IS-3,SCS-C02 — IS-3 (MEDIUM) #16,Which approach aligns with best practices when Implement edge and DDoS protection in the context of AWS Certified Security – Specialty?,"Follow the documented approach for Implement edge and DDoS protection, using recommended services and controls per the exam guide.",Use an approach that contradicts the exam objective and ignores documented constraints.,"Deploy without monitoring, backup, or access controls required by the blueprint.",Mix controls from unrelated domains that do not address the stated objective.,A,MEDIUM,aws-security-specialty|infrastructure-security|IS-3|medium|blueprint-seed,**Answer: A** — Implement edge and DDoS protection. Review the official AWS exam guide (SCS-C02) and linked documentation. Objective: IS-3.,https://docs.aws.amazon.com/security/|https://aws.amazon.com/certification/certified-security-specialty/
aws-security-specialty,infrastructure-security,IS-3,SCS-C02 — IS-3 (MEDIUM) #17,"During a project review, stakeholders ask how to Implement edge and DDoS protection in the context of AWS Certified Security – Specialty?",Use an approach that contradicts the exam objective and ignores documented constraints.,"Deploy without monitoring, backup, or access controls required by the blueprint.",Mix controls from unrelated domains that do not address the stated objective.,"Implement Implement edge and DDoS protection using AWS best practices for Infrastructure Security, including monitoring and least privilege.",B,MEDIUM,aws-security-specialty|infrastructure-security|IS-3|medium|blueprint-seed,**Answer: B** — Implement edge and DDoS protection. Review the official AWS exam guide (SCS-C02) and linked documentation. Objective: IS-3.,https://docs.aws.amazon.com/security/|https://aws.amazon.com/certification/certified-security-specialty/
aws-security-specialty,infrastructure-security,IS-3,SCS-C02 — IS-3 (MEDIUM) #18,Which configuration satisfies requirements for Implement edge and DDoS protection in the context of AWS Certified Security – Specialty?,"Deploy without monitoring, backup, or access controls required by the blueprint.",Mix controls from unrelated domains that do not address the stated objective.,Apply the official Infrastructure Security guidance: Implement edge and DDoS protection — this aligns with exam blueprint expectations and vendor documentation.,Use an approach that contradicts the exam objective and ignores documented constraints.,C,MEDIUM,aws-security-specialty|infrastructure-security|IS-3|medium|blueprint-seed,**Answer: C** — Implement edge and DDoS protection. Review the official AWS exam guide (SCS-C02) and linked documentation. Objective: IS-3.,https://docs.aws.amazon.com/security/|https://aws.amazon.com/certification/certified-security-specialty/
aws-security-specialty,infrastructure-security,IS-3,SCS-C02 — IS-3 (MEDIUM) #19,What is the recommended design when applying Implement edge and DDoS protection in the context of AWS Certified Security – Specialty?,Mix controls from unrelated domains that do not address the stated objective.,"Follow the documented approach for Implement edge and DDoS protection, using recommended services and controls per the exam guide.",Use an approach that contradicts the exam objective and ignores documented constraints.,"Deploy without monitoring, backup, or access controls required by the blueprint.",D,MEDIUM,aws-security-specialty|infrastructure-security|IS-3|medium|blueprint-seed,**Answer: D** — Implement edge and DDoS protection. Review the official AWS exam guide (SCS-C02) and linked documentation. Objective: IS-3.,https://docs.aws.amazon.com/security/|https://aws.amazon.com/certification/certified-security-specialty/
aws-security-specialty,infrastructure-security,IS-3,SCS-C02 — IS-3 (MEDIUM) #20,A team must implement a solution for Implement edge and DDoS protection in the context of AWS Certified Security – Specialty?,"Implement Implement edge and DDoS protection using AWS best practices for Infrastructure Security, including monitoring and least privilege.",Use an approach that contradicts the exam objective and ignores documented constraints.,"Deploy without monitoring, backup, or access controls required by the blueprint.",Mix controls from unrelated domains that do not address the stated objective.,A,MEDIUM,aws-security-specialty|infrastructure-security|IS-3|medium|blueprint-seed,**Answer: A** — Implement edge and DDoS protection. Review the official AWS exam guide (SCS-C02) and linked documentation. Objective: IS-3.,https://docs.aws.amazon.com/security/|https://aws.amazon.com/certification/certified-security-specialty/
aws-security-specialty,infrastructure-security,IS-3,SCS-C02 — IS-3 (MEDIUM) #21,Which approach aligns with best practices when Implement edge and DDoS protection in the context of AWS Certified Security – Specialty?,Use an approach that contradicts the exam objective and ignores documented constraints.,"Deploy without monitoring, backup, or access controls required by the blueprint.",Mix controls from unrelated domains that do not address the stated objective.,Apply the official Infrastructure Security guidance: Implement edge and DDoS protection — this aligns with exam blueprint expectations and vendor documentation.,B,MEDIUM,aws-security-specialty|infrastructure-security|IS-3|medium|blueprint-seed,**Answer: B** — Implement edge and DDoS protection. Review the official AWS exam guide (SCS-C02) and linked documentation. Objective: IS-3.,https://docs.aws.amazon.com/security/|https://aws.amazon.com/certification/certified-security-specialty/
aws-security-specialty,infrastructure-security,IS-3,SCS-C02 — IS-3 (MEDIUM) #22,"During a project review, stakeholders ask how to Implement edge and DDoS protection in the context of AWS Certified Security – Specialty?","Deploy without monitoring, backup, or access controls required by the blueprint.",Mix controls from unrelated domains that do not address the stated objective.,"Follow the documented approach for Implement edge and DDoS protection, using recommended services and controls per the exam guide.",Use an approach that contradicts the exam objective and ignores documented constraints.,C,MEDIUM,aws-security-specialty|infrastructure-security|IS-3|medium|blueprint-seed,**Answer: C** — Implement edge and DDoS protection. Review the official AWS exam guide (SCS-C02) and linked documentation. Objective: IS-3.,https://docs.aws.amazon.com/security/|https://aws.amazon.com/certification/certified-security-specialty/
aws-security-specialty,infrastructure-security,IS-3,SCS-C02 — IS-3 (MEDIUM) #23,Which configuration satisfies requirements for Implement edge and DDoS protection in the context of AWS Certified Security – Specialty?,Mix controls from unrelated domains that do not address the stated objective.,"Implement Implement edge and DDoS protection using AWS best practices for Infrastructure Security, including monitoring and least privilege.",Use an approach that contradicts the exam objective and ignores documented constraints.,"Deploy without monitoring, backup, or access controls required by the blueprint.",D,MEDIUM,aws-security-specialty|infrastructure-security|IS-3|medium|blueprint-seed,**Answer: D** — Implement edge and DDoS protection. Review the official AWS exam guide (SCS-C02) and linked documentation. Objective: IS-3.,https://docs.aws.amazon.com/security/|https://aws.amazon.com/certification/certified-security-specialty/
aws-security-specialty,infrastructure-security,IS-3,SCS-C02 — IS-3 (HARD) #24,A multi-team rollout must balance security and velocity for Implement edge and DDoS protection for Infrastructure Security?,Apply the official Infrastructure Security guidance: Implement edge and DDoS protection — this aligns with exam blueprint expectations and vendor documentation.,Use an approach that contradicts the exam objective and ignores documented constraints.,"Deploy without monitoring, backup, or access controls required by the blueprint.",Mix controls from unrelated domains that do not address the stated objective.,A,HARD,aws-security-specialty|infrastructure-security|IS-3|hard|blueprint-seed,**Answer: A** — Implement edge and DDoS protection. Review the official AWS exam guide (SCS-C02) and linked documentation. Objective: IS-3.,https://docs.aws.amazon.com/security/|https://aws.amazon.com/certification/certified-security-specialty/
aws-security-specialty,infrastructure-security,IS-3,SCS-C02 — IS-3 (HARD) #25,An enterprise requires zero-downtime architecture while Implement edge and DDoS protection for Infrastructure Security?,Use an approach that contradicts the exam objective and ignores documented constraints.,"Deploy without monitoring, backup, or access controls required by the blueprint.",Mix controls from unrelated domains that do not address the stated objective.,"Follow the documented approach for Implement edge and DDoS protection, using recommended services and controls per the exam guide.",B,HARD,aws-security-specialty|infrastructure-security|IS-3|hard|blueprint-seed,**Answer: B** — Implement edge and DDoS protection. Review the official AWS exam guide (SCS-C02) and linked documentation. Objective: IS-3.,https://docs.aws.amazon.com/security/|https://aws.amazon.com/certification/certified-security-specialty/
aws-security-specialty,infrastructure-security,IS-3,SCS-C02 — IS-3 (HARD) #26,"Given strict compliance, auditability, and multi-region constraints, how should you Implement edge and DDoS protection for Infrastructure Security?","Deploy without monitoring, backup, or access controls required by the blueprint.",Mix controls from unrelated domains that do not address the stated objective.,"Implement Implement edge and DDoS protection using AWS best practices for Infrastructure Security, including monitoring and least privilege.",Use an approach that contradicts the exam objective and ignores documented constraints.,C,HARD,aws-security-specialty|infrastructure-security|IS-3|hard|blueprint-seed,**Answer: C** — Implement edge and DDoS protection. Review the official AWS exam guide (SCS-C02) and linked documentation. Objective: IS-3.,https://docs.aws.amazon.com/security/|https://aws.amazon.com/certification/certified-security-specialty/
aws-security-specialty,infrastructure-security,IS-3,SCS-C02 — IS-3 (HARD) #27,A production incident involves trade-offs between cost and resilience for Implement edge and DDoS protection for Infrastructure Security?,Mix controls from unrelated domains that do not address the stated objective.,Apply the official Infrastructure Security guidance: Implement edge and DDoS protection — this aligns with exam blueprint expectations and vendor documentation.,Use an approach that contradicts the exam objective and ignores documented constraints.,"Deploy without monitoring, backup, or access controls required by the blueprint.",D,HARD,aws-security-specialty|infrastructure-security|IS-3|hard|blueprint-seed,**Answer: D** — Implement edge and DDoS protection. Review the official AWS exam guide (SCS-C02) and linked documentation. Objective: IS-3.,https://docs.aws.amazon.com/security/|https://aws.amazon.com/certification/certified-security-specialty/
aws-security-specialty,infrastructure-security,IS-3,SCS-C02 — IS-3 (HARD) #28,Complex regulatory requirements demand that you Implement edge and DDoS protection for Infrastructure Security?,"Follow the documented approach for Implement edge and DDoS protection, using recommended services and controls per the exam guide.",Use an approach that contradicts the exam objective and ignores documented constraints.,"Deploy without monitoring, backup, or access controls required by the blueprint.",Mix controls from unrelated domains that do not address the stated objective.,A,HARD,aws-security-specialty|infrastructure-security|IS-3|hard|blueprint-seed,**Answer: A** — Implement edge and DDoS protection. Review the official AWS exam guide (SCS-C02) and linked documentation. Objective: IS-3.,https://docs.aws.amazon.com/security/|https://aws.amazon.com/certification/certified-security-specialty/
aws-security-specialty,infrastructure-security,IS-3,SCS-C02 — IS-3 (HARD) #29,A multi-team rollout must balance security and velocity for Implement edge and DDoS protection for Infrastructure Security?,Use an approach that contradicts the exam objective and ignores documented constraints.,"Deploy without monitoring, backup, or access controls required by the blueprint.",Mix controls from unrelated domains that do not address the stated objective.,"Implement Implement edge and DDoS protection using AWS best practices for Infrastructure Security, including monitoring and least privilege.",B,HARD,aws-security-specialty|infrastructure-security|IS-3|hard|blueprint-seed,**Answer: B** — Implement edge and DDoS protection. Review the official AWS exam guide (SCS-C02) and linked documentation. Objective: IS-3.,https://docs.aws.amazon.com/security/|https://aws.amazon.com/certification/certified-security-specialty/
aws-security-specialty,infrastructure-security,IS-3,SCS-C02 — IS-3 (HARD) #30,An enterprise requires zero-downtime architecture while Implement edge and DDoS protection for Infrastructure Security?,"Deploy without monitoring, backup, or access controls required by the blueprint.",Mix controls from unrelated domains that do not address the stated objective.,Apply the official Infrastructure Security guidance: Implement edge and DDoS protection — this aligns with exam blueprint expectations and vendor documentation.,Use an approach that contradicts the exam objective and ignores documented constraints.,C,HARD,aws-security-specialty|infrastructure-security|IS-3|hard|blueprint-seed,**Answer: C** — Implement edge and DDoS protection. Review the official AWS exam guide (SCS-C02) and linked documentation. Objective: IS-3.,https://docs.aws.amazon.com/security/|https://aws.amazon.com/certification/certified-security-specialty/
aws-security-specialty,infrastructure-security,IS-3,SCS-C02 — IS-3 (HARD) #31,"Given strict compliance, auditability, and multi-region constraints, how should you Implement edge and DDoS protection for Infrastructure Security?",Mix controls from unrelated domains that do not address the stated objective.,"Follow the documented approach for Implement edge and DDoS protection, using recommended services and controls per the exam guide.",Use an approach that contradicts the exam objective and ignores documented constraints.,"Deploy without monitoring, backup, or access controls required by the blueprint.",D,HARD,aws-security-specialty|infrastructure-security|IS-3|hard|blueprint-seed,**Answer: D** — Implement edge and DDoS protection. Review the official AWS exam guide (SCS-C02) and linked documentation. Objective: IS-3.,https://docs.aws.amazon.com/security/|https://aws.amazon.com/certification/certified-security-specialty/
aws-security-specialty,infrastructure-security,IS-3,SCS-C02 — IS-3 (HARD) #32,A production incident involves trade-offs between cost and resilience for Implement edge and DDoS protection for Infrastructure Security?,"Implement Implement edge and DDoS protection using AWS best practices for Infrastructure Security, including monitoring and least privilege.",Use an approach that contradicts the exam objective and ignores documented constraints.,"Deploy without monitoring, backup, or access controls required by the blueprint.",Mix controls from unrelated domains that do not address the stated objective.,A,HARD,aws-security-specialty|infrastructure-security|IS-3|hard|blueprint-seed,**Answer: A** — Implement edge and DDoS protection. Review the official AWS exam guide (SCS-C02) and linked documentation. Objective: IS-3.,https://docs.aws.amazon.com/security/|https://aws.amazon.com/certification/certified-security-specialty/
aws-security-specialty,infrastructure-security,IS-3,SCS-C02 — IS-3 (HARD) #33,Complex regulatory requirements demand that you Implement edge and DDoS protection for Infrastructure Security?,Use an approach that contradicts the exam objective and ignores documented constraints.,"Deploy without monitoring, backup, or access controls required by the blueprint.",Mix controls from unrelated domains that do not address the stated objective.,Apply the official Infrastructure Security guidance: Implement edge and DDoS protection — this aligns with exam blueprint expectations and vendor documentation.,B,HARD,aws-security-specialty|infrastructure-security|IS-3|hard|blueprint-seed,**Answer: B** — Implement edge and DDoS protection. Review the official AWS exam guide (SCS-C02) and linked documentation. Objective: IS-3.,https://docs.aws.amazon.com/security/|https://aws.amazon.com/certification/certified-security-specialty/
aws-security-specialty,infrastructure-security,IS-4,SCS-C02 — IS-4 (EASY) #1,What is the primary purpose of Secure serverless and API endpoints?,Use an approach that contradicts the exam objective and ignores documented constraints.,"Deploy without monitoring, backup, or access controls required by the blueprint.",Mix controls from unrelated domains that do not address the stated objective.,"Follow the documented approach for Secure serverless and API endpoints, using recommended services and controls per the exam guide.",B,EASY,aws-security-specialty|infrastructure-security|IS-4|easy|blueprint-seed,**Answer: B** — Secure serverless and API endpoints. Review the official AWS exam guide (SCS-C02) and linked documentation. Objective: IS-4.,https://docs.aws.amazon.com/security/|https://aws.amazon.com/certification/certified-security-specialty/
aws-security-specialty,infrastructure-security,IS-4,SCS-C02 — IS-4 (EASY) #2,Which concept is fundamental to Secure serverless and API endpoints?,"Deploy without monitoring, backup, or access controls required by the blueprint.",Mix controls from unrelated domains that do not address the stated objective.,"Implement Secure serverless and API endpoints using AWS best practices for Infrastructure Security, including monitoring and least privilege.",Use an approach that contradicts the exam objective and ignores documented constraints.,C,EASY,aws-security-specialty|infrastructure-security|IS-4|easy|blueprint-seed,**Answer: C** — Secure serverless and API endpoints. Review the official AWS exam guide (SCS-C02) and linked documentation. Objective: IS-4.,https://docs.aws.amazon.com/security/|https://aws.amazon.com/certification/certified-security-specialty/
aws-security-specialty,infrastructure-security,IS-4,SCS-C02 — IS-4 (EASY) #3,Identify the core principle behind Secure serverless and API endpoints?,Mix controls from unrelated domains that do not address the stated objective.,Apply the official Infrastructure Security guidance: Secure serverless and API endpoints — this aligns with exam blueprint expectations and vendor documentation.,Use an approach that contradicts the exam objective and ignores documented constraints.,"Deploy without monitoring, backup, or access controls required by the blueprint.",D,EASY,aws-security-specialty|infrastructure-security|IS-4|easy|blueprint-seed,**Answer: D** — Secure serverless and API endpoints. Review the official AWS exam guide (SCS-C02) and linked documentation. Objective: IS-4.,https://docs.aws.amazon.com/security/|https://aws.amazon.com/certification/certified-security-specialty/
aws-security-specialty,infrastructure-security,IS-4,SCS-C02 — IS-4 (EASY) #4,Which description accurately reflects Secure serverless and API endpoints?,"Follow the documented approach for Secure serverless and API endpoints, using recommended services and controls per the exam guide.",Use an approach that contradicts the exam objective and ignores documented constraints.,"Deploy without monitoring, backup, or access controls required by the blueprint.",Mix controls from unrelated domains that do not address the stated objective.,A,EASY,aws-security-specialty|infrastructure-security|IS-4|easy|blueprint-seed,**Answer: A** — Secure serverless and API endpoints. Review the official AWS exam guide (SCS-C02) and linked documentation. Objective: IS-4.,https://docs.aws.amazon.com/security/|https://aws.amazon.com/certification/certified-security-specialty/
aws-security-specialty,infrastructure-security,IS-4,SCS-C02 — IS-4 (EASY) #5,Which statement best defines the scope of Secure serverless and API endpoints?,Use an approach that contradicts the exam objective and ignores documented constraints.,"Deploy without monitoring, backup, or access controls required by the blueprint.",Mix controls from unrelated domains that do not address the stated objective.,"Implement Secure serverless and API endpoints using AWS best practices for Infrastructure Security, including monitoring and least privilege.",B,EASY,aws-security-specialty|infrastructure-security|IS-4|easy|blueprint-seed,**Answer: B** — Secure serverless and API endpoints. Review the official AWS exam guide (SCS-C02) and linked documentation. Objective: IS-4.,https://docs.aws.amazon.com/security/|https://aws.amazon.com/certification/certified-security-specialty/
aws-security-specialty,infrastructure-security,IS-4,SCS-C02 — IS-4 (EASY) #6,What is the primary purpose of Secure serverless and API endpoints?,"Deploy without monitoring, backup, or access controls required by the blueprint.",Mix controls from unrelated domains that do not address the stated objective.,Apply the official Infrastructure Security guidance: Secure serverless and API endpoints — this aligns with exam blueprint expectations and vendor documentation.,Use an approach that contradicts the exam objective and ignores documented constraints.,C,EASY,aws-security-specialty|infrastructure-security|IS-4|easy|blueprint-seed,**Answer: C** — Secure serverless and API endpoints. Review the official AWS exam guide (SCS-C02) and linked documentation. Objective: IS-4.,https://docs.aws.amazon.com/security/|https://aws.amazon.com/certification/certified-security-specialty/
aws-security-specialty,infrastructure-security,IS-4,SCS-C02 — IS-4 (EASY) #7,Which concept is fundamental to Secure serverless and API endpoints?,Mix controls from unrelated domains that do not address the stated objective.,"Follow the documented approach for Secure serverless and API endpoints, using recommended services and controls per the exam guide.",Use an approach that contradicts the exam objective and ignores documented constraints.,"Deploy without monitoring, backup, or access controls required by the blueprint.",D,EASY,aws-security-specialty|infrastructure-security|IS-4|easy|blueprint-seed,**Answer: D** — Secure serverless and API endpoints. Review the official AWS exam guide (SCS-C02) and linked documentation. Objective: IS-4.,https://docs.aws.amazon.com/security/|https://aws.amazon.com/certification/certified-security-specialty/
aws-security-specialty,infrastructure-security,IS-4,SCS-C02 — IS-4 (EASY) #8,Identify the core principle behind Secure serverless and API endpoints?,"Implement Secure serverless and API endpoints using AWS best practices for Infrastructure Security, including monitoring and least privilege.",Use an approach that contradicts the exam objective and ignores documented constraints.,"Deploy without monitoring, backup, or access controls required by the blueprint.",Mix controls from unrelated domains that do not address the stated objective.,A,EASY,aws-security-specialty|infrastructure-security|IS-4|easy|blueprint-seed,**Answer: A** — Secure serverless and API endpoints. Review the official AWS exam guide (SCS-C02) and linked documentation. Objective: IS-4.,https://docs.aws.amazon.com/security/|https://aws.amazon.com/certification/certified-security-specialty/
aws-security-specialty,infrastructure-security,IS-4,SCS-C02 — IS-4 (EASY) #9,Which description accurately reflects Secure serverless and API endpoints?,Use an approach that contradicts the exam objective and ignores documented constraints.,"Deploy without monitoring, backup, or access controls required by the blueprint.",Mix controls from unrelated domains that do not address the stated objective.,Apply the official Infrastructure Security guidance: Secure serverless and API endpoints — this aligns with exam blueprint expectations and vendor documentation.,B,EASY,aws-security-specialty|infrastructure-security|IS-4|easy|blueprint-seed,**Answer: B** — Secure serverless and API endpoints. Review the official AWS exam guide (SCS-C02) and linked documentation. Objective: IS-4.,https://docs.aws.amazon.com/security/|https://aws.amazon.com/certification/certified-security-specialty/
aws-security-specialty,infrastructure-security,IS-4,SCS-C02 — IS-4 (MEDIUM) #10,A team must implement a solution for Secure serverless and API endpoints in the context of AWS Certified Security – Specialty?,"Deploy without monitoring, backup, or access controls required by the blueprint.",Mix controls from unrelated domains that do not address the stated objective.,"Follow the documented approach for Secure serverless and API endpoints, using recommended services and controls per the exam guide.",Use an approach that contradicts the exam objective and ignores documented constraints.,C,MEDIUM,aws-security-specialty|infrastructure-security|IS-4|medium|blueprint-seed,**Answer: C** — Secure serverless and API endpoints. Review the official AWS exam guide (SCS-C02) and linked documentation. Objective: IS-4.,https://docs.aws.amazon.com/security/|https://aws.amazon.com/certification/certified-security-specialty/
aws-security-specialty,infrastructure-security,IS-4,SCS-C02 — IS-4 (MEDIUM) #11,Which approach aligns with best practices when Secure serverless and API endpoints in the context of AWS Certified Security – Specialty?,Mix controls from unrelated domains that do not address the stated objective.,"Implement Secure serverless and API endpoints using AWS best practices for Infrastructure Security, including monitoring and least privilege.",Use an approach that contradicts the exam objective and ignores documented constraints.,"Deploy without monitoring, backup, or access controls required by the blueprint.",D,MEDIUM,aws-security-specialty|infrastructure-security|IS-4|medium|blueprint-seed,**Answer: D** — Secure serverless and API endpoints. Review the official AWS exam guide (SCS-C02) and linked documentation. Objective: IS-4.,https://docs.aws.amazon.com/security/|https://aws.amazon.com/certification/certified-security-specialty/
aws-security-specialty,infrastructure-security,IS-4,SCS-C02 — IS-4 (MEDIUM) #12,"During a project review, stakeholders ask how to Secure serverless and API endpoints in the context of AWS Certified Security – Specialty?",Apply the official Infrastructure Security guidance: Secure serverless and API endpoints — this aligns with exam blueprint expectations and vendor documentation.,Use an approach that contradicts the exam objective and ignores documented constraints.,"Deploy without monitoring, backup, or access controls required by the blueprint.",Mix controls from unrelated domains that do not address the stated objective.,A,MEDIUM,aws-security-specialty|infrastructure-security|IS-4|medium|blueprint-seed,**Answer: A** — Secure serverless and API endpoints. Review the official AWS exam guide (SCS-C02) and linked documentation. Objective: IS-4.,https://docs.aws.amazon.com/security/|https://aws.amazon.com/certification/certified-security-specialty/
aws-security-specialty,infrastructure-security,IS-4,SCS-C02 — IS-4 (MEDIUM) #13,Which configuration satisfies requirements for Secure serverless and API endpoints in the context of AWS Certified Security – Specialty?,Use an approach that contradicts the exam objective and ignores documented constraints.,"Deploy without monitoring, backup, or access controls required by the blueprint.",Mix controls from unrelated domains that do not address the stated objective.,"Follow the documented approach for Secure serverless and API endpoints, using recommended services and controls per the exam guide.",B,MEDIUM,aws-security-specialty|infrastructure-security|IS-4|medium|blueprint-seed,**Answer: B** — Secure serverless and API endpoints. Review the official AWS exam guide (SCS-C02) and linked documentation. Objective: IS-4.,https://docs.aws.amazon.com/security/|https://aws.amazon.com/certification/certified-security-specialty/
aws-security-specialty,infrastructure-security,IS-4,SCS-C02 — IS-4 (MEDIUM) #14,What is the recommended design when applying Secure serverless and API endpoints in the context of AWS Certified Security – Specialty?,"Deploy without monitoring, backup, or access controls required by the blueprint.",Mix controls from unrelated domains that do not address the stated objective.,"Implement Secure serverless and API endpoints using AWS best practices for Infrastructure Security, including monitoring and least privilege.",Use an approach that contradicts the exam objective and ignores documented constraints.,C,MEDIUM,aws-security-specialty|infrastructure-security|IS-4|medium|blueprint-seed,**Answer: C** — Secure serverless and API endpoints. Review the official AWS exam guide (SCS-C02) and linked documentation. Objective: IS-4.,https://docs.aws.amazon.com/security/|https://aws.amazon.com/certification/certified-security-specialty/
aws-security-specialty,infrastructure-security,IS-4,SCS-C02 — IS-4 (MEDIUM) #15,A team must implement a solution for Secure serverless and API endpoints in the context of AWS Certified Security – Specialty?,Mix controls from unrelated domains that do not address the stated objective.,Apply the official Infrastructure Security guidance: Secure serverless and API endpoints — this aligns with exam blueprint expectations and vendor documentation.,Use an approach that contradicts the exam objective and ignores documented constraints.,"Deploy without monitoring, backup, or access controls required by the blueprint.",D,MEDIUM,aws-security-specialty|infrastructure-security|IS-4|medium|blueprint-seed,**Answer: D** — Secure serverless and API endpoints. Review the official AWS exam guide (SCS-C02) and linked documentation. Objective: IS-4.,https://docs.aws.amazon.com/security/|https://aws.amazon.com/certification/certified-security-specialty/
aws-security-specialty,infrastructure-security,IS-4,SCS-C02 — IS-4 (MEDIUM) #16,Which approach aligns with best practices when Secure serverless and API endpoints in the context of AWS Certified Security – Specialty?,"Follow the documented approach for Secure serverless and API endpoints, using recommended services and controls per the exam guide.",Use an approach that contradicts the exam objective and ignores documented constraints.,"Deploy without monitoring, backup, or access controls required by the blueprint.",Mix controls from unrelated domains that do not address the stated objective.,A,MEDIUM,aws-security-specialty|infrastructure-security|IS-4|medium|blueprint-seed,**Answer: A** — Secure serverless and API endpoints. Review the official AWS exam guide (SCS-C02) and linked documentation. Objective: IS-4.,https://docs.aws.amazon.com/security/|https://aws.amazon.com/certification/certified-security-specialty/
aws-security-specialty,infrastructure-security,IS-4,SCS-C02 — IS-4 (MEDIUM) #17,"During a project review, stakeholders ask how to Secure serverless and API endpoints in the context of AWS Certified Security – Specialty?",Use an approach that contradicts the exam objective and ignores documented constraints.,"Deploy without monitoring, backup, or access controls required by the blueprint.",Mix controls from unrelated domains that do not address the stated objective.,"Implement Secure serverless and API endpoints using AWS best practices for Infrastructure Security, including monitoring and least privilege.",B,MEDIUM,aws-security-specialty|infrastructure-security|IS-4|medium|blueprint-seed,**Answer: B** — Secure serverless and API endpoints. Review the official AWS exam guide (SCS-C02) and linked documentation. Objective: IS-4.,https://docs.aws.amazon.com/security/|https://aws.amazon.com/certification/certified-security-specialty/
aws-security-specialty,infrastructure-security,IS-4,SCS-C02 — IS-4 (MEDIUM) #18,Which configuration satisfies requirements for Secure serverless and API endpoints in the context of AWS Certified Security – Specialty?,"Deploy without monitoring, backup, or access controls required by the blueprint.",Mix controls from unrelated domains that do not address the stated objective.,Apply the official Infrastructure Security guidance: Secure serverless and API endpoints — this aligns with exam blueprint expectations and vendor documentation.,Use an approach that contradicts the exam objective and ignores documented constraints.,C,MEDIUM,aws-security-specialty|infrastructure-security|IS-4|medium|blueprint-seed,**Answer: C** — Secure serverless and API endpoints. Review the official AWS exam guide (SCS-C02) and linked documentation. Objective: IS-4.,https://docs.aws.amazon.com/security/|https://aws.amazon.com/certification/certified-security-specialty/
aws-security-specialty,infrastructure-security,IS-4,SCS-C02 — IS-4 (MEDIUM) #19,What is the recommended design when applying Secure serverless and API endpoints in the context of AWS Certified Security – Specialty?,Mix controls from unrelated domains that do not address the stated objective.,"Follow the documented approach for Secure serverless and API endpoints, using recommended services and controls per the exam guide.",Use an approach that contradicts the exam objective and ignores documented constraints.,"Deploy without monitoring, backup, or access controls required by the blueprint.",D,MEDIUM,aws-security-specialty|infrastructure-security|IS-4|medium|blueprint-seed,**Answer: D** — Secure serverless and API endpoints. Review the official AWS exam guide (SCS-C02) and linked documentation. Objective: IS-4.,https://docs.aws.amazon.com/security/|https://aws.amazon.com/certification/certified-security-specialty/
aws-security-specialty,infrastructure-security,IS-4,SCS-C02 — IS-4 (MEDIUM) #20,A team must implement a solution for Secure serverless and API endpoints in the context of AWS Certified Security – Specialty?,"Implement Secure serverless and API endpoints using AWS best practices for Infrastructure Security, including monitoring and least privilege.",Use an approach that contradicts the exam objective and ignores documented constraints.,"Deploy without monitoring, backup, or access controls required by the blueprint.",Mix controls from unrelated domains that do not address the stated objective.,A,MEDIUM,aws-security-specialty|infrastructure-security|IS-4|medium|blueprint-seed,**Answer: A** — Secure serverless and API endpoints. Review the official AWS exam guide (SCS-C02) and linked documentation. Objective: IS-4.,https://docs.aws.amazon.com/security/|https://aws.amazon.com/certification/certified-security-specialty/
aws-security-specialty,infrastructure-security,IS-4,SCS-C02 — IS-4 (MEDIUM) #21,Which approach aligns with best practices when Secure serverless and API endpoints in the context of AWS Certified Security – Specialty?,Use an approach that contradicts the exam objective and ignores documented constraints.,"Deploy without monitoring, backup, or access controls required by the blueprint.",Mix controls from unrelated domains that do not address the stated objective.,Apply the official Infrastructure Security guidance: Secure serverless and API endpoints — this aligns with exam blueprint expectations and vendor documentation.,B,MEDIUM,aws-security-specialty|infrastructure-security|IS-4|medium|blueprint-seed,**Answer: B** — Secure serverless and API endpoints. Review the official AWS exam guide (SCS-C02) and linked documentation. Objective: IS-4.,https://docs.aws.amazon.com/security/|https://aws.amazon.com/certification/certified-security-specialty/
aws-security-specialty,infrastructure-security,IS-4,SCS-C02 — IS-4 (HARD) #22,A production incident involves trade-offs between cost and resilience for Secure serverless and API endpoints for Infrastructure Security?,"Deploy without monitoring, backup, or access controls required by the blueprint.",Mix controls from unrelated domains that do not address the stated objective.,"Follow the documented approach for Secure serverless and API endpoints, using recommended services and controls per the exam guide.",Use an approach that contradicts the exam objective and ignores documented constraints.,C,HARD,aws-security-specialty|infrastructure-security|IS-4|hard|blueprint-seed,**Answer: C** — Secure serverless and API endpoints. Review the official AWS exam guide (SCS-C02) and linked documentation. Objective: IS-4.,https://docs.aws.amazon.com/security/|https://aws.amazon.com/certification/certified-security-specialty/
aws-security-specialty,infrastructure-security,IS-4,SCS-C02 — IS-4 (HARD) #23,Complex regulatory requirements demand that you Secure serverless and API endpoints for Infrastructure Security?,Mix controls from unrelated domains that do not address the stated objective.,"Implement Secure serverless and API endpoints using AWS best practices for Infrastructure Security, including monitoring and least privilege.",Use an approach that contradicts the exam objective and ignores documented constraints.,"Deploy without monitoring, backup, or access controls required by the blueprint.",D,HARD,aws-security-specialty|infrastructure-security|IS-4|hard|blueprint-seed,**Answer: D** — Secure serverless and API endpoints. Review the official AWS exam guide (SCS-C02) and linked documentation. Objective: IS-4.,https://docs.aws.amazon.com/security/|https://aws.amazon.com/certification/certified-security-specialty/
aws-security-specialty,infrastructure-security,IS-4,SCS-C02 — IS-4 (HARD) #24,A multi-team rollout must balance security and velocity for Secure serverless and API endpoints for Infrastructure Security?,Apply the official Infrastructure Security guidance: Secure serverless and API endpoints — this aligns with exam blueprint expectations and vendor documentation.,Use an approach that contradicts the exam objective and ignores documented constraints.,"Deploy without monitoring, backup, or access controls required by the blueprint.",Mix controls from unrelated domains that do not address the stated objective.,A,HARD,aws-security-specialty|infrastructure-security|IS-4|hard|blueprint-seed,**Answer: A** — Secure serverless and API endpoints. Review the official AWS exam guide (SCS-C02) and linked documentation. Objective: IS-4.,https://docs.aws.amazon.com/security/|https://aws.amazon.com/certification/certified-security-specialty/
aws-security-specialty,infrastructure-security,IS-4,SCS-C02 — IS-4 (HARD) #25,An enterprise requires zero-downtime architecture while Secure serverless and API endpoints for Infrastructure Security?,Use an approach that contradicts the exam objective and ignores documented constraints.,"Deploy without monitoring, backup, or access controls required by the blueprint.",Mix controls from unrelated domains that do not address the stated objective.,"Follow the documented approach for Secure serverless and API endpoints, using recommended services and controls per the exam guide.",B,HARD,aws-security-specialty|infrastructure-security|IS-4|hard|blueprint-seed,**Answer: B** — Secure serverless and API endpoints. Review the official AWS exam guide (SCS-C02) and linked documentation. Objective: IS-4.,https://docs.aws.amazon.com/security/|https://aws.amazon.com/certification/certified-security-specialty/
aws-security-specialty,infrastructure-security,IS-4,SCS-C02 — IS-4 (HARD) #26,"Given strict compliance, auditability, and multi-region constraints, how should you Secure serverless and API endpoints for Infrastructure Security?","Deploy without monitoring, backup, or access controls required by the blueprint.",Mix controls from unrelated domains that do not address the stated objective.,"Implement Secure serverless and API endpoints using AWS best practices for Infrastructure Security, including monitoring and least privilege.",Use an approach that contradicts the exam objective and ignores documented constraints.,C,HARD,aws-security-specialty|infrastructure-security|IS-4|hard|blueprint-seed,**Answer: C** — Secure serverless and API endpoints. Review the official AWS exam guide (SCS-C02) and linked documentation. Objective: IS-4.,https://docs.aws.amazon.com/security/|https://aws.amazon.com/certification/certified-security-specialty/
aws-security-specialty,infrastructure-security,IS-4,SCS-C02 — IS-4 (HARD) #27,A production incident involves trade-offs between cost and resilience for Secure serverless and API endpoints for Infrastructure Security?,Mix controls from unrelated domains that do not address the stated objective.,Apply the official Infrastructure Security guidance: Secure serverless and API endpoints — this aligns with exam blueprint expectations and vendor documentation.,Use an approach that contradicts the exam objective and ignores documented constraints.,"Deploy without monitoring, backup, or access controls required by the blueprint.",D,HARD,aws-security-specialty|infrastructure-security|IS-4|hard|blueprint-seed,**Answer: D** — Secure serverless and API endpoints. Review the official AWS exam guide (SCS-C02) and linked documentation. Objective: IS-4.,https://docs.aws.amazon.com/security/|https://aws.amazon.com/certification/certified-security-specialty/
aws-security-specialty,infrastructure-security,IS-4,SCS-C02 — IS-4 (HARD) #28,Complex regulatory requirements demand that you Secure serverless and API endpoints for Infrastructure Security?,"Follow the documented approach for Secure serverless and API endpoints, using recommended services and controls per the exam guide.",Use an approach that contradicts the exam objective and ignores documented constraints.,"Deploy without monitoring, backup, or access controls required by the blueprint.",Mix controls from unrelated domains that do not address the stated objective.,A,HARD,aws-security-specialty|infrastructure-security|IS-4|hard|blueprint-seed,**Answer: A** — Secure serverless and API endpoints. Review the official AWS exam guide (SCS-C02) and linked documentation. Objective: IS-4.,https://docs.aws.amazon.com/security/|https://aws.amazon.com/certification/certified-security-specialty/
aws-security-specialty,infrastructure-security,IS-4,SCS-C02 — IS-4 (HARD) #29,A multi-team rollout must balance security and velocity for Secure serverless and API endpoints for Infrastructure Security?,Use an approach that contradicts the exam objective and ignores documented constraints.,"Deploy without monitoring, backup, or access controls required by the blueprint.",Mix controls from unrelated domains that do not address the stated objective.,"Implement Secure serverless and API endpoints using AWS best practices for Infrastructure Security, including monitoring and least privilege.",B,HARD,aws-security-specialty|infrastructure-security|IS-4|hard|blueprint-seed,**Answer: B** — Secure serverless and API endpoints. Review the official AWS exam guide (SCS-C02) and linked documentation. Objective: IS-4.,https://docs.aws.amazon.com/security/|https://aws.amazon.com/certification/certified-security-specialty/
aws-security-specialty,infrastructure-security,IS-4,SCS-C02 — IS-4 (HARD) #30,An enterprise requires zero-downtime architecture while Secure serverless and API endpoints for Infrastructure Security?,"Deploy without monitoring, backup, or access controls required by the blueprint.",Mix controls from unrelated domains that do not address the stated objective.,Apply the official Infrastructure Security guidance: Secure serverless and API endpoints — this aligns with exam blueprint expectations and vendor documentation.,Use an approach that contradicts the exam objective and ignores documented constraints.,C,HARD,aws-security-specialty|infrastructure-security|IS-4|hard|blueprint-seed,**Answer: C** — Secure serverless and API endpoints. Review the official AWS exam guide (SCS-C02) and linked documentation. Objective: IS-4.,https://docs.aws.amazon.com/security/|https://aws.amazon.com/certification/certified-security-specialty/
aws-security-specialty,infrastructure-security,IS-4,SCS-C02 — IS-4 (HARD) #31,"Given strict compliance, auditability, and multi-region constraints, how should you Secure serverless and API endpoints for Infrastructure Security?",Mix controls from unrelated domains that do not address the stated objective.,"Follow the documented approach for Secure serverless and API endpoints, using recommended services and controls per the exam guide.",Use an approach that contradicts the exam objective and ignores documented constraints.,"Deploy without monitoring, backup, or access controls required by the blueprint.",D,HARD,aws-security-specialty|infrastructure-security|IS-4|hard|blueprint-seed,**Answer: D** — Secure serverless and API endpoints. Review the official AWS exam guide (SCS-C02) and linked documentation. Objective: IS-4.,https://docs.aws.amazon.com/security/|https://aws.amazon.com/certification/certified-security-specialty/
aws-security-specialty,iam,IAM-1,SCS-C02 — IAM-1 (EASY) #1,What is the primary purpose of Design least-privilege IAM policies?,Use an approach that contradicts the exam objective and ignores documented constraints.,"Deploy without monitoring, backup, or access controls required by the blueprint.",Mix controls from unrelated domains that do not address the stated objective.,"Follow the documented approach for Design least-privilege IAM policies, using recommended services and controls per the exam guide.",B,EASY,aws-security-specialty|iam|IAM-1|easy|blueprint-seed,**Answer: B** — Design least-privilege IAM policies. Review the official AWS exam guide (SCS-C02) and linked documentation. Objective: IAM-1.,https://docs.aws.amazon.com/security/|https://aws.amazon.com/certification/certified-security-specialty/
aws-security-specialty,iam,IAM-1,SCS-C02 — IAM-1 (EASY) #2,Which concept is fundamental to Design least-privilege IAM policies?,"Deploy without monitoring, backup, or access controls required by the blueprint.",Mix controls from unrelated domains that do not address the stated objective.,"Implement Design least-privilege IAM policies using AWS best practices for Identity and Access Management, including monitoring and least privilege.",Use an approach that contradicts the exam objective and ignores documented constraints.,C,EASY,aws-security-specialty|iam|IAM-1|easy|blueprint-seed,**Answer: C** — Design least-privilege IAM policies. Review the official AWS exam guide (SCS-C02) and linked documentation. Objective: IAM-1.,https://docs.aws.amazon.com/security/|https://aws.amazon.com/certification/certified-security-specialty/
aws-security-specialty,iam,IAM-1,SCS-C02 — IAM-1 (EASY) #3,Identify the core principle behind Design least-privilege IAM policies?,Mix controls from unrelated domains that do not address the stated objective.,Apply the official Identity and Access Management guidance: Design least-privilege IAM policies — this aligns with exam blueprint expectations and vendor documentation.,Use an approach that contradicts the exam objective and ignores documented constraints.,"Deploy without monitoring, backup, or access controls required by the blueprint.",D,EASY,aws-security-specialty|iam|IAM-1|easy|blueprint-seed,**Answer: D** — Design least-privilege IAM policies. Review the official AWS exam guide (SCS-C02) and linked documentation. Objective: IAM-1.,https://docs.aws.amazon.com/security/|https://aws.amazon.com/certification/certified-security-specialty/
aws-security-specialty,iam,IAM-1,SCS-C02 — IAM-1 (EASY) #4,Which description accurately reflects Design least-privilege IAM policies?,"Follow the documented approach for Design least-privilege IAM policies, using recommended services and controls per the exam guide.",Use an approach that contradicts the exam objective and ignores documented constraints.,"Deploy without monitoring, backup, or access controls required by the blueprint.",Mix controls from unrelated domains that do not address the stated objective.,A,EASY,aws-security-specialty|iam|IAM-1|easy|blueprint-seed,**Answer: A** — Design least-privilege IAM policies. Review the official AWS exam guide (SCS-C02) and linked documentation. Objective: IAM-1.,https://docs.aws.amazon.com/security/|https://aws.amazon.com/certification/certified-security-specialty/
aws-security-specialty,iam,IAM-1,SCS-C02 — IAM-1 (EASY) #5,Which statement best defines the scope of Design least-privilege IAM policies?,Use an approach that contradicts the exam objective and ignores documented constraints.,"Deploy without monitoring, backup, or access controls required by the blueprint.",Mix controls from unrelated domains that do not address the stated objective.,"Implement Design least-privilege IAM policies using AWS best practices for Identity and Access Management, including monitoring and least privilege.",B,EASY,aws-security-specialty|iam|IAM-1|easy|blueprint-seed,**Answer: B** — Design least-privilege IAM policies. Review the official AWS exam guide (SCS-C02) and linked documentation. Objective: IAM-1.,https://docs.aws.amazon.com/security/|https://aws.amazon.com/certification/certified-security-specialty/
aws-security-specialty,iam,IAM-1,SCS-C02 — IAM-1 (EASY) #6,What is the primary purpose of Design least-privilege IAM policies?,"Deploy without monitoring, backup, or access controls required by the blueprint.",Mix controls from unrelated domains that do not address the stated objective.,Apply the official Identity and Access Management guidance: Design least-privilege IAM policies — this aligns with exam blueprint expectations and vendor documentation.,Use an approach that contradicts the exam objective and ignores documented constraints.,C,EASY,aws-security-specialty|iam|IAM-1|easy|blueprint-seed,**Answer: C** — Design least-privilege IAM policies. Review the official AWS exam guide (SCS-C02) and linked documentation. Objective: IAM-1.,https://docs.aws.amazon.com/security/|https://aws.amazon.com/certification/certified-security-specialty/
aws-security-specialty,iam,IAM-1,SCS-C02 — IAM-1 (EASY) #7,Which concept is fundamental to Design least-privilege IAM policies?,Mix controls from unrelated domains that do not address the stated objective.,"Follow the documented approach for Design least-privilege IAM policies, using recommended services and controls per the exam guide.",Use an approach that contradicts the exam objective and ignores documented constraints.,"Deploy without monitoring, backup, or access controls required by the blueprint.",D,EASY,aws-security-specialty|iam|IAM-1|easy|blueprint-seed,**Answer: D** — Design least-privilege IAM policies. Review the official AWS exam guide (SCS-C02) and linked documentation. Objective: IAM-1.,https://docs.aws.amazon.com/security/|https://aws.amazon.com/certification/certified-security-specialty/
aws-security-specialty,iam,IAM-1,SCS-C02 — IAM-1 (EASY) #8,Identify the core principle behind Design least-privilege IAM policies?,"Implement Design least-privilege IAM policies using AWS best practices for Identity and Access Management, including monitoring and least privilege.",Use an approach that contradicts the exam objective and ignores documented constraints.,"Deploy without monitoring, backup, or access controls required by the blueprint.",Mix controls from unrelated domains that do not address the stated objective.,A,EASY,aws-security-specialty|iam|IAM-1|easy|blueprint-seed,**Answer: A** — Design least-privilege IAM policies. Review the official AWS exam guide (SCS-C02) and linked documentation. Objective: IAM-1.,https://docs.aws.amazon.com/security/|https://aws.amazon.com/certification/certified-security-specialty/
aws-security-specialty,iam,IAM-1,SCS-C02 — IAM-1 (EASY) #9,Which description accurately reflects Design least-privilege IAM policies?,Use an approach that contradicts the exam objective and ignores documented constraints.,"Deploy without monitoring, backup, or access controls required by the blueprint.",Mix controls from unrelated domains that do not address the stated objective.,Apply the official Identity and Access Management guidance: Design least-privilege IAM policies — this aligns with exam blueprint expectations and vendor documentation.,B,EASY,aws-security-specialty|iam|IAM-1|easy|blueprint-seed,**Answer: B** — Design least-privilege IAM policies. Review the official AWS exam guide (SCS-C02) and linked documentation. Objective: IAM-1.,https://docs.aws.amazon.com/security/|https://aws.amazon.com/certification/certified-security-specialty/
aws-security-specialty,iam,IAM-1,SCS-C02 — IAM-1 (EASY) #10,Which statement best defines the scope of Design least-privilege IAM policies?,"Deploy without monitoring, backup, or access controls required by the blueprint.",Mix controls from unrelated domains that do not address the stated objective.,"Follow the documented approach for Design least-privilege IAM policies, using recommended services and controls per the exam guide.",Use an approach that contradicts the exam objective and ignores documented constraints.,C,EASY,aws-security-specialty|iam|IAM-1|easy|blueprint-seed,**Answer: C** — Design least-privilege IAM policies. Review the official AWS exam guide (SCS-C02) and linked documentation. Objective: IAM-1.,https://docs.aws.amazon.com/security/|https://aws.amazon.com/certification/certified-security-specialty/
aws-security-specialty,iam,IAM-1,SCS-C02 — IAM-1 (MEDIUM) #11,Which approach aligns with best practices when Design least-privilege IAM policies in the context of AWS Certified Security – Specialty?,Mix controls from unrelated domains that do not address the stated objective.,"Implement Design least-privilege IAM policies using AWS best practices for Identity and Access Management, including monitoring and least privilege.",Use an approach that contradicts the exam objective and ignores documented constraints.,"Deploy without monitoring, backup, or access controls required by the blueprint.",D,MEDIUM,aws-security-specialty|iam|IAM-1|medium|blueprint-seed,**Answer: D** — Design least-privilege IAM policies. Review the official AWS exam guide (SCS-C02) and linked documentation. Objective: IAM-1.,https://docs.aws.amazon.com/security/|https://aws.amazon.com/certification/certified-security-specialty/
aws-security-specialty,iam,IAM-1,SCS-C02 — IAM-1 (MEDIUM) #12,"During a project review, stakeholders ask how to Design least-privilege IAM policies in the context of AWS Certified Security – Specialty?",Apply the official Identity and Access Management guidance: Design least-privilege IAM policies — this aligns with exam blueprint expectations and vendor documentation.,Use an approach that contradicts the exam objective and ignores documented constraints.,"Deploy without monitoring, backup, or access controls required by the blueprint.",Mix controls from unrelated domains that do not address the stated objective.,A,MEDIUM,aws-security-specialty|iam|IAM-1|medium|blueprint-seed,**Answer: A** — Design least-privilege IAM policies. Review the official AWS exam guide (SCS-C02) and linked documentation. Objective: IAM-1.,https://docs.aws.amazon.com/security/|https://aws.amazon.com/certification/certified-security-specialty/
aws-security-specialty,iam,IAM-1,SCS-C02 — IAM-1 (MEDIUM) #13,Which configuration satisfies requirements for Design least-privilege IAM policies in the context of AWS Certified Security – Specialty?,Use an approach that contradicts the exam objective and ignores documented constraints.,"Deploy without monitoring, backup, or access controls required by the blueprint.",Mix controls from unrelated domains that do not address the stated objective.,"Follow the documented approach for Design least-privilege IAM policies, using recommended services and controls per the exam guide.",B,MEDIUM,aws-security-specialty|iam|IAM-1|medium|blueprint-seed,**Answer: B** — Design least-privilege IAM policies. Review the official AWS exam guide (SCS-C02) and linked documentation. Objective: IAM-1.,https://docs.aws.amazon.com/security/|https://aws.amazon.com/certification/certified-security-specialty/
aws-security-specialty,iam,IAM-1,SCS-C02 — IAM-1 (MEDIUM) #14,What is the recommended design when applying Design least-privilege IAM policies in the context of AWS Certified Security – Specialty?,"Deploy without monitoring, backup, or access controls required by the blueprint.",Mix controls from unrelated domains that do not address the stated objective.,"Implement Design least-privilege IAM policies using AWS best practices for Identity and Access Management, including monitoring and least privilege.",Use an approach that contradicts the exam objective and ignores documented constraints.,C,MEDIUM,aws-security-specialty|iam|IAM-1|medium|blueprint-seed,**Answer: C** — Design least-privilege IAM policies. Review the official AWS exam guide (SCS-C02) and linked documentation. Objective: IAM-1.,https://docs.aws.amazon.com/security/|https://aws.amazon.com/certification/certified-security-specialty/
aws-security-specialty,iam,IAM-1,SCS-C02 — IAM-1 (MEDIUM) #15,A team must implement a solution for Design least-privilege IAM policies in the context of AWS Certified Security – Specialty?,Mix controls from unrelated domains that do not address the stated objective.,Apply the official Identity and Access Management guidance: Design least-privilege IAM policies — this aligns with exam blueprint expectations and vendor documentation.,Use an approach that contradicts the exam objective and ignores documented constraints.,"Deploy without monitoring, backup, or access controls required by the blueprint.",D,MEDIUM,aws-security-specialty|iam|IAM-1|medium|blueprint-seed,**Answer: D** — Design least-privilege IAM policies. Review the official AWS exam guide (SCS-C02) and linked documentation. Objective: IAM-1.,https://docs.aws.amazon.com/security/|https://aws.amazon.com/certification/certified-security-specialty/
aws-security-specialty,iam,IAM-1,SCS-C02 — IAM-1 (MEDIUM) #16,Which approach aligns with best practices when Design least-privilege IAM policies in the context of AWS Certified Security – Specialty?,"Follow the documented approach for Design least-privilege IAM policies, using recommended services and controls per the exam guide.",Use an approach that contradicts the exam objective and ignores documented constraints.,"Deploy without monitoring, backup, or access controls required by the blueprint.",Mix controls from unrelated domains that do not address the stated objective.,A,MEDIUM,aws-security-specialty|iam|IAM-1|medium|blueprint-seed,**Answer: A** — Design least-privilege IAM policies. Review the official AWS exam guide (SCS-C02) and linked documentation. Objective: IAM-1.,https://docs.aws.amazon.com/security/|https://aws.amazon.com/certification/certified-security-specialty/
aws-security-specialty,iam,IAM-1,SCS-C02 — IAM-1 (MEDIUM) #17,"During a project review, stakeholders ask how to Design least-privilege IAM policies in the context of AWS Certified Security – Specialty?",Use an approach that contradicts the exam objective and ignores documented constraints.,"Deploy without monitoring, backup, or access controls required by the blueprint.",Mix controls from unrelated domains that do not address the stated objective.,"Implement Design least-privilege IAM policies using AWS best practices for Identity and Access Management, including monitoring and least privilege.",B,MEDIUM,aws-security-specialty|iam|IAM-1|medium|blueprint-seed,**Answer: B** — Design least-privilege IAM policies. Review the official AWS exam guide (SCS-C02) and linked documentation. Objective: IAM-1.,https://docs.aws.amazon.com/security/|https://aws.amazon.com/certification/certified-security-specialty/
aws-security-specialty,iam,IAM-1,SCS-C02 — IAM-1 (MEDIUM) #18,Which configuration satisfies requirements for Design least-privilege IAM policies in the context of AWS Certified Security – Specialty?,"Deploy without monitoring, backup, or access controls required by the blueprint.",Mix controls from unrelated domains that do not address the stated objective.,Apply the official Identity and Access Management guidance: Design least-privilege IAM policies — this aligns with exam blueprint expectations and vendor documentation.,Use an approach that contradicts the exam objective and ignores documented constraints.,C,MEDIUM,aws-security-specialty|iam|IAM-1|medium|blueprint-seed,**Answer: C** — Design least-privilege IAM policies. Review the official AWS exam guide (SCS-C02) and linked documentation. Objective: IAM-1.,https://docs.aws.amazon.com/security/|https://aws.amazon.com/certification/certified-security-specialty/
aws-security-specialty,iam,IAM-1,SCS-C02 — IAM-1 (MEDIUM) #19,What is the recommended design when applying Design least-privilege IAM policies in the context of AWS Certified Security – Specialty?,Mix controls from unrelated domains that do not address the stated objective.,"Follow the documented approach for Design least-privilege IAM policies, using recommended services and controls per the exam guide.",Use an approach that contradicts the exam objective and ignores documented constraints.,"Deploy without monitoring, backup, or access controls required by the blueprint.",D,MEDIUM,aws-security-specialty|iam|IAM-1|medium|blueprint-seed,**Answer: D** — Design least-privilege IAM policies. Review the official AWS exam guide (SCS-C02) and linked documentation. Objective: IAM-1.,https://docs.aws.amazon.com/security/|https://aws.amazon.com/certification/certified-security-specialty/
aws-security-specialty,iam,IAM-1,SCS-C02 — IAM-1 (MEDIUM) #20,A team must implement a solution for Design least-privilege IAM policies in the context of AWS Certified Security – Specialty?,"Implement Design least-privilege IAM policies using AWS best practices for Identity and Access Management, including monitoring and least privilege.",Use an approach that contradicts the exam objective and ignores documented constraints.,"Deploy without monitoring, backup, or access controls required by the blueprint.",Mix controls from unrelated domains that do not address the stated objective.,A,MEDIUM,aws-security-specialty|iam|IAM-1|medium|blueprint-seed,**Answer: A** — Design least-privilege IAM policies. Review the official AWS exam guide (SCS-C02) and linked documentation. Objective: IAM-1.,https://docs.aws.amazon.com/security/|https://aws.amazon.com/certification/certified-security-specialty/
aws-security-specialty,iam,IAM-1,SCS-C02 — IAM-1 (MEDIUM) #21,Which approach aligns with best practices when Design least-privilege IAM policies in the context of AWS Certified Security – Specialty?,Use an approach that contradicts the exam objective and ignores documented constraints.,"Deploy without monitoring, backup, or access controls required by the blueprint.",Mix controls from unrelated domains that do not address the stated objective.,Apply the official Identity and Access Management guidance: Design least-privilege IAM policies — this aligns with exam blueprint expectations and vendor documentation.,B,MEDIUM,aws-security-specialty|iam|IAM-1|medium|blueprint-seed,**Answer: B** — Design least-privilege IAM policies. Review the official AWS exam guide (SCS-C02) and linked documentation. Objective: IAM-1.,https://docs.aws.amazon.com/security/|https://aws.amazon.com/certification/certified-security-specialty/
aws-security-specialty,iam,IAM-1,SCS-C02 — IAM-1 (MEDIUM) #22,"During a project review, stakeholders ask how to Design least-privilege IAM policies in the context of AWS Certified Security – Specialty?","Deploy without monitoring, backup, or access controls required by the blueprint.",Mix controls from unrelated domains that do not address the stated objective.,"Follow the documented approach for Design least-privilege IAM policies, using recommended services and controls per the exam guide.",Use an approach that contradicts the exam objective and ignores documented constraints.,C,MEDIUM,aws-security-specialty|iam|IAM-1|medium|blueprint-seed,**Answer: C** — Design least-privilege IAM policies. Review the official AWS exam guide (SCS-C02) and linked documentation. Objective: IAM-1.,https://docs.aws.amazon.com/security/|https://aws.amazon.com/certification/certified-security-specialty/
aws-security-specialty,iam,IAM-1,SCS-C02 — IAM-1 (MEDIUM) #23,Which configuration satisfies requirements for Design least-privilege IAM policies in the context of AWS Certified Security – Specialty?,Mix controls from unrelated domains that do not address the stated objective.,"Implement Design least-privilege IAM policies using AWS best practices for Identity and Access Management, including monitoring and least privilege.",Use an approach that contradicts the exam objective and ignores documented constraints.,"Deploy without monitoring, backup, or access controls required by the blueprint.",D,MEDIUM,aws-security-specialty|iam|IAM-1|medium|blueprint-seed,**Answer: D** — Design least-privilege IAM policies. Review the official AWS exam guide (SCS-C02) and linked documentation. Objective: IAM-1.,https://docs.aws.amazon.com/security/|https://aws.amazon.com/certification/certified-security-specialty/
aws-security-specialty,iam,IAM-1,SCS-C02 — IAM-1 (MEDIUM) #24,What is the recommended design when applying Design least-privilege IAM policies in the context of AWS Certified Security – Specialty?,Apply the official Identity and Access Management guidance: Design least-privilege IAM policies — this aligns with exam blueprint expectations and vendor documentation.,Use an approach that contradicts the exam objective and ignores documented constraints.,"Deploy without monitoring, backup, or access controls required by the blueprint.",Mix controls from unrelated domains that do not address the stated objective.,A,MEDIUM,aws-security-specialty|iam|IAM-1|medium|blueprint-seed,**Answer: A** — Design least-privilege IAM policies. Review the official AWS exam guide (SCS-C02) and linked documentation. Objective: IAM-1.,https://docs.aws.amazon.com/security/|https://aws.amazon.com/certification/certified-security-specialty/
aws-security-specialty,iam,IAM-1,SCS-C02 — IAM-1 (HARD) #25,An enterprise requires zero-downtime architecture while Design least-privilege IAM policies for Identity and Access Management?,Use an approach that contradicts the exam objective and ignores documented constraints.,"Deploy without monitoring, backup, or access controls required by the blueprint.",Mix controls from unrelated domains that do not address the stated objective.,"Follow the documented approach for Design least-privilege IAM policies, using recommended services and controls per the exam guide.",B,HARD,aws-security-specialty|iam|IAM-1|hard|blueprint-seed,**Answer: B** — Design least-privilege IAM policies. Review the official AWS exam guide (SCS-C02) and linked documentation. Objective: IAM-1.,https://docs.aws.amazon.com/security/|https://aws.amazon.com/certification/certified-security-specialty/
aws-security-specialty,iam,IAM-1,SCS-C02 — IAM-1 (HARD) #26,"Given strict compliance, auditability, and multi-region constraints, how should you Design least-privilege IAM policies for Identity and Access Management?","Deploy without monitoring, backup, or access controls required by the blueprint.",Mix controls from unrelated domains that do not address the stated objective.,"Implement Design least-privilege IAM policies using AWS best practices for Identity and Access Management, including monitoring and least privilege.",Use an approach that contradicts the exam objective and ignores documented constraints.,C,HARD,aws-security-specialty|iam|IAM-1|hard|blueprint-seed,**Answer: C** — Design least-privilege IAM policies. Review the official AWS exam guide (SCS-C02) and linked documentation. Objective: IAM-1.,https://docs.aws.amazon.com/security/|https://aws.amazon.com/certification/certified-security-specialty/
aws-security-specialty,iam,IAM-1,SCS-C02 — IAM-1 (HARD) #27,A production incident involves trade-offs between cost and resilience for Design least-privilege IAM policies for Identity and Access Management?,Mix controls from unrelated domains that do not address the stated objective.,Apply the official Identity and Access Management guidance: Design least-privilege IAM policies — this aligns with exam blueprint expectations and vendor documentation.,Use an approach that contradicts the exam objective and ignores documented constraints.,"Deploy without monitoring, backup, or access controls required by the blueprint.",D,HARD,aws-security-specialty|iam|IAM-1|hard|blueprint-seed,**Answer: D** — Design least-privilege IAM policies. Review the official AWS exam guide (SCS-C02) and linked documentation. Objective: IAM-1.,https://docs.aws.amazon.com/security/|https://aws.amazon.com/certification/certified-security-specialty/
aws-security-specialty,iam,IAM-1,SCS-C02 — IAM-1 (HARD) #28,Complex regulatory requirements demand that you Design least-privilege IAM policies for Identity and Access Management?,"Follow the documented approach for Design least-privilege IAM policies, using recommended services and controls per the exam guide.",Use an approach that contradicts the exam objective and ignores documented constraints.,"Deploy without monitoring, backup, or access controls required by the blueprint.",Mix controls from unrelated domains that do not address the stated objective.,A,HARD,aws-security-specialty|iam|IAM-1|hard|blueprint-seed,**Answer: A** — Design least-privilege IAM policies. Review the official AWS exam guide (SCS-C02) and linked documentation. Objective: IAM-1.,https://docs.aws.amazon.com/security/|https://aws.amazon.com/certification/certified-security-specialty/
aws-security-specialty,iam,IAM-1,SCS-C02 — IAM-1 (HARD) #29,A multi-team rollout must balance security and velocity for Design least-privilege IAM policies for Identity and Access Management?,Use an approach that contradicts the exam objective and ignores documented constraints.,"Deploy without monitoring, backup, or access controls required by the blueprint.",Mix controls from unrelated domains that do not address the stated objective.,"Implement Design least-privilege IAM policies using AWS best practices for Identity and Access Management, including monitoring and least privilege.",B,HARD,aws-security-specialty|iam|IAM-1|hard|blueprint-seed,**Answer: B** — Design least-privilege IAM policies. Review the official AWS exam guide (SCS-C02) and linked documentation. Objective: IAM-1.,https://docs.aws.amazon.com/security/|https://aws.amazon.com/certification/certified-security-specialty/
aws-security-specialty,iam,IAM-1,SCS-C02 — IAM-1 (HARD) #30,An enterprise requires zero-downtime architecture while Design least-privilege IAM policies for Identity and Access Management?,"Deploy without monitoring, backup, or access controls required by the blueprint.",Mix controls from unrelated domains that do not address the stated objective.,Apply the official Identity and Access Management guidance: Design least-privilege IAM policies — this aligns with exam blueprint expectations and vendor documentation.,Use an approach that contradicts the exam objective and ignores documented constraints.,C,HARD,aws-security-specialty|iam|IAM-1|hard|blueprint-seed,**Answer: C** — Design least-privilege IAM policies. Review the official AWS exam guide (SCS-C02) and linked documentation. Objective: IAM-1.,https://docs.aws.amazon.com/security/|https://aws.amazon.com/certification/certified-security-specialty/
aws-security-specialty,iam,IAM-1,SCS-C02 — IAM-1 (HARD) #31,"Given strict compliance, auditability, and multi-region constraints, how should you Design least-privilege IAM policies for Identity and Access Management?",Mix controls from unrelated domains that do not address the stated objective.,"Follow the documented approach for Design least-privilege IAM policies, using recommended services and controls per the exam guide.",Use an approach that contradicts the exam objective and ignores documented constraints.,"Deploy without monitoring, backup, or access controls required by the blueprint.",D,HARD,aws-security-specialty|iam|IAM-1|hard|blueprint-seed,**Answer: D** — Design least-privilege IAM policies. Review the official AWS exam guide (SCS-C02) and linked documentation. Objective: IAM-1.,https://docs.aws.amazon.com/security/|https://aws.amazon.com/certification/certified-security-specialty/
aws-security-specialty,iam,IAM-1,SCS-C02 — IAM-1 (HARD) #32,A production incident involves trade-offs between cost and resilience for Design least-privilege IAM policies for Identity and Access Management?,"Implement Design least-privilege IAM policies using AWS best practices for Identity and Access Management, including monitoring and least privilege.",Use an approach that contradicts the exam objective and ignores documented constraints.,"Deploy without monitoring, backup, or access controls required by the blueprint.",Mix controls from unrelated domains that do not address the stated objective.,A,HARD,aws-security-specialty|iam|IAM-1|hard|blueprint-seed,**Answer: A** — Design least-privilege IAM policies. Review the official AWS exam guide (SCS-C02) and linked documentation. Objective: IAM-1.,https://docs.aws.amazon.com/security/|https://aws.amazon.com/certification/certified-security-specialty/
aws-security-specialty,iam,IAM-1,SCS-C02 — IAM-1 (HARD) #33,Complex regulatory requirements demand that you Design least-privilege IAM policies for Identity and Access Management?,Use an approach that contradicts the exam objective and ignores documented constraints.,"Deploy without monitoring, backup, or access controls required by the blueprint.",Mix controls from unrelated domains that do not address the stated objective.,Apply the official Identity and Access Management guidance: Design least-privilege IAM policies — this aligns with exam blueprint expectations and vendor documentation.,B,HARD,aws-security-specialty|iam|IAM-1|hard|blueprint-seed,**Answer: B** — Design least-privilege IAM policies. Review the official AWS exam guide (SCS-C02) and linked documentation. Objective: IAM-1.,https://docs.aws.amazon.com/security/|https://aws.amazon.com/certification/certified-security-specialty/
aws-security-specialty,iam,IAM-1,SCS-C02 — IAM-1 (HARD) #34,A multi-team rollout must balance security and velocity for Design least-privilege IAM policies for Identity and Access Management?,"Deploy without monitoring, backup, or access controls required by the blueprint.",Mix controls from unrelated domains that do not address the stated objective.,"Follow the documented approach for Design least-privilege IAM policies, using recommended services and controls per the exam guide.",Use an approach that contradicts the exam objective and ignores documented constraints.,C,HARD,aws-security-specialty|iam|IAM-1|hard|blueprint-seed,**Answer: C** — Design least-privilege IAM policies. Review the official AWS exam guide (SCS-C02) and linked documentation. Objective: IAM-1.,https://docs.aws.amazon.com/security/|https://aws.amazon.com/certification/certified-security-specialty/
aws-security-specialty,iam,IAM-2,SCS-C02 — IAM-2 (EASY) #1,What is the primary purpose of Implement federation and SSO?,Use an approach that contradicts the exam objective and ignores documented constraints.,"Deploy without monitoring, backup, or access controls required by the blueprint.",Mix controls from unrelated domains that do not address the stated objective.,"Follow the documented approach for Implement federation and SSO, using recommended services and controls per the exam guide.",B,EASY,aws-security-specialty|iam|IAM-2|easy|blueprint-seed,**Answer: B** — Implement federation and SSO. Review the official AWS exam guide (SCS-C02) and linked documentation. Objective: IAM-2.,https://docs.aws.amazon.com/security/|https://aws.amazon.com/certification/certified-security-specialty/
aws-security-specialty,iam,IAM-2,SCS-C02 — IAM-2 (EASY) #2,Which concept is fundamental to Implement federation and SSO?,"Deploy without monitoring, backup, or access controls required by the blueprint.",Mix controls from unrelated domains that do not address the stated objective.,"Implement Implement federation and SSO using AWS best practices for Identity and Access Management, including monitoring and least privilege.",Use an approach that contradicts the exam objective and ignores documented constraints.,C,EASY,aws-security-specialty|iam|IAM-2|easy|blueprint-seed,**Answer: C** — Implement federation and SSO. Review the official AWS exam guide (SCS-C02) and linked documentation. Objective: IAM-2.,https://docs.aws.amazon.com/security/|https://aws.amazon.com/certification/certified-security-specialty/
aws-security-specialty,iam,IAM-2,SCS-C02 — IAM-2 (EASY) #3,Identify the core principle behind Implement federation and SSO?,Mix controls from unrelated domains that do not address the stated objective.,Apply the official Identity and Access Management guidance: Implement federation and SSO — this aligns with exam blueprint expectations and vendor documentation.,Use an approach that contradicts the exam objective and ignores documented constraints.,"Deploy without monitoring, backup, or access controls required by the blueprint.",D,EASY,aws-security-specialty|iam|IAM-2|easy|blueprint-seed,**Answer: D** — Implement federation and SSO. Review the official AWS exam guide (SCS-C02) and linked documentation. Objective: IAM-2.,https://docs.aws.amazon.com/security/|https://aws.amazon.com/certification/certified-security-specialty/
aws-security-specialty,iam,IAM-2,SCS-C02 — IAM-2 (EASY) #4,Which description accurately reflects Implement federation and SSO?,"Follow the documented approach for Implement federation and SSO, using recommended services and controls per the exam guide.",Use an approach that contradicts the exam objective and ignores documented constraints.,"Deploy without monitoring, backup, or access controls required by the blueprint.",Mix controls from unrelated domains that do not address the stated objective.,A,EASY,aws-security-specialty|iam|IAM-2|easy|blueprint-seed,**Answer: A** — Implement federation and SSO. Review the official AWS exam guide (SCS-C02) and linked documentation. Objective: IAM-2.,https://docs.aws.amazon.com/security/|https://aws.amazon.com/certification/certified-security-specialty/
aws-security-specialty,iam,IAM-2,SCS-C02 — IAM-2 (EASY) #5,Which statement best defines the scope of Implement federation and SSO?,Use an approach that contradicts the exam objective and ignores documented constraints.,"Deploy without monitoring, backup, or access controls required by the blueprint.",Mix controls from unrelated domains that do not address the stated objective.,"Implement Implement federation and SSO using AWS best practices for Identity and Access Management, including monitoring and least privilege.",B,EASY,aws-security-specialty|iam|IAM-2|easy|blueprint-seed,**Answer: B** — Implement federation and SSO. Review the official AWS exam guide (SCS-C02) and linked documentation. Objective: IAM-2.,https://docs.aws.amazon.com/security/|https://aws.amazon.com/certification/certified-security-specialty/
aws-security-specialty,iam,IAM-2,SCS-C02 — IAM-2 (EASY) #6,What is the primary purpose of Implement federation and SSO?,"Deploy without monitoring, backup, or access controls required by the blueprint.",Mix controls from unrelated domains that do not address the stated objective.,Apply the official Identity and Access Management guidance: Implement federation and SSO — this aligns with exam blueprint expectations and vendor documentation.,Use an approach that contradicts the exam objective and ignores documented constraints.,C,EASY,aws-security-specialty|iam|IAM-2|easy|blueprint-seed,**Answer: C** — Implement federation and SSO. Review the official AWS exam guide (SCS-C02) and linked documentation. Objective: IAM-2.,https://docs.aws.amazon.com/security/|https://aws.amazon.com/certification/certified-security-specialty/
aws-security-specialty,iam,IAM-2,SCS-C02 — IAM-2 (EASY) #7,Which concept is fundamental to Implement federation and SSO?,Mix controls from unrelated domains that do not address the stated objective.,"Follow the documented approach for Implement federation and SSO, using recommended services and controls per the exam guide.",Use an approach that contradicts the exam objective and ignores documented constraints.,"Deploy without monitoring, backup, or access controls required by the blueprint.",D,EASY,aws-security-specialty|iam|IAM-2|easy|blueprint-seed,**Answer: D** — Implement federation and SSO. Review the official AWS exam guide (SCS-C02) and linked documentation. Objective: IAM-2.,https://docs.aws.amazon.com/security/|https://aws.amazon.com/certification/certified-security-specialty/
aws-security-specialty,iam,IAM-2,SCS-C02 — IAM-2 (EASY) #8,Identify the core principle behind Implement federation and SSO?,"Implement Implement federation and SSO using AWS best practices for Identity and Access Management, including monitoring and least privilege.",Use an approach that contradicts the exam objective and ignores documented constraints.,"Deploy without monitoring, backup, or access controls required by the blueprint.",Mix controls from unrelated domains that do not address the stated objective.,A,EASY,aws-security-specialty|iam|IAM-2|easy|blueprint-seed,**Answer: A** — Implement federation and SSO. Review the official AWS exam guide (SCS-C02) and linked documentation. Objective: IAM-2.,https://docs.aws.amazon.com/security/|https://aws.amazon.com/certification/certified-security-specialty/
aws-security-specialty,iam,IAM-2,SCS-C02 — IAM-2 (EASY) #9,Which description accurately reflects Implement federation and SSO?,Use an approach that contradicts the exam objective and ignores documented constraints.,"Deploy without monitoring, backup, or access controls required by the blueprint.",Mix controls from unrelated domains that do not address the stated objective.,Apply the official Identity and Access Management guidance: Implement federation and SSO — this aligns with exam blueprint expectations and vendor documentation.,B,EASY,aws-security-specialty|iam|IAM-2|easy|blueprint-seed,**Answer: B** — Implement federation and SSO. Review the official AWS exam guide (SCS-C02) and linked documentation. Objective: IAM-2.,https://docs.aws.amazon.com/security/|https://aws.amazon.com/certification/certified-security-specialty/
aws-security-specialty,iam,IAM-2,SCS-C02 — IAM-2 (EASY) #10,Which statement best defines the scope of Implement federation and SSO?,"Deploy without monitoring, backup, or access controls required by the blueprint.",Mix controls from unrelated domains that do not address the stated objective.,"Follow the documented approach for Implement federation and SSO, using recommended services and controls per the exam guide.",Use an approach that contradicts the exam objective and ignores documented constraints.,C,EASY,aws-security-specialty|iam|IAM-2|easy|blueprint-seed,**Answer: C** — Implement federation and SSO. Review the official AWS exam guide (SCS-C02) and linked documentation. Objective: IAM-2.,https://docs.aws.amazon.com/security/|https://aws.amazon.com/certification/certified-security-specialty/
aws-security-specialty,iam,IAM-2,SCS-C02 — IAM-2 (MEDIUM) #11,Which approach aligns with best practices when Implement federation and SSO in the context of AWS Certified Security – Specialty?,Mix controls from unrelated domains that do not address the stated objective.,"Implement Implement federation and SSO using AWS best practices for Identity and Access Management, including monitoring and least privilege.",Use an approach that contradicts the exam objective and ignores documented constraints.,"Deploy without monitoring, backup, or access controls required by the blueprint.",D,MEDIUM,aws-security-specialty|iam|IAM-2|medium|blueprint-seed,**Answer: D** — Implement federation and SSO. Review the official AWS exam guide (SCS-C02) and linked documentation. Objective: IAM-2.,https://docs.aws.amazon.com/security/|https://aws.amazon.com/certification/certified-security-specialty/
aws-security-specialty,iam,IAM-2,SCS-C02 — IAM-2 (MEDIUM) #12,"During a project review, stakeholders ask how to Implement federation and SSO in the context of AWS Certified Security – Specialty?",Apply the official Identity and Access Management guidance: Implement federation and SSO — this aligns with exam blueprint expectations and vendor documentation.,Use an approach that contradicts the exam objective and ignores documented constraints.,"Deploy without monitoring, backup, or access controls required by the blueprint.",Mix controls from unrelated domains that do not address the stated objective.,A,MEDIUM,aws-security-specialty|iam|IAM-2|medium|blueprint-seed,**Answer: A** — Implement federation and SSO. Review the official AWS exam guide (SCS-C02) and linked documentation. Objective: IAM-2.,https://docs.aws.amazon.com/security/|https://aws.amazon.com/certification/certified-security-specialty/
aws-security-specialty,iam,IAM-2,SCS-C02 — IAM-2 (MEDIUM) #13,Which configuration satisfies requirements for Implement federation and SSO in the context of AWS Certified Security – Specialty?,Use an approach that contradicts the exam objective and ignores documented constraints.,"Deploy without monitoring, backup, or access controls required by the blueprint.",Mix controls from unrelated domains that do not address the stated objective.,"Follow the documented approach for Implement federation and SSO, using recommended services and controls per the exam guide.",B,MEDIUM,aws-security-specialty|iam|IAM-2|medium|blueprint-seed,**Answer: B** — Implement federation and SSO. Review the official AWS exam guide (SCS-C02) and linked documentation. Objective: IAM-2.,https://docs.aws.amazon.com/security/|https://aws.amazon.com/certification/certified-security-specialty/
aws-security-specialty,iam,IAM-2,SCS-C02 — IAM-2 (MEDIUM) #14,What is the recommended design when applying Implement federation and SSO in the context of AWS Certified Security – Specialty?,"Deploy without monitoring, backup, or access controls required by the blueprint.",Mix controls from unrelated domains that do not address the stated objective.,"Implement Implement federation and SSO using AWS best practices for Identity and Access Management, including monitoring and least privilege.",Use an approach that contradicts the exam objective and ignores documented constraints.,C,MEDIUM,aws-security-specialty|iam|IAM-2|medium|blueprint-seed,**Answer: C** — Implement federation and SSO. Review the official AWS exam guide (SCS-C02) and linked documentation. Objective: IAM-2.,https://docs.aws.amazon.com/security/|https://aws.amazon.com/certification/certified-security-specialty/
aws-security-specialty,iam,IAM-2,SCS-C02 — IAM-2 (MEDIUM) #15,A team must implement a solution for Implement federation and SSO in the context of AWS Certified Security – Specialty?,Mix controls from unrelated domains that do not address the stated objective.,Apply the official Identity and Access Management guidance: Implement federation and SSO — this aligns with exam blueprint expectations and vendor documentation.,Use an approach that contradicts the exam objective and ignores documented constraints.,"Deploy without monitoring, backup, or access controls required by the blueprint.",D,MEDIUM,aws-security-specialty|iam|IAM-2|medium|blueprint-seed,**Answer: D** — Implement federation and SSO. Review the official AWS exam guide (SCS-C02) and linked documentation. Objective: IAM-2.,https://docs.aws.amazon.com/security/|https://aws.amazon.com/certification/certified-security-specialty/
aws-security-specialty,iam,IAM-2,SCS-C02 — IAM-2 (MEDIUM) #16,Which approach aligns with best practices when Implement federation and SSO in the context of AWS Certified Security – Specialty?,"Follow the documented approach for Implement federation and SSO, using recommended services and controls per the exam guide.",Use an approach that contradicts the exam objective and ignores documented constraints.,"Deploy without monitoring, backup, or access controls required by the blueprint.",Mix controls from unrelated domains that do not address the stated objective.,A,MEDIUM,aws-security-specialty|iam|IAM-2|medium|blueprint-seed,**Answer: A** — Implement federation and SSO. Review the official AWS exam guide (SCS-C02) and linked documentation. Objective: IAM-2.,https://docs.aws.amazon.com/security/|https://aws.amazon.com/certification/certified-security-specialty/
aws-security-specialty,iam,IAM-2,SCS-C02 — IAM-2 (MEDIUM) #17,"During a project review, stakeholders ask how to Implement federation and SSO in the context of AWS Certified Security – Specialty?",Use an approach that contradicts the exam objective and ignores documented constraints.,"Deploy without monitoring, backup, or access controls required by the blueprint.",Mix controls from unrelated domains that do not address the stated objective.,"Implement Implement federation and SSO using AWS best practices for Identity and Access Management, including monitoring and least privilege.",B,MEDIUM,aws-security-specialty|iam|IAM-2|medium|blueprint-seed,**Answer: B** — Implement federation and SSO. Review the official AWS exam guide (SCS-C02) and linked documentation. Objective: IAM-2.,https://docs.aws.amazon.com/security/|https://aws.amazon.com/certification/certified-security-specialty/
aws-security-specialty,iam,IAM-2,SCS-C02 — IAM-2 (MEDIUM) #18,Which configuration satisfies requirements for Implement federation and SSO in the context of AWS Certified Security – Specialty?,"Deploy without monitoring, backup, or access controls required by the blueprint.",Mix controls from unrelated domains that do not address the stated objective.,Apply the official Identity and Access Management guidance: Implement federation and SSO — this aligns with exam blueprint expectations and vendor documentation.,Use an approach that contradicts the exam objective and ignores documented constraints.,C,MEDIUM,aws-security-specialty|iam|IAM-2|medium|blueprint-seed,**Answer: C** — Implement federation and SSO. Review the official AWS exam guide (SCS-C02) and linked documentation. Objective: IAM-2.,https://docs.aws.amazon.com/security/|https://aws.amazon.com/certification/certified-security-specialty/
aws-security-specialty,iam,IAM-2,SCS-C02 — IAM-2 (MEDIUM) #19,What is the recommended design when applying Implement federation and SSO in the context of AWS Certified Security – Specialty?,Mix controls from unrelated domains that do not address the stated objective.,"Follow the documented approach for Implement federation and SSO, using recommended services and controls per the exam guide.",Use an approach that contradicts the exam objective and ignores documented constraints.,"Deploy without monitoring, backup, or access controls required by the blueprint.",D,MEDIUM,aws-security-specialty|iam|IAM-2|medium|blueprint-seed,**Answer: D** — Implement federation and SSO. Review the official AWS exam guide (SCS-C02) and linked documentation. Objective: IAM-2.,https://docs.aws.amazon.com/security/|https://aws.amazon.com/certification/certified-security-specialty/
aws-security-specialty,iam,IAM-2,SCS-C02 — IAM-2 (MEDIUM) #20,A team must implement a solution for Implement federation and SSO in the context of AWS Certified Security – Specialty?,"Implement Implement federation and SSO using AWS best practices for Identity and Access Management, including monitoring and least privilege.",Use an approach that contradicts the exam objective and ignores documented constraints.,"Deploy without monitoring, backup, or access controls required by the blueprint.",Mix controls from unrelated domains that do not address the stated objective.,A,MEDIUM,aws-security-specialty|iam|IAM-2|medium|blueprint-seed,**Answer: A** — Implement federation and SSO. Review the official AWS exam guide (SCS-C02) and linked documentation. Objective: IAM-2.,https://docs.aws.amazon.com/security/|https://aws.amazon.com/certification/certified-security-specialty/
aws-security-specialty,iam,IAM-2,SCS-C02 — IAM-2 (MEDIUM) #21,Which approach aligns with best practices when Implement federation and SSO in the context of AWS Certified Security – Specialty?,Use an approach that contradicts the exam objective and ignores documented constraints.,"Deploy without monitoring, backup, or access controls required by the blueprint.",Mix controls from unrelated domains that do not address the stated objective.,Apply the official Identity and Access Management guidance: Implement federation and SSO — this aligns with exam blueprint expectations and vendor documentation.,B,MEDIUM,aws-security-specialty|iam|IAM-2|medium|blueprint-seed,**Answer: B** — Implement federation and SSO. Review the official AWS exam guide (SCS-C02) and linked documentation. Objective: IAM-2.,https://docs.aws.amazon.com/security/|https://aws.amazon.com/certification/certified-security-specialty/
aws-security-specialty,iam,IAM-2,SCS-C02 — IAM-2 (MEDIUM) #22,"During a project review, stakeholders ask how to Implement federation and SSO in the context of AWS Certified Security – Specialty?","Deploy without monitoring, backup, or access controls required by the blueprint.",Mix controls from unrelated domains that do not address the stated objective.,"Follow the documented approach for Implement federation and SSO, using recommended services and controls per the exam guide.",Use an approach that contradicts the exam objective and ignores documented constraints.,C,MEDIUM,aws-security-specialty|iam|IAM-2|medium|blueprint-seed,**Answer: C** — Implement federation and SSO. Review the official AWS exam guide (SCS-C02) and linked documentation. Objective: IAM-2.,https://docs.aws.amazon.com/security/|https://aws.amazon.com/certification/certified-security-specialty/
aws-security-specialty,iam,IAM-2,SCS-C02 — IAM-2 (MEDIUM) #23,Which configuration satisfies requirements for Implement federation and SSO in the context of AWS Certified Security – Specialty?,Mix controls from unrelated domains that do not address the stated objective.,"Implement Implement federation and SSO using AWS best practices for Identity and Access Management, including monitoring and least privilege.",Use an approach that contradicts the exam objective and ignores documented constraints.,"Deploy without monitoring, backup, or access controls required by the blueprint.",D,MEDIUM,aws-security-specialty|iam|IAM-2|medium|blueprint-seed,**Answer: D** — Implement federation and SSO. Review the official AWS exam guide (SCS-C02) and linked documentation. Objective: IAM-2.,https://docs.aws.amazon.com/security/|https://aws.amazon.com/certification/certified-security-specialty/
aws-security-specialty,iam,IAM-2,SCS-C02 — IAM-2 (MEDIUM) #24,What is the recommended design when applying Implement federation and SSO in the context of AWS Certified Security – Specialty?,Apply the official Identity and Access Management guidance: Implement federation and SSO — this aligns with exam blueprint expectations and vendor documentation.,Use an approach that contradicts the exam objective and ignores documented constraints.,"Deploy without monitoring, backup, or access controls required by the blueprint.",Mix controls from unrelated domains that do not address the stated objective.,A,MEDIUM,aws-security-specialty|iam|IAM-2|medium|blueprint-seed,**Answer: A** — Implement federation and SSO. Review the official AWS exam guide (SCS-C02) and linked documentation. Objective: IAM-2.,https://docs.aws.amazon.com/security/|https://aws.amazon.com/certification/certified-security-specialty/
aws-security-specialty,iam,IAM-2,SCS-C02 — IAM-2 (HARD) #25,An enterprise requires zero-downtime architecture while Implement federation and SSO for Identity and Access Management?,Use an approach that contradicts the exam objective and ignores documented constraints.,"Deploy without monitoring, backup, or access controls required by the blueprint.",Mix controls from unrelated domains that do not address the stated objective.,"Follow the documented approach for Implement federation and SSO, using recommended services and controls per the exam guide.",B,HARD,aws-security-specialty|iam|IAM-2|hard|blueprint-seed,**Answer: B** — Implement federation and SSO. Review the official AWS exam guide (SCS-C02) and linked documentation. Objective: IAM-2.,https://docs.aws.amazon.com/security/|https://aws.amazon.com/certification/certified-security-specialty/
aws-security-specialty,iam,IAM-2,SCS-C02 — IAM-2 (HARD) #26,"Given strict compliance, auditability, and multi-region constraints, how should you Implement federation and SSO for Identity and Access Management?","Deploy without monitoring, backup, or access controls required by the blueprint.",Mix controls from unrelated domains that do not address the stated objective.,"Implement Implement federation and SSO using AWS best practices for Identity and Access Management, including monitoring and least privilege.",Use an approach that contradicts the exam objective and ignores documented constraints.,C,HARD,aws-security-specialty|iam|IAM-2|hard|blueprint-seed,**Answer: C** — Implement federation and SSO. Review the official AWS exam guide (SCS-C02) and linked documentation. Objective: IAM-2.,https://docs.aws.amazon.com/security/|https://aws.amazon.com/certification/certified-security-specialty/
aws-security-specialty,iam,IAM-2,SCS-C02 — IAM-2 (HARD) #27,A production incident involves trade-offs between cost and resilience for Implement federation and SSO for Identity and Access Management?,Mix controls from unrelated domains that do not address the stated objective.,Apply the official Identity and Access Management guidance: Implement federation and SSO — this aligns with exam blueprint expectations and vendor documentation.,Use an approach that contradicts the exam objective and ignores documented constraints.,"Deploy without monitoring, backup, or access controls required by the blueprint.",D,HARD,aws-security-specialty|iam|IAM-2|hard|blueprint-seed,**Answer: D** — Implement federation and SSO. Review the official AWS exam guide (SCS-C02) and linked documentation. Objective: IAM-2.,https://docs.aws.amazon.com/security/|https://aws.amazon.com/certification/certified-security-specialty/
aws-security-specialty,iam,IAM-2,SCS-C02 — IAM-2 (HARD) #28,Complex regulatory requirements demand that you Implement federation and SSO for Identity and Access Management?,"Follow the documented approach for Implement federation and SSO, using recommended services and controls per the exam guide.",Use an approach that contradicts the exam objective and ignores documented constraints.,"Deploy without monitoring, backup, or access controls required by the blueprint.",Mix controls from unrelated domains that do not address the stated objective.,A,HARD,aws-security-specialty|iam|IAM-2|hard|blueprint-seed,**Answer: A** — Implement federation and SSO. Review the official AWS exam guide (SCS-C02) and linked documentation. Objective: IAM-2.,https://docs.aws.amazon.com/security/|https://aws.amazon.com/certification/certified-security-specialty/
aws-security-specialty,iam,IAM-2,SCS-C02 — IAM-2 (HARD) #29,A multi-team rollout must balance security and velocity for Implement federation and SSO for Identity and Access Management?,Use an approach that contradicts the exam objective and ignores documented constraints.,"Deploy without monitoring, backup, or access controls required by the blueprint.",Mix controls from unrelated domains that do not address the stated objective.,"Implement Implement federation and SSO using AWS best practices for Identity and Access Management, including monitoring and least privilege.",B,HARD,aws-security-specialty|iam|IAM-2|hard|blueprint-seed,**Answer: B** — Implement federation and SSO. Review the official AWS exam guide (SCS-C02) and linked documentation. Objective: IAM-2.,https://docs.aws.amazon.com/security/|https://aws.amazon.com/certification/certified-security-specialty/
aws-security-specialty,iam,IAM-2,SCS-C02 — IAM-2 (HARD) #30,An enterprise requires zero-downtime architecture while Implement federation and SSO for Identity and Access Management?,"Deploy without monitoring, backup, or access controls required by the blueprint.",Mix controls from unrelated domains that do not address the stated objective.,Apply the official Identity and Access Management guidance: Implement federation and SSO — this aligns with exam blueprint expectations and vendor documentation.,Use an approach that contradicts the exam objective and ignores documented constraints.,C,HARD,aws-security-specialty|iam|IAM-2|hard|blueprint-seed,**Answer: C** — Implement federation and SSO. Review the official AWS exam guide (SCS-C02) and linked documentation. Objective: IAM-2.,https://docs.aws.amazon.com/security/|https://aws.amazon.com/certification/certified-security-specialty/
aws-security-specialty,iam,IAM-2,SCS-C02 — IAM-2 (HARD) #31,"Given strict compliance, auditability, and multi-region constraints, how should you Implement federation and SSO for Identity and Access Management?",Mix controls from unrelated domains that do not address the stated objective.,"Follow the documented approach for Implement federation and SSO, using recommended services and controls per the exam guide.",Use an approach that contradicts the exam objective and ignores documented constraints.,"Deploy without monitoring, backup, or access controls required by the blueprint.",D,HARD,aws-security-specialty|iam|IAM-2|hard|blueprint-seed,**Answer: D** — Implement federation and SSO. Review the official AWS exam guide (SCS-C02) and linked documentation. Objective: IAM-2.,https://docs.aws.amazon.com/security/|https://aws.amazon.com/certification/certified-security-specialty/
aws-security-specialty,iam,IAM-2,SCS-C02 — IAM-2 (HARD) #32,A production incident involves trade-offs between cost and resilience for Implement federation and SSO for Identity and Access Management?,"Implement Implement federation and SSO using AWS best practices for Identity and Access Management, including monitoring and least privilege.",Use an approach that contradicts the exam objective and ignores documented constraints.,"Deploy without monitoring, backup, or access controls required by the blueprint.",Mix controls from unrelated domains that do not address the stated objective.,A,HARD,aws-security-specialty|iam|IAM-2|hard|blueprint-seed,**Answer: A** — Implement federation and SSO. Review the official AWS exam guide (SCS-C02) and linked documentation. Objective: IAM-2.,https://docs.aws.amazon.com/security/|https://aws.amazon.com/certification/certified-security-specialty/
aws-security-specialty,iam,IAM-2,SCS-C02 — IAM-2 (HARD) #33,Complex regulatory requirements demand that you Implement federation and SSO for Identity and Access Management?,Use an approach that contradicts the exam objective and ignores documented constraints.,"Deploy without monitoring, backup, or access controls required by the blueprint.",Mix controls from unrelated domains that do not address the stated objective.,Apply the official Identity and Access Management guidance: Implement federation and SSO — this aligns with exam blueprint expectations and vendor documentation.,B,HARD,aws-security-specialty|iam|IAM-2|hard|blueprint-seed,**Answer: B** — Implement federation and SSO. Review the official AWS exam guide (SCS-C02) and linked documentation. Objective: IAM-2.,https://docs.aws.amazon.com/security/|https://aws.amazon.com/certification/certified-security-specialty/
aws-security-specialty,iam,IAM-2,SCS-C02 — IAM-2 (HARD) #34,A multi-team rollout must balance security and velocity for Implement federation and SSO for Identity and Access Management?,"Deploy without monitoring, backup, or access controls required by the blueprint.",Mix controls from unrelated domains that do not address the stated objective.,"Follow the documented approach for Implement federation and SSO, using recommended services and controls per the exam guide.",Use an approach that contradicts the exam objective and ignores documented constraints.,C,HARD,aws-security-specialty|iam|IAM-2|hard|blueprint-seed,**Answer: C** — Implement federation and SSO. Review the official AWS exam guide (SCS-C02) and linked documentation. Objective: IAM-2.,https://docs.aws.amazon.com/security/|https://aws.amazon.com/certification/certified-security-specialty/
aws-security-specialty,iam,IAM-3,SCS-C02 — IAM-3 (EASY) #1,What is the primary purpose of Manage secrets and credentials?,Use an approach that contradicts the exam objective and ignores documented constraints.,"Deploy without monitoring, backup, or access controls required by the blueprint.",Mix controls from unrelated domains that do not address the stated objective.,"Follow the documented approach for Manage secrets and credentials, using recommended services and controls per the exam guide.",B,EASY,aws-security-specialty|iam|IAM-3|easy|blueprint-seed,**Answer: B** — Manage secrets and credentials. Review the official AWS exam guide (SCS-C02) and linked documentation. Objective: IAM-3.,https://docs.aws.amazon.com/security/|https://aws.amazon.com/certification/certified-security-specialty/
aws-security-specialty,iam,IAM-3,SCS-C02 — IAM-3 (EASY) #2,Which concept is fundamental to Manage secrets and credentials?,"Deploy without monitoring, backup, or access controls required by the blueprint.",Mix controls from unrelated domains that do not address the stated objective.,"Implement Manage secrets and credentials using AWS best practices for Identity and Access Management, including monitoring and least privilege.",Use an approach that contradicts the exam objective and ignores documented constraints.,C,EASY,aws-security-specialty|iam|IAM-3|easy|blueprint-seed,**Answer: C** — Manage secrets and credentials. Review the official AWS exam guide (SCS-C02) and linked documentation. Objective: IAM-3.,https://docs.aws.amazon.com/security/|https://aws.amazon.com/certification/certified-security-specialty/
aws-security-specialty,iam,IAM-3,SCS-C02 — IAM-3 (EASY) #3,Identify the core principle behind Manage secrets and credentials?,Mix controls from unrelated domains that do not address the stated objective.,Apply the official Identity and Access Management guidance: Manage secrets and credentials — this aligns with exam blueprint expectations and vendor documentation.,Use an approach that contradicts the exam objective and ignores documented constraints.,"Deploy without monitoring, backup, or access controls required by the blueprint.",D,EASY,aws-security-specialty|iam|IAM-3|easy|blueprint-seed,**Answer: D** — Manage secrets and credentials. Review the official AWS exam guide (SCS-C02) and linked documentation. Objective: IAM-3.,https://docs.aws.amazon.com/security/|https://aws.amazon.com/certification/certified-security-specialty/
aws-security-specialty,iam,IAM-3,SCS-C02 — IAM-3 (EASY) #4,Which description accurately reflects Manage secrets and credentials?,"Follow the documented approach for Manage secrets and credentials, using recommended services and controls per the exam guide.",Use an approach that contradicts the exam objective and ignores documented constraints.,"Deploy without monitoring, backup, or access controls required by the blueprint.",Mix controls from unrelated domains that do not address the stated objective.,A,EASY,aws-security-specialty|iam|IAM-3|easy|blueprint-seed,**Answer: A** — Manage secrets and credentials. Review the official AWS exam guide (SCS-C02) and linked documentation. Objective: IAM-3.,https://docs.aws.amazon.com/security/|https://aws.amazon.com/certification/certified-security-specialty/
aws-security-specialty,iam,IAM-3,SCS-C02 — IAM-3 (EASY) #5,Which statement best defines the scope of Manage secrets and credentials?,Use an approach that contradicts the exam objective and ignores documented constraints.,"Deploy without monitoring, backup, or access controls required by the blueprint.",Mix controls from unrelated domains that do not address the stated objective.,"Implement Manage secrets and credentials using AWS best practices for Identity and Access Management, including monitoring and least privilege.",B,EASY,aws-security-specialty|iam|IAM-3|easy|blueprint-seed,**Answer: B** — Manage secrets and credentials. Review the official AWS exam guide (SCS-C02) and linked documentation. Objective: IAM-3.,https://docs.aws.amazon.com/security/|https://aws.amazon.com/certification/certified-security-specialty/
aws-security-specialty,iam,IAM-3,SCS-C02 — IAM-3 (EASY) #6,What is the primary purpose of Manage secrets and credentials?,"Deploy without monitoring, backup, or access controls required by the blueprint.",Mix controls from unrelated domains that do not address the stated objective.,Apply the official Identity and Access Management guidance: Manage secrets and credentials — this aligns with exam blueprint expectations and vendor documentation.,Use an approach that contradicts the exam objective and ignores documented constraints.,C,EASY,aws-security-specialty|iam|IAM-3|easy|blueprint-seed,**Answer: C** — Manage secrets and credentials. Review the official AWS exam guide (SCS-C02) and linked documentation. Objective: IAM-3.,https://docs.aws.amazon.com/security/|https://aws.amazon.com/certification/certified-security-specialty/
aws-security-specialty,iam,IAM-3,SCS-C02 — IAM-3 (EASY) #7,Which concept is fundamental to Manage secrets and credentials?,Mix controls from unrelated domains that do not address the stated objective.,"Follow the documented approach for Manage secrets and credentials, using recommended services and controls per the exam guide.",Use an approach that contradicts the exam objective and ignores documented constraints.,"Deploy without monitoring, backup, or access controls required by the blueprint.",D,EASY,aws-security-specialty|iam|IAM-3|easy|blueprint-seed,**Answer: D** — Manage secrets and credentials. Review the official AWS exam guide (SCS-C02) and linked documentation. Objective: IAM-3.,https://docs.aws.amazon.com/security/|https://aws.amazon.com/certification/certified-security-specialty/
aws-security-specialty,iam,IAM-3,SCS-C02 — IAM-3 (EASY) #8,Identify the core principle behind Manage secrets and credentials?,"Implement Manage secrets and credentials using AWS best practices for Identity and Access Management, including monitoring and least privilege.",Use an approach that contradicts the exam objective and ignores documented constraints.,"Deploy without monitoring, backup, or access controls required by the blueprint.",Mix controls from unrelated domains that do not address the stated objective.,A,EASY,aws-security-specialty|iam|IAM-3|easy|blueprint-seed,**Answer: A** — Manage secrets and credentials. Review the official AWS exam guide (SCS-C02) and linked documentation. Objective: IAM-3.,https://docs.aws.amazon.com/security/|https://aws.amazon.com/certification/certified-security-specialty/
aws-security-specialty,iam,IAM-3,SCS-C02 — IAM-3 (EASY) #9,Which description accurately reflects Manage secrets and credentials?,Use an approach that contradicts the exam objective and ignores documented constraints.,"Deploy without monitoring, backup, or access controls required by the blueprint.",Mix controls from unrelated domains that do not address the stated objective.,Apply the official Identity and Access Management guidance: Manage secrets and credentials — this aligns with exam blueprint expectations and vendor documentation.,B,EASY,aws-security-specialty|iam|IAM-3|easy|blueprint-seed,**Answer: B** — Manage secrets and credentials. Review the official AWS exam guide (SCS-C02) and linked documentation. Objective: IAM-3.,https://docs.aws.amazon.com/security/|https://aws.amazon.com/certification/certified-security-specialty/
aws-security-specialty,iam,IAM-3,SCS-C02 — IAM-3 (EASY) #10,Which statement best defines the scope of Manage secrets and credentials?,"Deploy without monitoring, backup, or access controls required by the blueprint.",Mix controls from unrelated domains that do not address the stated objective.,"Follow the documented approach for Manage secrets and credentials, using recommended services and controls per the exam guide.",Use an approach that contradicts the exam objective and ignores documented constraints.,C,EASY,aws-security-specialty|iam|IAM-3|easy|blueprint-seed,**Answer: C** — Manage secrets and credentials. Review the official AWS exam guide (SCS-C02) and linked documentation. Objective: IAM-3.,https://docs.aws.amazon.com/security/|https://aws.amazon.com/certification/certified-security-specialty/
aws-security-specialty,iam,IAM-3,SCS-C02 — IAM-3 (MEDIUM) #11,Which approach aligns with best practices when Manage secrets and credentials in the context of AWS Certified Security – Specialty?,Mix controls from unrelated domains that do not address the stated objective.,"Implement Manage secrets and credentials using AWS best practices for Identity and Access Management, including monitoring and least privilege.",Use an approach that contradicts the exam objective and ignores documented constraints.,"Deploy without monitoring, backup, or access controls required by the blueprint.",D,MEDIUM,aws-security-specialty|iam|IAM-3|medium|blueprint-seed,**Answer: D** — Manage secrets and credentials. Review the official AWS exam guide (SCS-C02) and linked documentation. Objective: IAM-3.,https://docs.aws.amazon.com/security/|https://aws.amazon.com/certification/certified-security-specialty/
aws-security-specialty,iam,IAM-3,SCS-C02 — IAM-3 (MEDIUM) #12,"During a project review, stakeholders ask how to Manage secrets and credentials in the context of AWS Certified Security – Specialty?",Apply the official Identity and Access Management guidance: Manage secrets and credentials — this aligns with exam blueprint expectations and vendor documentation.,Use an approach that contradicts the exam objective and ignores documented constraints.,"Deploy without monitoring, backup, or access controls required by the blueprint.",Mix controls from unrelated domains that do not address the stated objective.,A,MEDIUM,aws-security-specialty|iam|IAM-3|medium|blueprint-seed,**Answer: A** — Manage secrets and credentials. Review the official AWS exam guide (SCS-C02) and linked documentation. Objective: IAM-3.,https://docs.aws.amazon.com/security/|https://aws.amazon.com/certification/certified-security-specialty/
aws-security-specialty,iam,IAM-3,SCS-C02 — IAM-3 (MEDIUM) #13,Which configuration satisfies requirements for Manage secrets and credentials in the context of AWS Certified Security – Specialty?,Use an approach that contradicts the exam objective and ignores documented constraints.,"Deploy without monitoring, backup, or access controls required by the blueprint.",Mix controls from unrelated domains that do not address the stated objective.,"Follow the documented approach for Manage secrets and credentials, using recommended services and controls per the exam guide.",B,MEDIUM,aws-security-specialty|iam|IAM-3|medium|blueprint-seed,**Answer: B** — Manage secrets and credentials. Review the official AWS exam guide (SCS-C02) and linked documentation. Objective: IAM-3.,https://docs.aws.amazon.com/security/|https://aws.amazon.com/certification/certified-security-specialty/
aws-security-specialty,iam,IAM-3,SCS-C02 — IAM-3 (MEDIUM) #14,What is the recommended design when applying Manage secrets and credentials in the context of AWS Certified Security – Specialty?,"Deploy without monitoring, backup, or access controls required by the blueprint.",Mix controls from unrelated domains that do not address the stated objective.,"Implement Manage secrets and credentials using AWS best practices for Identity and Access Management, including monitoring and least privilege.",Use an approach that contradicts the exam objective and ignores documented constraints.,C,MEDIUM,aws-security-specialty|iam|IAM-3|medium|blueprint-seed,**Answer: C** — Manage secrets and credentials. Review the official AWS exam guide (SCS-C02) and linked documentation. Objective: IAM-3.,https://docs.aws.amazon.com/security/|https://aws.amazon.com/certification/certified-security-specialty/
aws-security-specialty,iam,IAM-3,SCS-C02 — IAM-3 (MEDIUM) #15,A team must implement a solution for Manage secrets and credentials in the context of AWS Certified Security – Specialty?,Mix controls from unrelated domains that do not address the stated objective.,Apply the official Identity and Access Management guidance: Manage secrets and credentials — this aligns with exam blueprint expectations and vendor documentation.,Use an approach that contradicts the exam objective and ignores documented constraints.,"Deploy without monitoring, backup, or access controls required by the blueprint.",D,MEDIUM,aws-security-specialty|iam|IAM-3|medium|blueprint-seed,**Answer: D** — Manage secrets and credentials. Review the official AWS exam guide (SCS-C02) and linked documentation. Objective: IAM-3.,https://docs.aws.amazon.com/security/|https://aws.amazon.com/certification/certified-security-specialty/
aws-security-specialty,iam,IAM-3,SCS-C02 — IAM-3 (MEDIUM) #16,Which approach aligns with best practices when Manage secrets and credentials in the context of AWS Certified Security – Specialty?,"Follow the documented approach for Manage secrets and credentials, using recommended services and controls per the exam guide.",Use an approach that contradicts the exam objective and ignores documented constraints.,"Deploy without monitoring, backup, or access controls required by the blueprint.",Mix controls from unrelated domains that do not address the stated objective.,A,MEDIUM,aws-security-specialty|iam|IAM-3|medium|blueprint-seed,**Answer: A** — Manage secrets and credentials. Review the official AWS exam guide (SCS-C02) and linked documentation. Objective: IAM-3.,https://docs.aws.amazon.com/security/|https://aws.amazon.com/certification/certified-security-specialty/
aws-security-specialty,iam,IAM-3,SCS-C02 — IAM-3 (MEDIUM) #17,"During a project review, stakeholders ask how to Manage secrets and credentials in the context of AWS Certified Security – Specialty?",Use an approach that contradicts the exam objective and ignores documented constraints.,"Deploy without monitoring, backup, or access controls required by the blueprint.",Mix controls from unrelated domains that do not address the stated objective.,"Implement Manage secrets and credentials using AWS best practices for Identity and Access Management, including monitoring and least privilege.",B,MEDIUM,aws-security-specialty|iam|IAM-3|medium|blueprint-seed,**Answer: B** — Manage secrets and credentials. Review the official AWS exam guide (SCS-C02) and linked documentation. Objective: IAM-3.,https://docs.aws.amazon.com/security/|https://aws.amazon.com/certification/certified-security-specialty/
aws-security-specialty,iam,IAM-3,SCS-C02 — IAM-3 (MEDIUM) #18,Which configuration satisfies requirements for Manage secrets and credentials in the context of AWS Certified Security – Specialty?,"Deploy without monitoring, backup, or access controls required by the blueprint.",Mix controls from unrelated domains that do not address the stated objective.,Apply the official Identity and Access Management guidance: Manage secrets and credentials — this aligns with exam blueprint expectations and vendor documentation.,Use an approach that contradicts the exam objective and ignores documented constraints.,C,MEDIUM,aws-security-specialty|iam|IAM-3|medium|blueprint-seed,**Answer: C** — Manage secrets and credentials. Review the official AWS exam guide (SCS-C02) and linked documentation. Objective: IAM-3.,https://docs.aws.amazon.com/security/|https://aws.amazon.com/certification/certified-security-specialty/
aws-security-specialty,iam,IAM-3,SCS-C02 — IAM-3 (MEDIUM) #19,What is the recommended design when applying Manage secrets and credentials in the context of AWS Certified Security – Specialty?,Mix controls from unrelated domains that do not address the stated objective.,"Follow the documented approach for Manage secrets and credentials, using recommended services and controls per the exam guide.",Use an approach that contradicts the exam objective and ignores documented constraints.,"Deploy without monitoring, backup, or access controls required by the blueprint.",D,MEDIUM,aws-security-specialty|iam|IAM-3|medium|blueprint-seed,**Answer: D** — Manage secrets and credentials. Review the official AWS exam guide (SCS-C02) and linked documentation. Objective: IAM-3.,https://docs.aws.amazon.com/security/|https://aws.amazon.com/certification/certified-security-specialty/
aws-security-specialty,iam,IAM-3,SCS-C02 — IAM-3 (MEDIUM) #20,A team must implement a solution for Manage secrets and credentials in the context of AWS Certified Security – Specialty?,"Implement Manage secrets and credentials using AWS best practices for Identity and Access Management, including monitoring and least privilege.",Use an approach that contradicts the exam objective and ignores documented constraints.,"Deploy without monitoring, backup, or access controls required by the blueprint.",Mix controls from unrelated domains that do not address the stated objective.,A,MEDIUM,aws-security-specialty|iam|IAM-3|medium|blueprint-seed,**Answer: A** — Manage secrets and credentials. Review the official AWS exam guide (SCS-C02) and linked documentation. Objective: IAM-3.,https://docs.aws.amazon.com/security/|https://aws.amazon.com/certification/certified-security-specialty/
aws-security-specialty,iam,IAM-3,SCS-C02 — IAM-3 (MEDIUM) #21,Which approach aligns with best practices when Manage secrets and credentials in the context of AWS Certified Security – Specialty?,Use an approach that contradicts the exam objective and ignores documented constraints.,"Deploy without monitoring, backup, or access controls required by the blueprint.",Mix controls from unrelated domains that do not address the stated objective.,Apply the official Identity and Access Management guidance: Manage secrets and credentials — this aligns with exam blueprint expectations and vendor documentation.,B,MEDIUM,aws-security-specialty|iam|IAM-3|medium|blueprint-seed,**Answer: B** — Manage secrets and credentials. Review the official AWS exam guide (SCS-C02) and linked documentation. Objective: IAM-3.,https://docs.aws.amazon.com/security/|https://aws.amazon.com/certification/certified-security-specialty/
aws-security-specialty,iam,IAM-3,SCS-C02 — IAM-3 (MEDIUM) #22,"During a project review, stakeholders ask how to Manage secrets and credentials in the context of AWS Certified Security – Specialty?","Deploy without monitoring, backup, or access controls required by the blueprint.",Mix controls from unrelated domains that do not address the stated objective.,"Follow the documented approach for Manage secrets and credentials, using recommended services and controls per the exam guide.",Use an approach that contradicts the exam objective and ignores documented constraints.,C,MEDIUM,aws-security-specialty|iam|IAM-3|medium|blueprint-seed,**Answer: C** — Manage secrets and credentials. Review the official AWS exam guide (SCS-C02) and linked documentation. Objective: IAM-3.,https://docs.aws.amazon.com/security/|https://aws.amazon.com/certification/certified-security-specialty/
aws-security-specialty,iam,IAM-3,SCS-C02 — IAM-3 (MEDIUM) #23,Which configuration satisfies requirements for Manage secrets and credentials in the context of AWS Certified Security – Specialty?,Mix controls from unrelated domains that do not address the stated objective.,"Implement Manage secrets and credentials using AWS best practices for Identity and Access Management, including monitoring and least privilege.",Use an approach that contradicts the exam objective and ignores documented constraints.,"Deploy without monitoring, backup, or access controls required by the blueprint.",D,MEDIUM,aws-security-specialty|iam|IAM-3|medium|blueprint-seed,**Answer: D** — Manage secrets and credentials. Review the official AWS exam guide (SCS-C02) and linked documentation. Objective: IAM-3.,https://docs.aws.amazon.com/security/|https://aws.amazon.com/certification/certified-security-specialty/
aws-security-specialty,iam,IAM-3,SCS-C02 — IAM-3 (HARD) #24,A multi-team rollout must balance security and velocity for Manage secrets and credentials for Identity and Access Management?,Apply the official Identity and Access Management guidance: Manage secrets and credentials — this aligns with exam blueprint expectations and vendor documentation.,Use an approach that contradicts the exam objective and ignores documented constraints.,"Deploy without monitoring, backup, or access controls required by the blueprint.",Mix controls from unrelated domains that do not address the stated objective.,A,HARD,aws-security-specialty|iam|IAM-3|hard|blueprint-seed,**Answer: A** — Manage secrets and credentials. Review the official AWS exam guide (SCS-C02) and linked documentation. Objective: IAM-3.,https://docs.aws.amazon.com/security/|https://aws.amazon.com/certification/certified-security-specialty/
aws-security-specialty,iam,IAM-3,SCS-C02 — IAM-3 (HARD) #25,An enterprise requires zero-downtime architecture while Manage secrets and credentials for Identity and Access Management?,Use an approach that contradicts the exam objective and ignores documented constraints.,"Deploy without monitoring, backup, or access controls required by the blueprint.",Mix controls from unrelated domains that do not address the stated objective.,"Follow the documented approach for Manage secrets and credentials, using recommended services and controls per the exam guide.",B,HARD,aws-security-specialty|iam|IAM-3|hard|blueprint-seed,**Answer: B** — Manage secrets and credentials. Review the official AWS exam guide (SCS-C02) and linked documentation. Objective: IAM-3.,https://docs.aws.amazon.com/security/|https://aws.amazon.com/certification/certified-security-specialty/
aws-security-specialty,iam,IAM-3,SCS-C02 — IAM-3 (HARD) #26,"Given strict compliance, auditability, and multi-region constraints, how should you Manage secrets and credentials for Identity and Access Management?","Deploy without monitoring, backup, or access controls required by the blueprint.",Mix controls from unrelated domains that do not address the stated objective.,"Implement Manage secrets and credentials using AWS best practices for Identity and Access Management, including monitoring and least privilege.",Use an approach that contradicts the exam objective and ignores documented constraints.,C,HARD,aws-security-specialty|iam|IAM-3|hard|blueprint-seed,**Answer: C** — Manage secrets and credentials. Review the official AWS exam guide (SCS-C02) and linked documentation. Objective: IAM-3.,https://docs.aws.amazon.com/security/|https://aws.amazon.com/certification/certified-security-specialty/
aws-security-specialty,iam,IAM-3,SCS-C02 — IAM-3 (HARD) #27,A production incident involves trade-offs between cost and resilience for Manage secrets and credentials for Identity and Access Management?,Mix controls from unrelated domains that do not address the stated objective.,Apply the official Identity and Access Management guidance: Manage secrets and credentials — this aligns with exam blueprint expectations and vendor documentation.,Use an approach that contradicts the exam objective and ignores documented constraints.,"Deploy without monitoring, backup, or access controls required by the blueprint.",D,HARD,aws-security-specialty|iam|IAM-3|hard|blueprint-seed,**Answer: D** — Manage secrets and credentials. Review the official AWS exam guide (SCS-C02) and linked documentation. Objective: IAM-3.,https://docs.aws.amazon.com/security/|https://aws.amazon.com/certification/certified-security-specialty/
aws-security-specialty,iam,IAM-3,SCS-C02 — IAM-3 (HARD) #28,Complex regulatory requirements demand that you Manage secrets and credentials for Identity and Access Management?,"Follow the documented approach for Manage secrets and credentials, using recommended services and controls per the exam guide.",Use an approach that contradicts the exam objective and ignores documented constraints.,"Deploy without monitoring, backup, or access controls required by the blueprint.",Mix controls from unrelated domains that do not address the stated objective.,A,HARD,aws-security-specialty|iam|IAM-3|hard|blueprint-seed,**Answer: A** — Manage secrets and credentials. Review the official AWS exam guide (SCS-C02) and linked documentation. Objective: IAM-3.,https://docs.aws.amazon.com/security/|https://aws.amazon.com/certification/certified-security-specialty/
aws-security-specialty,iam,IAM-3,SCS-C02 — IAM-3 (HARD) #29,A multi-team rollout must balance security and velocity for Manage secrets and credentials for Identity and Access Management?,Use an approach that contradicts the exam objective and ignores documented constraints.,"Deploy without monitoring, backup, or access controls required by the blueprint.",Mix controls from unrelated domains that do not address the stated objective.,"Implement Manage secrets and credentials using AWS best practices for Identity and Access Management, including monitoring and least privilege.",B,HARD,aws-security-specialty|iam|IAM-3|hard|blueprint-seed,**Answer: B** — Manage secrets and credentials. Review the official AWS exam guide (SCS-C02) and linked documentation. Objective: IAM-3.,https://docs.aws.amazon.com/security/|https://aws.amazon.com/certification/certified-security-specialty/
aws-security-specialty,iam,IAM-3,SCS-C02 — IAM-3 (HARD) #30,An enterprise requires zero-downtime architecture while Manage secrets and credentials for Identity and Access Management?,"Deploy without monitoring, backup, or access controls required by the blueprint.",Mix controls from unrelated domains that do not address the stated objective.,Apply the official Identity and Access Management guidance: Manage secrets and credentials — this aligns with exam blueprint expectations and vendor documentation.,Use an approach that contradicts the exam objective and ignores documented constraints.,C,HARD,aws-security-specialty|iam|IAM-3|hard|blueprint-seed,**Answer: C** — Manage secrets and credentials. Review the official AWS exam guide (SCS-C02) and linked documentation. Objective: IAM-3.,https://docs.aws.amazon.com/security/|https://aws.amazon.com/certification/certified-security-specialty/
aws-security-specialty,iam,IAM-3,SCS-C02 — IAM-3 (HARD) #31,"Given strict compliance, auditability, and multi-region constraints, how should you Manage secrets and credentials for Identity and Access Management?",Mix controls from unrelated domains that do not address the stated objective.,"Follow the documented approach for Manage secrets and credentials, using recommended services and controls per the exam guide.",Use an approach that contradicts the exam objective and ignores documented constraints.,"Deploy without monitoring, backup, or access controls required by the blueprint.",D,HARD,aws-security-specialty|iam|IAM-3|hard|blueprint-seed,**Answer: D** — Manage secrets and credentials. Review the official AWS exam guide (SCS-C02) and linked documentation. Objective: IAM-3.,https://docs.aws.amazon.com/security/|https://aws.amazon.com/certification/certified-security-specialty/
aws-security-specialty,iam,IAM-3,SCS-C02 — IAM-3 (HARD) #32,A production incident involves trade-offs between cost and resilience for Manage secrets and credentials for Identity and Access Management?,"Implement Manage secrets and credentials using AWS best practices for Identity and Access Management, including monitoring and least privilege.",Use an approach that contradicts the exam objective and ignores documented constraints.,"Deploy without monitoring, backup, or access controls required by the blueprint.",Mix controls from unrelated domains that do not address the stated objective.,A,HARD,aws-security-specialty|iam|IAM-3|hard|blueprint-seed,**Answer: A** — Manage secrets and credentials. Review the official AWS exam guide (SCS-C02) and linked documentation. Objective: IAM-3.,https://docs.aws.amazon.com/security/|https://aws.amazon.com/certification/certified-security-specialty/
aws-security-specialty,data-protection,DP-1,SCS-C02 — DP-1 (EASY) #1,What is the primary purpose of Encrypt data at rest and in transit?,Use an approach that contradicts the exam objective and ignores documented constraints.,"Deploy without monitoring, backup, or access controls required by the blueprint.",Mix controls from unrelated domains that do not address the stated objective.,"Follow the documented approach for Encrypt data at rest and in transit, using recommended services and controls per the exam guide.",B,EASY,aws-security-specialty|data-protection|DP-1|easy|blueprint-seed,**Answer: B** — Encrypt data at rest and in transit. Review the official AWS exam guide (SCS-C02) and linked documentation. Objective: DP-1.,https://docs.aws.amazon.com/security/|https://aws.amazon.com/certification/certified-security-specialty/
aws-security-specialty,data-protection,DP-1,SCS-C02 — DP-1 (EASY) #2,Which concept is fundamental to Encrypt data at rest and in transit?,"Deploy without monitoring, backup, or access controls required by the blueprint.",Mix controls from unrelated domains that do not address the stated objective.,"Implement Encrypt data at rest and in transit using AWS best practices for Data Protection, including monitoring and least privilege.",Use an approach that contradicts the exam objective and ignores documented constraints.,C,EASY,aws-security-specialty|data-protection|DP-1|easy|blueprint-seed,**Answer: C** — Encrypt data at rest and in transit. Review the official AWS exam guide (SCS-C02) and linked documentation. Objective: DP-1.,https://docs.aws.amazon.com/security/|https://aws.amazon.com/certification/certified-security-specialty/
aws-security-specialty,data-protection,DP-1,SCS-C02 — DP-1 (EASY) #3,Identify the core principle behind Encrypt data at rest and in transit?,Mix controls from unrelated domains that do not address the stated objective.,Apply the official Data Protection guidance: Encrypt data at rest and in transit — this aligns with exam blueprint expectations and vendor documentation.,Use an approach that contradicts the exam objective and ignores documented constraints.,"Deploy without monitoring, backup, or access controls required by the blueprint.",D,EASY,aws-security-specialty|data-protection|DP-1|easy|blueprint-seed,**Answer: D** — Encrypt data at rest and in transit. Review the official AWS exam guide (SCS-C02) and linked documentation. Objective: DP-1.,https://docs.aws.amazon.com/security/|https://aws.amazon.com/certification/certified-security-specialty/
aws-security-specialty,data-protection,DP-1,SCS-C02 — DP-1 (EASY) #4,Which description accurately reflects Encrypt data at rest and in transit?,"Follow the documented approach for Encrypt data at rest and in transit, using recommended services and controls per the exam guide.",Use an approach that contradicts the exam objective and ignores documented constraints.,"Deploy without monitoring, backup, or access controls required by the blueprint.",Mix controls from unrelated domains that do not address the stated objective.,A,EASY,aws-security-specialty|data-protection|DP-1|easy|blueprint-seed,**Answer: A** — Encrypt data at rest and in transit. Review the official AWS exam guide (SCS-C02) and linked documentation. Objective: DP-1.,https://docs.aws.amazon.com/security/|https://aws.amazon.com/certification/certified-security-specialty/
aws-security-specialty,data-protection,DP-1,SCS-C02 — DP-1 (EASY) #5,Which statement best defines the scope of Encrypt data at rest and in transit?,Use an approach that contradicts the exam objective and ignores documented constraints.,"Deploy without monitoring, backup, or access controls required by the blueprint.",Mix controls from unrelated domains that do not address the stated objective.,"Implement Encrypt data at rest and in transit using AWS best practices for Data Protection, including monitoring and least privilege.",B,EASY,aws-security-specialty|data-protection|DP-1|easy|blueprint-seed,**Answer: B** — Encrypt data at rest and in transit. Review the official AWS exam guide (SCS-C02) and linked documentation. Objective: DP-1.,https://docs.aws.amazon.com/security/|https://aws.amazon.com/certification/certified-security-specialty/
aws-security-specialty,data-protection,DP-1,SCS-C02 — DP-1 (EASY) #6,What is the primary purpose of Encrypt data at rest and in transit?,"Deploy without monitoring, backup, or access controls required by the blueprint.",Mix controls from unrelated domains that do not address the stated objective.,Apply the official Data Protection guidance: Encrypt data at rest and in transit — this aligns with exam blueprint expectations and vendor documentation.,Use an approach that contradicts the exam objective and ignores documented constraints.,C,EASY,aws-security-specialty|data-protection|DP-1|easy|blueprint-seed,**Answer: C** — Encrypt data at rest and in transit. Review the official AWS exam guide (SCS-C02) and linked documentation. Objective: DP-1.,https://docs.aws.amazon.com/security/|https://aws.amazon.com/certification/certified-security-specialty/
aws-security-specialty,data-protection,DP-1,SCS-C02 — DP-1 (EASY) #7,Which concept is fundamental to Encrypt data at rest and in transit?,Mix controls from unrelated domains that do not address the stated objective.,"Follow the documented approach for Encrypt data at rest and in transit, using recommended services and controls per the exam guide.",Use an approach that contradicts the exam objective and ignores documented constraints.,"Deploy without monitoring, backup, or access controls required by the blueprint.",D,EASY,aws-security-specialty|data-protection|DP-1|easy|blueprint-seed,**Answer: D** — Encrypt data at rest and in transit. Review the official AWS exam guide (SCS-C02) and linked documentation. Objective: DP-1.,https://docs.aws.amazon.com/security/|https://aws.amazon.com/certification/certified-security-specialty/
aws-security-specialty,data-protection,DP-1,SCS-C02 — DP-1 (MEDIUM) #8,Which configuration satisfies requirements for Encrypt data at rest and in transit in the context of AWS Certified Security – Specialty?,"Implement Encrypt data at rest and in transit using AWS best practices for Data Protection, including monitoring and least privilege.",Use an approach that contradicts the exam objective and ignores documented constraints.,"Deploy without monitoring, backup, or access controls required by the blueprint.",Mix controls from unrelated domains that do not address the stated objective.,A,MEDIUM,aws-security-specialty|data-protection|DP-1|medium|blueprint-seed,**Answer: A** — Encrypt data at rest and in transit. Review the official AWS exam guide (SCS-C02) and linked documentation. Objective: DP-1.,https://docs.aws.amazon.com/security/|https://aws.amazon.com/certification/certified-security-specialty/
aws-security-specialty,data-protection,DP-1,SCS-C02 — DP-1 (MEDIUM) #9,What is the recommended design when applying Encrypt data at rest and in transit in the context of AWS Certified Security – Specialty?,Use an approach that contradicts the exam objective and ignores documented constraints.,"Deploy without monitoring, backup, or access controls required by the blueprint.",Mix controls from unrelated domains that do not address the stated objective.,Apply the official Data Protection guidance: Encrypt data at rest and in transit — this aligns with exam blueprint expectations and vendor documentation.,B,MEDIUM,aws-security-specialty|data-protection|DP-1|medium|blueprint-seed,**Answer: B** — Encrypt data at rest and in transit. Review the official AWS exam guide (SCS-C02) and linked documentation. Objective: DP-1.,https://docs.aws.amazon.com/security/|https://aws.amazon.com/certification/certified-security-specialty/
aws-security-specialty,data-protection,DP-1,SCS-C02 — DP-1 (MEDIUM) #10,A team must implement a solution for Encrypt data at rest and in transit in the context of AWS Certified Security – Specialty?,"Deploy without monitoring, backup, or access controls required by the blueprint.",Mix controls from unrelated domains that do not address the stated objective.,"Follow the documented approach for Encrypt data at rest and in transit, using recommended services and controls per the exam guide.",Use an approach that contradicts the exam objective and ignores documented constraints.,C,MEDIUM,aws-security-specialty|data-protection|DP-1|medium|blueprint-seed,**Answer: C** — Encrypt data at rest and in transit. Review the official AWS exam guide (SCS-C02) and linked documentation. Objective: DP-1.,https://docs.aws.amazon.com/security/|https://aws.amazon.com/certification/certified-security-specialty/
aws-security-specialty,data-protection,DP-1,SCS-C02 — DP-1 (MEDIUM) #11,Which approach aligns with best practices when Encrypt data at rest and in transit in the context of AWS Certified Security – Specialty?,Mix controls from unrelated domains that do not address the stated objective.,"Implement Encrypt data at rest and in transit using AWS best practices for Data Protection, including monitoring and least privilege.",Use an approach that contradicts the exam objective and ignores documented constraints.,"Deploy without monitoring, backup, or access controls required by the blueprint.",D,MEDIUM,aws-security-specialty|data-protection|DP-1|medium|blueprint-seed,**Answer: D** — Encrypt data at rest and in transit. Review the official AWS exam guide (SCS-C02) and linked documentation. Objective: DP-1.,https://docs.aws.amazon.com/security/|https://aws.amazon.com/certification/certified-security-specialty/
aws-security-specialty,data-protection,DP-1,SCS-C02 — DP-1 (MEDIUM) #12,"During a project review, stakeholders ask how to Encrypt data at rest and in transit in the context of AWS Certified Security – Specialty?",Apply the official Data Protection guidance: Encrypt data at rest and in transit — this aligns with exam blueprint expectations and vendor documentation.,Use an approach that contradicts the exam objective and ignores documented constraints.,"Deploy without monitoring, backup, or access controls required by the blueprint.",Mix controls from unrelated domains that do not address the stated objective.,A,MEDIUM,aws-security-specialty|data-protection|DP-1|medium|blueprint-seed,**Answer: A** — Encrypt data at rest and in transit. Review the official AWS exam guide (SCS-C02) and linked documentation. Objective: DP-1.,https://docs.aws.amazon.com/security/|https://aws.amazon.com/certification/certified-security-specialty/
aws-security-specialty,data-protection,DP-1,SCS-C02 — DP-1 (MEDIUM) #13,Which configuration satisfies requirements for Encrypt data at rest and in transit in the context of AWS Certified Security – Specialty?,Use an approach that contradicts the exam objective and ignores documented constraints.,"Deploy without monitoring, backup, or access controls required by the blueprint.",Mix controls from unrelated domains that do not address the stated objective.,"Follow the documented approach for Encrypt data at rest and in transit, using recommended services and controls per the exam guide.",B,MEDIUM,aws-security-specialty|data-protection|DP-1|medium|blueprint-seed,**Answer: B** — Encrypt data at rest and in transit. Review the official AWS exam guide (SCS-C02) and linked documentation. Objective: DP-1.,https://docs.aws.amazon.com/security/|https://aws.amazon.com/certification/certified-security-specialty/
aws-security-specialty,data-protection,DP-1,SCS-C02 — DP-1 (MEDIUM) #14,What is the recommended design when applying Encrypt data at rest and in transit in the context of AWS Certified Security – Specialty?,"Deploy without monitoring, backup, or access controls required by the blueprint.",Mix controls from unrelated domains that do not address the stated objective.,"Implement Encrypt data at rest and in transit using AWS best practices for Data Protection, including monitoring and least privilege.",Use an approach that contradicts the exam objective and ignores documented constraints.,C,MEDIUM,aws-security-specialty|data-protection|DP-1|medium|blueprint-seed,**Answer: C** — Encrypt data at rest and in transit. Review the official AWS exam guide (SCS-C02) and linked documentation. Objective: DP-1.,https://docs.aws.amazon.com/security/|https://aws.amazon.com/certification/certified-security-specialty/
aws-security-specialty,data-protection,DP-1,SCS-C02 — DP-1 (MEDIUM) #15,A team must implement a solution for Encrypt data at rest and in transit in the context of AWS Certified Security – Specialty?,Mix controls from unrelated domains that do not address the stated objective.,Apply the official Data Protection guidance: Encrypt data at rest and in transit — this aligns with exam blueprint expectations and vendor documentation.,Use an approach that contradicts the exam objective and ignores documented constraints.,"Deploy without monitoring, backup, or access controls required by the blueprint.",D,MEDIUM,aws-security-specialty|data-protection|DP-1|medium|blueprint-seed,**Answer: D** — Encrypt data at rest and in transit. Review the official AWS exam guide (SCS-C02) and linked documentation. Objective: DP-1.,https://docs.aws.amazon.com/security/|https://aws.amazon.com/certification/certified-security-specialty/
aws-security-specialty,data-protection,DP-1,SCS-C02 — DP-1 (MEDIUM) #16,Which approach aligns with best practices when Encrypt data at rest and in transit in the context of AWS Certified Security – Specialty?,"Follow the documented approach for Encrypt data at rest and in transit, using recommended services and controls per the exam guide.",Use an approach that contradicts the exam objective and ignores documented constraints.,"Deploy without monitoring, backup, or access controls required by the blueprint.",Mix controls from unrelated domains that do not address the stated objective.,A,MEDIUM,aws-security-specialty|data-protection|DP-1|medium|blueprint-seed,**Answer: A** — Encrypt data at rest and in transit. Review the official AWS exam guide (SCS-C02) and linked documentation. Objective: DP-1.,https://docs.aws.amazon.com/security/|https://aws.amazon.com/certification/certified-security-specialty/
aws-security-specialty,data-protection,DP-1,SCS-C02 — DP-1 (MEDIUM) #17,"During a project review, stakeholders ask how to Encrypt data at rest and in transit in the context of AWS Certified Security – Specialty?",Use an approach that contradicts the exam objective and ignores documented constraints.,"Deploy without monitoring, backup, or access controls required by the blueprint.",Mix controls from unrelated domains that do not address the stated objective.,"Implement Encrypt data at rest and in transit using AWS best practices for Data Protection, including monitoring and least privilege.",B,MEDIUM,aws-security-specialty|data-protection|DP-1|medium|blueprint-seed,**Answer: B** — Encrypt data at rest and in transit. Review the official AWS exam guide (SCS-C02) and linked documentation. Objective: DP-1.,https://docs.aws.amazon.com/security/|https://aws.amazon.com/certification/certified-security-specialty/
aws-security-specialty,data-protection,DP-1,SCS-C02 — DP-1 (HARD) #18,Complex regulatory requirements demand that you Encrypt data at rest and in transit for Data Protection?,"Deploy without monitoring, backup, or access controls required by the blueprint.",Mix controls from unrelated domains that do not address the stated objective.,Apply the official Data Protection guidance: Encrypt data at rest and in transit — this aligns with exam blueprint expectations and vendor documentation.,Use an approach that contradicts the exam objective and ignores documented constraints.,C,HARD,aws-security-specialty|data-protection|DP-1|hard|blueprint-seed,**Answer: C** — Encrypt data at rest and in transit. Review the official AWS exam guide (SCS-C02) and linked documentation. Objective: DP-1.,https://docs.aws.amazon.com/security/|https://aws.amazon.com/certification/certified-security-specialty/
aws-security-specialty,data-protection,DP-1,SCS-C02 — DP-1 (HARD) #19,A multi-team rollout must balance security and velocity for Encrypt data at rest and in transit for Data Protection?,Mix controls from unrelated domains that do not address the stated objective.,"Follow the documented approach for Encrypt data at rest and in transit, using recommended services and controls per the exam guide.",Use an approach that contradicts the exam objective and ignores documented constraints.,"Deploy without monitoring, backup, or access controls required by the blueprint.",D,HARD,aws-security-specialty|data-protection|DP-1|hard|blueprint-seed,**Answer: D** — Encrypt data at rest and in transit. Review the official AWS exam guide (SCS-C02) and linked documentation. Objective: DP-1.,https://docs.aws.amazon.com/security/|https://aws.amazon.com/certification/certified-security-specialty/
aws-security-specialty,data-protection,DP-1,SCS-C02 — DP-1 (HARD) #20,An enterprise requires zero-downtime architecture while Encrypt data at rest and in transit for Data Protection?,"Implement Encrypt data at rest and in transit using AWS best practices for Data Protection, including monitoring and least privilege.",Use an approach that contradicts the exam objective and ignores documented constraints.,"Deploy without monitoring, backup, or access controls required by the blueprint.",Mix controls from unrelated domains that do not address the stated objective.,A,HARD,aws-security-specialty|data-protection|DP-1|hard|blueprint-seed,**Answer: A** — Encrypt data at rest and in transit. Review the official AWS exam guide (SCS-C02) and linked documentation. Objective: DP-1.,https://docs.aws.amazon.com/security/|https://aws.amazon.com/certification/certified-security-specialty/
aws-security-specialty,data-protection,DP-1,SCS-C02 — DP-1 (HARD) #21,"Given strict compliance, auditability, and multi-region constraints, how should you Encrypt data at rest and in transit for Data Protection?",Use an approach that contradicts the exam objective and ignores documented constraints.,"Deploy without monitoring, backup, or access controls required by the blueprint.",Mix controls from unrelated domains that do not address the stated objective.,Apply the official Data Protection guidance: Encrypt data at rest and in transit — this aligns with exam blueprint expectations and vendor documentation.,B,HARD,aws-security-specialty|data-protection|DP-1|hard|blueprint-seed,**Answer: B** — Encrypt data at rest and in transit. Review the official AWS exam guide (SCS-C02) and linked documentation. Objective: DP-1.,https://docs.aws.amazon.com/security/|https://aws.amazon.com/certification/certified-security-specialty/
aws-security-specialty,data-protection,DP-1,SCS-C02 — DP-1 (HARD) #22,A production incident involves trade-offs between cost and resilience for Encrypt data at rest and in transit for Data Protection?,"Deploy without monitoring, backup, or access controls required by the blueprint.",Mix controls from unrelated domains that do not address the stated objective.,"Follow the documented approach for Encrypt data at rest and in transit, using recommended services and controls per the exam guide.",Use an approach that contradicts the exam objective and ignores documented constraints.,C,HARD,aws-security-specialty|data-protection|DP-1|hard|blueprint-seed,**Answer: C** — Encrypt data at rest and in transit. Review the official AWS exam guide (SCS-C02) and linked documentation. Objective: DP-1.,https://docs.aws.amazon.com/security/|https://aws.amazon.com/certification/certified-security-specialty/
aws-security-specialty,data-protection,DP-1,SCS-C02 — DP-1 (HARD) #23,Complex regulatory requirements demand that you Encrypt data at rest and in transit for Data Protection?,Mix controls from unrelated domains that do not address the stated objective.,"Implement Encrypt data at rest and in transit using AWS best practices for Data Protection, including monitoring and least privilege.",Use an approach that contradicts the exam objective and ignores documented constraints.,"Deploy without monitoring, backup, or access controls required by the blueprint.",D,HARD,aws-security-specialty|data-protection|DP-1|hard|blueprint-seed,**Answer: D** — Encrypt data at rest and in transit. Review the official AWS exam guide (SCS-C02) and linked documentation. Objective: DP-1.,https://docs.aws.amazon.com/security/|https://aws.amazon.com/certification/certified-security-specialty/
aws-security-specialty,data-protection,DP-1,SCS-C02 — DP-1 (HARD) #24,A multi-team rollout must balance security and velocity for Encrypt data at rest and in transit for Data Protection?,Apply the official Data Protection guidance: Encrypt data at rest and in transit — this aligns with exam blueprint expectations and vendor documentation.,Use an approach that contradicts the exam objective and ignores documented constraints.,"Deploy without monitoring, backup, or access controls required by the blueprint.",Mix controls from unrelated domains that do not address the stated objective.,A,HARD,aws-security-specialty|data-protection|DP-1|hard|blueprint-seed,**Answer: A** — Encrypt data at rest and in transit. Review the official AWS exam guide (SCS-C02) and linked documentation. Objective: DP-1.,https://docs.aws.amazon.com/security/|https://aws.amazon.com/certification/certified-security-specialty/
aws-security-specialty,data-protection,DP-2,SCS-C02 — DP-2 (EASY) #1,What is the primary purpose of Implement key management with KMS?,Use an approach that contradicts the exam objective and ignores documented constraints.,"Deploy without monitoring, backup, or access controls required by the blueprint.",Mix controls from unrelated domains that do not address the stated objective.,"Follow the documented approach for Implement key management with KMS, using recommended services and controls per the exam guide.",B,EASY,aws-security-specialty|data-protection|DP-2|easy|blueprint-seed,**Answer: B** — Implement key management with KMS. Review the official AWS exam guide (SCS-C02) and linked documentation. Objective: DP-2.,https://docs.aws.amazon.com/security/|https://aws.amazon.com/certification/certified-security-specialty/
aws-security-specialty,data-protection,DP-2,SCS-C02 — DP-2 (EASY) #2,Which concept is fundamental to Implement key management with KMS?,"Deploy without monitoring, backup, or access controls required by the blueprint.",Mix controls from unrelated domains that do not address the stated objective.,"Implement Implement key management with KMS using AWS best practices for Data Protection, including monitoring and least privilege.",Use an approach that contradicts the exam objective and ignores documented constraints.,C,EASY,aws-security-specialty|data-protection|DP-2|easy|blueprint-seed,**Answer: C** — Implement key management with KMS. Review the official AWS exam guide (SCS-C02) and linked documentation. Objective: DP-2.,https://docs.aws.amazon.com/security/|https://aws.amazon.com/certification/certified-security-specialty/
aws-security-specialty,data-protection,DP-2,SCS-C02 — DP-2 (EASY) #3,Identify the core principle behind Implement key management with KMS?,Mix controls from unrelated domains that do not address the stated objective.,Apply the official Data Protection guidance: Implement key management with KMS — this aligns with exam blueprint expectations and vendor documentation.,Use an approach that contradicts the exam objective and ignores documented constraints.,"Deploy without monitoring, backup, or access controls required by the blueprint.",D,EASY,aws-security-specialty|data-protection|DP-2|easy|blueprint-seed,**Answer: D** — Implement key management with KMS. Review the official AWS exam guide (SCS-C02) and linked documentation. Objective: DP-2.,https://docs.aws.amazon.com/security/|https://aws.amazon.com/certification/certified-security-specialty/
aws-security-specialty,data-protection,DP-2,SCS-C02 — DP-2 (EASY) #4,Which description accurately reflects Implement key management with KMS?,"Follow the documented approach for Implement key management with KMS, using recommended services and controls per the exam guide.",Use an approach that contradicts the exam objective and ignores documented constraints.,"Deploy without monitoring, backup, or access controls required by the blueprint.",Mix controls from unrelated domains that do not address the stated objective.,A,EASY,aws-security-specialty|data-protection|DP-2|easy|blueprint-seed,**Answer: A** — Implement key management with KMS. Review the official AWS exam guide (SCS-C02) and linked documentation. Objective: DP-2.,https://docs.aws.amazon.com/security/|https://aws.amazon.com/certification/certified-security-specialty/
aws-security-specialty,data-protection,DP-2,SCS-C02 — DP-2 (EASY) #5,Which statement best defines the scope of Implement key management with KMS?,Use an approach that contradicts the exam objective and ignores documented constraints.,"Deploy without monitoring, backup, or access controls required by the blueprint.",Mix controls from unrelated domains that do not address the stated objective.,"Implement Implement key management with KMS using AWS best practices for Data Protection, including monitoring and least privilege.",B,EASY,aws-security-specialty|data-protection|DP-2|easy|blueprint-seed,**Answer: B** — Implement key management with KMS. Review the official AWS exam guide (SCS-C02) and linked documentation. Objective: DP-2.,https://docs.aws.amazon.com/security/|https://aws.amazon.com/certification/certified-security-specialty/
aws-security-specialty,data-protection,DP-2,SCS-C02 — DP-2 (EASY) #6,What is the primary purpose of Implement key management with KMS?,"Deploy without monitoring, backup, or access controls required by the blueprint.",Mix controls from unrelated domains that do not address the stated objective.,Apply the official Data Protection guidance: Implement key management with KMS — this aligns with exam blueprint expectations and vendor documentation.,Use an approach that contradicts the exam objective and ignores documented constraints.,C,EASY,aws-security-specialty|data-protection|DP-2|easy|blueprint-seed,**Answer: C** — Implement key management with KMS. Review the official AWS exam guide (SCS-C02) and linked documentation. Objective: DP-2.,https://docs.aws.amazon.com/security/|https://aws.amazon.com/certification/certified-security-specialty/
aws-security-specialty,data-protection,DP-2,SCS-C02 — DP-2 (EASY) #7,Which concept is fundamental to Implement key management with KMS?,Mix controls from unrelated domains that do not address the stated objective.,"Follow the documented approach for Implement key management with KMS, using recommended services and controls per the exam guide.",Use an approach that contradicts the exam objective and ignores documented constraints.,"Deploy without monitoring, backup, or access controls required by the blueprint.",D,EASY,aws-security-specialty|data-protection|DP-2|easy|blueprint-seed,**Answer: D** — Implement key management with KMS. Review the official AWS exam guide (SCS-C02) and linked documentation. Objective: DP-2.,https://docs.aws.amazon.com/security/|https://aws.amazon.com/certification/certified-security-specialty/
aws-security-specialty,data-protection,DP-2,SCS-C02 — DP-2 (MEDIUM) #8,Which configuration satisfies requirements for Implement key management with KMS in the context of AWS Certified Security – Specialty?,"Implement Implement key management with KMS using AWS best practices for Data Protection, including monitoring and least privilege.",Use an approach that contradicts the exam objective and ignores documented constraints.,"Deploy without monitoring, backup, or access controls required by the blueprint.",Mix controls from unrelated domains that do not address the stated objective.,A,MEDIUM,aws-security-specialty|data-protection|DP-2|medium|blueprint-seed,**Answer: A** — Implement key management with KMS. Review the official AWS exam guide (SCS-C02) and linked documentation. Objective: DP-2.,https://docs.aws.amazon.com/security/|https://aws.amazon.com/certification/certified-security-specialty/
aws-security-specialty,data-protection,DP-2,SCS-C02 — DP-2 (MEDIUM) #9,What is the recommended design when applying Implement key management with KMS in the context of AWS Certified Security – Specialty?,Use an approach that contradicts the exam objective and ignores documented constraints.,"Deploy without monitoring, backup, or access controls required by the blueprint.",Mix controls from unrelated domains that do not address the stated objective.,Apply the official Data Protection guidance: Implement key management with KMS — this aligns with exam blueprint expectations and vendor documentation.,B,MEDIUM,aws-security-specialty|data-protection|DP-2|medium|blueprint-seed,**Answer: B** — Implement key management with KMS. Review the official AWS exam guide (SCS-C02) and linked documentation. Objective: DP-2.,https://docs.aws.amazon.com/security/|https://aws.amazon.com/certification/certified-security-specialty/
aws-security-specialty,data-protection,DP-2,SCS-C02 — DP-2 (MEDIUM) #10,A team must implement a solution for Implement key management with KMS in the context of AWS Certified Security – Specialty?,"Deploy without monitoring, backup, or access controls required by the blueprint.",Mix controls from unrelated domains that do not address the stated objective.,"Follow the documented approach for Implement key management with KMS, using recommended services and controls per the exam guide.",Use an approach that contradicts the exam objective and ignores documented constraints.,C,MEDIUM,aws-security-specialty|data-protection|DP-2|medium|blueprint-seed,**Answer: C** — Implement key management with KMS. Review the official AWS exam guide (SCS-C02) and linked documentation. Objective: DP-2.,https://docs.aws.amazon.com/security/|https://aws.amazon.com/certification/certified-security-specialty/
aws-security-specialty,data-protection,DP-2,SCS-C02 — DP-2 (MEDIUM) #11,Which approach aligns with best practices when Implement key management with KMS in the context of AWS Certified Security – Specialty?,Mix controls from unrelated domains that do not address the stated objective.,"Implement Implement key management with KMS using AWS best practices for Data Protection, including monitoring and least privilege.",Use an approach that contradicts the exam objective and ignores documented constraints.,"Deploy without monitoring, backup, or access controls required by the blueprint.",D,MEDIUM,aws-security-specialty|data-protection|DP-2|medium|blueprint-seed,**Answer: D** — Implement key management with KMS. Review the official AWS exam guide (SCS-C02) and linked documentation. Objective: DP-2.,https://docs.aws.amazon.com/security/|https://aws.amazon.com/certification/certified-security-specialty/
aws-security-specialty,data-protection,DP-2,SCS-C02 — DP-2 (MEDIUM) #12,"During a project review, stakeholders ask how to Implement key management with KMS in the context of AWS Certified Security – Specialty?",Apply the official Data Protection guidance: Implement key management with KMS — this aligns with exam blueprint expectations and vendor documentation.,Use an approach that contradicts the exam objective and ignores documented constraints.,"Deploy without monitoring, backup, or access controls required by the blueprint.",Mix controls from unrelated domains that do not address the stated objective.,A,MEDIUM,aws-security-specialty|data-protection|DP-2|medium|blueprint-seed,**Answer: A** — Implement key management with KMS. Review the official AWS exam guide (SCS-C02) and linked documentation. Objective: DP-2.,https://docs.aws.amazon.com/security/|https://aws.amazon.com/certification/certified-security-specialty/
aws-security-specialty,data-protection,DP-2,SCS-C02 — DP-2 (MEDIUM) #13,Which configuration satisfies requirements for Implement key management with KMS in the context of AWS Certified Security – Specialty?,Use an approach that contradicts the exam objective and ignores documented constraints.,"Deploy without monitoring, backup, or access controls required by the blueprint.",Mix controls from unrelated domains that do not address the stated objective.,"Follow the documented approach for Implement key management with KMS, using recommended services and controls per the exam guide.",B,MEDIUM,aws-security-specialty|data-protection|DP-2|medium|blueprint-seed,**Answer: B** — Implement key management with KMS. Review the official AWS exam guide (SCS-C02) and linked documentation. Objective: DP-2.,https://docs.aws.amazon.com/security/|https://aws.amazon.com/certification/certified-security-specialty/
aws-security-specialty,data-protection,DP-2,SCS-C02 — DP-2 (MEDIUM) #14,What is the recommended design when applying Implement key management with KMS in the context of AWS Certified Security – Specialty?,"Deploy without monitoring, backup, or access controls required by the blueprint.",Mix controls from unrelated domains that do not address the stated objective.,"Implement Implement key management with KMS using AWS best practices for Data Protection, including monitoring and least privilege.",Use an approach that contradicts the exam objective and ignores documented constraints.,C,MEDIUM,aws-security-specialty|data-protection|DP-2|medium|blueprint-seed,**Answer: C** — Implement key management with KMS. Review the official AWS exam guide (SCS-C02) and linked documentation. Objective: DP-2.,https://docs.aws.amazon.com/security/|https://aws.amazon.com/certification/certified-security-specialty/
aws-security-specialty,data-protection,DP-2,SCS-C02 — DP-2 (MEDIUM) #15,A team must implement a solution for Implement key management with KMS in the context of AWS Certified Security – Specialty?,Mix controls from unrelated domains that do not address the stated objective.,Apply the official Data Protection guidance: Implement key management with KMS — this aligns with exam blueprint expectations and vendor documentation.,Use an approach that contradicts the exam objective and ignores documented constraints.,"Deploy without monitoring, backup, or access controls required by the blueprint.",D,MEDIUM,aws-security-specialty|data-protection|DP-2|medium|blueprint-seed,**Answer: D** — Implement key management with KMS. Review the official AWS exam guide (SCS-C02) and linked documentation. Objective: DP-2.,https://docs.aws.amazon.com/security/|https://aws.amazon.com/certification/certified-security-specialty/
aws-security-specialty,data-protection,DP-2,SCS-C02 — DP-2 (MEDIUM) #16,Which approach aligns with best practices when Implement key management with KMS in the context of AWS Certified Security – Specialty?,"Follow the documented approach for Implement key management with KMS, using recommended services and controls per the exam guide.",Use an approach that contradicts the exam objective and ignores documented constraints.,"Deploy without monitoring, backup, or access controls required by the blueprint.",Mix controls from unrelated domains that do not address the stated objective.,A,MEDIUM,aws-security-specialty|data-protection|DP-2|medium|blueprint-seed,**Answer: A** — Implement key management with KMS. Review the official AWS exam guide (SCS-C02) and linked documentation. Objective: DP-2.,https://docs.aws.amazon.com/security/|https://aws.amazon.com/certification/certified-security-specialty/
aws-security-specialty,data-protection,DP-2,SCS-C02 — DP-2 (MEDIUM) #17,"During a project review, stakeholders ask how to Implement key management with KMS in the context of AWS Certified Security – Specialty?",Use an approach that contradicts the exam objective and ignores documented constraints.,"Deploy without monitoring, backup, or access controls required by the blueprint.",Mix controls from unrelated domains that do not address the stated objective.,"Implement Implement key management with KMS using AWS best practices for Data Protection, including monitoring and least privilege.",B,MEDIUM,aws-security-specialty|data-protection|DP-2|medium|blueprint-seed,**Answer: B** — Implement key management with KMS. Review the official AWS exam guide (SCS-C02) and linked documentation. Objective: DP-2.,https://docs.aws.amazon.com/security/|https://aws.amazon.com/certification/certified-security-specialty/
aws-security-specialty,data-protection,DP-2,SCS-C02 — DP-2 (HARD) #18,Complex regulatory requirements demand that you Implement key management with KMS for Data Protection?,"Deploy without monitoring, backup, or access controls required by the blueprint.",Mix controls from unrelated domains that do not address the stated objective.,Apply the official Data Protection guidance: Implement key management with KMS — this aligns with exam blueprint expectations and vendor documentation.,Use an approach that contradicts the exam objective and ignores documented constraints.,C,HARD,aws-security-specialty|data-protection|DP-2|hard|blueprint-seed,**Answer: C** — Implement key management with KMS. Review the official AWS exam guide (SCS-C02) and linked documentation. Objective: DP-2.,https://docs.aws.amazon.com/security/|https://aws.amazon.com/certification/certified-security-specialty/
aws-security-specialty,data-protection,DP-2,SCS-C02 — DP-2 (HARD) #19,A multi-team rollout must balance security and velocity for Implement key management with KMS for Data Protection?,Mix controls from unrelated domains that do not address the stated objective.,"Follow the documented approach for Implement key management with KMS, using recommended services and controls per the exam guide.",Use an approach that contradicts the exam objective and ignores documented constraints.,"Deploy without monitoring, backup, or access controls required by the blueprint.",D,HARD,aws-security-specialty|data-protection|DP-2|hard|blueprint-seed,**Answer: D** — Implement key management with KMS. Review the official AWS exam guide (SCS-C02) and linked documentation. Objective: DP-2.,https://docs.aws.amazon.com/security/|https://aws.amazon.com/certification/certified-security-specialty/
aws-security-specialty,data-protection,DP-2,SCS-C02 — DP-2 (HARD) #20,An enterprise requires zero-downtime architecture while Implement key management with KMS for Data Protection?,"Implement Implement key management with KMS using AWS best practices for Data Protection, including monitoring and least privilege.",Use an approach that contradicts the exam objective and ignores documented constraints.,"Deploy without monitoring, backup, or access controls required by the blueprint.",Mix controls from unrelated domains that do not address the stated objective.,A,HARD,aws-security-specialty|data-protection|DP-2|hard|blueprint-seed,**Answer: A** — Implement key management with KMS. Review the official AWS exam guide (SCS-C02) and linked documentation. Objective: DP-2.,https://docs.aws.amazon.com/security/|https://aws.amazon.com/certification/certified-security-specialty/
aws-security-specialty,data-protection,DP-2,SCS-C02 — DP-2 (HARD) #21,"Given strict compliance, auditability, and multi-region constraints, how should you Implement key management with KMS for Data Protection?",Use an approach that contradicts the exam objective and ignores documented constraints.,"Deploy without monitoring, backup, or access controls required by the blueprint.",Mix controls from unrelated domains that do not address the stated objective.,Apply the official Data Protection guidance: Implement key management with KMS — this aligns with exam blueprint expectations and vendor documentation.,B,HARD,aws-security-specialty|data-protection|DP-2|hard|blueprint-seed,**Answer: B** — Implement key management with KMS. Review the official AWS exam guide (SCS-C02) and linked documentation. Objective: DP-2.,https://docs.aws.amazon.com/security/|https://aws.amazon.com/certification/certified-security-specialty/
aws-security-specialty,data-protection,DP-2,SCS-C02 — DP-2 (HARD) #22,A production incident involves trade-offs between cost and resilience for Implement key management with KMS for Data Protection?,"Deploy without monitoring, backup, or access controls required by the blueprint.",Mix controls from unrelated domains that do not address the stated objective.,"Follow the documented approach for Implement key management with KMS, using recommended services and controls per the exam guide.",Use an approach that contradicts the exam objective and ignores documented constraints.,C,HARD,aws-security-specialty|data-protection|DP-2|hard|blueprint-seed,**Answer: C** — Implement key management with KMS. Review the official AWS exam guide (SCS-C02) and linked documentation. Objective: DP-2.,https://docs.aws.amazon.com/security/|https://aws.amazon.com/certification/certified-security-specialty/
aws-security-specialty,data-protection,DP-2,SCS-C02 — DP-2 (HARD) #23,Complex regulatory requirements demand that you Implement key management with KMS for Data Protection?,Mix controls from unrelated domains that do not address the stated objective.,"Implement Implement key management with KMS using AWS best practices for Data Protection, including monitoring and least privilege.",Use an approach that contradicts the exam objective and ignores documented constraints.,"Deploy without monitoring, backup, or access controls required by the blueprint.",D,HARD,aws-security-specialty|data-protection|DP-2|hard|blueprint-seed,**Answer: D** — Implement key management with KMS. Review the official AWS exam guide (SCS-C02) and linked documentation. Objective: DP-2.,https://docs.aws.amazon.com/security/|https://aws.amazon.com/certification/certified-security-specialty/
aws-security-specialty,data-protection,DP-2,SCS-C02 — DP-2 (HARD) #24,A multi-team rollout must balance security and velocity for Implement key management with KMS for Data Protection?,Apply the official Data Protection guidance: Implement key management with KMS — this aligns with exam blueprint expectations and vendor documentation.,Use an approach that contradicts the exam objective and ignores documented constraints.,"Deploy without monitoring, backup, or access controls required by the blueprint.",Mix controls from unrelated domains that do not address the stated objective.,A,HARD,aws-security-specialty|data-protection|DP-2|hard|blueprint-seed,**Answer: A** — Implement key management with KMS. Review the official AWS exam guide (SCS-C02) and linked documentation. Objective: DP-2.,https://docs.aws.amazon.com/security/|https://aws.amazon.com/certification/certified-security-specialty/
aws-security-specialty,data-protection,DP-3,SCS-C02 — DP-3 (EASY) #1,What is the primary purpose of Design data classification and retention?,Use an approach that contradicts the exam objective and ignores documented constraints.,"Deploy without monitoring, backup, or access controls required by the blueprint.",Mix controls from unrelated domains that do not address the stated objective.,"Follow the documented approach for Design data classification and retention, using recommended services and controls per the exam guide.",B,EASY,aws-security-specialty|data-protection|DP-3|easy|blueprint-seed,**Answer: B** — Design data classification and retention. Review the official AWS exam guide (SCS-C02) and linked documentation. Objective: DP-3.,https://docs.aws.amazon.com/security/|https://aws.amazon.com/certification/certified-security-specialty/
aws-security-specialty,data-protection,DP-3,SCS-C02 — DP-3 (EASY) #2,Which concept is fundamental to Design data classification and retention?,"Deploy without monitoring, backup, or access controls required by the blueprint.",Mix controls from unrelated domains that do not address the stated objective.,"Implement Design data classification and retention using AWS best practices for Data Protection, including monitoring and least privilege.",Use an approach that contradicts the exam objective and ignores documented constraints.,C,EASY,aws-security-specialty|data-protection|DP-3|easy|blueprint-seed,**Answer: C** — Design data classification and retention. Review the official AWS exam guide (SCS-C02) and linked documentation. Objective: DP-3.,https://docs.aws.amazon.com/security/|https://aws.amazon.com/certification/certified-security-specialty/
aws-security-specialty,data-protection,DP-3,SCS-C02 — DP-3 (EASY) #3,Identify the core principle behind Design data classification and retention?,Mix controls from unrelated domains that do not address the stated objective.,Apply the official Data Protection guidance: Design data classification and retention — this aligns with exam blueprint expectations and vendor documentation.,Use an approach that contradicts the exam objective and ignores documented constraints.,"Deploy without monitoring, backup, or access controls required by the blueprint.",D,EASY,aws-security-specialty|data-protection|DP-3|easy|blueprint-seed,**Answer: D** — Design data classification and retention. Review the official AWS exam guide (SCS-C02) and linked documentation. Objective: DP-3.,https://docs.aws.amazon.com/security/|https://aws.amazon.com/certification/certified-security-specialty/
aws-security-specialty,data-protection,DP-3,SCS-C02 — DP-3 (EASY) #4,Which description accurately reflects Design data classification and retention?,"Follow the documented approach for Design data classification and retention, using recommended services and controls per the exam guide.",Use an approach that contradicts the exam objective and ignores documented constraints.,"Deploy without monitoring, backup, or access controls required by the blueprint.",Mix controls from unrelated domains that do not address the stated objective.,A,EASY,aws-security-specialty|data-protection|DP-3|easy|blueprint-seed,**Answer: A** — Design data classification and retention. Review the official AWS exam guide (SCS-C02) and linked documentation. Objective: DP-3.,https://docs.aws.amazon.com/security/|https://aws.amazon.com/certification/certified-security-specialty/
aws-security-specialty,data-protection,DP-3,SCS-C02 — DP-3 (EASY) #5,Which statement best defines the scope of Design data classification and retention?,Use an approach that contradicts the exam objective and ignores documented constraints.,"Deploy without monitoring, backup, or access controls required by the blueprint.",Mix controls from unrelated domains that do not address the stated objective.,"Implement Design data classification and retention using AWS best practices for Data Protection, including monitoring and least privilege.",B,EASY,aws-security-specialty|data-protection|DP-3|easy|blueprint-seed,**Answer: B** — Design data classification and retention. Review the official AWS exam guide (SCS-C02) and linked documentation. Objective: DP-3.,https://docs.aws.amazon.com/security/|https://aws.amazon.com/certification/certified-security-specialty/
aws-security-specialty,data-protection,DP-3,SCS-C02 — DP-3 (EASY) #6,What is the primary purpose of Design data classification and retention?,"Deploy without monitoring, backup, or access controls required by the blueprint.",Mix controls from unrelated domains that do not address the stated objective.,Apply the official Data Protection guidance: Design data classification and retention — this aligns with exam blueprint expectations and vendor documentation.,Use an approach that contradicts the exam objective and ignores documented constraints.,C,EASY,aws-security-specialty|data-protection|DP-3|easy|blueprint-seed,**Answer: C** — Design data classification and retention. Review the official AWS exam guide (SCS-C02) and linked documentation. Objective: DP-3.,https://docs.aws.amazon.com/security/|https://aws.amazon.com/certification/certified-security-specialty/
aws-security-specialty,data-protection,DP-3,SCS-C02 — DP-3 (EASY) #7,Which concept is fundamental to Design data classification and retention?,Mix controls from unrelated domains that do not address the stated objective.,"Follow the documented approach for Design data classification and retention, using recommended services and controls per the exam guide.",Use an approach that contradicts the exam objective and ignores documented constraints.,"Deploy without monitoring, backup, or access controls required by the blueprint.",D,EASY,aws-security-specialty|data-protection|DP-3|easy|blueprint-seed,**Answer: D** — Design data classification and retention. Review the official AWS exam guide (SCS-C02) and linked documentation. Objective: DP-3.,https://docs.aws.amazon.com/security/|https://aws.amazon.com/certification/certified-security-specialty/
aws-security-specialty,data-protection,DP-3,SCS-C02 — DP-3 (MEDIUM) #8,Which configuration satisfies requirements for Design data classification and retention in the context of AWS Certified Security – Specialty?,"Implement Design data classification and retention using AWS best practices for Data Protection, including monitoring and least privilege.",Use an approach that contradicts the exam objective and ignores documented constraints.,"Deploy without monitoring, backup, or access controls required by the blueprint.",Mix controls from unrelated domains that do not address the stated objective.,A,MEDIUM,aws-security-specialty|data-protection|DP-3|medium|blueprint-seed,**Answer: A** — Design data classification and retention. Review the official AWS exam guide (SCS-C02) and linked documentation. Objective: DP-3.,https://docs.aws.amazon.com/security/|https://aws.amazon.com/certification/certified-security-specialty/
aws-security-specialty,data-protection,DP-3,SCS-C02 — DP-3 (MEDIUM) #9,What is the recommended design when applying Design data classification and retention in the context of AWS Certified Security – Specialty?,Use an approach that contradicts the exam objective and ignores documented constraints.,"Deploy without monitoring, backup, or access controls required by the blueprint.",Mix controls from unrelated domains that do not address the stated objective.,Apply the official Data Protection guidance: Design data classification and retention — this aligns with exam blueprint expectations and vendor documentation.,B,MEDIUM,aws-security-specialty|data-protection|DP-3|medium|blueprint-seed,**Answer: B** — Design data classification and retention. Review the official AWS exam guide (SCS-C02) and linked documentation. Objective: DP-3.,https://docs.aws.amazon.com/security/|https://aws.amazon.com/certification/certified-security-specialty/
aws-security-specialty,data-protection,DP-3,SCS-C02 — DP-3 (MEDIUM) #10,A team must implement a solution for Design data classification and retention in the context of AWS Certified Security – Specialty?,"Deploy without monitoring, backup, or access controls required by the blueprint.",Mix controls from unrelated domains that do not address the stated objective.,"Follow the documented approach for Design data classification and retention, using recommended services and controls per the exam guide.",Use an approach that contradicts the exam objective and ignores documented constraints.,C,MEDIUM,aws-security-specialty|data-protection|DP-3|medium|blueprint-seed,**Answer: C** — Design data classification and retention. Review the official AWS exam guide (SCS-C02) and linked documentation. Objective: DP-3.,https://docs.aws.amazon.com/security/|https://aws.amazon.com/certification/certified-security-specialty/
aws-security-specialty,data-protection,DP-3,SCS-C02 — DP-3 (MEDIUM) #11,Which approach aligns with best practices when Design data classification and retention in the context of AWS Certified Security – Specialty?,Mix controls from unrelated domains that do not address the stated objective.,"Implement Design data classification and retention using AWS best practices for Data Protection, including monitoring and least privilege.",Use an approach that contradicts the exam objective and ignores documented constraints.,"Deploy without monitoring, backup, or access controls required by the blueprint.",D,MEDIUM,aws-security-specialty|data-protection|DP-3|medium|blueprint-seed,**Answer: D** — Design data classification and retention. Review the official AWS exam guide (SCS-C02) and linked documentation. Objective: DP-3.,https://docs.aws.amazon.com/security/|https://aws.amazon.com/certification/certified-security-specialty/
aws-security-specialty,data-protection,DP-3,SCS-C02 — DP-3 (MEDIUM) #12,"During a project review, stakeholders ask how to Design data classification and retention in the context of AWS Certified Security – Specialty?",Apply the official Data Protection guidance: Design data classification and retention — this aligns with exam blueprint expectations and vendor documentation.,Use an approach that contradicts the exam objective and ignores documented constraints.,"Deploy without monitoring, backup, or access controls required by the blueprint.",Mix controls from unrelated domains that do not address the stated objective.,A,MEDIUM,aws-security-specialty|data-protection|DP-3|medium|blueprint-seed,**Answer: A** — Design data classification and retention. Review the official AWS exam guide (SCS-C02) and linked documentation. Objective: DP-3.,https://docs.aws.amazon.com/security/|https://aws.amazon.com/certification/certified-security-specialty/
aws-security-specialty,data-protection,DP-3,SCS-C02 — DP-3 (MEDIUM) #13,Which configuration satisfies requirements for Design data classification and retention in the context of AWS Certified Security – Specialty?,Use an approach that contradicts the exam objective and ignores documented constraints.,"Deploy without monitoring, backup, or access controls required by the blueprint.",Mix controls from unrelated domains that do not address the stated objective.,"Follow the documented approach for Design data classification and retention, using recommended services and controls per the exam guide.",B,MEDIUM,aws-security-specialty|data-protection|DP-3|medium|blueprint-seed,**Answer: B** — Design data classification and retention. Review the official AWS exam guide (SCS-C02) and linked documentation. Objective: DP-3.,https://docs.aws.amazon.com/security/|https://aws.amazon.com/certification/certified-security-specialty/
aws-security-specialty,data-protection,DP-3,SCS-C02 — DP-3 (MEDIUM) #14,What is the recommended design when applying Design data classification and retention in the context of AWS Certified Security – Specialty?,"Deploy without monitoring, backup, or access controls required by the blueprint.",Mix controls from unrelated domains that do not address the stated objective.,"Implement Design data classification and retention using AWS best practices for Data Protection, including monitoring and least privilege.",Use an approach that contradicts the exam objective and ignores documented constraints.,C,MEDIUM,aws-security-specialty|data-protection|DP-3|medium|blueprint-seed,**Answer: C** — Design data classification and retention. Review the official AWS exam guide (SCS-C02) and linked documentation. Objective: DP-3.,https://docs.aws.amazon.com/security/|https://aws.amazon.com/certification/certified-security-specialty/
aws-security-specialty,data-protection,DP-3,SCS-C02 — DP-3 (MEDIUM) #15,A team must implement a solution for Design data classification and retention in the context of AWS Certified Security – Specialty?,Mix controls from unrelated domains that do not address the stated objective.,Apply the official Data Protection guidance: Design data classification and retention — this aligns with exam blueprint expectations and vendor documentation.,Use an approach that contradicts the exam objective and ignores documented constraints.,"Deploy without monitoring, backup, or access controls required by the blueprint.",D,MEDIUM,aws-security-specialty|data-protection|DP-3|medium|blueprint-seed,**Answer: D** — Design data classification and retention. Review the official AWS exam guide (SCS-C02) and linked documentation. Objective: DP-3.,https://docs.aws.amazon.com/security/|https://aws.amazon.com/certification/certified-security-specialty/
aws-security-specialty,data-protection,DP-3,SCS-C02 — DP-3 (MEDIUM) #16,Which approach aligns with best practices when Design data classification and retention in the context of AWS Certified Security – Specialty?,"Follow the documented approach for Design data classification and retention, using recommended services and controls per the exam guide.",Use an approach that contradicts the exam objective and ignores documented constraints.,"Deploy without monitoring, backup, or access controls required by the blueprint.",Mix controls from unrelated domains that do not address the stated objective.,A,MEDIUM,aws-security-specialty|data-protection|DP-3|medium|blueprint-seed,**Answer: A** — Design data classification and retention. Review the official AWS exam guide (SCS-C02) and linked documentation. Objective: DP-3.,https://docs.aws.amazon.com/security/|https://aws.amazon.com/certification/certified-security-specialty/
aws-security-specialty,data-protection,DP-3,SCS-C02 — DP-3 (HARD) #17,A production incident involves trade-offs between cost and resilience for Design data classification and retention for Data Protection?,Use an approach that contradicts the exam objective and ignores documented constraints.,"Deploy without monitoring, backup, or access controls required by the blueprint.",Mix controls from unrelated domains that do not address the stated objective.,"Implement Design data classification and retention using AWS best practices for Data Protection, including monitoring and least privilege.",B,HARD,aws-security-specialty|data-protection|DP-3|hard|blueprint-seed,**Answer: B** — Design data classification and retention. Review the official AWS exam guide (SCS-C02) and linked documentation. Objective: DP-3.,https://docs.aws.amazon.com/security/|https://aws.amazon.com/certification/certified-security-specialty/
aws-security-specialty,data-protection,DP-3,SCS-C02 — DP-3 (HARD) #18,Complex regulatory requirements demand that you Design data classification and retention for Data Protection?,"Deploy without monitoring, backup, or access controls required by the blueprint.",Mix controls from unrelated domains that do not address the stated objective.,Apply the official Data Protection guidance: Design data classification and retention — this aligns with exam blueprint expectations and vendor documentation.,Use an approach that contradicts the exam objective and ignores documented constraints.,C,HARD,aws-security-specialty|data-protection|DP-3|hard|blueprint-seed,**Answer: C** — Design data classification and retention. Review the official AWS exam guide (SCS-C02) and linked documentation. Objective: DP-3.,https://docs.aws.amazon.com/security/|https://aws.amazon.com/certification/certified-security-specialty/
aws-security-specialty,data-protection,DP-3,SCS-C02 — DP-3 (HARD) #19,A multi-team rollout must balance security and velocity for Design data classification and retention for Data Protection?,Mix controls from unrelated domains that do not address the stated objective.,"Follow the documented approach for Design data classification and retention, using recommended services and controls per the exam guide.",Use an approach that contradicts the exam objective and ignores documented constraints.,"Deploy without monitoring, backup, or access controls required by the blueprint.",D,HARD,aws-security-specialty|data-protection|DP-3|hard|blueprint-seed,**Answer: D** — Design data classification and retention. Review the official AWS exam guide (SCS-C02) and linked documentation. Objective: DP-3.,https://docs.aws.amazon.com/security/|https://aws.amazon.com/certification/certified-security-specialty/
aws-security-specialty,data-protection,DP-3,SCS-C02 — DP-3 (HARD) #20,An enterprise requires zero-downtime architecture while Design data classification and retention for Data Protection?,"Implement Design data classification and retention using AWS best practices for Data Protection, including monitoring and least privilege.",Use an approach that contradicts the exam objective and ignores documented constraints.,"Deploy without monitoring, backup, or access controls required by the blueprint.",Mix controls from unrelated domains that do not address the stated objective.,A,HARD,aws-security-specialty|data-protection|DP-3|hard|blueprint-seed,**Answer: A** — Design data classification and retention. Review the official AWS exam guide (SCS-C02) and linked documentation. Objective: DP-3.,https://docs.aws.amazon.com/security/|https://aws.amazon.com/certification/certified-security-specialty/
aws-security-specialty,data-protection,DP-3,SCS-C02 — DP-3 (HARD) #21,"Given strict compliance, auditability, and multi-region constraints, how should you Design data classification and retention for Data Protection?",Use an approach that contradicts the exam objective and ignores documented constraints.,"Deploy without monitoring, backup, or access controls required by the blueprint.",Mix controls from unrelated domains that do not address the stated objective.,Apply the official Data Protection guidance: Design data classification and retention — this aligns with exam blueprint expectations and vendor documentation.,B,HARD,aws-security-specialty|data-protection|DP-3|hard|blueprint-seed,**Answer: B** — Design data classification and retention. Review the official AWS exam guide (SCS-C02) and linked documentation. Objective: DP-3.,https://docs.aws.amazon.com/security/|https://aws.amazon.com/certification/certified-security-specialty/
aws-security-specialty,data-protection,DP-3,SCS-C02 — DP-3 (HARD) #22,A production incident involves trade-offs between cost and resilience for Design data classification and retention for Data Protection?,"Deploy without monitoring, backup, or access controls required by the blueprint.",Mix controls from unrelated domains that do not address the stated objective.,"Follow the documented approach for Design data classification and retention, using recommended services and controls per the exam guide.",Use an approach that contradicts the exam objective and ignores documented constraints.,C,HARD,aws-security-specialty|data-protection|DP-3|hard|blueprint-seed,**Answer: C** — Design data classification and retention. Review the official AWS exam guide (SCS-C02) and linked documentation. Objective: DP-3.,https://docs.aws.amazon.com/security/|https://aws.amazon.com/certification/certified-security-specialty/