certification_slug,domain_slug,objective_id,title,description,option_a,option_b,option_c,option_d,correct_option,difficulty,tags,explanation,reference_urls
az-900,cloud-concepts,CC-1,AZ-900 — CC-1 (EASY) #1,What is the primary purpose of Define cloud computing and shared responsibility?,Use an approach that contradicts the exam objective and ignores documented constraints.,"Deploy without monitoring, backup, or access controls required by the blueprint.",Mix controls from unrelated domains that do not address the stated objective.,"Follow the documented approach for Define cloud computing and shared responsibility, using recommended services and controls per the exam guide.",B,EASY,az-900|cloud-concepts|CC-1|easy|blueprint-seed,**Answer: B** — Define cloud computing and shared responsibility. Review the official Microsoft exam guide (AZ-900) and linked documentation. Objective: CC-1.,https://learn.microsoft.com/azure/|https://learn.microsoft.com/credentials/certifications/azure-fundamentals/
az-900,cloud-concepts,CC-1,AZ-900 — CC-1 (EASY) #2,Which concept is fundamental to Define cloud computing and shared responsibility?,"Deploy without monitoring, backup, or access controls required by the blueprint.",Mix controls from unrelated domains that do not address the stated objective.,"Implement Define cloud computing and shared responsibility using Microsoft best practices for Describe Cloud Concepts, including monitoring and least privilege.",Use an approach that contradicts the exam objective and ignores documented constraints.,C,EASY,az-900|cloud-concepts|CC-1|easy|blueprint-seed,**Answer: C** — Define cloud computing and shared responsibility. Review the official Microsoft exam guide (AZ-900) and linked documentation. Objective: CC-1.,https://learn.microsoft.com/azure/|https://learn.microsoft.com/credentials/certifications/azure-fundamentals/
az-900,cloud-concepts,CC-1,AZ-900 — CC-1 (EASY) #3,Identify the core principle behind Define cloud computing and shared responsibility?,Mix controls from unrelated domains that do not address the stated objective.,Apply the official Describe Cloud Concepts guidance: Define cloud computing and shared responsibility — this aligns with exam blueprint expectations and vendor documentation.,Use an approach that contradicts the exam objective and ignores documented constraints.,"Deploy without monitoring, backup, or access controls required by the blueprint.",D,EASY,az-900|cloud-concepts|CC-1|easy|blueprint-seed,**Answer: D** — Define cloud computing and shared responsibility. Review the official Microsoft exam guide (AZ-900) and linked documentation. Objective: CC-1.,https://learn.microsoft.com/azure/|https://learn.microsoft.com/credentials/certifications/azure-fundamentals/
az-900,cloud-concepts,CC-1,AZ-900 — CC-1 (EASY) #4,Which description accurately reflects Define cloud computing and shared responsibility?,"Follow the documented approach for Define cloud computing and shared responsibility, using recommended services and controls per the exam guide.",Use an approach that contradicts the exam objective and ignores documented constraints.,"Deploy without monitoring, backup, or access controls required by the blueprint.",Mix controls from unrelated domains that do not address the stated objective.,A,EASY,az-900|cloud-concepts|CC-1|easy|blueprint-seed,**Answer: A** — Define cloud computing and shared responsibility. Review the official Microsoft exam guide (AZ-900) and linked documentation. Objective: CC-1.,https://learn.microsoft.com/azure/|https://learn.microsoft.com/credentials/certifications/azure-fundamentals/
az-900,cloud-concepts,CC-1,AZ-900 — CC-1 (EASY) #5,Which statement best defines the scope of Define cloud computing and shared responsibility?,Use an approach that contradicts the exam objective and ignores documented constraints.,"Deploy without monitoring, backup, or access controls required by the blueprint.",Mix controls from unrelated domains that do not address the stated objective.,"Implement Define cloud computing and shared responsibility using Microsoft best practices for Describe Cloud Concepts, including monitoring and least privilege.",B,EASY,az-900|cloud-concepts|CC-1|easy|blueprint-seed,**Answer: B** — Define cloud computing and shared responsibility. Review the official Microsoft exam guide (AZ-900) and linked documentation. Objective: CC-1.,https://learn.microsoft.com/azure/|https://learn.microsoft.com/credentials/certifications/azure-fundamentals/
az-900,cloud-concepts,CC-1,AZ-900 — CC-1 (EASY) #6,What is the primary purpose of Define cloud computing and shared responsibility?,"Deploy without monitoring, backup, or access controls required by the blueprint.",Mix controls from unrelated domains that do not address the stated objective.,Apply the official Describe Cloud Concepts guidance: Define cloud computing and shared responsibility — this aligns with exam blueprint expectations and vendor documentation.,Use an approach that contradicts the exam objective and ignores documented constraints.,C,EASY,az-900|cloud-concepts|CC-1|easy|blueprint-seed,**Answer: C** — Define cloud computing and shared responsibility. Review the official Microsoft exam guide (AZ-900) and linked documentation. Objective: CC-1.,https://learn.microsoft.com/azure/|https://learn.microsoft.com/credentials/certifications/azure-fundamentals/
az-900,cloud-concepts,CC-1,AZ-900 — CC-1 (EASY) #7,Which concept is fundamental to Define cloud computing and shared responsibility?,Mix controls from unrelated domains that do not address the stated objective.,"Follow the documented approach for Define cloud computing and shared responsibility, using recommended services and controls per the exam guide.",Use an approach that contradicts the exam objective and ignores documented constraints.,"Deploy without monitoring, backup, or access controls required by the blueprint.",D,EASY,az-900|cloud-concepts|CC-1|easy|blueprint-seed,**Answer: D** — Define cloud computing and shared responsibility. Review the official Microsoft exam guide (AZ-900) and linked documentation. Objective: CC-1.,https://learn.microsoft.com/azure/|https://learn.microsoft.com/credentials/certifications/azure-fundamentals/
az-900,cloud-concepts,CC-1,AZ-900 — CC-1 (EASY) #8,Identify the core principle behind Define cloud computing and shared responsibility?,"Implement Define cloud computing and shared responsibility using Microsoft best practices for Describe Cloud Concepts, including monitoring and least privilege.",Use an approach that contradicts the exam objective and ignores documented constraints.,"Deploy without monitoring, backup, or access controls required by the blueprint.",Mix controls from unrelated domains that do not address the stated objective.,A,EASY,az-900|cloud-concepts|CC-1|easy|blueprint-seed,**Answer: A** — Define cloud computing and shared responsibility. Review the official Microsoft exam guide (AZ-900) and linked documentation. Objective: CC-1.,https://learn.microsoft.com/azure/|https://learn.microsoft.com/credentials/certifications/azure-fundamentals/
az-900,cloud-concepts,CC-1,AZ-900 — CC-1 (EASY) #9,Which description accurately reflects Define cloud computing and shared responsibility?,Use an approach that contradicts the exam objective and ignores documented constraints.,"Deploy without monitoring, backup, or access controls required by the blueprint.",Mix controls from unrelated domains that do not address the stated objective.,Apply the official Describe Cloud Concepts guidance: Define cloud computing and shared responsibility — this aligns with exam blueprint expectations and vendor documentation.,B,EASY,az-900|cloud-concepts|CC-1|easy|blueprint-seed,**Answer: B** — Define cloud computing and shared responsibility. Review the official Microsoft exam guide (AZ-900) and linked documentation. Objective: CC-1.,https://learn.microsoft.com/azure/|https://learn.microsoft.com/credentials/certifications/azure-fundamentals/
az-900,cloud-concepts,CC-1,AZ-900 — CC-1 (EASY) #10,Which statement best defines the scope of Define cloud computing and shared responsibility?,"Deploy without monitoring, backup, or access controls required by the blueprint.",Mix controls from unrelated domains that do not address the stated objective.,"Follow the documented approach for Define cloud computing and shared responsibility, using recommended services and controls per the exam guide.",Use an approach that contradicts the exam objective and ignores documented constraints.,C,EASY,az-900|cloud-concepts|CC-1|easy|blueprint-seed,**Answer: C** — Define cloud computing and shared responsibility. Review the official Microsoft exam guide (AZ-900) and linked documentation. Objective: CC-1.,https://learn.microsoft.com/azure/|https://learn.microsoft.com/credentials/certifications/azure-fundamentals/
az-900,cloud-concepts,CC-1,AZ-900 — CC-1 (EASY) #11,What is the primary purpose of Define cloud computing and shared responsibility?,Mix controls from unrelated domains that do not address the stated objective.,"Implement Define cloud computing and shared responsibility using Microsoft best practices for Describe Cloud Concepts, including monitoring and least privilege.",Use an approach that contradicts the exam objective and ignores documented constraints.,"Deploy without monitoring, backup, or access controls required by the blueprint.",D,EASY,az-900|cloud-concepts|CC-1|easy|blueprint-seed,**Answer: D** — Define cloud computing and shared responsibility. Review the official Microsoft exam guide (AZ-900) and linked documentation. Objective: CC-1.,https://learn.microsoft.com/azure/|https://learn.microsoft.com/credentials/certifications/azure-fundamentals/
az-900,cloud-concepts,CC-1,AZ-900 — CC-1 (EASY) #12,Which concept is fundamental to Define cloud computing and shared responsibility?,Apply the official Describe Cloud Concepts guidance: Define cloud computing and shared responsibility — this aligns with exam blueprint expectations and vendor documentation.,Use an approach that contradicts the exam objective and ignores documented constraints.,"Deploy without monitoring, backup, or access controls required by the blueprint.",Mix controls from unrelated domains that do not address the stated objective.,A,EASY,az-900|cloud-concepts|CC-1|easy|blueprint-seed,**Answer: A** — Define cloud computing and shared responsibility. Review the official Microsoft exam guide (AZ-900) and linked documentation. Objective: CC-1.,https://learn.microsoft.com/azure/|https://learn.microsoft.com/credentials/certifications/azure-fundamentals/
az-900,cloud-concepts,CC-1,AZ-900 — CC-1 (EASY) #13,Identify the core principle behind Define cloud computing and shared responsibility?,Use an approach that contradicts the exam objective and ignores documented constraints.,"Deploy without monitoring, backup, or access controls required by the blueprint.",Mix controls from unrelated domains that do not address the stated objective.,"Follow the documented approach for Define cloud computing and shared responsibility, using recommended services and controls per the exam guide.",B,EASY,az-900|cloud-concepts|CC-1|easy|blueprint-seed,**Answer: B** — Define cloud computing and shared responsibility. Review the official Microsoft exam guide (AZ-900) and linked documentation. Objective: CC-1.,https://learn.microsoft.com/azure/|https://learn.microsoft.com/credentials/certifications/azure-fundamentals/
az-900,cloud-concepts,CC-1,AZ-900 — CC-1 (MEDIUM) #14,What is the recommended design when applying Define cloud computing and shared responsibility in the context of Microsoft Azure Fundamentals?,"Deploy without monitoring, backup, or access controls required by the blueprint.",Mix controls from unrelated domains that do not address the stated objective.,"Implement Define cloud computing and shared responsibility using Microsoft best practices for Describe Cloud Concepts, including monitoring and least privilege.",Use an approach that contradicts the exam objective and ignores documented constraints.,C,MEDIUM,az-900|cloud-concepts|CC-1|medium|blueprint-seed,**Answer: C** — Define cloud computing and shared responsibility. Review the official Microsoft exam guide (AZ-900) and linked documentation. Objective: CC-1.,https://learn.microsoft.com/azure/|https://learn.microsoft.com/credentials/certifications/azure-fundamentals/
az-900,cloud-concepts,CC-1,AZ-900 — CC-1 (MEDIUM) #15,A team must implement a solution for Define cloud computing and shared responsibility in the context of Microsoft Azure Fundamentals?,Mix controls from unrelated domains that do not address the stated objective.,Apply the official Describe Cloud Concepts guidance: Define cloud computing and shared responsibility — this aligns with exam blueprint expectations and vendor documentation.,Use an approach that contradicts the exam objective and ignores documented constraints.,"Deploy without monitoring, backup, or access controls required by the blueprint.",D,MEDIUM,az-900|cloud-concepts|CC-1|medium|blueprint-seed,**Answer: D** — Define cloud computing and shared responsibility. Review the official Microsoft exam guide (AZ-900) and linked documentation. Objective: CC-1.,https://learn.microsoft.com/azure/|https://learn.microsoft.com/credentials/certifications/azure-fundamentals/
az-900,cloud-concepts,CC-1,AZ-900 — CC-1 (MEDIUM) #16,Which approach aligns with best practices when Define cloud computing and shared responsibility in the context of Microsoft Azure Fundamentals?,"Follow the documented approach for Define cloud computing and shared responsibility, using recommended services and controls per the exam guide.",Use an approach that contradicts the exam objective and ignores documented constraints.,"Deploy without monitoring, backup, or access controls required by the blueprint.",Mix controls from unrelated domains that do not address the stated objective.,A,MEDIUM,az-900|cloud-concepts|CC-1|medium|blueprint-seed,**Answer: A** — Define cloud computing and shared responsibility. Review the official Microsoft exam guide (AZ-900) and linked documentation. Objective: CC-1.,https://learn.microsoft.com/azure/|https://learn.microsoft.com/credentials/certifications/azure-fundamentals/
az-900,cloud-concepts,CC-1,AZ-900 — CC-1 (MEDIUM) #17,"During a project review, stakeholders ask how to Define cloud computing and shared responsibility in the context of Microsoft Azure Fundamentals?",Use an approach that contradicts the exam objective and ignores documented constraints.,"Deploy without monitoring, backup, or access controls required by the blueprint.",Mix controls from unrelated domains that do not address the stated objective.,"Implement Define cloud computing and shared responsibility using Microsoft best practices for Describe Cloud Concepts, including monitoring and least privilege.",B,MEDIUM,az-900|cloud-concepts|CC-1|medium|blueprint-seed,**Answer: B** — Define cloud computing and shared responsibility. Review the official Microsoft exam guide (AZ-900) and linked documentation. Objective: CC-1.,https://learn.microsoft.com/azure/|https://learn.microsoft.com/credentials/certifications/azure-fundamentals/
az-900,cloud-concepts,CC-1,AZ-900 — CC-1 (MEDIUM) #18,Which configuration satisfies requirements for Define cloud computing and shared responsibility in the context of Microsoft Azure Fundamentals?,"Deploy without monitoring, backup, or access controls required by the blueprint.",Mix controls from unrelated domains that do not address the stated objective.,Apply the official Describe Cloud Concepts guidance: Define cloud computing and shared responsibility — this aligns with exam blueprint expectations and vendor documentation.,Use an approach that contradicts the exam objective and ignores documented constraints.,C,MEDIUM,az-900|cloud-concepts|CC-1|medium|blueprint-seed,**Answer: C** — Define cloud computing and shared responsibility. Review the official Microsoft exam guide (AZ-900) and linked documentation. Objective: CC-1.,https://learn.microsoft.com/azure/|https://learn.microsoft.com/credentials/certifications/azure-fundamentals/
az-900,cloud-concepts,CC-1,AZ-900 — CC-1 (MEDIUM) #19,What is the recommended design when applying Define cloud computing and shared responsibility in the context of Microsoft Azure Fundamentals?,Mix controls from unrelated domains that do not address the stated objective.,"Follow the documented approach for Define cloud computing and shared responsibility, using recommended services and controls per the exam guide.",Use an approach that contradicts the exam objective and ignores documented constraints.,"Deploy without monitoring, backup, or access controls required by the blueprint.",D,MEDIUM,az-900|cloud-concepts|CC-1|medium|blueprint-seed,**Answer: D** — Define cloud computing and shared responsibility. Review the official Microsoft exam guide (AZ-900) and linked documentation. Objective: CC-1.,https://learn.microsoft.com/azure/|https://learn.microsoft.com/credentials/certifications/azure-fundamentals/
az-900,cloud-concepts,CC-1,AZ-900 — CC-1 (MEDIUM) #20,A team must implement a solution for Define cloud computing and shared responsibility in the context of Microsoft Azure Fundamentals?,"Implement Define cloud computing and shared responsibility using Microsoft best practices for Describe Cloud Concepts, including monitoring and least privilege.",Use an approach that contradicts the exam objective and ignores documented constraints.,"Deploy without monitoring, backup, or access controls required by the blueprint.",Mix controls from unrelated domains that do not address the stated objective.,A,MEDIUM,az-900|cloud-concepts|CC-1|medium|blueprint-seed,**Answer: A** — Define cloud computing and shared responsibility. Review the official Microsoft exam guide (AZ-900) and linked documentation. Objective: CC-1.,https://learn.microsoft.com/azure/|https://learn.microsoft.com/credentials/certifications/azure-fundamentals/
az-900,cloud-concepts,CC-1,AZ-900 — CC-1 (MEDIUM) #21,Which approach aligns with best practices when Define cloud computing and shared responsibility in the context of Microsoft Azure Fundamentals?,Use an approach that contradicts the exam objective and ignores documented constraints.,"Deploy without monitoring, backup, or access controls required by the blueprint.",Mix controls from unrelated domains that do not address the stated objective.,Apply the official Describe Cloud Concepts guidance: Define cloud computing and shared responsibility — this aligns with exam blueprint expectations and vendor documentation.,B,MEDIUM,az-900|cloud-concepts|CC-1|medium|blueprint-seed,**Answer: B** — Define cloud computing and shared responsibility. Review the official Microsoft exam guide (AZ-900) and linked documentation. Objective: CC-1.,https://learn.microsoft.com/azure/|https://learn.microsoft.com/credentials/certifications/azure-fundamentals/
az-900,cloud-concepts,CC-1,AZ-900 — CC-1 (MEDIUM) #22,"During a project review, stakeholders ask how to Define cloud computing and shared responsibility in the context of Microsoft Azure Fundamentals?","Deploy without monitoring, backup, or access controls required by the blueprint.",Mix controls from unrelated domains that do not address the stated objective.,"Follow the documented approach for Define cloud computing and shared responsibility, using recommended services and controls per the exam guide.",Use an approach that contradicts the exam objective and ignores documented constraints.,C,MEDIUM,az-900|cloud-concepts|CC-1|medium|blueprint-seed,**Answer: C** — Define cloud computing and shared responsibility. Review the official Microsoft exam guide (AZ-900) and linked documentation. Objective: CC-1.,https://learn.microsoft.com/azure/|https://learn.microsoft.com/credentials/certifications/azure-fundamentals/
az-900,cloud-concepts,CC-1,AZ-900 — CC-1 (MEDIUM) #23,Which configuration satisfies requirements for Define cloud computing and shared responsibility in the context of Microsoft Azure Fundamentals?,Mix controls from unrelated domains that do not address the stated objective.,"Implement Define cloud computing and shared responsibility using Microsoft best practices for Describe Cloud Concepts, including monitoring and least privilege.",Use an approach that contradicts the exam objective and ignores documented constraints.,"Deploy without monitoring, backup, or access controls required by the blueprint.",D,MEDIUM,az-900|cloud-concepts|CC-1|medium|blueprint-seed,**Answer: D** — Define cloud computing and shared responsibility. Review the official Microsoft exam guide (AZ-900) and linked documentation. Objective: CC-1.,https://learn.microsoft.com/azure/|https://learn.microsoft.com/credentials/certifications/azure-fundamentals/
az-900,cloud-concepts,CC-1,AZ-900 — CC-1 (MEDIUM) #24,What is the recommended design when applying Define cloud computing and shared responsibility in the context of Microsoft Azure Fundamentals?,Apply the official Describe Cloud Concepts guidance: Define cloud computing and shared responsibility — this aligns with exam blueprint expectations and vendor documentation.,Use an approach that contradicts the exam objective and ignores documented constraints.,"Deploy without monitoring, backup, or access controls required by the blueprint.",Mix controls from unrelated domains that do not address the stated objective.,A,MEDIUM,az-900|cloud-concepts|CC-1|medium|blueprint-seed,**Answer: A** — Define cloud computing and shared responsibility. Review the official Microsoft exam guide (AZ-900) and linked documentation. Objective: CC-1.,https://learn.microsoft.com/azure/|https://learn.microsoft.com/credentials/certifications/azure-fundamentals/
az-900,cloud-concepts,CC-1,AZ-900 — CC-1 (MEDIUM) #25,A team must implement a solution for Define cloud computing and shared responsibility in the context of Microsoft Azure Fundamentals?,Use an approach that contradicts the exam objective and ignores documented constraints.,"Deploy without monitoring, backup, or access controls required by the blueprint.",Mix controls from unrelated domains that do not address the stated objective.,"Follow the documented approach for Define cloud computing and shared responsibility, using recommended services and controls per the exam guide.",B,MEDIUM,az-900|cloud-concepts|CC-1|medium|blueprint-seed,**Answer: B** — Define cloud computing and shared responsibility. Review the official Microsoft exam guide (AZ-900) and linked documentation. Objective: CC-1.,https://learn.microsoft.com/azure/|https://learn.microsoft.com/credentials/certifications/azure-fundamentals/
az-900,cloud-concepts,CC-1,AZ-900 — CC-1 (MEDIUM) #26,Which approach aligns with best practices when Define cloud computing and shared responsibility in the context of Microsoft Azure Fundamentals?,"Deploy without monitoring, backup, or access controls required by the blueprint.",Mix controls from unrelated domains that do not address the stated objective.,"Implement Define cloud computing and shared responsibility using Microsoft best practices for Describe Cloud Concepts, including monitoring and least privilege.",Use an approach that contradicts the exam objective and ignores documented constraints.,C,MEDIUM,az-900|cloud-concepts|CC-1|medium|blueprint-seed,**Answer: C** — Define cloud computing and shared responsibility. Review the official Microsoft exam guide (AZ-900) and linked documentation. Objective: CC-1.,https://learn.microsoft.com/azure/|https://learn.microsoft.com/credentials/certifications/azure-fundamentals/
az-900,cloud-concepts,CC-1,AZ-900 — CC-1 (MEDIUM) #27,"During a project review, stakeholders ask how to Define cloud computing and shared responsibility in the context of Microsoft Azure Fundamentals?",Mix controls from unrelated domains that do not address the stated objective.,Apply the official Describe Cloud Concepts guidance: Define cloud computing and shared responsibility — this aligns with exam blueprint expectations and vendor documentation.,Use an approach that contradicts the exam objective and ignores documented constraints.,"Deploy without monitoring, backup, or access controls required by the blueprint.",D,MEDIUM,az-900|cloud-concepts|CC-1|medium|blueprint-seed,**Answer: D** — Define cloud computing and shared responsibility. Review the official Microsoft exam guide (AZ-900) and linked documentation. Objective: CC-1.,https://learn.microsoft.com/azure/|https://learn.microsoft.com/credentials/certifications/azure-fundamentals/
az-900,cloud-concepts,CC-1,AZ-900 — CC-1 (MEDIUM) #28,Which configuration satisfies requirements for Define cloud computing and shared responsibility in the context of Microsoft Azure Fundamentals?,"Follow the documented approach for Define cloud computing and shared responsibility, using recommended services and controls per the exam guide.",Use an approach that contradicts the exam objective and ignores documented constraints.,"Deploy without monitoring, backup, or access controls required by the blueprint.",Mix controls from unrelated domains that do not address the stated objective.,A,MEDIUM,az-900|cloud-concepts|CC-1|medium|blueprint-seed,**Answer: A** — Define cloud computing and shared responsibility. Review the official Microsoft exam guide (AZ-900) and linked documentation. Objective: CC-1.,https://learn.microsoft.com/azure/|https://learn.microsoft.com/credentials/certifications/azure-fundamentals/
az-900,cloud-concepts,CC-1,AZ-900 — CC-1 (MEDIUM) #29,What is the recommended design when applying Define cloud computing and shared responsibility in the context of Microsoft Azure Fundamentals?,Use an approach that contradicts the exam objective and ignores documented constraints.,"Deploy without monitoring, backup, or access controls required by the blueprint.",Mix controls from unrelated domains that do not address the stated objective.,"Implement Define cloud computing and shared responsibility using Microsoft best practices for Describe Cloud Concepts, including monitoring and least privilege.",B,MEDIUM,az-900|cloud-concepts|CC-1|medium|blueprint-seed,**Answer: B** — Define cloud computing and shared responsibility. Review the official Microsoft exam guide (AZ-900) and linked documentation. Objective: CC-1.,https://learn.microsoft.com/azure/|https://learn.microsoft.com/credentials/certifications/azure-fundamentals/
az-900,cloud-concepts,CC-1,AZ-900 — CC-1 (MEDIUM) #30,A team must implement a solution for Define cloud computing and shared responsibility in the context of Microsoft Azure Fundamentals?,"Deploy without monitoring, backup, or access controls required by the blueprint.",Mix controls from unrelated domains that do not address the stated objective.,Apply the official Describe Cloud Concepts guidance: Define cloud computing and shared responsibility — this aligns with exam blueprint expectations and vendor documentation.,Use an approach that contradicts the exam objective and ignores documented constraints.,C,MEDIUM,az-900|cloud-concepts|CC-1|medium|blueprint-seed,**Answer: C** — Define cloud computing and shared responsibility. Review the official Microsoft exam guide (AZ-900) and linked documentation. Objective: CC-1.,https://learn.microsoft.com/azure/|https://learn.microsoft.com/credentials/certifications/azure-fundamentals/
az-900,cloud-concepts,CC-1,AZ-900 — CC-1 (HARD) #31,"Given strict compliance, auditability, and multi-region constraints, how should you Define cloud computing and shared responsibility for Describe Cloud Concepts?",Mix controls from unrelated domains that do not address the stated objective.,"Follow the documented approach for Define cloud computing and shared responsibility, using recommended services and controls per the exam guide.",Use an approach that contradicts the exam objective and ignores documented constraints.,"Deploy without monitoring, backup, or access controls required by the blueprint.",D,HARD,az-900|cloud-concepts|CC-1|hard|blueprint-seed,**Answer: D** — Define cloud computing and shared responsibility. Review the official Microsoft exam guide (AZ-900) and linked documentation. Objective: CC-1.,https://learn.microsoft.com/azure/|https://learn.microsoft.com/credentials/certifications/azure-fundamentals/
az-900,cloud-concepts,CC-1,AZ-900 — CC-1 (HARD) #32,A production incident involves trade-offs between cost and resilience for Define cloud computing and shared responsibility for Describe Cloud Concepts?,"Implement Define cloud computing and shared responsibility using Microsoft best practices for Describe Cloud Concepts, including monitoring and least privilege.",Use an approach that contradicts the exam objective and ignores documented constraints.,"Deploy without monitoring, backup, or access controls required by the blueprint.",Mix controls from unrelated domains that do not address the stated objective.,A,HARD,az-900|cloud-concepts|CC-1|hard|blueprint-seed,**Answer: A** — Define cloud computing and shared responsibility. Review the official Microsoft exam guide (AZ-900) and linked documentation. Objective: CC-1.,https://learn.microsoft.com/azure/|https://learn.microsoft.com/credentials/certifications/azure-fundamentals/
az-900,cloud-concepts,CC-1,AZ-900 — CC-1 (HARD) #33,Complex regulatory requirements demand that you Define cloud computing and shared responsibility for Describe Cloud Concepts?,Use an approach that contradicts the exam objective and ignores documented constraints.,"Deploy without monitoring, backup, or access controls required by the blueprint.",Mix controls from unrelated domains that do not address the stated objective.,Apply the official Describe Cloud Concepts guidance: Define cloud computing and shared responsibility — this aligns with exam blueprint expectations and vendor documentation.,B,HARD,az-900|cloud-concepts|CC-1|hard|blueprint-seed,**Answer: B** — Define cloud computing and shared responsibility. Review the official Microsoft exam guide (AZ-900) and linked documentation. Objective: CC-1.,https://learn.microsoft.com/azure/|https://learn.microsoft.com/credentials/certifications/azure-fundamentals/
az-900,cloud-concepts,CC-1,AZ-900 — CC-1 (HARD) #34,A multi-team rollout must balance security and velocity for Define cloud computing and shared responsibility for Describe Cloud Concepts?,"Deploy without monitoring, backup, or access controls required by the blueprint.",Mix controls from unrelated domains that do not address the stated objective.,"Follow the documented approach for Define cloud computing and shared responsibility, using recommended services and controls per the exam guide.",Use an approach that contradicts the exam objective and ignores documented constraints.,C,HARD,az-900|cloud-concepts|CC-1|hard|blueprint-seed,**Answer: C** — Define cloud computing and shared responsibility. Review the official Microsoft exam guide (AZ-900) and linked documentation. Objective: CC-1.,https://learn.microsoft.com/azure/|https://learn.microsoft.com/credentials/certifications/azure-fundamentals/
az-900,cloud-concepts,CC-1,AZ-900 — CC-1 (HARD) #35,An enterprise requires zero-downtime architecture while Define cloud computing and shared responsibility for Describe Cloud Concepts?,Mix controls from unrelated domains that do not address the stated objective.,"Implement Define cloud computing and shared responsibility using Microsoft best practices for Describe Cloud Concepts, including monitoring and least privilege.",Use an approach that contradicts the exam objective and ignores documented constraints.,"Deploy without monitoring, backup, or access controls required by the blueprint.",D,HARD,az-900|cloud-concepts|CC-1|hard|blueprint-seed,**Answer: D** — Define cloud computing and shared responsibility. Review the official Microsoft exam guide (AZ-900) and linked documentation. Objective: CC-1.,https://learn.microsoft.com/azure/|https://learn.microsoft.com/credentials/certifications/azure-fundamentals/
az-900,cloud-concepts,CC-1,AZ-900 — CC-1 (HARD) #36,"Given strict compliance, auditability, and multi-region constraints, how should you Define cloud computing and shared responsibility for Describe Cloud Concepts?",Apply the official Describe Cloud Concepts guidance: Define cloud computing and shared responsibility — this aligns with exam blueprint expectations and vendor documentation.,Use an approach that contradicts the exam objective and ignores documented constraints.,"Deploy without monitoring, backup, or access controls required by the blueprint.",Mix controls from unrelated domains that do not address the stated objective.,A,HARD,az-900|cloud-concepts|CC-1|hard|blueprint-seed,**Answer: A** — Define cloud computing and shared responsibility. Review the official Microsoft exam guide (AZ-900) and linked documentation. Objective: CC-1.,https://learn.microsoft.com/azure/|https://learn.microsoft.com/credentials/certifications/azure-fundamentals/
az-900,cloud-concepts,CC-1,AZ-900 — CC-1 (HARD) #37,A production incident involves trade-offs between cost and resilience for Define cloud computing and shared responsibility for Describe Cloud Concepts?,Use an approach that contradicts the exam objective and ignores documented constraints.,"Deploy without monitoring, backup, or access controls required by the blueprint.",Mix controls from unrelated domains that do not address the stated objective.,"Follow the documented approach for Define cloud computing and shared responsibility, using recommended services and controls per the exam guide.",B,HARD,az-900|cloud-concepts|CC-1|hard|blueprint-seed,**Answer: B** — Define cloud computing and shared responsibility. Review the official Microsoft exam guide (AZ-900) and linked documentation. Objective: CC-1.,https://learn.microsoft.com/azure/|https://learn.microsoft.com/credentials/certifications/azure-fundamentals/
az-900,cloud-concepts,CC-1,AZ-900 — CC-1 (HARD) #38,Complex regulatory requirements demand that you Define cloud computing and shared responsibility for Describe Cloud Concepts?,"Deploy without monitoring, backup, or access controls required by the blueprint.",Mix controls from unrelated domains that do not address the stated objective.,"Implement Define cloud computing and shared responsibility using Microsoft best practices for Describe Cloud Concepts, including monitoring and least privilege.",Use an approach that contradicts the exam objective and ignores documented constraints.,C,HARD,az-900|cloud-concepts|CC-1|hard|blueprint-seed,**Answer: C** — Define cloud computing and shared responsibility. Review the official Microsoft exam guide (AZ-900) and linked documentation. Objective: CC-1.,https://learn.microsoft.com/azure/|https://learn.microsoft.com/credentials/certifications/azure-fundamentals/
az-900,cloud-concepts,CC-1,AZ-900 — CC-1 (HARD) #39,A multi-team rollout must balance security and velocity for Define cloud computing and shared responsibility for Describe Cloud Concepts?,Mix controls from unrelated domains that do not address the stated objective.,Apply the official Describe Cloud Concepts guidance: Define cloud computing and shared responsibility — this aligns with exam blueprint expectations and vendor documentation.,Use an approach that contradicts the exam objective and ignores documented constraints.,"Deploy without monitoring, backup, or access controls required by the blueprint.",D,HARD,az-900|cloud-concepts|CC-1|hard|blueprint-seed,**Answer: D** — Define cloud computing and shared responsibility. Review the official Microsoft exam guide (AZ-900) and linked documentation. Objective: CC-1.,https://learn.microsoft.com/azure/|https://learn.microsoft.com/credentials/certifications/azure-fundamentals/
az-900,cloud-concepts,CC-1,AZ-900 — CC-1 (HARD) #40,An enterprise requires zero-downtime architecture while Define cloud computing and shared responsibility for Describe Cloud Concepts?,"Follow the documented approach for Define cloud computing and shared responsibility, using recommended services and controls per the exam guide.",Use an approach that contradicts the exam objective and ignores documented constraints.,"Deploy without monitoring, backup, or access controls required by the blueprint.",Mix controls from unrelated domains that do not address the stated objective.,A,HARD,az-900|cloud-concepts|CC-1|hard|blueprint-seed,**Answer: A** — Define cloud computing and shared responsibility. Review the official Microsoft exam guide (AZ-900) and linked documentation. Objective: CC-1.,https://learn.microsoft.com/azure/|https://learn.microsoft.com/credentials/certifications/azure-fundamentals/
az-900,cloud-concepts,CC-1,AZ-900 — CC-1 (HARD) #41,"Given strict compliance, auditability, and multi-region constraints, how should you Define cloud computing and shared responsibility for Describe Cloud Concepts?",Use an approach that contradicts the exam objective and ignores documented constraints.,"Deploy without monitoring, backup, or access controls required by the blueprint.",Mix controls from unrelated domains that do not address the stated objective.,"Implement Define cloud computing and shared responsibility using Microsoft best practices for Describe Cloud Concepts, including monitoring and least privilege.",B,HARD,az-900|cloud-concepts|CC-1|hard|blueprint-seed,**Answer: B** — Define cloud computing and shared responsibility. Review the official Microsoft exam guide (AZ-900) and linked documentation. Objective: CC-1.,https://learn.microsoft.com/azure/|https://learn.microsoft.com/credentials/certifications/azure-fundamentals/
az-900,cloud-concepts,CC-1,AZ-900 — CC-1 (HARD) #42,A production incident involves trade-offs between cost and resilience for Define cloud computing and shared responsibility for Describe Cloud Concepts?,"Deploy without monitoring, backup, or access controls required by the blueprint.",Mix controls from unrelated domains that do not address the stated objective.,Apply the official Describe Cloud Concepts guidance: Define cloud computing and shared responsibility — this aligns with exam blueprint expectations and vendor documentation.,Use an approach that contradicts the exam objective and ignores documented constraints.,C,HARD,az-900|cloud-concepts|CC-1|hard|blueprint-seed,**Answer: C** — Define cloud computing and shared responsibility. Review the official Microsoft exam guide (AZ-900) and linked documentation. Objective: CC-1.,https://learn.microsoft.com/azure/|https://learn.microsoft.com/credentials/certifications/azure-fundamentals/
az-900,cloud-concepts,CC-2,AZ-900 — CC-2 (EASY) #1,"What is the primary purpose of Describe cloud models: public, private, hybrid?",Use an approach that contradicts the exam objective and ignores documented constraints.,"Deploy without monitoring, backup, or access controls required by the blueprint.",Mix controls from unrelated domains that do not address the stated objective.,"Follow the documented approach for Describe cloud models: public, private, hybrid, using recommended services and controls per the exam guide.",B,EASY,az-900|cloud-concepts|CC-2|easy|blueprint-seed,"**Answer: B** — Describe cloud models: public, private, hybrid. Review the official Microsoft exam guide (AZ-900) and linked documentation. Objective: CC-2.",https://learn.microsoft.com/azure/|https://learn.microsoft.com/credentials/certifications/azure-fundamentals/
az-900,cloud-concepts,CC-2,AZ-900 — CC-2 (EASY) #2,"Which concept is fundamental to Describe cloud models: public, private, hybrid?","Deploy without monitoring, backup, or access controls required by the blueprint.",Mix controls from unrelated domains that do not address the stated objective.,"Implement Describe cloud models: public, private, hybrid using Microsoft best practices for Describe Cloud Concepts, including monitoring and least privilege.",Use an approach that contradicts the exam objective and ignores documented constraints.,C,EASY,az-900|cloud-concepts|CC-2|easy|blueprint-seed,"**Answer: C** — Describe cloud models: public, private, hybrid. Review the official Microsoft exam guide (AZ-900) and linked documentation. Objective: CC-2.",https://learn.microsoft.com/azure/|https://learn.microsoft.com/credentials/certifications/azure-fundamentals/
az-900,cloud-concepts,CC-2,AZ-900 — CC-2 (EASY) #3,"Identify the core principle behind Describe cloud models: public, private, hybrid?",Mix controls from unrelated domains that do not address the stated objective.,"Apply the official Describe Cloud Concepts guidance: Describe cloud models: public, private, hybrid — this aligns with exam blueprint expectations and vendor documentation.",Use an approach that contradicts the exam objective and ignores documented constraints.,"Deploy without monitoring, backup, or access controls required by the blueprint.",D,EASY,az-900|cloud-concepts|CC-2|easy|blueprint-seed,"**Answer: D** — Describe cloud models: public, private, hybrid. Review the official Microsoft exam guide (AZ-900) and linked documentation. Objective: CC-2.",https://learn.microsoft.com/azure/|https://learn.microsoft.com/credentials/certifications/azure-fundamentals/
az-900,cloud-concepts,CC-2,AZ-900 — CC-2 (EASY) #4,"Which description accurately reflects Describe cloud models: public, private, hybrid?","Follow the documented approach for Describe cloud models: public, private, hybrid, using recommended services and controls per the exam guide.",Use an approach that contradicts the exam objective and ignores documented constraints.,"Deploy without monitoring, backup, or access controls required by the blueprint.",Mix controls from unrelated domains that do not address the stated objective.,A,EASY,az-900|cloud-concepts|CC-2|easy|blueprint-seed,"**Answer: A** — Describe cloud models: public, private, hybrid. Review the official Microsoft exam guide (AZ-900) and linked documentation. Objective: CC-2.",https://learn.microsoft.com/azure/|https://learn.microsoft.com/credentials/certifications/azure-fundamentals/
az-900,cloud-concepts,CC-2,AZ-900 — CC-2 (EASY) #5,"Which statement best defines the scope of Describe cloud models: public, private, hybrid?",Use an approach that contradicts the exam objective and ignores documented constraints.,"Deploy without monitoring, backup, or access controls required by the blueprint.",Mix controls from unrelated domains that do not address the stated objective.,"Implement Describe cloud models: public, private, hybrid using Microsoft best practices for Describe Cloud Concepts, including monitoring and least privilege.",B,EASY,az-900|cloud-concepts|CC-2|easy|blueprint-seed,"**Answer: B** — Describe cloud models: public, private, hybrid. Review the official Microsoft exam guide (AZ-900) and linked documentation. Objective: CC-2.",https://learn.microsoft.com/azure/|https://learn.microsoft.com/credentials/certifications/azure-fundamentals/
az-900,cloud-concepts,CC-2,AZ-900 — CC-2 (EASY) #6,"What is the primary purpose of Describe cloud models: public, private, hybrid?","Deploy without monitoring, backup, or access controls required by the blueprint.",Mix controls from unrelated domains that do not address the stated objective.,"Apply the official Describe Cloud Concepts guidance: Describe cloud models: public, private, hybrid — this aligns with exam blueprint expectations and vendor documentation.",Use an approach that contradicts the exam objective and ignores documented constraints.,C,EASY,az-900|cloud-concepts|CC-2|easy|blueprint-seed,"**Answer: C** — Describe cloud models: public, private, hybrid. Review the official Microsoft exam guide (AZ-900) and linked documentation. Objective: CC-2.",https://learn.microsoft.com/azure/|https://learn.microsoft.com/credentials/certifications/azure-fundamentals/
az-900,cloud-concepts,CC-2,AZ-900 — CC-2 (EASY) #7,"Which concept is fundamental to Describe cloud models: public, private, hybrid?",Mix controls from unrelated domains that do not address the stated objective.,"Follow the documented approach for Describe cloud models: public, private, hybrid, using recommended services and controls per the exam guide.",Use an approach that contradicts the exam objective and ignores documented constraints.,"Deploy without monitoring, backup, or access controls required by the blueprint.",D,EASY,az-900|cloud-concepts|CC-2|easy|blueprint-seed,"**Answer: D** — Describe cloud models: public, private, hybrid. Review the official Microsoft exam guide (AZ-900) and linked documentation. Objective: CC-2.",https://learn.microsoft.com/azure/|https://learn.microsoft.com/credentials/certifications/azure-fundamentals/
az-900,cloud-concepts,CC-2,AZ-900 — CC-2 (EASY) #8,"Identify the core principle behind Describe cloud models: public, private, hybrid?","Implement Describe cloud models: public, private, hybrid using Microsoft best practices for Describe Cloud Concepts, including monitoring and least privilege.",Use an approach that contradicts the exam objective and ignores documented constraints.,"Deploy without monitoring, backup, or access controls required by the blueprint.",Mix controls from unrelated domains that do not address the stated objective.,A,EASY,az-900|cloud-concepts|CC-2|easy|blueprint-seed,"**Answer: A** — Describe cloud models: public, private, hybrid. Review the official Microsoft exam guide (AZ-900) and linked documentation. Objective: CC-2.",https://learn.microsoft.com/azure/|https://learn.microsoft.com/credentials/certifications/azure-fundamentals/
az-900,cloud-concepts,CC-2,AZ-900 — CC-2 (EASY) #9,"Which description accurately reflects Describe cloud models: public, private, hybrid?",Use an approach that contradicts the exam objective and ignores documented constraints.,"Deploy without monitoring, backup, or access controls required by the blueprint.",Mix controls from unrelated domains that do not address the stated objective.,"Apply the official Describe Cloud Concepts guidance: Describe cloud models: public, private, hybrid — this aligns with exam blueprint expectations and vendor documentation.",B,EASY,az-900|cloud-concepts|CC-2|easy|blueprint-seed,"**Answer: B** — Describe cloud models: public, private, hybrid. Review the official Microsoft exam guide (AZ-900) and linked documentation. Objective: CC-2.",https://learn.microsoft.com/azure/|https://learn.microsoft.com/credentials/certifications/azure-fundamentals/
az-900,cloud-concepts,CC-2,AZ-900 — CC-2 (EASY) #10,"Which statement best defines the scope of Describe cloud models: public, private, hybrid?","Deploy without monitoring, backup, or access controls required by the blueprint.",Mix controls from unrelated domains that do not address the stated objective.,"Follow the documented approach for Describe cloud models: public, private, hybrid, using recommended services and controls per the exam guide.",Use an approach that contradicts the exam objective and ignores documented constraints.,C,EASY,az-900|cloud-concepts|CC-2|easy|blueprint-seed,"**Answer: C** — Describe cloud models: public, private, hybrid. Review the official Microsoft exam guide (AZ-900) and linked documentation. Objective: CC-2.",https://learn.microsoft.com/azure/|https://learn.microsoft.com/credentials/certifications/azure-fundamentals/
az-900,cloud-concepts,CC-2,AZ-900 — CC-2 (EASY) #11,"What is the primary purpose of Describe cloud models: public, private, hybrid?",Mix controls from unrelated domains that do not address the stated objective.,"Implement Describe cloud models: public, private, hybrid using Microsoft best practices for Describe Cloud Concepts, including monitoring and least privilege.",Use an approach that contradicts the exam objective and ignores documented constraints.,"Deploy without monitoring, backup, or access controls required by the blueprint.",D,EASY,az-900|cloud-concepts|CC-2|easy|blueprint-seed,"**Answer: D** — Describe cloud models: public, private, hybrid. Review the official Microsoft exam guide (AZ-900) and linked documentation. Objective: CC-2.",https://learn.microsoft.com/azure/|https://learn.microsoft.com/credentials/certifications/azure-fundamentals/
az-900,cloud-concepts,CC-2,AZ-900 — CC-2 (EASY) #12,"Which concept is fundamental to Describe cloud models: public, private, hybrid?","Apply the official Describe Cloud Concepts guidance: Describe cloud models: public, private, hybrid — this aligns with exam blueprint expectations and vendor documentation.",Use an approach that contradicts the exam objective and ignores documented constraints.,"Deploy without monitoring, backup, or access controls required by the blueprint.",Mix controls from unrelated domains that do not address the stated objective.,A,EASY,az-900|cloud-concepts|CC-2|easy|blueprint-seed,"**Answer: A** — Describe cloud models: public, private, hybrid. Review the official Microsoft exam guide (AZ-900) and linked documentation. Objective: CC-2.",https://learn.microsoft.com/azure/|https://learn.microsoft.com/credentials/certifications/azure-fundamentals/
az-900,cloud-concepts,CC-2,AZ-900 — CC-2 (EASY) #13,"Identify the core principle behind Describe cloud models: public, private, hybrid?",Use an approach that contradicts the exam objective and ignores documented constraints.,"Deploy without monitoring, backup, or access controls required by the blueprint.",Mix controls from unrelated domains that do not address the stated objective.,"Follow the documented approach for Describe cloud models: public, private, hybrid, using recommended services and controls per the exam guide.",B,EASY,az-900|cloud-concepts|CC-2|easy|blueprint-seed,"**Answer: B** — Describe cloud models: public, private, hybrid. Review the official Microsoft exam guide (AZ-900) and linked documentation. Objective: CC-2.",https://learn.microsoft.com/azure/|https://learn.microsoft.com/credentials/certifications/azure-fundamentals/
az-900,cloud-concepts,CC-2,AZ-900 — CC-2 (MEDIUM) #14,"What is the recommended design when applying Describe cloud models: public, private, hybrid in the context of Microsoft Azure Fundamentals?","Deploy without monitoring, backup, or access controls required by the blueprint.",Mix controls from unrelated domains that do not address the stated objective.,"Implement Describe cloud models: public, private, hybrid using Microsoft best practices for Describe Cloud Concepts, including monitoring and least privilege.",Use an approach that contradicts the exam objective and ignores documented constraints.,C,MEDIUM,az-900|cloud-concepts|CC-2|medium|blueprint-seed,"**Answer: C** — Describe cloud models: public, private, hybrid. Review the official Microsoft exam guide (AZ-900) and linked documentation. Objective: CC-2.",https://learn.microsoft.com/azure/|https://learn.microsoft.com/credentials/certifications/azure-fundamentals/
az-900,cloud-concepts,CC-2,AZ-900 — CC-2 (MEDIUM) #15,"A team must implement a solution for Describe cloud models: public, private, hybrid in the context of Microsoft Azure Fundamentals?",Mix controls from unrelated domains that do not address the stated objective.,"Apply the official Describe Cloud Concepts guidance: Describe cloud models: public, private, hybrid — this aligns with exam blueprint expectations and vendor documentation.",Use an approach that contradicts the exam objective and ignores documented constraints.,"Deploy without monitoring, backup, or access controls required by the blueprint.",D,MEDIUM,az-900|cloud-concepts|CC-2|medium|blueprint-seed,"**Answer: D** — Describe cloud models: public, private, hybrid. Review the official Microsoft exam guide (AZ-900) and linked documentation. Objective: CC-2.",https://learn.microsoft.com/azure/|https://learn.microsoft.com/credentials/certifications/azure-fundamentals/
az-900,cloud-concepts,CC-2,AZ-900 — CC-2 (MEDIUM) #16,"Which approach aligns with best practices when Describe cloud models: public, private, hybrid in the context of Microsoft Azure Fundamentals?","Follow the documented approach for Describe cloud models: public, private, hybrid, using recommended services and controls per the exam guide.",Use an approach that contradicts the exam objective and ignores documented constraints.,"Deploy without monitoring, backup, or access controls required by the blueprint.",Mix controls from unrelated domains that do not address the stated objective.,A,MEDIUM,az-900|cloud-concepts|CC-2|medium|blueprint-seed,"**Answer: A** — Describe cloud models: public, private, hybrid. Review the official Microsoft exam guide (AZ-900) and linked documentation. Objective: CC-2.",https://learn.microsoft.com/azure/|https://learn.microsoft.com/credentials/certifications/azure-fundamentals/
az-900,cloud-concepts,CC-2,AZ-900 — CC-2 (MEDIUM) #17,"During a project review, stakeholders ask how to Describe cloud models: public, private, hybrid in the context of Microsoft Azure Fundamentals?",Use an approach that contradicts the exam objective and ignores documented constraints.,"Deploy without monitoring, backup, or access controls required by the blueprint.",Mix controls from unrelated domains that do not address the stated objective.,"Implement Describe cloud models: public, private, hybrid using Microsoft best practices for Describe Cloud Concepts, including monitoring and least privilege.",B,MEDIUM,az-900|cloud-concepts|CC-2|medium|blueprint-seed,"**Answer: B** — Describe cloud models: public, private, hybrid. Review the official Microsoft exam guide (AZ-900) and linked documentation. Objective: CC-2.",https://learn.microsoft.com/azure/|https://learn.microsoft.com/credentials/certifications/azure-fundamentals/
az-900,cloud-concepts,CC-2,AZ-900 — CC-2 (MEDIUM) #18,"Which configuration satisfies requirements for Describe cloud models: public, private, hybrid in the context of Microsoft Azure Fundamentals?","Deploy without monitoring, backup, or access controls required by the blueprint.",Mix controls from unrelated domains that do not address the stated objective.,"Apply the official Describe Cloud Concepts guidance: Describe cloud models: public, private, hybrid — this aligns with exam blueprint expectations and vendor documentation.",Use an approach that contradicts the exam objective and ignores documented constraints.,C,MEDIUM,az-900|cloud-concepts|CC-2|medium|blueprint-seed,"**Answer: C** — Describe cloud models: public, private, hybrid. Review the official Microsoft exam guide (AZ-900) and linked documentation. Objective: CC-2.",https://learn.microsoft.com/azure/|https://learn.microsoft.com/credentials/certifications/azure-fundamentals/
az-900,cloud-concepts,CC-2,AZ-900 — CC-2 (MEDIUM) #19,"What is the recommended design when applying Describe cloud models: public, private, hybrid in the context of Microsoft Azure Fundamentals?",Mix controls from unrelated domains that do not address the stated objective.,"Follow the documented approach for Describe cloud models: public, private, hybrid, using recommended services and controls per the exam guide.",Use an approach that contradicts the exam objective and ignores documented constraints.,"Deploy without monitoring, backup, or access controls required by the blueprint.",D,MEDIUM,az-900|cloud-concepts|CC-2|medium|blueprint-seed,"**Answer: D** — Describe cloud models: public, private, hybrid. Review the official Microsoft exam guide (AZ-900) and linked documentation. Objective: CC-2.",https://learn.microsoft.com/azure/|https://learn.microsoft.com/credentials/certifications/azure-fundamentals/
az-900,cloud-concepts,CC-2,AZ-900 — CC-2 (MEDIUM) #20,"A team must implement a solution for Describe cloud models: public, private, hybrid in the context of Microsoft Azure Fundamentals?","Implement Describe cloud models: public, private, hybrid using Microsoft best practices for Describe Cloud Concepts, including monitoring and least privilege.",Use an approach that contradicts the exam objective and ignores documented constraints.,"Deploy without monitoring, backup, or access controls required by the blueprint.",Mix controls from unrelated domains that do not address the stated objective.,A,MEDIUM,az-900|cloud-concepts|CC-2|medium|blueprint-seed,"**Answer: A** — Describe cloud models: public, private, hybrid. Review the official Microsoft exam guide (AZ-900) and linked documentation. Objective: CC-2.",https://learn.microsoft.com/azure/|https://learn.microsoft.com/credentials/certifications/azure-fundamentals/
az-900,cloud-concepts,CC-2,AZ-900 — CC-2 (MEDIUM) #21,"Which approach aligns with best practices when Describe cloud models: public, private, hybrid in the context of Microsoft Azure Fundamentals?",Use an approach that contradicts the exam objective and ignores documented constraints.,"Deploy without monitoring, backup, or access controls required by the blueprint.",Mix controls from unrelated domains that do not address the stated objective.,"Apply the official Describe Cloud Concepts guidance: Describe cloud models: public, private, hybrid — this aligns with exam blueprint expectations and vendor documentation.",B,MEDIUM,az-900|cloud-concepts|CC-2|medium|blueprint-seed,"**Answer: B** — Describe cloud models: public, private, hybrid. Review the official Microsoft exam guide (AZ-900) and linked documentation. Objective: CC-2.",https://learn.microsoft.com/azure/|https://learn.microsoft.com/credentials/certifications/azure-fundamentals/
az-900,cloud-concepts,CC-2,AZ-900 — CC-2 (MEDIUM) #22,"During a project review, stakeholders ask how to Describe cloud models: public, private, hybrid in the context of Microsoft Azure Fundamentals?","Deploy without monitoring, backup, or access controls required by the blueprint.",Mix controls from unrelated domains that do not address the stated objective.,"Follow the documented approach for Describe cloud models: public, private, hybrid, using recommended services and controls per the exam guide.",Use an approach that contradicts the exam objective and ignores documented constraints.,C,MEDIUM,az-900|cloud-concepts|CC-2|medium|blueprint-seed,"**Answer: C** — Describe cloud models: public, private, hybrid. Review the official Microsoft exam guide (AZ-900) and linked documentation. Objective: CC-2.",https://learn.microsoft.com/azure/|https://learn.microsoft.com/credentials/certifications/azure-fundamentals/
az-900,cloud-concepts,CC-2,AZ-900 — CC-2 (MEDIUM) #23,"Which configuration satisfies requirements for Describe cloud models: public, private, hybrid in the context of Microsoft Azure Fundamentals?",Mix controls from unrelated domains that do not address the stated objective.,"Implement Describe cloud models: public, private, hybrid using Microsoft best practices for Describe Cloud Concepts, including monitoring and least privilege.",Use an approach that contradicts the exam objective and ignores documented constraints.,"Deploy without monitoring, backup, or access controls required by the blueprint.",D,MEDIUM,az-900|cloud-concepts|CC-2|medium|blueprint-seed,"**Answer: D** — Describe cloud models: public, private, hybrid. Review the official Microsoft exam guide (AZ-900) and linked documentation. Objective: CC-2.",https://learn.microsoft.com/azure/|https://learn.microsoft.com/credentials/certifications/azure-fundamentals/
az-900,cloud-concepts,CC-2,AZ-900 — CC-2 (MEDIUM) #24,"What is the recommended design when applying Describe cloud models: public, private, hybrid in the context of Microsoft Azure Fundamentals?","Apply the official Describe Cloud Concepts guidance: Describe cloud models: public, private, hybrid — this aligns with exam blueprint expectations and vendor documentation.",Use an approach that contradicts the exam objective and ignores documented constraints.,"Deploy without monitoring, backup, or access controls required by the blueprint.",Mix controls from unrelated domains that do not address the stated objective.,A,MEDIUM,az-900|cloud-concepts|CC-2|medium|blueprint-seed,"**Answer: A** — Describe cloud models: public, private, hybrid. Review the official Microsoft exam guide (AZ-900) and linked documentation. Objective: CC-2.",https://learn.microsoft.com/azure/|https://learn.microsoft.com/credentials/certifications/azure-fundamentals/
az-900,cloud-concepts,CC-2,AZ-900 — CC-2 (MEDIUM) #25,"A team must implement a solution for Describe cloud models: public, private, hybrid in the context of Microsoft Azure Fundamentals?",Use an approach that contradicts the exam objective and ignores documented constraints.,"Deploy without monitoring, backup, or access controls required by the blueprint.",Mix controls from unrelated domains that do not address the stated objective.,"Follow the documented approach for Describe cloud models: public, private, hybrid, using recommended services and controls per the exam guide.",B,MEDIUM,az-900|cloud-concepts|CC-2|medium|blueprint-seed,"**Answer: B** — Describe cloud models: public, private, hybrid. Review the official Microsoft exam guide (AZ-900) and linked documentation. Objective: CC-2.",https://learn.microsoft.com/azure/|https://learn.microsoft.com/credentials/certifications/azure-fundamentals/
az-900,cloud-concepts,CC-2,AZ-900 — CC-2 (MEDIUM) #26,"Which approach aligns with best practices when Describe cloud models: public, private, hybrid in the context of Microsoft Azure Fundamentals?","Deploy without monitoring, backup, or access controls required by the blueprint.",Mix controls from unrelated domains that do not address the stated objective.,"Implement Describe cloud models: public, private, hybrid using Microsoft best practices for Describe Cloud Concepts, including monitoring and least privilege.",Use an approach that contradicts the exam objective and ignores documented constraints.,C,MEDIUM,az-900|cloud-concepts|CC-2|medium|blueprint-seed,"**Answer: C** — Describe cloud models: public, private, hybrid. Review the official Microsoft exam guide (AZ-900) and linked documentation. Objective: CC-2.",https://learn.microsoft.com/azure/|https://learn.microsoft.com/credentials/certifications/azure-fundamentals/
az-900,cloud-concepts,CC-2,AZ-900 — CC-2 (MEDIUM) #27,"During a project review, stakeholders ask how to Describe cloud models: public, private, hybrid in the context of Microsoft Azure Fundamentals?",Mix controls from unrelated domains that do not address the stated objective.,"Apply the official Describe Cloud Concepts guidance: Describe cloud models: public, private, hybrid — this aligns with exam blueprint expectations and vendor documentation.",Use an approach that contradicts the exam objective and ignores documented constraints.,"Deploy without monitoring, backup, or access controls required by the blueprint.",D,MEDIUM,az-900|cloud-concepts|CC-2|medium|blueprint-seed,"**Answer: D** — Describe cloud models: public, private, hybrid. Review the official Microsoft exam guide (AZ-900) and linked documentation. Objective: CC-2.",https://learn.microsoft.com/azure/|https://learn.microsoft.com/credentials/certifications/azure-fundamentals/
az-900,cloud-concepts,CC-2,AZ-900 — CC-2 (MEDIUM) #28,"Which configuration satisfies requirements for Describe cloud models: public, private, hybrid in the context of Microsoft Azure Fundamentals?","Follow the documented approach for Describe cloud models: public, private, hybrid, using recommended services and controls per the exam guide.",Use an approach that contradicts the exam objective and ignores documented constraints.,"Deploy without monitoring, backup, or access controls required by the blueprint.",Mix controls from unrelated domains that do not address the stated objective.,A,MEDIUM,az-900|cloud-concepts|CC-2|medium|blueprint-seed,"**Answer: A** — Describe cloud models: public, private, hybrid. Review the official Microsoft exam guide (AZ-900) and linked documentation. Objective: CC-2.",https://learn.microsoft.com/azure/|https://learn.microsoft.com/credentials/certifications/azure-fundamentals/
az-900,cloud-concepts,CC-2,AZ-900 — CC-2 (MEDIUM) #29,"What is the recommended design when applying Describe cloud models: public, private, hybrid in the context of Microsoft Azure Fundamentals?",Use an approach that contradicts the exam objective and ignores documented constraints.,"Deploy without monitoring, backup, or access controls required by the blueprint.",Mix controls from unrelated domains that do not address the stated objective.,"Implement Describe cloud models: public, private, hybrid using Microsoft best practices for Describe Cloud Concepts, including monitoring and least privilege.",B,MEDIUM,az-900|cloud-concepts|CC-2|medium|blueprint-seed,"**Answer: B** — Describe cloud models: public, private, hybrid. Review the official Microsoft exam guide (AZ-900) and linked documentation. Objective: CC-2.",https://learn.microsoft.com/azure/|https://learn.microsoft.com/credentials/certifications/azure-fundamentals/
az-900,cloud-concepts,CC-2,AZ-900 — CC-2 (MEDIUM) #30,"A team must implement a solution for Describe cloud models: public, private, hybrid in the context of Microsoft Azure Fundamentals?","Deploy without monitoring, backup, or access controls required by the blueprint.",Mix controls from unrelated domains that do not address the stated objective.,"Apply the official Describe Cloud Concepts guidance: Describe cloud models: public, private, hybrid — this aligns with exam blueprint expectations and vendor documentation.",Use an approach that contradicts the exam objective and ignores documented constraints.,C,MEDIUM,az-900|cloud-concepts|CC-2|medium|blueprint-seed,"**Answer: C** — Describe cloud models: public, private, hybrid. Review the official Microsoft exam guide (AZ-900) and linked documentation. Objective: CC-2.",https://learn.microsoft.com/azure/|https://learn.microsoft.com/credentials/certifications/azure-fundamentals/
az-900,cloud-concepts,CC-2,AZ-900 — CC-2 (HARD) #31,"Given strict compliance, auditability, and multi-region constraints, how should you Describe cloud models: public, private, hybrid for Describe Cloud Concepts?",Mix controls from unrelated domains that do not address the stated objective.,"Follow the documented approach for Describe cloud models: public, private, hybrid, using recommended services and controls per the exam guide.",Use an approach that contradicts the exam objective and ignores documented constraints.,"Deploy without monitoring, backup, or access controls required by the blueprint.",D,HARD,az-900|cloud-concepts|CC-2|hard|blueprint-seed,"**Answer: D** — Describe cloud models: public, private, hybrid. Review the official Microsoft exam guide (AZ-900) and linked documentation. Objective: CC-2.",https://learn.microsoft.com/azure/|https://learn.microsoft.com/credentials/certifications/azure-fundamentals/
az-900,cloud-concepts,CC-2,AZ-900 — CC-2 (HARD) #32,"A production incident involves trade-offs between cost and resilience for Describe cloud models: public, private, hybrid for Describe Cloud Concepts?","Implement Describe cloud models: public, private, hybrid using Microsoft best practices for Describe Cloud Concepts, including monitoring and least privilege.",Use an approach that contradicts the exam objective and ignores documented constraints.,"Deploy without monitoring, backup, or access controls required by the blueprint.",Mix controls from unrelated domains that do not address the stated objective.,A,HARD,az-900|cloud-concepts|CC-2|hard|blueprint-seed,"**Answer: A** — Describe cloud models: public, private, hybrid. Review the official Microsoft exam guide (AZ-900) and linked documentation. Objective: CC-2.",https://learn.microsoft.com/azure/|https://learn.microsoft.com/credentials/certifications/azure-fundamentals/
az-900,cloud-concepts,CC-2,AZ-900 — CC-2 (HARD) #33,"Complex regulatory requirements demand that you Describe cloud models: public, private, hybrid for Describe Cloud Concepts?",Use an approach that contradicts the exam objective and ignores documented constraints.,"Deploy without monitoring, backup, or access controls required by the blueprint.",Mix controls from unrelated domains that do not address the stated objective.,"Apply the official Describe Cloud Concepts guidance: Describe cloud models: public, private, hybrid — this aligns with exam blueprint expectations and vendor documentation.",B,HARD,az-900|cloud-concepts|CC-2|hard|blueprint-seed,"**Answer: B** — Describe cloud models: public, private, hybrid. Review the official Microsoft exam guide (AZ-900) and linked documentation. Objective: CC-2.",https://learn.microsoft.com/azure/|https://learn.microsoft.com/credentials/certifications/azure-fundamentals/
az-900,cloud-concepts,CC-2,AZ-900 — CC-2 (HARD) #34,"A multi-team rollout must balance security and velocity for Describe cloud models: public, private, hybrid for Describe Cloud Concepts?","Deploy without monitoring, backup, or access controls required by the blueprint.",Mix controls from unrelated domains that do not address the stated objective.,"Follow the documented approach for Describe cloud models: public, private, hybrid, using recommended services and controls per the exam guide.",Use an approach that contradicts the exam objective and ignores documented constraints.,C,HARD,az-900|cloud-concepts|CC-2|hard|blueprint-seed,"**Answer: C** — Describe cloud models: public, private, hybrid. Review the official Microsoft exam guide (AZ-900) and linked documentation. Objective: CC-2.",https://learn.microsoft.com/azure/|https://learn.microsoft.com/credentials/certifications/azure-fundamentals/
az-900,cloud-concepts,CC-2,AZ-900 — CC-2 (HARD) #35,"An enterprise requires zero-downtime architecture while Describe cloud models: public, private, hybrid for Describe Cloud Concepts?",Mix controls from unrelated domains that do not address the stated objective.,"Implement Describe cloud models: public, private, hybrid using Microsoft best practices for Describe Cloud Concepts, including monitoring and least privilege.",Use an approach that contradicts the exam objective and ignores documented constraints.,"Deploy without monitoring, backup, or access controls required by the blueprint.",D,HARD,az-900|cloud-concepts|CC-2|hard|blueprint-seed,"**Answer: D** — Describe cloud models: public, private, hybrid. Review the official Microsoft exam guide (AZ-900) and linked documentation. Objective: CC-2.",https://learn.microsoft.com/azure/|https://learn.microsoft.com/credentials/certifications/azure-fundamentals/
az-900,cloud-concepts,CC-2,AZ-900 — CC-2 (HARD) #36,"Given strict compliance, auditability, and multi-region constraints, how should you Describe cloud models: public, private, hybrid for Describe Cloud Concepts?","Apply the official Describe Cloud Concepts guidance: Describe cloud models: public, private, hybrid — this aligns with exam blueprint expectations and vendor documentation.",Use an approach that contradicts the exam objective and ignores documented constraints.,"Deploy without monitoring, backup, or access controls required by the blueprint.",Mix controls from unrelated domains that do not address the stated objective.,A,HARD,az-900|cloud-concepts|CC-2|hard|blueprint-seed,"**Answer: A** — Describe cloud models: public, private, hybrid. Review the official Microsoft exam guide (AZ-900) and linked documentation. Objective: CC-2.",https://learn.microsoft.com/azure/|https://learn.microsoft.com/credentials/certifications/azure-fundamentals/
az-900,cloud-concepts,CC-2,AZ-900 — CC-2 (HARD) #37,"A production incident involves trade-offs between cost and resilience for Describe cloud models: public, private, hybrid for Describe Cloud Concepts?",Use an approach that contradicts the exam objective and ignores documented constraints.,"Deploy without monitoring, backup, or access controls required by the blueprint.",Mix controls from unrelated domains that do not address the stated objective.,"Follow the documented approach for Describe cloud models: public, private, hybrid, using recommended services and controls per the exam guide.",B,HARD,az-900|cloud-concepts|CC-2|hard|blueprint-seed,"**Answer: B** — Describe cloud models: public, private, hybrid. Review the official Microsoft exam guide (AZ-900) and linked documentation. Objective: CC-2.",https://learn.microsoft.com/azure/|https://learn.microsoft.com/credentials/certifications/azure-fundamentals/
az-900,cloud-concepts,CC-2,AZ-900 — CC-2 (HARD) #38,"Complex regulatory requirements demand that you Describe cloud models: public, private, hybrid for Describe Cloud Concepts?","Deploy without monitoring, backup, or access controls required by the blueprint.",Mix controls from unrelated domains that do not address the stated objective.,"Implement Describe cloud models: public, private, hybrid using Microsoft best practices for Describe Cloud Concepts, including monitoring and least privilege.",Use an approach that contradicts the exam objective and ignores documented constraints.,C,HARD,az-900|cloud-concepts|CC-2|hard|blueprint-seed,"**Answer: C** — Describe cloud models: public, private, hybrid. Review the official Microsoft exam guide (AZ-900) and linked documentation. Objective: CC-2.",https://learn.microsoft.com/azure/|https://learn.microsoft.com/credentials/certifications/azure-fundamentals/
az-900,cloud-concepts,CC-2,AZ-900 — CC-2 (HARD) #39,"A multi-team rollout must balance security and velocity for Describe cloud models: public, private, hybrid for Describe Cloud Concepts?",Mix controls from unrelated domains that do not address the stated objective.,"Apply the official Describe Cloud Concepts guidance: Describe cloud models: public, private, hybrid — this aligns with exam blueprint expectations and vendor documentation.",Use an approach that contradicts the exam objective and ignores documented constraints.,"Deploy without monitoring, backup, or access controls required by the blueprint.",D,HARD,az-900|cloud-concepts|CC-2|hard|blueprint-seed,"**Answer: D** — Describe cloud models: public, private, hybrid. Review the official Microsoft exam guide (AZ-900) and linked documentation. Objective: CC-2.",https://learn.microsoft.com/azure/|https://learn.microsoft.com/credentials/certifications/azure-fundamentals/
az-900,cloud-concepts,CC-2,AZ-900 — CC-2 (HARD) #40,"An enterprise requires zero-downtime architecture while Describe cloud models: public, private, hybrid for Describe Cloud Concepts?","Follow the documented approach for Describe cloud models: public, private, hybrid, using recommended services and controls per the exam guide.",Use an approach that contradicts the exam objective and ignores documented constraints.,"Deploy without monitoring, backup, or access controls required by the blueprint.",Mix controls from unrelated domains that do not address the stated objective.,A,HARD,az-900|cloud-concepts|CC-2|hard|blueprint-seed,"**Answer: A** — Describe cloud models: public, private, hybrid. Review the official Microsoft exam guide (AZ-900) and linked documentation. Objective: CC-2.",https://learn.microsoft.com/azure/|https://learn.microsoft.com/credentials/certifications/azure-fundamentals/
az-900,cloud-concepts,CC-2,AZ-900 — CC-2 (HARD) #41,"Given strict compliance, auditability, and multi-region constraints, how should you Describe cloud models: public, private, hybrid for Describe Cloud Concepts?",Use an approach that contradicts the exam objective and ignores documented constraints.,"Deploy without monitoring, backup, or access controls required by the blueprint.",Mix controls from unrelated domains that do not address the stated objective.,"Implement Describe cloud models: public, private, hybrid using Microsoft best practices for Describe Cloud Concepts, including monitoring and least privilege.",B,HARD,az-900|cloud-concepts|CC-2|hard|blueprint-seed,"**Answer: B** — Describe cloud models: public, private, hybrid. Review the official Microsoft exam guide (AZ-900) and linked documentation. Objective: CC-2.",https://learn.microsoft.com/azure/|https://learn.microsoft.com/credentials/certifications/azure-fundamentals/
az-900,cloud-concepts,CC-2,AZ-900 — CC-2 (HARD) #42,"A production incident involves trade-offs between cost and resilience for Describe cloud models: public, private, hybrid for Describe Cloud Concepts?","Deploy without monitoring, backup, or access controls required by the blueprint.",Mix controls from unrelated domains that do not address the stated objective.,"Apply the official Describe Cloud Concepts guidance: Describe cloud models: public, private, hybrid — this aligns with exam blueprint expectations and vendor documentation.",Use an approach that contradicts the exam objective and ignores documented constraints.,C,HARD,az-900|cloud-concepts|CC-2|hard|blueprint-seed,"**Answer: C** — Describe cloud models: public, private, hybrid. Review the official Microsoft exam guide (AZ-900) and linked documentation. Objective: CC-2.",https://learn.microsoft.com/azure/|https://learn.microsoft.com/credentials/certifications/azure-fundamentals/
az-900,cloud-concepts,CC-3,AZ-900 — CC-3 (EASY) #1,What is the primary purpose of Compare consumption-based pricing models?,Use an approach that contradicts the exam objective and ignores documented constraints.,"Deploy without monitoring, backup, or access controls required by the blueprint.",Mix controls from unrelated domains that do not address the stated objective.,"Follow the documented approach for Compare consumption-based pricing models, using recommended services and controls per the exam guide.",B,EASY,az-900|cloud-concepts|CC-3|easy|blueprint-seed,**Answer: B** — Compare consumption-based pricing models. Review the official Microsoft exam guide (AZ-900) and linked documentation. Objective: CC-3.,https://learn.microsoft.com/azure/|https://learn.microsoft.com/credentials/certifications/azure-fundamentals/
az-900,cloud-concepts,CC-3,AZ-900 — CC-3 (EASY) #2,Which concept is fundamental to Compare consumption-based pricing models?,"Deploy without monitoring, backup, or access controls required by the blueprint.",Mix controls from unrelated domains that do not address the stated objective.,"Implement Compare consumption-based pricing models using Microsoft best practices for Describe Cloud Concepts, including monitoring and least privilege.",Use an approach that contradicts the exam objective and ignores documented constraints.,C,EASY,az-900|cloud-concepts|CC-3|easy|blueprint-seed,**Answer: C** — Compare consumption-based pricing models. Review the official Microsoft exam guide (AZ-900) and linked documentation. Objective: CC-3.,https://learn.microsoft.com/azure/|https://learn.microsoft.com/credentials/certifications/azure-fundamentals/
az-900,cloud-concepts,CC-3,AZ-900 — CC-3 (EASY) #3,Identify the core principle behind Compare consumption-based pricing models?,Mix controls from unrelated domains that do not address the stated objective.,Apply the official Describe Cloud Concepts guidance: Compare consumption-based pricing models — this aligns with exam blueprint expectations and vendor documentation.,Use an approach that contradicts the exam objective and ignores documented constraints.,"Deploy without monitoring, backup, or access controls required by the blueprint.",D,EASY,az-900|cloud-concepts|CC-3|easy|blueprint-seed,**Answer: D** — Compare consumption-based pricing models. Review the official Microsoft exam guide (AZ-900) and linked documentation. Objective: CC-3.,https://learn.microsoft.com/azure/|https://learn.microsoft.com/credentials/certifications/azure-fundamentals/
az-900,cloud-concepts,CC-3,AZ-900 — CC-3 (EASY) #4,Which description accurately reflects Compare consumption-based pricing models?,"Follow the documented approach for Compare consumption-based pricing models, using recommended services and controls per the exam guide.",Use an approach that contradicts the exam objective and ignores documented constraints.,"Deploy without monitoring, backup, or access controls required by the blueprint.",Mix controls from unrelated domains that do not address the stated objective.,A,EASY,az-900|cloud-concepts|CC-3|easy|blueprint-seed,**Answer: A** — Compare consumption-based pricing models. Review the official Microsoft exam guide (AZ-900) and linked documentation. Objective: CC-3.,https://learn.microsoft.com/azure/|https://learn.microsoft.com/credentials/certifications/azure-fundamentals/
az-900,cloud-concepts,CC-3,AZ-900 — CC-3 (EASY) #5,Which statement best defines the scope of Compare consumption-based pricing models?,Use an approach that contradicts the exam objective and ignores documented constraints.,"Deploy without monitoring, backup, or access controls required by the blueprint.",Mix controls from unrelated domains that do not address the stated objective.,"Implement Compare consumption-based pricing models using Microsoft best practices for Describe Cloud Concepts, including monitoring and least privilege.",B,EASY,az-900|cloud-concepts|CC-3|easy|blueprint-seed,**Answer: B** — Compare consumption-based pricing models. Review the official Microsoft exam guide (AZ-900) and linked documentation. Objective: CC-3.,https://learn.microsoft.com/azure/|https://learn.microsoft.com/credentials/certifications/azure-fundamentals/
az-900,cloud-concepts,CC-3,AZ-900 — CC-3 (EASY) #6,What is the primary purpose of Compare consumption-based pricing models?,"Deploy without monitoring, backup, or access controls required by the blueprint.",Mix controls from unrelated domains that do not address the stated objective.,Apply the official Describe Cloud Concepts guidance: Compare consumption-based pricing models — this aligns with exam blueprint expectations and vendor documentation.,Use an approach that contradicts the exam objective and ignores documented constraints.,C,EASY,az-900|cloud-concepts|CC-3|easy|blueprint-seed,**Answer: C** — Compare consumption-based pricing models. Review the official Microsoft exam guide (AZ-900) and linked documentation. Objective: CC-3.,https://learn.microsoft.com/azure/|https://learn.microsoft.com/credentials/certifications/azure-fundamentals/
az-900,cloud-concepts,CC-3,AZ-900 — CC-3 (EASY) #7,Which concept is fundamental to Compare consumption-based pricing models?,Mix controls from unrelated domains that do not address the stated objective.,"Follow the documented approach for Compare consumption-based pricing models, using recommended services and controls per the exam guide.",Use an approach that contradicts the exam objective and ignores documented constraints.,"Deploy without monitoring, backup, or access controls required by the blueprint.",D,EASY,az-900|cloud-concepts|CC-3|easy|blueprint-seed,**Answer: D** — Compare consumption-based pricing models. Review the official Microsoft exam guide (AZ-900) and linked documentation. Objective: CC-3.,https://learn.microsoft.com/azure/|https://learn.microsoft.com/credentials/certifications/azure-fundamentals/
az-900,cloud-concepts,CC-3,AZ-900 — CC-3 (EASY) #8,Identify the core principle behind Compare consumption-based pricing models?,"Implement Compare consumption-based pricing models using Microsoft best practices for Describe Cloud Concepts, including monitoring and least privilege.",Use an approach that contradicts the exam objective and ignores documented constraints.,"Deploy without monitoring, backup, or access controls required by the blueprint.",Mix controls from unrelated domains that do not address the stated objective.,A,EASY,az-900|cloud-concepts|CC-3|easy|blueprint-seed,**Answer: A** — Compare consumption-based pricing models. Review the official Microsoft exam guide (AZ-900) and linked documentation. Objective: CC-3.,https://learn.microsoft.com/azure/|https://learn.microsoft.com/credentials/certifications/azure-fundamentals/
az-900,cloud-concepts,CC-3,AZ-900 — CC-3 (EASY) #9,Which description accurately reflects Compare consumption-based pricing models?,Use an approach that contradicts the exam objective and ignores documented constraints.,"Deploy without monitoring, backup, or access controls required by the blueprint.",Mix controls from unrelated domains that do not address the stated objective.,Apply the official Describe Cloud Concepts guidance: Compare consumption-based pricing models — this aligns with exam blueprint expectations and vendor documentation.,B,EASY,az-900|cloud-concepts|CC-3|easy|blueprint-seed,**Answer: B** — Compare consumption-based pricing models. Review the official Microsoft exam guide (AZ-900) and linked documentation. Objective: CC-3.,https://learn.microsoft.com/azure/|https://learn.microsoft.com/credentials/certifications/azure-fundamentals/
az-900,cloud-concepts,CC-3,AZ-900 — CC-3 (EASY) #10,Which statement best defines the scope of Compare consumption-based pricing models?,"Deploy without monitoring, backup, or access controls required by the blueprint.",Mix controls from unrelated domains that do not address the stated objective.,"Follow the documented approach for Compare consumption-based pricing models, using recommended services and controls per the exam guide.",Use an approach that contradicts the exam objective and ignores documented constraints.,C,EASY,az-900|cloud-concepts|CC-3|easy|blueprint-seed,**Answer: C** — Compare consumption-based pricing models. Review the official Microsoft exam guide (AZ-900) and linked documentation. Objective: CC-3.,https://learn.microsoft.com/azure/|https://learn.microsoft.com/credentials/certifications/azure-fundamentals/
az-900,cloud-concepts,CC-3,AZ-900 — CC-3 (EASY) #11,What is the primary purpose of Compare consumption-based pricing models?,Mix controls from unrelated domains that do not address the stated objective.,"Implement Compare consumption-based pricing models using Microsoft best practices for Describe Cloud Concepts, including monitoring and least privilege.",Use an approach that contradicts the exam objective and ignores documented constraints.,"Deploy without monitoring, backup, or access controls required by the blueprint.",D,EASY,az-900|cloud-concepts|CC-3|easy|blueprint-seed,**Answer: D** — Compare consumption-based pricing models. Review the official Microsoft exam guide (AZ-900) and linked documentation. Objective: CC-3.,https://learn.microsoft.com/azure/|https://learn.microsoft.com/credentials/certifications/azure-fundamentals/
az-900,cloud-concepts,CC-3,AZ-900 — CC-3 (EASY) #12,Which concept is fundamental to Compare consumption-based pricing models?,Apply the official Describe Cloud Concepts guidance: Compare consumption-based pricing models — this aligns with exam blueprint expectations and vendor documentation.,Use an approach that contradicts the exam objective and ignores documented constraints.,"Deploy without monitoring, backup, or access controls required by the blueprint.",Mix controls from unrelated domains that do not address the stated objective.,A,EASY,az-900|cloud-concepts|CC-3|easy|blueprint-seed,**Answer: A** — Compare consumption-based pricing models. Review the official Microsoft exam guide (AZ-900) and linked documentation. Objective: CC-3.,https://learn.microsoft.com/azure/|https://learn.microsoft.com/credentials/certifications/azure-fundamentals/
az-900,cloud-concepts,CC-3,AZ-900 — CC-3 (MEDIUM) #13,Which configuration satisfies requirements for Compare consumption-based pricing models in the context of Microsoft Azure Fundamentals?,Use an approach that contradicts the exam objective and ignores documented constraints.,"Deploy without monitoring, backup, or access controls required by the blueprint.",Mix controls from unrelated domains that do not address the stated objective.,"Follow the documented approach for Compare consumption-based pricing models, using recommended services and controls per the exam guide.",B,MEDIUM,az-900|cloud-concepts|CC-3|medium|blueprint-seed,**Answer: B** — Compare consumption-based pricing models. Review the official Microsoft exam guide (AZ-900) and linked documentation. Objective: CC-3.,https://learn.microsoft.com/azure/|https://learn.microsoft.com/credentials/certifications/azure-fundamentals/
az-900,cloud-concepts,CC-3,AZ-900 — CC-3 (MEDIUM) #14,What is the recommended design when applying Compare consumption-based pricing models in the context of Microsoft Azure Fundamentals?,"Deploy without monitoring, backup, or access controls required by the blueprint.",Mix controls from unrelated domains that do not address the stated objective.,"Implement Compare consumption-based pricing models using Microsoft best practices for Describe Cloud Concepts, including monitoring and least privilege.",Use an approach that contradicts the exam objective and ignores documented constraints.,C,MEDIUM,az-900|cloud-concepts|CC-3|medium|blueprint-seed,**Answer: C** — Compare consumption-based pricing models. Review the official Microsoft exam guide (AZ-900) and linked documentation. Objective: CC-3.,https://learn.microsoft.com/azure/|https://learn.microsoft.com/credentials/certifications/azure-fundamentals/
az-900,cloud-concepts,CC-3,AZ-900 — CC-3 (MEDIUM) #15,A team must implement a solution for Compare consumption-based pricing models in the context of Microsoft Azure Fundamentals?,Mix controls from unrelated domains that do not address the stated objective.,Apply the official Describe Cloud Concepts guidance: Compare consumption-based pricing models — this aligns with exam blueprint expectations and vendor documentation.,Use an approach that contradicts the exam objective and ignores documented constraints.,"Deploy without monitoring, backup, or access controls required by the blueprint.",D,MEDIUM,az-900|cloud-concepts|CC-3|medium|blueprint-seed,**Answer: D** — Compare consumption-based pricing models. Review the official Microsoft exam guide (AZ-900) and linked documentation. Objective: CC-3.,https://learn.microsoft.com/azure/|https://learn.microsoft.com/credentials/certifications/azure-fundamentals/
az-900,cloud-concepts,CC-3,AZ-900 — CC-3 (MEDIUM) #16,Which approach aligns with best practices when Compare consumption-based pricing models in the context of Microsoft Azure Fundamentals?,"Follow the documented approach for Compare consumption-based pricing models, using recommended services and controls per the exam guide.",Use an approach that contradicts the exam objective and ignores documented constraints.,"Deploy without monitoring, backup, or access controls required by the blueprint.",Mix controls from unrelated domains that do not address the stated objective.,A,MEDIUM,az-900|cloud-concepts|CC-3|medium|blueprint-seed,**Answer: A** — Compare consumption-based pricing models. Review the official Microsoft exam guide (AZ-900) and linked documentation. Objective: CC-3.,https://learn.microsoft.com/azure/|https://learn.microsoft.com/credentials/certifications/azure-fundamentals/
az-900,cloud-concepts,CC-3,AZ-900 — CC-3 (MEDIUM) #17,"During a project review, stakeholders ask how to Compare consumption-based pricing models in the context of Microsoft Azure Fundamentals?",Use an approach that contradicts the exam objective and ignores documented constraints.,"Deploy without monitoring, backup, or access controls required by the blueprint.",Mix controls from unrelated domains that do not address the stated objective.,"Implement Compare consumption-based pricing models using Microsoft best practices for Describe Cloud Concepts, including monitoring and least privilege.",B,MEDIUM,az-900|cloud-concepts|CC-3|medium|blueprint-seed,**Answer: B** — Compare consumption-based pricing models. Review the official Microsoft exam guide (AZ-900) and linked documentation. Objective: CC-3.,https://learn.microsoft.com/azure/|https://learn.microsoft.com/credentials/certifications/azure-fundamentals/
az-900,cloud-concepts,CC-3,AZ-900 — CC-3 (MEDIUM) #18,Which configuration satisfies requirements for Compare consumption-based pricing models in the context of Microsoft Azure Fundamentals?,"Deploy without monitoring, backup, or access controls required by the blueprint.",Mix controls from unrelated domains that do not address the stated objective.,Apply the official Describe Cloud Concepts guidance: Compare consumption-based pricing models — this aligns with exam blueprint expectations and vendor documentation.,Use an approach that contradicts the exam objective and ignores documented constraints.,C,MEDIUM,az-900|cloud-concepts|CC-3|medium|blueprint-seed,**Answer: C** — Compare consumption-based pricing models. Review the official Microsoft exam guide (AZ-900) and linked documentation. Objective: CC-3.,https://learn.microsoft.com/azure/|https://learn.microsoft.com/credentials/certifications/azure-fundamentals/
az-900,cloud-concepts,CC-3,AZ-900 — CC-3 (MEDIUM) #19,What is the recommended design when applying Compare consumption-based pricing models in the context of Microsoft Azure Fundamentals?,Mix controls from unrelated domains that do not address the stated objective.,"Follow the documented approach for Compare consumption-based pricing models, using recommended services and controls per the exam guide.",Use an approach that contradicts the exam objective and ignores documented constraints.,"Deploy without monitoring, backup, or access controls required by the blueprint.",D,MEDIUM,az-900|cloud-concepts|CC-3|medium|blueprint-seed,**Answer: D** — Compare consumption-based pricing models. Review the official Microsoft exam guide (AZ-900) and linked documentation. Objective: CC-3.,https://learn.microsoft.com/azure/|https://learn.microsoft.com/credentials/certifications/azure-fundamentals/
az-900,cloud-concepts,CC-3,AZ-900 — CC-3 (MEDIUM) #20,A team must implement a solution for Compare consumption-based pricing models in the context of Microsoft Azure Fundamentals?,"Implement Compare consumption-based pricing models using Microsoft best practices for Describe Cloud Concepts, including monitoring and least privilege.",Use an approach that contradicts the exam objective and ignores documented constraints.,"Deploy without monitoring, backup, or access controls required by the blueprint.",Mix controls from unrelated domains that do not address the stated objective.,A,MEDIUM,az-900|cloud-concepts|CC-3|medium|blueprint-seed,**Answer: A** — Compare consumption-based pricing models. Review the official Microsoft exam guide (AZ-900) and linked documentation. Objective: CC-3.,https://learn.microsoft.com/azure/|https://learn.microsoft.com/credentials/certifications/azure-fundamentals/
az-900,cloud-concepts,CC-3,AZ-900 — CC-3 (MEDIUM) #21,Which approach aligns with best practices when Compare consumption-based pricing models in the context of Microsoft Azure Fundamentals?,Use an approach that contradicts the exam objective and ignores documented constraints.,"Deploy without monitoring, backup, or access controls required by the blueprint.",Mix controls from unrelated domains that do not address the stated objective.,Apply the official Describe Cloud Concepts guidance: Compare consumption-based pricing models — this aligns with exam blueprint expectations and vendor documentation.,B,MEDIUM,az-900|cloud-concepts|CC-3|medium|blueprint-seed,**Answer: B** — Compare consumption-based pricing models. Review the official Microsoft exam guide (AZ-900) and linked documentation. Objective: CC-3.,https://learn.microsoft.com/azure/|https://learn.microsoft.com/credentials/certifications/azure-fundamentals/
az-900,cloud-concepts,CC-3,AZ-900 — CC-3 (MEDIUM) #22,"During a project review, stakeholders ask how to Compare consumption-based pricing models in the context of Microsoft Azure Fundamentals?","Deploy without monitoring, backup, or access controls required by the blueprint.",Mix controls from unrelated domains that do not address the stated objective.,"Follow the documented approach for Compare consumption-based pricing models, using recommended services and controls per the exam guide.",Use an approach that contradicts the exam objective and ignores documented constraints.,C,MEDIUM,az-900|cloud-concepts|CC-3|medium|blueprint-seed,**Answer: C** — Compare consumption-based pricing models. Review the official Microsoft exam guide (AZ-900) and linked documentation. Objective: CC-3.,https://learn.microsoft.com/azure/|https://learn.microsoft.com/credentials/certifications/azure-fundamentals/
az-900,cloud-concepts,CC-3,AZ-900 — CC-3 (MEDIUM) #23,Which configuration satisfies requirements for Compare consumption-based pricing models in the context of Microsoft Azure Fundamentals?,Mix controls from unrelated domains that do not address the stated objective.,"Implement Compare consumption-based pricing models using Microsoft best practices for Describe Cloud Concepts, including monitoring and least privilege.",Use an approach that contradicts the exam objective and ignores documented constraints.,"Deploy without monitoring, backup, or access controls required by the blueprint.",D,MEDIUM,az-900|cloud-concepts|CC-3|medium|blueprint-seed,**Answer: D** — Compare consumption-based pricing models. Review the official Microsoft exam guide (AZ-900) and linked documentation. Objective: CC-3.,https://learn.microsoft.com/azure/|https://learn.microsoft.com/credentials/certifications/azure-fundamentals/
az-900,cloud-concepts,CC-3,AZ-900 — CC-3 (MEDIUM) #24,What is the recommended design when applying Compare consumption-based pricing models in the context of Microsoft Azure Fundamentals?,Apply the official Describe Cloud Concepts guidance: Compare consumption-based pricing models — this aligns with exam blueprint expectations and vendor documentation.,Use an approach that contradicts the exam objective and ignores documented constraints.,"Deploy without monitoring, backup, or access controls required by the blueprint.",Mix controls from unrelated domains that do not address the stated objective.,A,MEDIUM,az-900|cloud-concepts|CC-3|medium|blueprint-seed,**Answer: A** — Compare consumption-based pricing models. Review the official Microsoft exam guide (AZ-900) and linked documentation. Objective: CC-3.,https://learn.microsoft.com/azure/|https://learn.microsoft.com/credentials/certifications/azure-fundamentals/
az-900,cloud-concepts,CC-3,AZ-900 — CC-3 (MEDIUM) #25,A team must implement a solution for Compare consumption-based pricing models in the context of Microsoft Azure Fundamentals?,Use an approach that contradicts the exam objective and ignores documented constraints.,"Deploy without monitoring, backup, or access controls required by the blueprint.",Mix controls from unrelated domains that do not address the stated objective.,"Follow the documented approach for Compare consumption-based pricing models, using recommended services and controls per the exam guide.",B,MEDIUM,az-900|cloud-concepts|CC-3|medium|blueprint-seed,**Answer: B** — Compare consumption-based pricing models. Review the official Microsoft exam guide (AZ-900) and linked documentation. Objective: CC-3.,https://learn.microsoft.com/azure/|https://learn.microsoft.com/credentials/certifications/azure-fundamentals/
az-900,cloud-concepts,CC-3,AZ-900 — CC-3 (MEDIUM) #26,Which approach aligns with best practices when Compare consumption-based pricing models in the context of Microsoft Azure Fundamentals?,"Deploy without monitoring, backup, or access controls required by the blueprint.",Mix controls from unrelated domains that do not address the stated objective.,"Implement Compare consumption-based pricing models using Microsoft best practices for Describe Cloud Concepts, including monitoring and least privilege.",Use an approach that contradicts the exam objective and ignores documented constraints.,C,MEDIUM,az-900|cloud-concepts|CC-3|medium|blueprint-seed,**Answer: C** — Compare consumption-based pricing models. Review the official Microsoft exam guide (AZ-900) and linked documentation. Objective: CC-3.,https://learn.microsoft.com/azure/|https://learn.microsoft.com/credentials/certifications/azure-fundamentals/
az-900,cloud-concepts,CC-3,AZ-900 — CC-3 (MEDIUM) #27,"During a project review, stakeholders ask how to Compare consumption-based pricing models in the context of Microsoft Azure Fundamentals?",Mix controls from unrelated domains that do not address the stated objective.,Apply the official Describe Cloud Concepts guidance: Compare consumption-based pricing models — this aligns with exam blueprint expectations and vendor documentation.,Use an approach that contradicts the exam objective and ignores documented constraints.,"Deploy without monitoring, backup, or access controls required by the blueprint.",D,MEDIUM,az-900|cloud-concepts|CC-3|medium|blueprint-seed,**Answer: D** — Compare consumption-based pricing models. Review the official Microsoft exam guide (AZ-900) and linked documentation. Objective: CC-3.,https://learn.microsoft.com/azure/|https://learn.microsoft.com/credentials/certifications/azure-fundamentals/
az-900,cloud-concepts,CC-3,AZ-900 — CC-3 (MEDIUM) #28,Which configuration satisfies requirements for Compare consumption-based pricing models in the context of Microsoft Azure Fundamentals?,"Follow the documented approach for Compare consumption-based pricing models, using recommended services and controls per the exam guide.",Use an approach that contradicts the exam objective and ignores documented constraints.,"Deploy without monitoring, backup, or access controls required by the blueprint.",Mix controls from unrelated domains that do not address the stated objective.,A,MEDIUM,az-900|cloud-concepts|CC-3|medium|blueprint-seed,**Answer: A** — Compare consumption-based pricing models. Review the official Microsoft exam guide (AZ-900) and linked documentation. Objective: CC-3.,https://learn.microsoft.com/azure/|https://learn.microsoft.com/credentials/certifications/azure-fundamentals/
az-900,cloud-concepts,CC-3,AZ-900 — CC-3 (HARD) #29,A multi-team rollout must balance security and velocity for Compare consumption-based pricing models for Describe Cloud Concepts?,Use an approach that contradicts the exam objective and ignores documented constraints.,"Deploy without monitoring, backup, or access controls required by the blueprint.",Mix controls from unrelated domains that do not address the stated objective.,"Implement Compare consumption-based pricing models using Microsoft best practices for Describe Cloud Concepts, including monitoring and least privilege.",B,HARD,az-900|cloud-concepts|CC-3|hard|blueprint-seed,**Answer: B** — Compare consumption-based pricing models. Review the official Microsoft exam guide (AZ-900) and linked documentation. Objective: CC-3.,https://learn.microsoft.com/azure/|https://learn.microsoft.com/credentials/certifications/azure-fundamentals/
az-900,cloud-concepts,CC-3,AZ-900 — CC-3 (HARD) #30,An enterprise requires zero-downtime architecture while Compare consumption-based pricing models for Describe Cloud Concepts?,"Deploy without monitoring, backup, or access controls required by the blueprint.",Mix controls from unrelated domains that do not address the stated objective.,Apply the official Describe Cloud Concepts guidance: Compare consumption-based pricing models — this aligns with exam blueprint expectations and vendor documentation.,Use an approach that contradicts the exam objective and ignores documented constraints.,C,HARD,az-900|cloud-concepts|CC-3|hard|blueprint-seed,**Answer: C** — Compare consumption-based pricing models. Review the official Microsoft exam guide (AZ-900) and linked documentation. Objective: CC-3.,https://learn.microsoft.com/azure/|https://learn.microsoft.com/credentials/certifications/azure-fundamentals/
az-900,cloud-concepts,CC-3,AZ-900 — CC-3 (HARD) #31,"Given strict compliance, auditability, and multi-region constraints, how should you Compare consumption-based pricing models for Describe Cloud Concepts?",Mix controls from unrelated domains that do not address the stated objective.,"Follow the documented approach for Compare consumption-based pricing models, using recommended services and controls per the exam guide.",Use an approach that contradicts the exam objective and ignores documented constraints.,"Deploy without monitoring, backup, or access controls required by the blueprint.",D,HARD,az-900|cloud-concepts|CC-3|hard|blueprint-seed,**Answer: D** — Compare consumption-based pricing models. Review the official Microsoft exam guide (AZ-900) and linked documentation. Objective: CC-3.,https://learn.microsoft.com/azure/|https://learn.microsoft.com/credentials/certifications/azure-fundamentals/
az-900,cloud-concepts,CC-3,AZ-900 — CC-3 (HARD) #32,A production incident involves trade-offs between cost and resilience for Compare consumption-based pricing models for Describe Cloud Concepts?,"Implement Compare consumption-based pricing models using Microsoft best practices for Describe Cloud Concepts, including monitoring and least privilege.",Use an approach that contradicts the exam objective and ignores documented constraints.,"Deploy without monitoring, backup, or access controls required by the blueprint.",Mix controls from unrelated domains that do not address the stated objective.,A,HARD,az-900|cloud-concepts|CC-3|hard|blueprint-seed,**Answer: A** — Compare consumption-based pricing models. Review the official Microsoft exam guide (AZ-900) and linked documentation. Objective: CC-3.,https://learn.microsoft.com/azure/|https://learn.microsoft.com/credentials/certifications/azure-fundamentals/
az-900,cloud-concepts,CC-3,AZ-900 — CC-3 (HARD) #33,Complex regulatory requirements demand that you Compare consumption-based pricing models for Describe Cloud Concepts?,Use an approach that contradicts the exam objective and ignores documented constraints.,"Deploy without monitoring, backup, or access controls required by the blueprint.",Mix controls from unrelated domains that do not address the stated objective.,Apply the official Describe Cloud Concepts guidance: Compare consumption-based pricing models — this aligns with exam blueprint expectations and vendor documentation.,B,HARD,az-900|cloud-concepts|CC-3|hard|blueprint-seed,**Answer: B** — Compare consumption-based pricing models. Review the official Microsoft exam guide (AZ-900) and linked documentation. Objective: CC-3.,https://learn.microsoft.com/azure/|https://learn.microsoft.com/credentials/certifications/azure-fundamentals/
az-900,cloud-concepts,CC-3,AZ-900 — CC-3 (HARD) #34,A multi-team rollout must balance security and velocity for Compare consumption-based pricing models for Describe Cloud Concepts?,"Deploy without monitoring, backup, or access controls required by the blueprint.",Mix controls from unrelated domains that do not address the stated objective.,"Follow the documented approach for Compare consumption-based pricing models, using recommended services and controls per the exam guide.",Use an approach that contradicts the exam objective and ignores documented constraints.,C,HARD,az-900|cloud-concepts|CC-3|hard|blueprint-seed,**Answer: C** — Compare consumption-based pricing models. Review the official Microsoft exam guide (AZ-900) and linked documentation. Objective: CC-3.,https://learn.microsoft.com/azure/|https://learn.microsoft.com/credentials/certifications/azure-fundamentals/
az-900,cloud-concepts,CC-3,AZ-900 — CC-3 (HARD) #35,An enterprise requires zero-downtime architecture while Compare consumption-based pricing models for Describe Cloud Concepts?,Mix controls from unrelated domains that do not address the stated objective.,"Implement Compare consumption-based pricing models using Microsoft best practices for Describe Cloud Concepts, including monitoring and least privilege.",Use an approach that contradicts the exam objective and ignores documented constraints.,"Deploy without monitoring, backup, or access controls required by the blueprint.",D,HARD,az-900|cloud-concepts|CC-3|hard|blueprint-seed,**Answer: D** — Compare consumption-based pricing models. Review the official Microsoft exam guide (AZ-900) and linked documentation. Objective: CC-3.,https://learn.microsoft.com/azure/|https://learn.microsoft.com/credentials/certifications/azure-fundamentals/
az-900,cloud-concepts,CC-3,AZ-900 — CC-3 (HARD) #36,"Given strict compliance, auditability, and multi-region constraints, how should you Compare consumption-based pricing models for Describe Cloud Concepts?",Apply the official Describe Cloud Concepts guidance: Compare consumption-based pricing models — this aligns with exam blueprint expectations and vendor documentation.,Use an approach that contradicts the exam objective and ignores documented constraints.,"Deploy without monitoring, backup, or access controls required by the blueprint.",Mix controls from unrelated domains that do not address the stated objective.,A,HARD,az-900|cloud-concepts|CC-3|hard|blueprint-seed,**Answer: A** — Compare consumption-based pricing models. Review the official Microsoft exam guide (AZ-900) and linked documentation. Objective: CC-3.,https://learn.microsoft.com/azure/|https://learn.microsoft.com/credentials/certifications/azure-fundamentals/
az-900,cloud-concepts,CC-3,AZ-900 — CC-3 (HARD) #37,A production incident involves trade-offs between cost and resilience for Compare consumption-based pricing models for Describe Cloud Concepts?,Use an approach that contradicts the exam objective and ignores documented constraints.,"Deploy without monitoring, backup, or access controls required by the blueprint.",Mix controls from unrelated domains that do not address the stated objective.,"Follow the documented approach for Compare consumption-based pricing models, using recommended services and controls per the exam guide.",B,HARD,az-900|cloud-concepts|CC-3|hard|blueprint-seed,**Answer: B** — Compare consumption-based pricing models. Review the official Microsoft exam guide (AZ-900) and linked documentation. Objective: CC-3.,https://learn.microsoft.com/azure/|https://learn.microsoft.com/credentials/certifications/azure-fundamentals/
az-900,cloud-concepts,CC-3,AZ-900 — CC-3 (HARD) #38,Complex regulatory requirements demand that you Compare consumption-based pricing models for Describe Cloud Concepts?,"Deploy without monitoring, backup, or access controls required by the blueprint.",Mix controls from unrelated domains that do not address the stated objective.,"Implement Compare consumption-based pricing models using Microsoft best practices for Describe Cloud Concepts, including monitoring and least privilege.",Use an approach that contradicts the exam objective and ignores documented constraints.,C,HARD,az-900|cloud-concepts|CC-3|hard|blueprint-seed,**Answer: C** — Compare consumption-based pricing models. Review the official Microsoft exam guide (AZ-900) and linked documentation. Objective: CC-3.,https://learn.microsoft.com/azure/|https://learn.microsoft.com/credentials/certifications/azure-fundamentals/
az-900,cloud-concepts,CC-3,AZ-900 — CC-3 (HARD) #39,A multi-team rollout must balance security and velocity for Compare consumption-based pricing models for Describe Cloud Concepts?,Mix controls from unrelated domains that do not address the stated objective.,Apply the official Describe Cloud Concepts guidance: Compare consumption-based pricing models — this aligns with exam blueprint expectations and vendor documentation.,Use an approach that contradicts the exam objective and ignores documented constraints.,"Deploy without monitoring, backup, or access controls required by the blueprint.",D,HARD,az-900|cloud-concepts|CC-3|hard|blueprint-seed,**Answer: D** — Compare consumption-based pricing models. Review the official Microsoft exam guide (AZ-900) and linked documentation. Objective: CC-3.,https://learn.microsoft.com/azure/|https://learn.microsoft.com/credentials/certifications/azure-fundamentals/
az-900,cloud-concepts,CC-3,AZ-900 — CC-3 (HARD) #40,An enterprise requires zero-downtime architecture while Compare consumption-based pricing models for Describe Cloud Concepts?,"Follow the documented approach for Compare consumption-based pricing models, using recommended services and controls per the exam guide.",Use an approach that contradicts the exam objective and ignores documented constraints.,"Deploy without monitoring, backup, or access controls required by the blueprint.",Mix controls from unrelated domains that do not address the stated objective.,A,HARD,az-900|cloud-concepts|CC-3|hard|blueprint-seed,**Answer: A** — Compare consumption-based pricing models. Review the official Microsoft exam guide (AZ-900) and linked documentation. Objective: CC-3.,https://learn.microsoft.com/azure/|https://learn.microsoft.com/credentials/certifications/azure-fundamentals/
az-900,cloud-concepts,CC-3,AZ-900 — CC-3 (HARD) #41,"Given strict compliance, auditability, and multi-region constraints, how should you Compare consumption-based pricing models for Describe Cloud Concepts?",Use an approach that contradicts the exam objective and ignores documented constraints.,"Deploy without monitoring, backup, or access controls required by the blueprint.",Mix controls from unrelated domains that do not address the stated objective.,"Implement Compare consumption-based pricing models using Microsoft best practices for Describe Cloud Concepts, including monitoring and least privilege.",B,HARD,az-900|cloud-concepts|CC-3|hard|blueprint-seed,**Answer: B** — Compare consumption-based pricing models. Review the official Microsoft exam guide (AZ-900) and linked documentation. Objective: CC-3.,https://learn.microsoft.com/azure/|https://learn.microsoft.com/credentials/certifications/azure-fundamentals/
az-900,azure-architecture,AA-1,AZ-900 — AA-1 (EASY) #1,What is the primary purpose of Describe core Azure architectural components?,Use an approach that contradicts the exam objective and ignores documented constraints.,"Deploy without monitoring, backup, or access controls required by the blueprint.",Mix controls from unrelated domains that do not address the stated objective.,"Follow the documented approach for Describe core Azure architectural components, using recommended services and controls per the exam guide.",B,EASY,az-900|azure-architecture|AA-1|easy|blueprint-seed,**Answer: B** — Describe core Azure architectural components. Review the official Microsoft exam guide (AZ-900) and linked documentation. Objective: AA-1.,https://learn.microsoft.com/azure/|https://learn.microsoft.com/credentials/certifications/azure-fundamentals/
az-900,azure-architecture,AA-1,AZ-900 — AA-1 (EASY) #2,Which concept is fundamental to Describe core Azure architectural components?,"Deploy without monitoring, backup, or access controls required by the blueprint.",Mix controls from unrelated domains that do not address the stated objective.,"Implement Describe core Azure architectural components using Microsoft best practices for Describe Azure Architecture and Services, including monitoring and least privilege.",Use an approach that contradicts the exam objective and ignores documented constraints.,C,EASY,az-900|azure-architecture|AA-1|easy|blueprint-seed,**Answer: C** — Describe core Azure architectural components. Review the official Microsoft exam guide (AZ-900) and linked documentation. Objective: AA-1.,https://learn.microsoft.com/azure/|https://learn.microsoft.com/credentials/certifications/azure-fundamentals/
az-900,azure-architecture,AA-1,AZ-900 — AA-1 (EASY) #3,Identify the core principle behind Describe core Azure architectural components?,Mix controls from unrelated domains that do not address the stated objective.,Apply the official Describe Azure Architecture and Services guidance: Describe core Azure architectural components — this aligns with exam blueprint expectations and vendor documentation.,Use an approach that contradicts the exam objective and ignores documented constraints.,"Deploy without monitoring, backup, or access controls required by the blueprint.",D,EASY,az-900|azure-architecture|AA-1|easy|blueprint-seed,**Answer: D** — Describe core Azure architectural components. Review the official Microsoft exam guide (AZ-900) and linked documentation. Objective: AA-1.,https://learn.microsoft.com/azure/|https://learn.microsoft.com/credentials/certifications/azure-fundamentals/
az-900,azure-architecture,AA-1,AZ-900 — AA-1 (EASY) #4,Which description accurately reflects Describe core Azure architectural components?,"Follow the documented approach for Describe core Azure architectural components, using recommended services and controls per the exam guide.",Use an approach that contradicts the exam objective and ignores documented constraints.,"Deploy without monitoring, backup, or access controls required by the blueprint.",Mix controls from unrelated domains that do not address the stated objective.,A,EASY,az-900|azure-architecture|AA-1|easy|blueprint-seed,**Answer: A** — Describe core Azure architectural components. Review the official Microsoft exam guide (AZ-900) and linked documentation. Objective: AA-1.,https://learn.microsoft.com/azure/|https://learn.microsoft.com/credentials/certifications/azure-fundamentals/
az-900,azure-architecture,AA-1,AZ-900 — AA-1 (EASY) #5,Which statement best defines the scope of Describe core Azure architectural components?,Use an approach that contradicts the exam objective and ignores documented constraints.,"Deploy without monitoring, backup, or access controls required by the blueprint.",Mix controls from unrelated domains that do not address the stated objective.,"Implement Describe core Azure architectural components using Microsoft best practices for Describe Azure Architecture and Services, including monitoring and least privilege.",B,EASY,az-900|azure-architecture|AA-1|easy|blueprint-seed,**Answer: B** — Describe core Azure architectural components. Review the official Microsoft exam guide (AZ-900) and linked documentation. Objective: AA-1.,https://learn.microsoft.com/azure/|https://learn.microsoft.com/credentials/certifications/azure-fundamentals/
az-900,azure-architecture,AA-1,AZ-900 — AA-1 (EASY) #6,What is the primary purpose of Describe core Azure architectural components?,"Deploy without monitoring, backup, or access controls required by the blueprint.",Mix controls from unrelated domains that do not address the stated objective.,Apply the official Describe Azure Architecture and Services guidance: Describe core Azure architectural components — this aligns with exam blueprint expectations and vendor documentation.,Use an approach that contradicts the exam objective and ignores documented constraints.,C,EASY,az-900|azure-architecture|AA-1|easy|blueprint-seed,**Answer: C** — Describe core Azure architectural components. Review the official Microsoft exam guide (AZ-900) and linked documentation. Objective: AA-1.,https://learn.microsoft.com/azure/|https://learn.microsoft.com/credentials/certifications/azure-fundamentals/
az-900,azure-architecture,AA-1,AZ-900 — AA-1 (EASY) #7,Which concept is fundamental to Describe core Azure architectural components?,Mix controls from unrelated domains that do not address the stated objective.,"Follow the documented approach for Describe core Azure architectural components, using recommended services and controls per the exam guide.",Use an approach that contradicts the exam objective and ignores documented constraints.,"Deploy without monitoring, backup, or access controls required by the blueprint.",D,EASY,az-900|azure-architecture|AA-1|easy|blueprint-seed,**Answer: D** — Describe core Azure architectural components. Review the official Microsoft exam guide (AZ-900) and linked documentation. Objective: AA-1.,https://learn.microsoft.com/azure/|https://learn.microsoft.com/credentials/certifications/azure-fundamentals/
az-900,azure-architecture,AA-1,AZ-900 — AA-1 (EASY) #8,Identify the core principle behind Describe core Azure architectural components?,"Implement Describe core Azure architectural components using Microsoft best practices for Describe Azure Architecture and Services, including monitoring and least privilege.",Use an approach that contradicts the exam objective and ignores documented constraints.,"Deploy without monitoring, backup, or access controls required by the blueprint.",Mix controls from unrelated domains that do not address the stated objective.,A,EASY,az-900|azure-architecture|AA-1|easy|blueprint-seed,**Answer: A** — Describe core Azure architectural components. Review the official Microsoft exam guide (AZ-900) and linked documentation. Objective: AA-1.,https://learn.microsoft.com/azure/|https://learn.microsoft.com/credentials/certifications/azure-fundamentals/
az-900,azure-architecture,AA-1,AZ-900 — AA-1 (EASY) #9,Which description accurately reflects Describe core Azure architectural components?,Use an approach that contradicts the exam objective and ignores documented constraints.,"Deploy without monitoring, backup, or access controls required by the blueprint.",Mix controls from unrelated domains that do not address the stated objective.,Apply the official Describe Azure Architecture and Services guidance: Describe core Azure architectural components — this aligns with exam blueprint expectations and vendor documentation.,B,EASY,az-900|azure-architecture|AA-1|easy|blueprint-seed,**Answer: B** — Describe core Azure architectural components. Review the official Microsoft exam guide (AZ-900) and linked documentation. Objective: AA-1.,https://learn.microsoft.com/azure/|https://learn.microsoft.com/credentials/certifications/azure-fundamentals/
az-900,azure-architecture,AA-1,AZ-900 — AA-1 (EASY) #10,Which statement best defines the scope of Describe core Azure architectural components?,"Deploy without monitoring, backup, or access controls required by the blueprint.",Mix controls from unrelated domains that do not address the stated objective.,"Follow the documented approach for Describe core Azure architectural components, using recommended services and controls per the exam guide.",Use an approach that contradicts the exam objective and ignores documented constraints.,C,EASY,az-900|azure-architecture|AA-1|easy|blueprint-seed,**Answer: C** — Describe core Azure architectural components. Review the official Microsoft exam guide (AZ-900) and linked documentation. Objective: AA-1.,https://learn.microsoft.com/azure/|https://learn.microsoft.com/credentials/certifications/azure-fundamentals/
az-900,azure-architecture,AA-1,AZ-900 — AA-1 (EASY) #11,What is the primary purpose of Describe core Azure architectural components?,Mix controls from unrelated domains that do not address the stated objective.,"Implement Describe core Azure architectural components using Microsoft best practices for Describe Azure Architecture and Services, including monitoring and least privilege.",Use an approach that contradicts the exam objective and ignores documented constraints.,"Deploy without monitoring, backup, or access controls required by the blueprint.",D,EASY,az-900|azure-architecture|AA-1|easy|blueprint-seed,**Answer: D** — Describe core Azure architectural components. Review the official Microsoft exam guide (AZ-900) and linked documentation. Objective: AA-1.,https://learn.microsoft.com/azure/|https://learn.microsoft.com/credentials/certifications/azure-fundamentals/
az-900,azure-architecture,AA-1,AZ-900 — AA-1 (EASY) #12,Which concept is fundamental to Describe core Azure architectural components?,Apply the official Describe Azure Architecture and Services guidance: Describe core Azure architectural components — this aligns with exam blueprint expectations and vendor documentation.,Use an approach that contradicts the exam objective and ignores documented constraints.,"Deploy without monitoring, backup, or access controls required by the blueprint.",Mix controls from unrelated domains that do not address the stated objective.,A,EASY,az-900|azure-architecture|AA-1|easy|blueprint-seed,**Answer: A** — Describe core Azure architectural components. Review the official Microsoft exam guide (AZ-900) and linked documentation. Objective: AA-1.,https://learn.microsoft.com/azure/|https://learn.microsoft.com/credentials/certifications/azure-fundamentals/
az-900,azure-architecture,AA-1,AZ-900 — AA-1 (EASY) #13,Identify the core principle behind Describe core Azure architectural components?,Use an approach that contradicts the exam objective and ignores documented constraints.,"Deploy without monitoring, backup, or access controls required by the blueprint.",Mix controls from unrelated domains that do not address the stated objective.,"Follow the documented approach for Describe core Azure architectural components, using recommended services and controls per the exam guide.",B,EASY,az-900|azure-architecture|AA-1|easy|blueprint-seed,**Answer: B** — Describe core Azure architectural components. Review the official Microsoft exam guide (AZ-900) and linked documentation. Objective: AA-1.,https://learn.microsoft.com/azure/|https://learn.microsoft.com/credentials/certifications/azure-fundamentals/
az-900,azure-architecture,AA-1,AZ-900 — AA-1 (MEDIUM) #14,What is the recommended design when applying Describe core Azure architectural components in the context of Microsoft Azure Fundamentals?,"Deploy without monitoring, backup, or access controls required by the blueprint.",Mix controls from unrelated domains that do not address the stated objective.,"Implement Describe core Azure architectural components using Microsoft best practices for Describe Azure Architecture and Services, including monitoring and least privilege.",Use an approach that contradicts the exam objective and ignores documented constraints.,C,MEDIUM,az-900|azure-architecture|AA-1|medium|blueprint-seed,**Answer: C** — Describe core Azure architectural components. Review the official Microsoft exam guide (AZ-900) and linked documentation. Objective: AA-1.,https://learn.microsoft.com/azure/|https://learn.microsoft.com/credentials/certifications/azure-fundamentals/
az-900,azure-architecture,AA-1,AZ-900 — AA-1 (MEDIUM) #15,A team must implement a solution for Describe core Azure architectural components in the context of Microsoft Azure Fundamentals?,Mix controls from unrelated domains that do not address the stated objective.,Apply the official Describe Azure Architecture and Services guidance: Describe core Azure architectural components — this aligns with exam blueprint expectations and vendor documentation.,Use an approach that contradicts the exam objective and ignores documented constraints.,"Deploy without monitoring, backup, or access controls required by the blueprint.",D,MEDIUM,az-900|azure-architecture|AA-1|medium|blueprint-seed,**Answer: D** — Describe core Azure architectural components. Review the official Microsoft exam guide (AZ-900) and linked documentation. Objective: AA-1.,https://learn.microsoft.com/azure/|https://learn.microsoft.com/credentials/certifications/azure-fundamentals/
az-900,azure-architecture,AA-1,AZ-900 — AA-1 (MEDIUM) #16,Which approach aligns with best practices when Describe core Azure architectural components in the context of Microsoft Azure Fundamentals?,"Follow the documented approach for Describe core Azure architectural components, using recommended services and controls per the exam guide.",Use an approach that contradicts the exam objective and ignores documented constraints.,"Deploy without monitoring, backup, or access controls required by the blueprint.",Mix controls from unrelated domains that do not address the stated objective.,A,MEDIUM,az-900|azure-architecture|AA-1|medium|blueprint-seed,**Answer: A** — Describe core Azure architectural components. Review the official Microsoft exam guide (AZ-900) and linked documentation. Objective: AA-1.,https://learn.microsoft.com/azure/|https://learn.microsoft.com/credentials/certifications/azure-fundamentals/
az-900,azure-architecture,AA-1,AZ-900 — AA-1 (MEDIUM) #17,"During a project review, stakeholders ask how to Describe core Azure architectural components in the context of Microsoft Azure Fundamentals?",Use an approach that contradicts the exam objective and ignores documented constraints.,"Deploy without monitoring, backup, or access controls required by the blueprint.",Mix controls from unrelated domains that do not address the stated objective.,"Implement Describe core Azure architectural components using Microsoft best practices for Describe Azure Architecture and Services, including monitoring and least privilege.",B,MEDIUM,az-900|azure-architecture|AA-1|medium|blueprint-seed,**Answer: B** — Describe core Azure architectural components. Review the official Microsoft exam guide (AZ-900) and linked documentation. Objective: AA-1.,https://learn.microsoft.com/azure/|https://learn.microsoft.com/credentials/certifications/azure-fundamentals/
az-900,azure-architecture,AA-1,AZ-900 — AA-1 (MEDIUM) #18,Which configuration satisfies requirements for Describe core Azure architectural components in the context of Microsoft Azure Fundamentals?,"Deploy without monitoring, backup, or access controls required by the blueprint.",Mix controls from unrelated domains that do not address the stated objective.,Apply the official Describe Azure Architecture and Services guidance: Describe core Azure architectural components — this aligns with exam blueprint expectations and vendor documentation.,Use an approach that contradicts the exam objective and ignores documented constraints.,C,MEDIUM,az-900|azure-architecture|AA-1|medium|blueprint-seed,**Answer: C** — Describe core Azure architectural components. Review the official Microsoft exam guide (AZ-900) and linked documentation. Objective: AA-1.,https://learn.microsoft.com/azure/|https://learn.microsoft.com/credentials/certifications/azure-fundamentals/
az-900,azure-architecture,AA-1,AZ-900 — AA-1 (MEDIUM) #19,What is the recommended design when applying Describe core Azure architectural components in the context of Microsoft Azure Fundamentals?,Mix controls from unrelated domains that do not address the stated objective.,"Follow the documented approach for Describe core Azure architectural components, using recommended services and controls per the exam guide.",Use an approach that contradicts the exam objective and ignores documented constraints.,"Deploy without monitoring, backup, or access controls required by the blueprint.",D,MEDIUM,az-900|azure-architecture|AA-1|medium|blueprint-seed,**Answer: D** — Describe core Azure architectural components. Review the official Microsoft exam guide (AZ-900) and linked documentation. Objective: AA-1.,https://learn.microsoft.com/azure/|https://learn.microsoft.com/credentials/certifications/azure-fundamentals/
az-900,azure-architecture,AA-1,AZ-900 — AA-1 (MEDIUM) #20,A team must implement a solution for Describe core Azure architectural components in the context of Microsoft Azure Fundamentals?,"Implement Describe core Azure architectural components using Microsoft best practices for Describe Azure Architecture and Services, including monitoring and least privilege.",Use an approach that contradicts the exam objective and ignores documented constraints.,"Deploy without monitoring, backup, or access controls required by the blueprint.",Mix controls from unrelated domains that do not address the stated objective.,A,MEDIUM,az-900|azure-architecture|AA-1|medium|blueprint-seed,**Answer: A** — Describe core Azure architectural components. Review the official Microsoft exam guide (AZ-900) and linked documentation. Objective: AA-1.,https://learn.microsoft.com/azure/|https://learn.microsoft.com/credentials/certifications/azure-fundamentals/
az-900,azure-architecture,AA-1,AZ-900 — AA-1 (MEDIUM) #21,Which approach aligns with best practices when Describe core Azure architectural components in the context of Microsoft Azure Fundamentals?,Use an approach that contradicts the exam objective and ignores documented constraints.,"Deploy without monitoring, backup, or access controls required by the blueprint.",Mix controls from unrelated domains that do not address the stated objective.,Apply the official Describe Azure Architecture and Services guidance: Describe core Azure architectural components — this aligns with exam blueprint expectations and vendor documentation.,B,MEDIUM,az-900|azure-architecture|AA-1|medium|blueprint-seed,**Answer: B** — Describe core Azure architectural components. Review the official Microsoft exam guide (AZ-900) and linked documentation. Objective: AA-1.,https://learn.microsoft.com/azure/|https://learn.microsoft.com/credentials/certifications/azure-fundamentals/
az-900,azure-architecture,AA-1,AZ-900 — AA-1 (MEDIUM) #22,"During a project review, stakeholders ask how to Describe core Azure architectural components in the context of Microsoft Azure Fundamentals?","Deploy without monitoring, backup, or access controls required by the blueprint.",Mix controls from unrelated domains that do not address the stated objective.,"Follow the documented approach for Describe core Azure architectural components, using recommended services and controls per the exam guide.",Use an approach that contradicts the exam objective and ignores documented constraints.,C,MEDIUM,az-900|azure-architecture|AA-1|medium|blueprint-seed,**Answer: C** — Describe core Azure architectural components. Review the official Microsoft exam guide (AZ-900) and linked documentation. Objective: AA-1.,https://learn.microsoft.com/azure/|https://learn.microsoft.com/credentials/certifications/azure-fundamentals/
az-900,azure-architecture,AA-1,AZ-900 — AA-1 (MEDIUM) #23,Which configuration satisfies requirements for Describe core Azure architectural components in the context of Microsoft Azure Fundamentals?,Mix controls from unrelated domains that do not address the stated objective.,"Implement Describe core Azure architectural components using Microsoft best practices for Describe Azure Architecture and Services, including monitoring and least privilege.",Use an approach that contradicts the exam objective and ignores documented constraints.,"Deploy without monitoring, backup, or access controls required by the blueprint.",D,MEDIUM,az-900|azure-architecture|AA-1|medium|blueprint-seed,**Answer: D** — Describe core Azure architectural components. Review the official Microsoft exam guide (AZ-900) and linked documentation. Objective: AA-1.,https://learn.microsoft.com/azure/|https://learn.microsoft.com/credentials/certifications/azure-fundamentals/
az-900,azure-architecture,AA-1,AZ-900 — AA-1 (MEDIUM) #24,What is the recommended design when applying Describe core Azure architectural components in the context of Microsoft Azure Fundamentals?,Apply the official Describe Azure Architecture and Services guidance: Describe core Azure architectural components — this aligns with exam blueprint expectations and vendor documentation.,Use an approach that contradicts the exam objective and ignores documented constraints.,"Deploy without monitoring, backup, or access controls required by the blueprint.",Mix controls from unrelated domains that do not address the stated objective.,A,MEDIUM,az-900|azure-architecture|AA-1|medium|blueprint-seed,**Answer: A** — Describe core Azure architectural components. Review the official Microsoft exam guide (AZ-900) and linked documentation. Objective: AA-1.,https://learn.microsoft.com/azure/|https://learn.microsoft.com/credentials/certifications/azure-fundamentals/
az-900,azure-architecture,AA-1,AZ-900 — AA-1 (MEDIUM) #25,A team must implement a solution for Describe core Azure architectural components in the context of Microsoft Azure Fundamentals?,Use an approach that contradicts the exam objective and ignores documented constraints.,"Deploy without monitoring, backup, or access controls required by the blueprint.",Mix controls from unrelated domains that do not address the stated objective.,"Follow the documented approach for Describe core Azure architectural components, using recommended services and controls per the exam guide.",B,MEDIUM,az-900|azure-architecture|AA-1|medium|blueprint-seed,**Answer: B** — Describe core Azure architectural components. Review the official Microsoft exam guide (AZ-900) and linked documentation. Objective: AA-1.,https://learn.microsoft.com/azure/|https://learn.microsoft.com/credentials/certifications/azure-fundamentals/
az-900,azure-architecture,AA-1,AZ-900 — AA-1 (MEDIUM) #26,Which approach aligns with best practices when Describe core Azure architectural components in the context of Microsoft Azure Fundamentals?,"Deploy without monitoring, backup, or access controls required by the blueprint.",Mix controls from unrelated domains that do not address the stated objective.,"Implement Describe core Azure architectural components using Microsoft best practices for Describe Azure Architecture and Services, including monitoring and least privilege.",Use an approach that contradicts the exam objective and ignores documented constraints.,C,MEDIUM,az-900|azure-architecture|AA-1|medium|blueprint-seed,**Answer: C** — Describe core Azure architectural components. Review the official Microsoft exam guide (AZ-900) and linked documentation. Objective: AA-1.,https://learn.microsoft.com/azure/|https://learn.microsoft.com/credentials/certifications/azure-fundamentals/
az-900,azure-architecture,AA-1,AZ-900 — AA-1 (MEDIUM) #27,"During a project review, stakeholders ask how to Describe core Azure architectural components in the context of Microsoft Azure Fundamentals?",Mix controls from unrelated domains that do not address the stated objective.,Apply the official Describe Azure Architecture and Services guidance: Describe core Azure architectural components — this aligns with exam blueprint expectations and vendor documentation.,Use an approach that contradicts the exam objective and ignores documented constraints.,"Deploy without monitoring, backup, or access controls required by the blueprint.",D,MEDIUM,az-900|azure-architecture|AA-1|medium|blueprint-seed,**Answer: D** — Describe core Azure architectural components. Review the official Microsoft exam guide (AZ-900) and linked documentation. Objective: AA-1.,https://learn.microsoft.com/azure/|https://learn.microsoft.com/credentials/certifications/azure-fundamentals/
az-900,azure-architecture,AA-1,AZ-900 — AA-1 (MEDIUM) #28,Which configuration satisfies requirements for Describe core Azure architectural components in the context of Microsoft Azure Fundamentals?,"Follow the documented approach for Describe core Azure architectural components, using recommended services and controls per the exam guide.",Use an approach that contradicts the exam objective and ignores documented constraints.,"Deploy without monitoring, backup, or access controls required by the blueprint.",Mix controls from unrelated domains that do not address the stated objective.,A,MEDIUM,az-900|azure-architecture|AA-1|medium|blueprint-seed,**Answer: A** — Describe core Azure architectural components. Review the official Microsoft exam guide (AZ-900) and linked documentation. Objective: AA-1.,https://learn.microsoft.com/azure/|https://learn.microsoft.com/credentials/certifications/azure-fundamentals/
az-900,azure-architecture,AA-1,AZ-900 — AA-1 (MEDIUM) #29,What is the recommended design when applying Describe core Azure architectural components in the context of Microsoft Azure Fundamentals?,Use an approach that contradicts the exam objective and ignores documented constraints.,"Deploy without monitoring, backup, or access controls required by the blueprint.",Mix controls from unrelated domains that do not address the stated objective.,"Implement Describe core Azure architectural components using Microsoft best practices for Describe Azure Architecture and Services, including monitoring and least privilege.",B,MEDIUM,az-900|azure-architecture|AA-1|medium|blueprint-seed,**Answer: B** — Describe core Azure architectural components. Review the official Microsoft exam guide (AZ-900) and linked documentation. Objective: AA-1.,https://learn.microsoft.com/azure/|https://learn.microsoft.com/credentials/certifications/azure-fundamentals/
az-900,azure-architecture,AA-1,AZ-900 — AA-1 (MEDIUM) #30,A team must implement a solution for Describe core Azure architectural components in the context of Microsoft Azure Fundamentals?,"Deploy without monitoring, backup, or access controls required by the blueprint.",Mix controls from unrelated domains that do not address the stated objective.,Apply the official Describe Azure Architecture and Services guidance: Describe core Azure architectural components — this aligns with exam blueprint expectations and vendor documentation.,Use an approach that contradicts the exam objective and ignores documented constraints.,C,MEDIUM,az-900|azure-architecture|AA-1|medium|blueprint-seed,**Answer: C** — Describe core Azure architectural components. Review the official Microsoft exam guide (AZ-900) and linked documentation. Objective: AA-1.,https://learn.microsoft.com/azure/|https://learn.microsoft.com/credentials/certifications/azure-fundamentals/
az-900,azure-architecture,AA-1,AZ-900 — AA-1 (MEDIUM) #31,Which approach aligns with best practices when Describe core Azure architectural components in the context of Microsoft Azure Fundamentals?,Mix controls from unrelated domains that do not address the stated objective.,"Follow the documented approach for Describe core Azure architectural components, using recommended services and controls per the exam guide.",Use an approach that contradicts the exam objective and ignores documented constraints.,"Deploy without monitoring, backup, or access controls required by the blueprint.",D,MEDIUM,az-900|azure-architecture|AA-1|medium|blueprint-seed,**Answer: D** — Describe core Azure architectural components. Review the official Microsoft exam guide (AZ-900) and linked documentation. Objective: AA-1.,https://learn.microsoft.com/azure/|https://learn.microsoft.com/credentials/certifications/azure-fundamentals/
az-900,azure-architecture,AA-1,AZ-900 — AA-1 (HARD) #32,A production incident involves trade-offs between cost and resilience for Describe core Azure architectural components for Describe Azure Architecture and Services?,"Implement Describe core Azure architectural components using Microsoft best practices for Describe Azure Architecture and Services, including monitoring and least privilege.",Use an approach that contradicts the exam objective and ignores documented constraints.,"Deploy without monitoring, backup, or access controls required by the blueprint.",Mix controls from unrelated domains that do not address the stated objective.,A,HARD,az-900|azure-architecture|AA-1|hard|blueprint-seed,**Answer: A** — Describe core Azure architectural components. Review the official Microsoft exam guide (AZ-900) and linked documentation. Objective: AA-1.,https://learn.microsoft.com/azure/|https://learn.microsoft.com/credentials/certifications/azure-fundamentals/
az-900,azure-architecture,AA-1,AZ-900 — AA-1 (HARD) #33,Complex regulatory requirements demand that you Describe core Azure architectural components for Describe Azure Architecture and Services?,Use an approach that contradicts the exam objective and ignores documented constraints.,"Deploy without monitoring, backup, or access controls required by the blueprint.",Mix controls from unrelated domains that do not address the stated objective.,Apply the official Describe Azure Architecture and Services guidance: Describe core Azure architectural components — this aligns with exam blueprint expectations and vendor documentation.,B,HARD,az-900|azure-architecture|AA-1|hard|blueprint-seed,**Answer: B** — Describe core Azure architectural components. Review the official Microsoft exam guide (AZ-900) and linked documentation. Objective: AA-1.,https://learn.microsoft.com/azure/|https://learn.microsoft.com/credentials/certifications/azure-fundamentals/
az-900,azure-architecture,AA-1,AZ-900 — AA-1 (HARD) #34,A multi-team rollout must balance security and velocity for Describe core Azure architectural components for Describe Azure Architecture and Services?,"Deploy without monitoring, backup, or access controls required by the blueprint.",Mix controls from unrelated domains that do not address the stated objective.,"Follow the documented approach for Describe core Azure architectural components, using recommended services and controls per the exam guide.",Use an approach that contradicts the exam objective and ignores documented constraints.,C,HARD,az-900|azure-architecture|AA-1|hard|blueprint-seed,**Answer: C** — Describe core Azure architectural components. Review the official Microsoft exam guide (AZ-900) and linked documentation. Objective: AA-1.,https://learn.microsoft.com/azure/|https://learn.microsoft.com/credentials/certifications/azure-fundamentals/
az-900,azure-architecture,AA-1,AZ-900 — AA-1 (HARD) #35,An enterprise requires zero-downtime architecture while Describe core Azure architectural components for Describe Azure Architecture and Services?,Mix controls from unrelated domains that do not address the stated objective.,"Implement Describe core Azure architectural components using Microsoft best practices for Describe Azure Architecture and Services, including monitoring and least privilege.",Use an approach that contradicts the exam objective and ignores documented constraints.,"Deploy without monitoring, backup, or access controls required by the blueprint.",D,HARD,az-900|azure-architecture|AA-1|hard|blueprint-seed,**Answer: D** — Describe core Azure architectural components. Review the official Microsoft exam guide (AZ-900) and linked documentation. Objective: AA-1.,https://learn.microsoft.com/azure/|https://learn.microsoft.com/credentials/certifications/azure-fundamentals/
az-900,azure-architecture,AA-1,AZ-900 — AA-1 (HARD) #36,"Given strict compliance, auditability, and multi-region constraints, how should you Describe core Azure architectural components for Describe Azure Architecture and Services?",Apply the official Describe Azure Architecture and Services guidance: Describe core Azure architectural components — this aligns with exam blueprint expectations and vendor documentation.,Use an approach that contradicts the exam objective and ignores documented constraints.,"Deploy without monitoring, backup, or access controls required by the blueprint.",Mix controls from unrelated domains that do not address the stated objective.,A,HARD,az-900|azure-architecture|AA-1|hard|blueprint-seed,**Answer: A** — Describe core Azure architectural components. Review the official Microsoft exam guide (AZ-900) and linked documentation. Objective: AA-1.,https://learn.microsoft.com/azure/|https://learn.microsoft.com/credentials/certifications/azure-fundamentals/
az-900,azure-architecture,AA-1,AZ-900 — AA-1 (HARD) #37,A production incident involves trade-offs between cost and resilience for Describe core Azure architectural components for Describe Azure Architecture and Services?,Use an approach that contradicts the exam objective and ignores documented constraints.,"Deploy without monitoring, backup, or access controls required by the blueprint.",Mix controls from unrelated domains that do not address the stated objective.,"Follow the documented approach for Describe core Azure architectural components, using recommended services and controls per the exam guide.",B,HARD,az-900|azure-architecture|AA-1|hard|blueprint-seed,**Answer: B** — Describe core Azure architectural components. Review the official Microsoft exam guide (AZ-900) and linked documentation. Objective: AA-1.,https://learn.microsoft.com/azure/|https://learn.microsoft.com/credentials/certifications/azure-fundamentals/
az-900,azure-architecture,AA-1,AZ-900 — AA-1 (HARD) #38,Complex regulatory requirements demand that you Describe core Azure architectural components for Describe Azure Architecture and Services?,"Deploy without monitoring, backup, or access controls required by the blueprint.",Mix controls from unrelated domains that do not address the stated objective.,"Implement Describe core Azure architectural components using Microsoft best practices for Describe Azure Architecture and Services, including monitoring and least privilege.",Use an approach that contradicts the exam objective and ignores documented constraints.,C,HARD,az-900|azure-architecture|AA-1|hard|blueprint-seed,**Answer: C** — Describe core Azure architectural components. Review the official Microsoft exam guide (AZ-900) and linked documentation. Objective: AA-1.,https://learn.microsoft.com/azure/|https://learn.microsoft.com/credentials/certifications/azure-fundamentals/
az-900,azure-architecture,AA-1,AZ-900 — AA-1 (HARD) #39,A multi-team rollout must balance security and velocity for Describe core Azure architectural components for Describe Azure Architecture and Services?,Mix controls from unrelated domains that do not address the stated objective.,Apply the official Describe Azure Architecture and Services guidance: Describe core Azure architectural components — this aligns with exam blueprint expectations and vendor documentation.,Use an approach that contradicts the exam objective and ignores documented constraints.,"Deploy without monitoring, backup, or access controls required by the blueprint.",D,HARD,az-900|azure-architecture|AA-1|hard|blueprint-seed,**Answer: D** — Describe core Azure architectural components. Review the official Microsoft exam guide (AZ-900) and linked documentation. Objective: AA-1.,https://learn.microsoft.com/azure/|https://learn.microsoft.com/credentials/certifications/azure-fundamentals/
az-900,azure-architecture,AA-1,AZ-900 — AA-1 (HARD) #40,An enterprise requires zero-downtime architecture while Describe core Azure architectural components for Describe Azure Architecture and Services?,"Follow the documented approach for Describe core Azure architectural components, using recommended services and controls per the exam guide.",Use an approach that contradicts the exam objective and ignores documented constraints.,"Deploy without monitoring, backup, or access controls required by the blueprint.",Mix controls from unrelated domains that do not address the stated objective.,A,HARD,az-900|azure-architecture|AA-1|hard|blueprint-seed,**Answer: A** — Describe core Azure architectural components. Review the official Microsoft exam guide (AZ-900) and linked documentation. Objective: AA-1.,https://learn.microsoft.com/azure/|https://learn.microsoft.com/credentials/certifications/azure-fundamentals/
az-900,azure-architecture,AA-1,AZ-900 — AA-1 (HARD) #41,"Given strict compliance, auditability, and multi-region constraints, how should you Describe core Azure architectural components for Describe Azure Architecture and Services?",Use an approach that contradicts the exam objective and ignores documented constraints.,"Deploy without monitoring, backup, or access controls required by the blueprint.",Mix controls from unrelated domains that do not address the stated objective.,"Implement Describe core Azure architectural components using Microsoft best practices for Describe Azure Architecture and Services, including monitoring and least privilege.",B,HARD,az-900|azure-architecture|AA-1|hard|blueprint-seed,**Answer: B** — Describe core Azure architectural components. Review the official Microsoft exam guide (AZ-900) and linked documentation. Objective: AA-1.,https://learn.microsoft.com/azure/|https://learn.microsoft.com/credentials/certifications/azure-fundamentals/
az-900,azure-architecture,AA-1,AZ-900 — AA-1 (HARD) #42,A production incident involves trade-offs between cost and resilience for Describe core Azure architectural components for Describe Azure Architecture and Services?,"Deploy without monitoring, backup, or access controls required by the blueprint.",Mix controls from unrelated domains that do not address the stated objective.,Apply the official Describe Azure Architecture and Services guidance: Describe core Azure architectural components — this aligns with exam blueprint expectations and vendor documentation.,Use an approach that contradicts the exam objective and ignores documented constraints.,C,HARD,az-900|azure-architecture|AA-1|hard|blueprint-seed,**Answer: C** — Describe core Azure architectural components. Review the official Microsoft exam guide (AZ-900) and linked documentation. Objective: AA-1.,https://learn.microsoft.com/azure/|https://learn.microsoft.com/credentials/certifications/azure-fundamentals/
az-900,azure-architecture,AA-1,AZ-900 — AA-1 (HARD) #43,Complex regulatory requirements demand that you Describe core Azure architectural components for Describe Azure Architecture and Services?,Mix controls from unrelated domains that do not address the stated objective.,"Follow the documented approach for Describe core Azure architectural components, using recommended services and controls per the exam guide.",Use an approach that contradicts the exam objective and ignores documented constraints.,"Deploy without monitoring, backup, or access controls required by the blueprint.",D,HARD,az-900|azure-architecture|AA-1|hard|blueprint-seed,**Answer: D** — Describe core Azure architectural components. Review the official Microsoft exam guide (AZ-900) and linked documentation. Objective: AA-1.,https://learn.microsoft.com/azure/|https://learn.microsoft.com/credentials/certifications/azure-fundamentals/
az-900,azure-architecture,AA-1,AZ-900 — AA-1 (HARD) #44,A multi-team rollout must balance security and velocity for Describe core Azure architectural components for Describe Azure Architecture and Services?,"Implement Describe core Azure architectural components using Microsoft best practices for Describe Azure Architecture and Services, including monitoring and least privilege.",Use an approach that contradicts the exam objective and ignores documented constraints.,"Deploy without monitoring, backup, or access controls required by the blueprint.",Mix controls from unrelated domains that do not address the stated objective.,A,HARD,az-900|azure-architecture|AA-1|hard|blueprint-seed,**Answer: A** — Describe core Azure architectural components. Review the official Microsoft exam guide (AZ-900) and linked documentation. Objective: AA-1.,https://learn.microsoft.com/azure/|https://learn.microsoft.com/credentials/certifications/azure-fundamentals/
az-900,azure-architecture,AA-2,AZ-900 — AA-2 (EASY) #1,What is the primary purpose of Describe Azure compute and networking services?,Use an approach that contradicts the exam objective and ignores documented constraints.,"Deploy without monitoring, backup, or access controls required by the blueprint.",Mix controls from unrelated domains that do not address the stated objective.,"Follow the documented approach for Describe Azure compute and networking services, using recommended services and controls per the exam guide.",B,EASY,az-900|azure-architecture|AA-2|easy|blueprint-seed,**Answer: B** — Describe Azure compute and networking services. Review the official Microsoft exam guide (AZ-900) and linked documentation. Objective: AA-2.,https://learn.microsoft.com/azure/|https://learn.microsoft.com/credentials/certifications/azure-fundamentals/
az-900,azure-architecture,AA-2,AZ-900 — AA-2 (EASY) #2,Which concept is fundamental to Describe Azure compute and networking services?,"Deploy without monitoring, backup, or access controls required by the blueprint.",Mix controls from unrelated domains that do not address the stated objective.,"Implement Describe Azure compute and networking services using Microsoft best practices for Describe Azure Architecture and Services, including monitoring and least privilege.",Use an approach that contradicts the exam objective and ignores documented constraints.,C,EASY,az-900|azure-architecture|AA-2|easy|blueprint-seed,**Answer: C** — Describe Azure compute and networking services. Review the official Microsoft exam guide (AZ-900) and linked documentation. Objective: AA-2.,https://learn.microsoft.com/azure/|https://learn.microsoft.com/credentials/certifications/azure-fundamentals/
az-900,azure-architecture,AA-2,AZ-900 — AA-2 (EASY) #3,Identify the core principle behind Describe Azure compute and networking services?,Mix controls from unrelated domains that do not address the stated objective.,Apply the official Describe Azure Architecture and Services guidance: Describe Azure compute and networking services — this aligns with exam blueprint expectations and vendor documentation.,Use an approach that contradicts the exam objective and ignores documented constraints.,"Deploy without monitoring, backup, or access controls required by the blueprint.",D,EASY,az-900|azure-architecture|AA-2|easy|blueprint-seed,**Answer: D** — Describe Azure compute and networking services. Review the official Microsoft exam guide (AZ-900) and linked documentation. Objective: AA-2.,https://learn.microsoft.com/azure/|https://learn.microsoft.com/credentials/certifications/azure-fundamentals/
az-900,azure-architecture,AA-2,AZ-900 — AA-2 (EASY) #4,Which description accurately reflects Describe Azure compute and networking services?,"Follow the documented approach for Describe Azure compute and networking services, using recommended services and controls per the exam guide.",Use an approach that contradicts the exam objective and ignores documented constraints.,"Deploy without monitoring, backup, or access controls required by the blueprint.",Mix controls from unrelated domains that do not address the stated objective.,A,EASY,az-900|azure-architecture|AA-2|easy|blueprint-seed,**Answer: A** — Describe Azure compute and networking services. Review the official Microsoft exam guide (AZ-900) and linked documentation. Objective: AA-2.,https://learn.microsoft.com/azure/|https://learn.microsoft.com/credentials/certifications/azure-fundamentals/
az-900,azure-architecture,AA-2,AZ-900 — AA-2 (EASY) #5,Which statement best defines the scope of Describe Azure compute and networking services?,Use an approach that contradicts the exam objective and ignores documented constraints.,"Deploy without monitoring, backup, or access controls required by the blueprint.",Mix controls from unrelated domains that do not address the stated objective.,"Implement Describe Azure compute and networking services using Microsoft best practices for Describe Azure Architecture and Services, including monitoring and least privilege.",B,EASY,az-900|azure-architecture|AA-2|easy|blueprint-seed,**Answer: B** — Describe Azure compute and networking services. Review the official Microsoft exam guide (AZ-900) and linked documentation. Objective: AA-2.,https://learn.microsoft.com/azure/|https://learn.microsoft.com/credentials/certifications/azure-fundamentals/
az-900,azure-architecture,AA-2,AZ-900 — AA-2 (EASY) #6,What is the primary purpose of Describe Azure compute and networking services?,"Deploy without monitoring, backup, or access controls required by the blueprint.",Mix controls from unrelated domains that do not address the stated objective.,Apply the official Describe Azure Architecture and Services guidance: Describe Azure compute and networking services — this aligns with exam blueprint expectations and vendor documentation.,Use an approach that contradicts the exam objective and ignores documented constraints.,C,EASY,az-900|azure-architecture|AA-2|easy|blueprint-seed,**Answer: C** — Describe Azure compute and networking services. Review the official Microsoft exam guide (AZ-900) and linked documentation. Objective: AA-2.,https://learn.microsoft.com/azure/|https://learn.microsoft.com/credentials/certifications/azure-fundamentals/
az-900,azure-architecture,AA-2,AZ-900 — AA-2 (EASY) #7,Which concept is fundamental to Describe Azure compute and networking services?,Mix controls from unrelated domains that do not address the stated objective.,"Follow the documented approach for Describe Azure compute and networking services, using recommended services and controls per the exam guide.",Use an approach that contradicts the exam objective and ignores documented constraints.,"Deploy without monitoring, backup, or access controls required by the blueprint.",D,EASY,az-900|azure-architecture|AA-2|easy|blueprint-seed,**Answer: D** — Describe Azure compute and networking services. Review the official Microsoft exam guide (AZ-900) and linked documentation. Objective: AA-2.,https://learn.microsoft.com/azure/|https://learn.microsoft.com/credentials/certifications/azure-fundamentals/
az-900,azure-architecture,AA-2,AZ-900 — AA-2 (EASY) #8,Identify the core principle behind Describe Azure compute and networking services?,"Implement Describe Azure compute and networking services using Microsoft best practices for Describe Azure Architecture and Services, including monitoring and least privilege.",Use an approach that contradicts the exam objective and ignores documented constraints.,"Deploy without monitoring, backup, or access controls required by the blueprint.",Mix controls from unrelated domains that do not address the stated objective.,A,EASY,az-900|azure-architecture|AA-2|easy|blueprint-seed,**Answer: A** — Describe Azure compute and networking services. Review the official Microsoft exam guide (AZ-900) and linked documentation. Objective: AA-2.,https://learn.microsoft.com/azure/|https://learn.microsoft.com/credentials/certifications/azure-fundamentals/
az-900,azure-architecture,AA-2,AZ-900 — AA-2 (EASY) #9,Which description accurately reflects Describe Azure compute and networking services?,Use an approach that contradicts the exam objective and ignores documented constraints.,"Deploy without monitoring, backup, or access controls required by the blueprint.",Mix controls from unrelated domains that do not address the stated objective.,Apply the official Describe Azure Architecture and Services guidance: Describe Azure compute and networking services — this aligns with exam blueprint expectations and vendor documentation.,B,EASY,az-900|azure-architecture|AA-2|easy|blueprint-seed,**Answer: B** — Describe Azure compute and networking services. Review the official Microsoft exam guide (AZ-900) and linked documentation. Objective: AA-2.,https://learn.microsoft.com/azure/|https://learn.microsoft.com/credentials/certifications/azure-fundamentals/
az-900,azure-architecture,AA-2,AZ-900 — AA-2 (EASY) #10,Which statement best defines the scope of Describe Azure compute and networking services?,"Deploy without monitoring, backup, or access controls required by the blueprint.",Mix controls from unrelated domains that do not address the stated objective.,"Follow the documented approach for Describe Azure compute and networking services, using recommended services and controls per the exam guide.",Use an approach that contradicts the exam objective and ignores documented constraints.,C,EASY,az-900|azure-architecture|AA-2|easy|blueprint-seed,**Answer: C** — Describe Azure compute and networking services. Review the official Microsoft exam guide (AZ-900) and linked documentation. Objective: AA-2.,https://learn.microsoft.com/azure/|https://learn.microsoft.com/credentials/certifications/azure-fundamentals/
az-900,azure-architecture,AA-2,AZ-900 — AA-2 (EASY) #11,What is the primary purpose of Describe Azure compute and networking services?,Mix controls from unrelated domains that do not address the stated objective.,"Implement Describe Azure compute and networking services using Microsoft best practices for Describe Azure Architecture and Services, including monitoring and least privilege.",Use an approach that contradicts the exam objective and ignores documented constraints.,"Deploy without monitoring, backup, or access controls required by the blueprint.",D,EASY,az-900|azure-architecture|AA-2|easy|blueprint-seed,**Answer: D** — Describe Azure compute and networking services. Review the official Microsoft exam guide (AZ-900) and linked documentation. Objective: AA-2.,https://learn.microsoft.com/azure/|https://learn.microsoft.com/credentials/certifications/azure-fundamentals/
az-900,azure-architecture,AA-2,AZ-900 — AA-2 (EASY) #12,Which concept is fundamental to Describe Azure compute and networking services?,Apply the official Describe Azure Architecture and Services guidance: Describe Azure compute and networking services — this aligns with exam blueprint expectations and vendor documentation.,Use an approach that contradicts the exam objective and ignores documented constraints.,"Deploy without monitoring, backup, or access controls required by the blueprint.",Mix controls from unrelated domains that do not address the stated objective.,A,EASY,az-900|azure-architecture|AA-2|easy|blueprint-seed,**Answer: A** — Describe Azure compute and networking services. Review the official Microsoft exam guide (AZ-900) and linked documentation. Objective: AA-2.,https://learn.microsoft.com/azure/|https://learn.microsoft.com/credentials/certifications/azure-fundamentals/
az-900,azure-architecture,AA-2,AZ-900 — AA-2 (EASY) #13,Identify the core principle behind Describe Azure compute and networking services?,Use an approach that contradicts the exam objective and ignores documented constraints.,"Deploy without monitoring, backup, or access controls required by the blueprint.",Mix controls from unrelated domains that do not address the stated objective.,"Follow the documented approach for Describe Azure compute and networking services, using recommended services and controls per the exam guide.",B,EASY,az-900|azure-architecture|AA-2|easy|blueprint-seed,**Answer: B** — Describe Azure compute and networking services. Review the official Microsoft exam guide (AZ-900) and linked documentation. Objective: AA-2.,https://learn.microsoft.com/azure/|https://learn.microsoft.com/credentials/certifications/azure-fundamentals/
az-900,azure-architecture,AA-2,AZ-900 — AA-2 (MEDIUM) #14,What is the recommended design when applying Describe Azure compute and networking services in the context of Microsoft Azure Fundamentals?,"Deploy without monitoring, backup, or access controls required by the blueprint.",Mix controls from unrelated domains that do not address the stated objective.,"Implement Describe Azure compute and networking services using Microsoft best practices for Describe Azure Architecture and Services, including monitoring and least privilege.",Use an approach that contradicts the exam objective and ignores documented constraints.,C,MEDIUM,az-900|azure-architecture|AA-2|medium|blueprint-seed,**Answer: C** — Describe Azure compute and networking services. Review the official Microsoft exam guide (AZ-900) and linked documentation. Objective: AA-2.,https://learn.microsoft.com/azure/|https://learn.microsoft.com/credentials/certifications/azure-fundamentals/
az-900,azure-architecture,AA-2,AZ-900 — AA-2 (MEDIUM) #15,A team must implement a solution for Describe Azure compute and networking services in the context of Microsoft Azure Fundamentals?,Mix controls from unrelated domains that do not address the stated objective.,Apply the official Describe Azure Architecture and Services guidance: Describe Azure compute and networking services — this aligns with exam blueprint expectations and vendor documentation.,Use an approach that contradicts the exam objective and ignores documented constraints.,"Deploy without monitoring, backup, or access controls required by the blueprint.",D,MEDIUM,az-900|azure-architecture|AA-2|medium|blueprint-seed,**Answer: D** — Describe Azure compute and networking services. Review the official Microsoft exam guide (AZ-900) and linked documentation. Objective: AA-2.,https://learn.microsoft.com/azure/|https://learn.microsoft.com/credentials/certifications/azure-fundamentals/
az-900,azure-architecture,AA-2,AZ-900 — AA-2 (MEDIUM) #16,Which approach aligns with best practices when Describe Azure compute and networking services in the context of Microsoft Azure Fundamentals?,"Follow the documented approach for Describe Azure compute and networking services, using recommended services and controls per the exam guide.",Use an approach that contradicts the exam objective and ignores documented constraints.,"Deploy without monitoring, backup, or access controls required by the blueprint.",Mix controls from unrelated domains that do not address the stated objective.,A,MEDIUM,az-900|azure-architecture|AA-2|medium|blueprint-seed,**Answer: A** — Describe Azure compute and networking services. Review the official Microsoft exam guide (AZ-900) and linked documentation. Objective: AA-2.,https://learn.microsoft.com/azure/|https://learn.microsoft.com/credentials/certifications/azure-fundamentals/
az-900,azure-architecture,AA-2,AZ-900 — AA-2 (MEDIUM) #17,"During a project review, stakeholders ask how to Describe Azure compute and networking services in the context of Microsoft Azure Fundamentals?",Use an approach that contradicts the exam objective and ignores documented constraints.,"Deploy without monitoring, backup, or access controls required by the blueprint.",Mix controls from unrelated domains that do not address the stated objective.,"Implement Describe Azure compute and networking services using Microsoft best practices for Describe Azure Architecture and Services, including monitoring and least privilege.",B,MEDIUM,az-900|azure-architecture|AA-2|medium|blueprint-seed,**Answer: B** — Describe Azure compute and networking services. Review the official Microsoft exam guide (AZ-900) and linked documentation. Objective: AA-2.,https://learn.microsoft.com/azure/|https://learn.microsoft.com/credentials/certifications/azure-fundamentals/
az-900,azure-architecture,AA-2,AZ-900 — AA-2 (MEDIUM) #18,Which configuration satisfies requirements for Describe Azure compute and networking services in the context of Microsoft Azure Fundamentals?,"Deploy without monitoring, backup, or access controls required by the blueprint.",Mix controls from unrelated domains that do not address the stated objective.,Apply the official Describe Azure Architecture and Services guidance: Describe Azure compute and networking services — this aligns with exam blueprint expectations and vendor documentation.,Use an approach that contradicts the exam objective and ignores documented constraints.,C,MEDIUM,az-900|azure-architecture|AA-2|medium|blueprint-seed,**Answer: C** — Describe Azure compute and networking services. Review the official Microsoft exam guide (AZ-900) and linked documentation. Objective: AA-2.,https://learn.microsoft.com/azure/|https://learn.microsoft.com/credentials/certifications/azure-fundamentals/
az-900,azure-architecture,AA-2,AZ-900 — AA-2 (MEDIUM) #19,What is the recommended design when applying Describe Azure compute and networking services in the context of Microsoft Azure Fundamentals?,Mix controls from unrelated domains that do not address the stated objective.,"Follow the documented approach for Describe Azure compute and networking services, using recommended services and controls per the exam guide.",Use an approach that contradicts the exam objective and ignores documented constraints.,"Deploy without monitoring, backup, or access controls required by the blueprint.",D,MEDIUM,az-900|azure-architecture|AA-2|medium|blueprint-seed,**Answer: D** — Describe Azure compute and networking services. Review the official Microsoft exam guide (AZ-900) and linked documentation. Objective: AA-2.,https://learn.microsoft.com/azure/|https://learn.microsoft.com/credentials/certifications/azure-fundamentals/
az-900,azure-architecture,AA-2,AZ-900 — AA-2 (MEDIUM) #20,A team must implement a solution for Describe Azure compute and networking services in the context of Microsoft Azure Fundamentals?,"Implement Describe Azure compute and networking services using Microsoft best practices for Describe Azure Architecture and Services, including monitoring and least privilege.",Use an approach that contradicts the exam objective and ignores documented constraints.,"Deploy without monitoring, backup, or access controls required by the blueprint.",Mix controls from unrelated domains that do not address the stated objective.,A,MEDIUM,az-900|azure-architecture|AA-2|medium|blueprint-seed,**Answer: A** — Describe Azure compute and networking services. Review the official Microsoft exam guide (AZ-900) and linked documentation. Objective: AA-2.,https://learn.microsoft.com/azure/|https://learn.microsoft.com/credentials/certifications/azure-fundamentals/
az-900,azure-architecture,AA-2,AZ-900 — AA-2 (MEDIUM) #21,Which approach aligns with best practices when Describe Azure compute and networking services in the context of Microsoft Azure Fundamentals?,Use an approach that contradicts the exam objective and ignores documented constraints.,"Deploy without monitoring, backup, or access controls required by the blueprint.",Mix controls from unrelated domains that do not address the stated objective.,Apply the official Describe Azure Architecture and Services guidance: Describe Azure compute and networking services — this aligns with exam blueprint expectations and vendor documentation.,B,MEDIUM,az-900|azure-architecture|AA-2|medium|blueprint-seed,**Answer: B** — Describe Azure compute and networking services. Review the official Microsoft exam guide (AZ-900) and linked documentation. Objective: AA-2.,https://learn.microsoft.com/azure/|https://learn.microsoft.com/credentials/certifications/azure-fundamentals/
az-900,azure-architecture,AA-2,AZ-900 — AA-2 (MEDIUM) #22,"During a project review, stakeholders ask how to Describe Azure compute and networking services in the context of Microsoft Azure Fundamentals?","Deploy without monitoring, backup, or access controls required by the blueprint.",Mix controls from unrelated domains that do not address the stated objective.,"Follow the documented approach for Describe Azure compute and networking services, using recommended services and controls per the exam guide.",Use an approach that contradicts the exam objective and ignores documented constraints.,C,MEDIUM,az-900|azure-architecture|AA-2|medium|blueprint-seed,**Answer: C** — Describe Azure compute and networking services. Review the official Microsoft exam guide (AZ-900) and linked documentation. Objective: AA-2.,https://learn.microsoft.com/azure/|https://learn.microsoft.com/credentials/certifications/azure-fundamentals/
az-900,azure-architecture,AA-2,AZ-900 — AA-2 (MEDIUM) #23,Which configuration satisfies requirements for Describe Azure compute and networking services in the context of Microsoft Azure Fundamentals?,Mix controls from unrelated domains that do not address the stated objective.,"Implement Describe Azure compute and networking services using Microsoft best practices for Describe Azure Architecture and Services, including monitoring and least privilege.",Use an approach that contradicts the exam objective and ignores documented constraints.,"Deploy without monitoring, backup, or access controls required by the blueprint.",D,MEDIUM,az-900|azure-architecture|AA-2|medium|blueprint-seed,**Answer: D** — Describe Azure compute and networking services. Review the official Microsoft exam guide (AZ-900) and linked documentation. Objective: AA-2.,https://learn.microsoft.com/azure/|https://learn.microsoft.com/credentials/certifications/azure-fundamentals/
az-900,azure-architecture,AA-2,AZ-900 — AA-2 (MEDIUM) #24,What is the recommended design when applying Describe Azure compute and networking services in the context of Microsoft Azure Fundamentals?,Apply the official Describe Azure Architecture and Services guidance: Describe Azure compute and networking services — this aligns with exam blueprint expectations and vendor documentation.,Use an approach that contradicts the exam objective and ignores documented constraints.,"Deploy without monitoring, backup, or access controls required by the blueprint.",Mix controls from unrelated domains that do not address the stated objective.,A,MEDIUM,az-900|azure-architecture|AA-2|medium|blueprint-seed,**Answer: A** — Describe Azure compute and networking services. Review the official Microsoft exam guide (AZ-900) and linked documentation. Objective: AA-2.,https://learn.microsoft.com/azure/|https://learn.microsoft.com/credentials/certifications/azure-fundamentals/
az-900,azure-architecture,AA-2,AZ-900 — AA-2 (MEDIUM) #25,A team must implement a solution for Describe Azure compute and networking services in the context of Microsoft Azure Fundamentals?,Use an approach that contradicts the exam objective and ignores documented constraints.,"Deploy without monitoring, backup, or access controls required by the blueprint.",Mix controls from unrelated domains that do not address the stated objective.,"Follow the documented approach for Describe Azure compute and networking services, using recommended services and controls per the exam guide.",B,MEDIUM,az-900|azure-architecture|AA-2|medium|blueprint-seed,**Answer: B** — Describe Azure compute and networking services. Review the official Microsoft exam guide (AZ-900) and linked documentation. Objective: AA-2.,https://learn.microsoft.com/azure/|https://learn.microsoft.com/credentials/certifications/azure-fundamentals/
az-900,azure-architecture,AA-2,AZ-900 — AA-2 (MEDIUM) #26,Which approach aligns with best practices when Describe Azure compute and networking services in the context of Microsoft Azure Fundamentals?,"Deploy without monitoring, backup, or access controls required by the blueprint.",Mix controls from unrelated domains that do not address the stated objective.,"Implement Describe Azure compute and networking services using Microsoft best practices for Describe Azure Architecture and Services, including monitoring and least privilege.",Use an approach that contradicts the exam objective and ignores documented constraints.,C,MEDIUM,az-900|azure-architecture|AA-2|medium|blueprint-seed,**Answer: C** — Describe Azure compute and networking services. Review the official Microsoft exam guide (AZ-900) and linked documentation. Objective: AA-2.,https://learn.microsoft.com/azure/|https://learn.microsoft.com/credentials/certifications/azure-fundamentals/
az-900,azure-architecture,AA-2,AZ-900 — AA-2 (MEDIUM) #27,"During a project review, stakeholders ask how to Describe Azure compute and networking services in the context of Microsoft Azure Fundamentals?",Mix controls from unrelated domains that do not address the stated objective.,Apply the official Describe Azure Architecture and Services guidance: Describe Azure compute and networking services — this aligns with exam blueprint expectations and vendor documentation.,Use an approach that contradicts the exam objective and ignores documented constraints.,"Deploy without monitoring, backup, or access controls required by the blueprint.",D,MEDIUM,az-900|azure-architecture|AA-2|medium|blueprint-seed,**Answer: D** — Describe Azure compute and networking services. Review the official Microsoft exam guide (AZ-900) and linked documentation. Objective: AA-2.,https://learn.microsoft.com/azure/|https://learn.microsoft.com/credentials/certifications/azure-fundamentals/
az-900,azure-architecture,AA-2,AZ-900 — AA-2 (MEDIUM) #28,Which configuration satisfies requirements for Describe Azure compute and networking services in the context of Microsoft Azure Fundamentals?,"Follow the documented approach for Describe Azure compute and networking services, using recommended services and controls per the exam guide.",Use an approach that contradicts the exam objective and ignores documented constraints.,"Deploy without monitoring, backup, or access controls required by the blueprint.",Mix controls from unrelated domains that do not address the stated objective.,A,MEDIUM,az-900|azure-architecture|AA-2|medium|blueprint-seed,**Answer: A** — Describe Azure compute and networking services. Review the official Microsoft exam guide (AZ-900) and linked documentation. Objective: AA-2.,https://learn.microsoft.com/azure/|https://learn.microsoft.com/credentials/certifications/azure-fundamentals/
az-900,azure-architecture,AA-2,AZ-900 — AA-2 (MEDIUM) #29,What is the recommended design when applying Describe Azure compute and networking services in the context of Microsoft Azure Fundamentals?,Use an approach that contradicts the exam objective and ignores documented constraints.,"Deploy without monitoring, backup, or access controls required by the blueprint.",Mix controls from unrelated domains that do not address the stated objective.,"Implement Describe Azure compute and networking services using Microsoft best practices for Describe Azure Architecture and Services, including monitoring and least privilege.",B,MEDIUM,az-900|azure-architecture|AA-2|medium|blueprint-seed,**Answer: B** — Describe Azure compute and networking services. Review the official Microsoft exam guide (AZ-900) and linked documentation. Objective: AA-2.,https://learn.microsoft.com/azure/|https://learn.microsoft.com/credentials/certifications/azure-fundamentals/
az-900,azure-architecture,AA-2,AZ-900 — AA-2 (MEDIUM) #30,A team must implement a solution for Describe Azure compute and networking services in the context of Microsoft Azure Fundamentals?,"Deploy without monitoring, backup, or access controls required by the blueprint.",Mix controls from unrelated domains that do not address the stated objective.,Apply the official Describe Azure Architecture and Services guidance: Describe Azure compute and networking services — this aligns with exam blueprint expectations and vendor documentation.,Use an approach that contradicts the exam objective and ignores documented constraints.,C,MEDIUM,az-900|azure-architecture|AA-2|medium|blueprint-seed,**Answer: C** — Describe Azure compute and networking services. Review the official Microsoft exam guide (AZ-900) and linked documentation. Objective: AA-2.,https://learn.microsoft.com/azure/|https://learn.microsoft.com/credentials/certifications/azure-fundamentals/
az-900,azure-architecture,AA-2,AZ-900 — AA-2 (MEDIUM) #31,Which approach aligns with best practices when Describe Azure compute and networking services in the context of Microsoft Azure Fundamentals?,Mix controls from unrelated domains that do not address the stated objective.,"Follow the documented approach for Describe Azure compute and networking services, using recommended services and controls per the exam guide.",Use an approach that contradicts the exam objective and ignores documented constraints.,"Deploy without monitoring, backup, or access controls required by the blueprint.",D,MEDIUM,az-900|azure-architecture|AA-2|medium|blueprint-seed,**Answer: D** — Describe Azure compute and networking services. Review the official Microsoft exam guide (AZ-900) and linked documentation. Objective: AA-2.,https://learn.microsoft.com/azure/|https://learn.microsoft.com/credentials/certifications/azure-fundamentals/
az-900,azure-architecture,AA-2,AZ-900 — AA-2 (HARD) #32,A production incident involves trade-offs between cost and resilience for Describe Azure compute and networking services for Describe Azure Architecture and Services?,"Implement Describe Azure compute and networking services using Microsoft best practices for Describe Azure Architecture and Services, including monitoring and least privilege.",Use an approach that contradicts the exam objective and ignores documented constraints.,"Deploy without monitoring, backup, or access controls required by the blueprint.",Mix controls from unrelated domains that do not address the stated objective.,A,HARD,az-900|azure-architecture|AA-2|hard|blueprint-seed,**Answer: A** — Describe Azure compute and networking services. Review the official Microsoft exam guide (AZ-900) and linked documentation. Objective: AA-2.,https://learn.microsoft.com/azure/|https://learn.microsoft.com/credentials/certifications/azure-fundamentals/
az-900,azure-architecture,AA-2,AZ-900 — AA-2 (HARD) #33,Complex regulatory requirements demand that you Describe Azure compute and networking services for Describe Azure Architecture and Services?,Use an approach that contradicts the exam objective and ignores documented constraints.,"Deploy without monitoring, backup, or access controls required by the blueprint.",Mix controls from unrelated domains that do not address the stated objective.,Apply the official Describe Azure Architecture and Services guidance: Describe Azure compute and networking services — this aligns with exam blueprint expectations and vendor documentation.,B,HARD,az-900|azure-architecture|AA-2|hard|blueprint-seed,**Answer: B** — Describe Azure compute and networking services. Review the official Microsoft exam guide (AZ-900) and linked documentation. Objective: AA-2.,https://learn.microsoft.com/azure/|https://learn.microsoft.com/credentials/certifications/azure-fundamentals/
az-900,azure-architecture,AA-2,AZ-900 — AA-2 (HARD) #34,A multi-team rollout must balance security and velocity for Describe Azure compute and networking services for Describe Azure Architecture and Services?,"Deploy without monitoring, backup, or access controls required by the blueprint.",Mix controls from unrelated domains that do not address the stated objective.,"Follow the documented approach for Describe Azure compute and networking services, using recommended services and controls per the exam guide.",Use an approach that contradicts the exam objective and ignores documented constraints.,C,HARD,az-900|azure-architecture|AA-2|hard|blueprint-seed,**Answer: C** — Describe Azure compute and networking services. Review the official Microsoft exam guide (AZ-900) and linked documentation. Objective: AA-2.,https://learn.microsoft.com/azure/|https://learn.microsoft.com/credentials/certifications/azure-fundamentals/
az-900,azure-architecture,AA-2,AZ-900 — AA-2 (HARD) #35,An enterprise requires zero-downtime architecture while Describe Azure compute and networking services for Describe Azure Architecture and Services?,Mix controls from unrelated domains that do not address the stated objective.,"Implement Describe Azure compute and networking services using Microsoft best practices for Describe Azure Architecture and Services, including monitoring and least privilege.",Use an approach that contradicts the exam objective and ignores documented constraints.,"Deploy without monitoring, backup, or access controls required by the blueprint.",D,HARD,az-900|azure-architecture|AA-2|hard|blueprint-seed,**Answer: D** — Describe Azure compute and networking services. Review the official Microsoft exam guide (AZ-900) and linked documentation. Objective: AA-2.,https://learn.microsoft.com/azure/|https://learn.microsoft.com/credentials/certifications/azure-fundamentals/
az-900,azure-architecture,AA-2,AZ-900 — AA-2 (HARD) #36,"Given strict compliance, auditability, and multi-region constraints, how should you Describe Azure compute and networking services for Describe Azure Architecture and Services?",Apply the official Describe Azure Architecture and Services guidance: Describe Azure compute and networking services — this aligns with exam blueprint expectations and vendor documentation.,Use an approach that contradicts the exam objective and ignores documented constraints.,"Deploy without monitoring, backup, or access controls required by the blueprint.",Mix controls from unrelated domains that do not address the stated objective.,A,HARD,az-900|azure-architecture|AA-2|hard|blueprint-seed,**Answer: A** — Describe Azure compute and networking services. Review the official Microsoft exam guide (AZ-900) and linked documentation. Objective: AA-2.,https://learn.microsoft.com/azure/|https://learn.microsoft.com/credentials/certifications/azure-fundamentals/
az-900,azure-architecture,AA-2,AZ-900 — AA-2 (HARD) #37,A production incident involves trade-offs between cost and resilience for Describe Azure compute and networking services for Describe Azure Architecture and Services?,Use an approach that contradicts the exam objective and ignores documented constraints.,"Deploy without monitoring, backup, or access controls required by the blueprint.",Mix controls from unrelated domains that do not address the stated objective.,"Follow the documented approach for Describe Azure compute and networking services, using recommended services and controls per the exam guide.",B,HARD,az-900|azure-architecture|AA-2|hard|blueprint-seed,**Answer: B** — Describe Azure compute and networking services. Review the official Microsoft exam guide (AZ-900) and linked documentation. Objective: AA-2.,https://learn.microsoft.com/azure/|https://learn.microsoft.com/credentials/certifications/azure-fundamentals/
az-900,azure-architecture,AA-2,AZ-900 — AA-2 (HARD) #38,Complex regulatory requirements demand that you Describe Azure compute and networking services for Describe Azure Architecture and Services?,"Deploy without monitoring, backup, or access controls required by the blueprint.",Mix controls from unrelated domains that do not address the stated objective.,"Implement Describe Azure compute and networking services using Microsoft best practices for Describe Azure Architecture and Services, including monitoring and least privilege.",Use an approach that contradicts the exam objective and ignores documented constraints.,C,HARD,az-900|azure-architecture|AA-2|hard|blueprint-seed,**Answer: C** — Describe Azure compute and networking services. Review the official Microsoft exam guide (AZ-900) and linked documentation. Objective: AA-2.,https://learn.microsoft.com/azure/|https://learn.microsoft.com/credentials/certifications/azure-fundamentals/
az-900,azure-architecture,AA-2,AZ-900 — AA-2 (HARD) #39,A multi-team rollout must balance security and velocity for Describe Azure compute and networking services for Describe Azure Architecture and Services?,Mix controls from unrelated domains that do not address the stated objective.,Apply the official Describe Azure Architecture and Services guidance: Describe Azure compute and networking services — this aligns with exam blueprint expectations and vendor documentation.,Use an approach that contradicts the exam objective and ignores documented constraints.,"Deploy without monitoring, backup, or access controls required by the blueprint.",D,HARD,az-900|azure-architecture|AA-2|hard|blueprint-seed,**Answer: D** — Describe Azure compute and networking services. Review the official Microsoft exam guide (AZ-900) and linked documentation. Objective: AA-2.,https://learn.microsoft.com/azure/|https://learn.microsoft.com/credentials/certifications/azure-fundamentals/
az-900,azure-architecture,AA-2,AZ-900 — AA-2 (HARD) #40,An enterprise requires zero-downtime architecture while Describe Azure compute and networking services for Describe Azure Architecture and Services?,"Follow the documented approach for Describe Azure compute and networking services, using recommended services and controls per the exam guide.",Use an approach that contradicts the exam objective and ignores documented constraints.,"Deploy without monitoring, backup, or access controls required by the blueprint.",Mix controls from unrelated domains that do not address the stated objective.,A,HARD,az-900|azure-architecture|AA-2|hard|blueprint-seed,**Answer: A** — Describe Azure compute and networking services. Review the official Microsoft exam guide (AZ-900) and linked documentation. Objective: AA-2.,https://learn.microsoft.com/azure/|https://learn.microsoft.com/credentials/certifications/azure-fundamentals/
az-900,azure-architecture,AA-2,AZ-900 — AA-2 (HARD) #41,"Given strict compliance, auditability, and multi-region constraints, how should you Describe Azure compute and networking services for Describe Azure Architecture and Services?",Use an approach that contradicts the exam objective and ignores documented constraints.,"Deploy without monitoring, backup, or access controls required by the blueprint.",Mix controls from unrelated domains that do not address the stated objective.,"Implement Describe Azure compute and networking services using Microsoft best practices for Describe Azure Architecture and Services, including monitoring and least privilege.",B,HARD,az-900|azure-architecture|AA-2|hard|blueprint-seed,**Answer: B** — Describe Azure compute and networking services. Review the official Microsoft exam guide (AZ-900) and linked documentation. Objective: AA-2.,https://learn.microsoft.com/azure/|https://learn.microsoft.com/credentials/certifications/azure-fundamentals/
az-900,azure-architecture,AA-2,AZ-900 — AA-2 (HARD) #42,A production incident involves trade-offs between cost and resilience for Describe Azure compute and networking services for Describe Azure Architecture and Services?,"Deploy without monitoring, backup, or access controls required by the blueprint.",Mix controls from unrelated domains that do not address the stated objective.,Apply the official Describe Azure Architecture and Services guidance: Describe Azure compute and networking services — this aligns with exam blueprint expectations and vendor documentation.,Use an approach that contradicts the exam objective and ignores documented constraints.,C,HARD,az-900|azure-architecture|AA-2|hard|blueprint-seed,**Answer: C** — Describe Azure compute and networking services. Review the official Microsoft exam guide (AZ-900) and linked documentation. Objective: AA-2.,https://learn.microsoft.com/azure/|https://learn.microsoft.com/credentials/certifications/azure-fundamentals/
az-900,azure-architecture,AA-2,AZ-900 — AA-2 (HARD) #43,Complex regulatory requirements demand that you Describe Azure compute and networking services for Describe Azure Architecture and Services?,Mix controls from unrelated domains that do not address the stated objective.,"Follow the documented approach for Describe Azure compute and networking services, using recommended services and controls per the exam guide.",Use an approach that contradicts the exam objective and ignores documented constraints.,"Deploy without monitoring, backup, or access controls required by the blueprint.",D,HARD,az-900|azure-architecture|AA-2|hard|blueprint-seed,**Answer: D** — Describe Azure compute and networking services. Review the official Microsoft exam guide (AZ-900) and linked documentation. Objective: AA-2.,https://learn.microsoft.com/azure/|https://learn.microsoft.com/credentials/certifications/azure-fundamentals/
az-900,azure-architecture,AA-2,AZ-900 — AA-2 (HARD) #44,A multi-team rollout must balance security and velocity for Describe Azure compute and networking services for Describe Azure Architecture and Services?,"Implement Describe Azure compute and networking services using Microsoft best practices for Describe Azure Architecture and Services, including monitoring and least privilege.",Use an approach that contradicts the exam objective and ignores documented constraints.,"Deploy without monitoring, backup, or access controls required by the blueprint.",Mix controls from unrelated domains that do not address the stated objective.,A,HARD,az-900|azure-architecture|AA-2|hard|blueprint-seed,**Answer: A** — Describe Azure compute and networking services. Review the official Microsoft exam guide (AZ-900) and linked documentation. Objective: AA-2.,https://learn.microsoft.com/azure/|https://learn.microsoft.com/credentials/certifications/azure-fundamentals/
az-900,azure-architecture,AA-3,AZ-900 — AA-3 (EASY) #1,What is the primary purpose of Describe Azure storage services?,Use an approach that contradicts the exam objective and ignores documented constraints.,"Deploy without monitoring, backup, or access controls required by the blueprint.",Mix controls from unrelated domains that do not address the stated objective.,"Follow the documented approach for Describe Azure storage services, using recommended services and controls per the exam guide.",B,EASY,az-900|azure-architecture|AA-3|easy|blueprint-seed,**Answer: B** — Describe Azure storage services. Review the official Microsoft exam guide (AZ-900) and linked documentation. Objective: AA-3.,https://learn.microsoft.com/azure/|https://learn.microsoft.com/credentials/certifications/azure-fundamentals/
az-900,azure-architecture,AA-3,AZ-900 — AA-3 (EASY) #2,Which concept is fundamental to Describe Azure storage services?,"Deploy without monitoring, backup, or access controls required by the blueprint.",Mix controls from unrelated domains that do not address the stated objective.,"Implement Describe Azure storage services using Microsoft best practices for Describe Azure Architecture and Services, including monitoring and least privilege.",Use an approach that contradicts the exam objective and ignores documented constraints.,C,EASY,az-900|azure-architecture|AA-3|easy|blueprint-seed,**Answer: C** — Describe Azure storage services. Review the official Microsoft exam guide (AZ-900) and linked documentation. Objective: AA-3.,https://learn.microsoft.com/azure/|https://learn.microsoft.com/credentials/certifications/azure-fundamentals/
az-900,azure-architecture,AA-3,AZ-900 — AA-3 (EASY) #3,Identify the core principle behind Describe Azure storage services?,Mix controls from unrelated domains that do not address the stated objective.,Apply the official Describe Azure Architecture and Services guidance: Describe Azure storage services — this aligns with exam blueprint expectations and vendor documentation.,Use an approach that contradicts the exam objective and ignores documented constraints.,"Deploy without monitoring, backup, or access controls required by the blueprint.",D,EASY,az-900|azure-architecture|AA-3|easy|blueprint-seed,**Answer: D** — Describe Azure storage services. Review the official Microsoft exam guide (AZ-900) and linked documentation. Objective: AA-3.,https://learn.microsoft.com/azure/|https://learn.microsoft.com/credentials/certifications/azure-fundamentals/
az-900,azure-architecture,AA-3,AZ-900 — AA-3 (EASY) #4,Which description accurately reflects Describe Azure storage services?,"Follow the documented approach for Describe Azure storage services, using recommended services and controls per the exam guide.",Use an approach that contradicts the exam objective and ignores documented constraints.,"Deploy without monitoring, backup, or access controls required by the blueprint.",Mix controls from unrelated domains that do not address the stated objective.,A,EASY,az-900|azure-architecture|AA-3|easy|blueprint-seed,**Answer: A** — Describe Azure storage services. Review the official Microsoft exam guide (AZ-900) and linked documentation. Objective: AA-3.,https://learn.microsoft.com/azure/|https://learn.microsoft.com/credentials/certifications/azure-fundamentals/
az-900,azure-architecture,AA-3,AZ-900 — AA-3 (EASY) #5,Which statement best defines the scope of Describe Azure storage services?,Use an approach that contradicts the exam objective and ignores documented constraints.,"Deploy without monitoring, backup, or access controls required by the blueprint.",Mix controls from unrelated domains that do not address the stated objective.,"Implement Describe Azure storage services using Microsoft best practices for Describe Azure Architecture and Services, including monitoring and least privilege.",B,EASY,az-900|azure-architecture|AA-3|easy|blueprint-seed,**Answer: B** — Describe Azure storage services. Review the official Microsoft exam guide (AZ-900) and linked documentation. Objective: AA-3.,https://learn.microsoft.com/azure/|https://learn.microsoft.com/credentials/certifications/azure-fundamentals/
az-900,azure-architecture,AA-3,AZ-900 — AA-3 (EASY) #6,What is the primary purpose of Describe Azure storage services?,"Deploy without monitoring, backup, or access controls required by the blueprint.",Mix controls from unrelated domains that do not address the stated objective.,Apply the official Describe Azure Architecture and Services guidance: Describe Azure storage services — this aligns with exam blueprint expectations and vendor documentation.,Use an approach that contradicts the exam objective and ignores documented constraints.,C,EASY,az-900|azure-architecture|AA-3|easy|blueprint-seed,**Answer: C** — Describe Azure storage services. Review the official Microsoft exam guide (AZ-900) and linked documentation. Objective: AA-3.,https://learn.microsoft.com/azure/|https://learn.microsoft.com/credentials/certifications/azure-fundamentals/
az-900,azure-architecture,AA-3,AZ-900 — AA-3 (EASY) #7,Which concept is fundamental to Describe Azure storage services?,Mix controls from unrelated domains that do not address the stated objective.,"Follow the documented approach for Describe Azure storage services, using recommended services and controls per the exam guide.",Use an approach that contradicts the exam objective and ignores documented constraints.,"Deploy without monitoring, backup, or access controls required by the blueprint.",D,EASY,az-900|azure-architecture|AA-3|easy|blueprint-seed,**Answer: D** — Describe Azure storage services. Review the official Microsoft exam guide (AZ-900) and linked documentation. Objective: AA-3.,https://learn.microsoft.com/azure/|https://learn.microsoft.com/credentials/certifications/azure-fundamentals/
az-900,azure-architecture,AA-3,AZ-900 — AA-3 (EASY) #8,Identify the core principle behind Describe Azure storage services?,"Implement Describe Azure storage services using Microsoft best practices for Describe Azure Architecture and Services, including monitoring and least privilege.",Use an approach that contradicts the exam objective and ignores documented constraints.,"Deploy without monitoring, backup, or access controls required by the blueprint.",Mix controls from unrelated domains that do not address the stated objective.,A,EASY,az-900|azure-architecture|AA-3|easy|blueprint-seed,**Answer: A** — Describe Azure storage services. Review the official Microsoft exam guide (AZ-900) and linked documentation. Objective: AA-3.,https://learn.microsoft.com/azure/|https://learn.microsoft.com/credentials/certifications/azure-fundamentals/
az-900,azure-architecture,AA-3,AZ-900 — AA-3 (EASY) #9,Which description accurately reflects Describe Azure storage services?,Use an approach that contradicts the exam objective and ignores documented constraints.,"Deploy without monitoring, backup, or access controls required by the blueprint.",Mix controls from unrelated domains that do not address the stated objective.,Apply the official Describe Azure Architecture and Services guidance: Describe Azure storage services — this aligns with exam blueprint expectations and vendor documentation.,B,EASY,az-900|azure-architecture|AA-3|easy|blueprint-seed,**Answer: B** — Describe Azure storage services. Review the official Microsoft exam guide (AZ-900) and linked documentation. Objective: AA-3.,https://learn.microsoft.com/azure/|https://learn.microsoft.com/credentials/certifications/azure-fundamentals/
az-900,azure-architecture,AA-3,AZ-900 — AA-3 (EASY) #10,Which statement best defines the scope of Describe Azure storage services?,"Deploy without monitoring, backup, or access controls required by the blueprint.",Mix controls from unrelated domains that do not address the stated objective.,"Follow the documented approach for Describe Azure storage services, using recommended services and controls per the exam guide.",Use an approach that contradicts the exam objective and ignores documented constraints.,C,EASY,az-900|azure-architecture|AA-3|easy|blueprint-seed,**Answer: C** — Describe Azure storage services. Review the official Microsoft exam guide (AZ-900) and linked documentation. Objective: AA-3.,https://learn.microsoft.com/azure/|https://learn.microsoft.com/credentials/certifications/azure-fundamentals/
az-900,azure-architecture,AA-3,AZ-900 — AA-3 (EASY) #11,What is the primary purpose of Describe Azure storage services?,Mix controls from unrelated domains that do not address the stated objective.,"Implement Describe Azure storage services using Microsoft best practices for Describe Azure Architecture and Services, including monitoring and least privilege.",Use an approach that contradicts the exam objective and ignores documented constraints.,"Deploy without monitoring, backup, or access controls required by the blueprint.",D,EASY,az-900|azure-architecture|AA-3|easy|blueprint-seed,**Answer: D** — Describe Azure storage services. Review the official Microsoft exam guide (AZ-900) and linked documentation. Objective: AA-3.,https://learn.microsoft.com/azure/|https://learn.microsoft.com/credentials/certifications/azure-fundamentals/
az-900,azure-architecture,AA-3,AZ-900 — AA-3 (EASY) #12,Which concept is fundamental to Describe Azure storage services?,Apply the official Describe Azure Architecture and Services guidance: Describe Azure storage services — this aligns with exam blueprint expectations and vendor documentation.,Use an approach that contradicts the exam objective and ignores documented constraints.,"Deploy without monitoring, backup, or access controls required by the blueprint.",Mix controls from unrelated domains that do not address the stated objective.,A,EASY,az-900|azure-architecture|AA-3|easy|blueprint-seed,**Answer: A** — Describe Azure storage services. Review the official Microsoft exam guide (AZ-900) and linked documentation. Objective: AA-3.,https://learn.microsoft.com/azure/|https://learn.microsoft.com/credentials/certifications/azure-fundamentals/
az-900,azure-architecture,AA-3,AZ-900 — AA-3 (EASY) #13,Identify the core principle behind Describe Azure storage services?,Use an approach that contradicts the exam objective and ignores documented constraints.,"Deploy without monitoring, backup, or access controls required by the blueprint.",Mix controls from unrelated domains that do not address the stated objective.,"Follow the documented approach for Describe Azure storage services, using recommended services and controls per the exam guide.",B,EASY,az-900|azure-architecture|AA-3|easy|blueprint-seed,**Answer: B** — Describe Azure storage services. Review the official Microsoft exam guide (AZ-900) and linked documentation. Objective: AA-3.,https://learn.microsoft.com/azure/|https://learn.microsoft.com/credentials/certifications/azure-fundamentals/
az-900,azure-architecture,AA-3,AZ-900 — AA-3 (MEDIUM) #14,What is the recommended design when applying Describe Azure storage services in the context of Microsoft Azure Fundamentals?,"Deploy without monitoring, backup, or access controls required by the blueprint.",Mix controls from unrelated domains that do not address the stated objective.,"Implement Describe Azure storage services using Microsoft best practices for Describe Azure Architecture and Services, including monitoring and least privilege.",Use an approach that contradicts the exam objective and ignores documented constraints.,C,MEDIUM,az-900|azure-architecture|AA-3|medium|blueprint-seed,**Answer: C** — Describe Azure storage services. Review the official Microsoft exam guide (AZ-900) and linked documentation. Objective: AA-3.,https://learn.microsoft.com/azure/|https://learn.microsoft.com/credentials/certifications/azure-fundamentals/
az-900,azure-architecture,AA-3,AZ-900 — AA-3 (MEDIUM) #15,A team must implement a solution for Describe Azure storage services in the context of Microsoft Azure Fundamentals?,Mix controls from unrelated domains that do not address the stated objective.,Apply the official Describe Azure Architecture and Services guidance: Describe Azure storage services — this aligns with exam blueprint expectations and vendor documentation.,Use an approach that contradicts the exam objective and ignores documented constraints.,"Deploy without monitoring, backup, or access controls required by the blueprint.",D,MEDIUM,az-900|azure-architecture|AA-3|medium|blueprint-seed,**Answer: D** — Describe Azure storage services. Review the official Microsoft exam guide (AZ-900) and linked documentation. Objective: AA-3.,https://learn.microsoft.com/azure/|https://learn.microsoft.com/credentials/certifications/azure-fundamentals/
az-900,azure-architecture,AA-3,AZ-900 — AA-3 (MEDIUM) #16,Which approach aligns with best practices when Describe Azure storage services in the context of Microsoft Azure Fundamentals?,"Follow the documented approach for Describe Azure storage services, using recommended services and controls per the exam guide.",Use an approach that contradicts the exam objective and ignores documented constraints.,"Deploy without monitoring, backup, or access controls required by the blueprint.",Mix controls from unrelated domains that do not address the stated objective.,A,MEDIUM,az-900|azure-architecture|AA-3|medium|blueprint-seed,**Answer: A** — Describe Azure storage services. Review the official Microsoft exam guide (AZ-900) and linked documentation. Objective: AA-3.,https://learn.microsoft.com/azure/|https://learn.microsoft.com/credentials/certifications/azure-fundamentals/
az-900,azure-architecture,AA-3,AZ-900 — AA-3 (MEDIUM) #17,"During a project review, stakeholders ask how to Describe Azure storage services in the context of Microsoft Azure Fundamentals?",Use an approach that contradicts the exam objective and ignores documented constraints.,"Deploy without monitoring, backup, or access controls required by the blueprint.",Mix controls from unrelated domains that do not address the stated objective.,"Implement Describe Azure storage services using Microsoft best practices for Describe Azure Architecture and Services, including monitoring and least privilege.",B,MEDIUM,az-900|azure-architecture|AA-3|medium|blueprint-seed,**Answer: B** — Describe Azure storage services. Review the official Microsoft exam guide (AZ-900) and linked documentation. Objective: AA-3.,https://learn.microsoft.com/azure/|https://learn.microsoft.com/credentials/certifications/azure-fundamentals/
az-900,azure-architecture,AA-3,AZ-900 — AA-3 (MEDIUM) #18,Which configuration satisfies requirements for Describe Azure storage services in the context of Microsoft Azure Fundamentals?,"Deploy without monitoring, backup, or access controls required by the blueprint.",Mix controls from unrelated domains that do not address the stated objective.,Apply the official Describe Azure Architecture and Services guidance: Describe Azure storage services — this aligns with exam blueprint expectations and vendor documentation.,Use an approach that contradicts the exam objective and ignores documented constraints.,C,MEDIUM,az-900|azure-architecture|AA-3|medium|blueprint-seed,**Answer: C** — Describe Azure storage services. Review the official Microsoft exam guide (AZ-900) and linked documentation. Objective: AA-3.,https://learn.microsoft.com/azure/|https://learn.microsoft.com/credentials/certifications/azure-fundamentals/
az-900,azure-architecture,AA-3,AZ-900 — AA-3 (MEDIUM) #19,What is the recommended design when applying Describe Azure storage services in the context of Microsoft Azure Fundamentals?,Mix controls from unrelated domains that do not address the stated objective.,"Follow the documented approach for Describe Azure storage services, using recommended services and controls per the exam guide.",Use an approach that contradicts the exam objective and ignores documented constraints.,"Deploy without monitoring, backup, or access controls required by the blueprint.",D,MEDIUM,az-900|azure-architecture|AA-3|medium|blueprint-seed,**Answer: D** — Describe Azure storage services. Review the official Microsoft exam guide (AZ-900) and linked documentation. Objective: AA-3.,https://learn.microsoft.com/azure/|https://learn.microsoft.com/credentials/certifications/azure-fundamentals/
az-900,azure-architecture,AA-3,AZ-900 — AA-3 (MEDIUM) #20,A team must implement a solution for Describe Azure storage services in the context of Microsoft Azure Fundamentals?,"Implement Describe Azure storage services using Microsoft best practices for Describe Azure Architecture and Services, including monitoring and least privilege.",Use an approach that contradicts the exam objective and ignores documented constraints.,"Deploy without monitoring, backup, or access controls required by the blueprint.",Mix controls from unrelated domains that do not address the stated objective.,A,MEDIUM,az-900|azure-architecture|AA-3|medium|blueprint-seed,**Answer: A** — Describe Azure storage services. Review the official Microsoft exam guide (AZ-900) and linked documentation. Objective: AA-3.,https://learn.microsoft.com/azure/|https://learn.microsoft.com/credentials/certifications/azure-fundamentals/
az-900,azure-architecture,AA-3,AZ-900 — AA-3 (MEDIUM) #21,Which approach aligns with best practices when Describe Azure storage services in the context of Microsoft Azure Fundamentals?,Use an approach that contradicts the exam objective and ignores documented constraints.,"Deploy without monitoring, backup, or access controls required by the blueprint.",Mix controls from unrelated domains that do not address the stated objective.,Apply the official Describe Azure Architecture and Services guidance: Describe Azure storage services — this aligns with exam blueprint expectations and vendor documentation.,B,MEDIUM,az-900|azure-architecture|AA-3|medium|blueprint-seed,**Answer: B** — Describe Azure storage services. Review the official Microsoft exam guide (AZ-900) and linked documentation. Objective: AA-3.,https://learn.microsoft.com/azure/|https://learn.microsoft.com/credentials/certifications/azure-fundamentals/
az-900,azure-architecture,AA-3,AZ-900 — AA-3 (MEDIUM) #22,"During a project review, stakeholders ask how to Describe Azure storage services in the context of Microsoft Azure Fundamentals?","Deploy without monitoring, backup, or access controls required by the blueprint.",Mix controls from unrelated domains that do not address the stated objective.,"Follow the documented approach for Describe Azure storage services, using recommended services and controls per the exam guide.",Use an approach that contradicts the exam objective and ignores documented constraints.,C,MEDIUM,az-900|azure-architecture|AA-3|medium|blueprint-seed,**Answer: C** — Describe Azure storage services. Review the official Microsoft exam guide (AZ-900) and linked documentation. Objective: AA-3.,https://learn.microsoft.com/azure/|https://learn.microsoft.com/credentials/certifications/azure-fundamentals/
az-900,azure-architecture,AA-3,AZ-900 — AA-3 (MEDIUM) #23,Which configuration satisfies requirements for Describe Azure storage services in the context of Microsoft Azure Fundamentals?,Mix controls from unrelated domains that do not address the stated objective.,"Implement Describe Azure storage services using Microsoft best practices for Describe Azure Architecture and Services, including monitoring and least privilege.",Use an approach that contradicts the exam objective and ignores documented constraints.,"Deploy without monitoring, backup, or access controls required by the blueprint.",D,MEDIUM,az-900|azure-architecture|AA-3|medium|blueprint-seed,**Answer: D** — Describe Azure storage services. Review the official Microsoft exam guide (AZ-900) and linked documentation. Objective: AA-3.,https://learn.microsoft.com/azure/|https://learn.microsoft.com/credentials/certifications/azure-fundamentals/
az-900,azure-architecture,AA-3,AZ-900 — AA-3 (MEDIUM) #24,What is the recommended design when applying Describe Azure storage services in the context of Microsoft Azure Fundamentals?,Apply the official Describe Azure Architecture and Services guidance: Describe Azure storage services — this aligns with exam blueprint expectations and vendor documentation.,Use an approach that contradicts the exam objective and ignores documented constraints.,"Deploy without monitoring, backup, or access controls required by the blueprint.",Mix controls from unrelated domains that do not address the stated objective.,A,MEDIUM,az-900|azure-architecture|AA-3|medium|blueprint-seed,**Answer: A** — Describe Azure storage services. Review the official Microsoft exam guide (AZ-900) and linked documentation. Objective: AA-3.,https://learn.microsoft.com/azure/|https://learn.microsoft.com/credentials/certifications/azure-fundamentals/
az-900,azure-architecture,AA-3,AZ-900 — AA-3 (MEDIUM) #25,A team must implement a solution for Describe Azure storage services in the context of Microsoft Azure Fundamentals?,Use an approach that contradicts the exam objective and ignores documented constraints.,"Deploy without monitoring, backup, or access controls required by the blueprint.",Mix controls from unrelated domains that do not address the stated objective.,"Follow the documented approach for Describe Azure storage services, using recommended services and controls per the exam guide.",B,MEDIUM,az-900|azure-architecture|AA-3|medium|blueprint-seed,**Answer: B** — Describe Azure storage services. Review the official Microsoft exam guide (AZ-900) and linked documentation. Objective: AA-3.,https://learn.microsoft.com/azure/|https://learn.microsoft.com/credentials/certifications/azure-fundamentals/
az-900,azure-architecture,AA-3,AZ-900 — AA-3 (MEDIUM) #26,Which approach aligns with best practices when Describe Azure storage services in the context of Microsoft Azure Fundamentals?,"Deploy without monitoring, backup, or access controls required by the blueprint.",Mix controls from unrelated domains that do not address the stated objective.,"Implement Describe Azure storage services using Microsoft best practices for Describe Azure Architecture and Services, including monitoring and least privilege.",Use an approach that contradicts the exam objective and ignores documented constraints.,C,MEDIUM,az-900|azure-architecture|AA-3|medium|blueprint-seed,**Answer: C** — Describe Azure storage services. Review the official Microsoft exam guide (AZ-900) and linked documentation. Objective: AA-3.,https://learn.microsoft.com/azure/|https://learn.microsoft.com/credentials/certifications/azure-fundamentals/
az-900,azure-architecture,AA-3,AZ-900 — AA-3 (MEDIUM) #27,"During a project review, stakeholders ask how to Describe Azure storage services in the context of Microsoft Azure Fundamentals?",Mix controls from unrelated domains that do not address the stated objective.,Apply the official Describe Azure Architecture and Services guidance: Describe Azure storage services — this aligns with exam blueprint expectations and vendor documentation.,Use an approach that contradicts the exam objective and ignores documented constraints.,"Deploy without monitoring, backup, or access controls required by the blueprint.",D,MEDIUM,az-900|azure-architecture|AA-3|medium|blueprint-seed,**Answer: D** — Describe Azure storage services. Review the official Microsoft exam guide (AZ-900) and linked documentation. Objective: AA-3.,https://learn.microsoft.com/azure/|https://learn.microsoft.com/credentials/certifications/azure-fundamentals/
az-900,azure-architecture,AA-3,AZ-900 — AA-3 (MEDIUM) #28,Which configuration satisfies requirements for Describe Azure storage services in the context of Microsoft Azure Fundamentals?,"Follow the documented approach for Describe Azure storage services, using recommended services and controls per the exam guide.",Use an approach that contradicts the exam objective and ignores documented constraints.,"Deploy without monitoring, backup, or access controls required by the blueprint.",Mix controls from unrelated domains that do not address the stated objective.,A,MEDIUM,az-900|azure-architecture|AA-3|medium|blueprint-seed,**Answer: A** — Describe Azure storage services. Review the official Microsoft exam guide (AZ-900) and linked documentation. Objective: AA-3.,https://learn.microsoft.com/azure/|https://learn.microsoft.com/credentials/certifications/azure-fundamentals/
az-900,azure-architecture,AA-3,AZ-900 — AA-3 (MEDIUM) #29,What is the recommended design when applying Describe Azure storage services in the context of Microsoft Azure Fundamentals?,Use an approach that contradicts the exam objective and ignores documented constraints.,"Deploy without monitoring, backup, or access controls required by the blueprint.",Mix controls from unrelated domains that do not address the stated objective.,"Implement Describe Azure storage services using Microsoft best practices for Describe Azure Architecture and Services, including monitoring and least privilege.",B,MEDIUM,az-900|azure-architecture|AA-3|medium|blueprint-seed,**Answer: B** — Describe Azure storage services. Review the official Microsoft exam guide (AZ-900) and linked documentation. Objective: AA-3.,https://learn.microsoft.com/azure/|https://learn.microsoft.com/credentials/certifications/azure-fundamentals/
az-900,azure-architecture,AA-3,AZ-900 — AA-3 (MEDIUM) #30,A team must implement a solution for Describe Azure storage services in the context of Microsoft Azure Fundamentals?,"Deploy without monitoring, backup, or access controls required by the blueprint.",Mix controls from unrelated domains that do not address the stated objective.,Apply the official Describe Azure Architecture and Services guidance: Describe Azure storage services — this aligns with exam blueprint expectations and vendor documentation.,Use an approach that contradicts the exam objective and ignores documented constraints.,C,MEDIUM,az-900|azure-architecture|AA-3|medium|blueprint-seed,**Answer: C** — Describe Azure storage services. Review the official Microsoft exam guide (AZ-900) and linked documentation. Objective: AA-3.,https://learn.microsoft.com/azure/|https://learn.microsoft.com/credentials/certifications/azure-fundamentals/
az-900,azure-architecture,AA-3,AZ-900 — AA-3 (MEDIUM) #31,Which approach aligns with best practices when Describe Azure storage services in the context of Microsoft Azure Fundamentals?,Mix controls from unrelated domains that do not address the stated objective.,"Follow the documented approach for Describe Azure storage services, using recommended services and controls per the exam guide.",Use an approach that contradicts the exam objective and ignores documented constraints.,"Deploy without monitoring, backup, or access controls required by the blueprint.",D,MEDIUM,az-900|azure-architecture|AA-3|medium|blueprint-seed,**Answer: D** — Describe Azure storage services. Review the official Microsoft exam guide (AZ-900) and linked documentation. Objective: AA-3.,https://learn.microsoft.com/azure/|https://learn.microsoft.com/credentials/certifications/azure-fundamentals/
az-900,azure-architecture,AA-3,AZ-900 — AA-3 (HARD) #32,A production incident involves trade-offs between cost and resilience for Describe Azure storage services for Describe Azure Architecture and Services?,"Implement Describe Azure storage services using Microsoft best practices for Describe Azure Architecture and Services, including monitoring and least privilege.",Use an approach that contradicts the exam objective and ignores documented constraints.,"Deploy without monitoring, backup, or access controls required by the blueprint.",Mix controls from unrelated domains that do not address the stated objective.,A,HARD,az-900|azure-architecture|AA-3|hard|blueprint-seed,**Answer: A** — Describe Azure storage services. Review the official Microsoft exam guide (AZ-900) and linked documentation. Objective: AA-3.,https://learn.microsoft.com/azure/|https://learn.microsoft.com/credentials/certifications/azure-fundamentals/
az-900,azure-architecture,AA-3,AZ-900 — AA-3 (HARD) #33,Complex regulatory requirements demand that you Describe Azure storage services for Describe Azure Architecture and Services?,Use an approach that contradicts the exam objective and ignores documented constraints.,"Deploy without monitoring, backup, or access controls required by the blueprint.",Mix controls from unrelated domains that do not address the stated objective.,Apply the official Describe Azure Architecture and Services guidance: Describe Azure storage services — this aligns with exam blueprint expectations and vendor documentation.,B,HARD,az-900|azure-architecture|AA-3|hard|blueprint-seed,**Answer: B** — Describe Azure storage services. Review the official Microsoft exam guide (AZ-900) and linked documentation. Objective: AA-3.,https://learn.microsoft.com/azure/|https://learn.microsoft.com/credentials/certifications/azure-fundamentals/
az-900,azure-architecture,AA-3,AZ-900 — AA-3 (HARD) #34,A multi-team rollout must balance security and velocity for Describe Azure storage services for Describe Azure Architecture and Services?,"Deploy without monitoring, backup, or access controls required by the blueprint.",Mix controls from unrelated domains that do not address the stated objective.,"Follow the documented approach for Describe Azure storage services, using recommended services and controls per the exam guide.",Use an approach that contradicts the exam objective and ignores documented constraints.,C,HARD,az-900|azure-architecture|AA-3|hard|blueprint-seed,**Answer: C** — Describe Azure storage services. Review the official Microsoft exam guide (AZ-900) and linked documentation. Objective: AA-3.,https://learn.microsoft.com/azure/|https://learn.microsoft.com/credentials/certifications/azure-fundamentals/
az-900,azure-architecture,AA-3,AZ-900 — AA-3 (HARD) #35,An enterprise requires zero-downtime architecture while Describe Azure storage services for Describe Azure Architecture and Services?,Mix controls from unrelated domains that do not address the stated objective.,"Implement Describe Azure storage services using Microsoft best practices for Describe Azure Architecture and Services, including monitoring and least privilege.",Use an approach that contradicts the exam objective and ignores documented constraints.,"Deploy without monitoring, backup, or access controls required by the blueprint.",D,HARD,az-900|azure-architecture|AA-3|hard|blueprint-seed,**Answer: D** — Describe Azure storage services. Review the official Microsoft exam guide (AZ-900) and linked documentation. Objective: AA-3.,https://learn.microsoft.com/azure/|https://learn.microsoft.com/credentials/certifications/azure-fundamentals/
az-900,azure-architecture,AA-3,AZ-900 — AA-3 (HARD) #36,"Given strict compliance, auditability, and multi-region constraints, how should you Describe Azure storage services for Describe Azure Architecture and Services?",Apply the official Describe Azure Architecture and Services guidance: Describe Azure storage services — this aligns with exam blueprint expectations and vendor documentation.,Use an approach that contradicts the exam objective and ignores documented constraints.,"Deploy without monitoring, backup, or access controls required by the blueprint.",Mix controls from unrelated domains that do not address the stated objective.,A,HARD,az-900|azure-architecture|AA-3|hard|blueprint-seed,**Answer: A** — Describe Azure storage services. Review the official Microsoft exam guide (AZ-900) and linked documentation. Objective: AA-3.,https://learn.microsoft.com/azure/|https://learn.microsoft.com/credentials/certifications/azure-fundamentals/
az-900,azure-architecture,AA-3,AZ-900 — AA-3 (HARD) #37,A production incident involves trade-offs between cost and resilience for Describe Azure storage services for Describe Azure Architecture and Services?,Use an approach that contradicts the exam objective and ignores documented constraints.,"Deploy without monitoring, backup, or access controls required by the blueprint.",Mix controls from unrelated domains that do not address the stated objective.,"Follow the documented approach for Describe Azure storage services, using recommended services and controls per the exam guide.",B,HARD,az-900|azure-architecture|AA-3|hard|blueprint-seed,**Answer: B** — Describe Azure storage services. Review the official Microsoft exam guide (AZ-900) and linked documentation. Objective: AA-3.,https://learn.microsoft.com/azure/|https://learn.microsoft.com/credentials/certifications/azure-fundamentals/
az-900,azure-architecture,AA-3,AZ-900 — AA-3 (HARD) #38,Complex regulatory requirements demand that you Describe Azure storage services for Describe Azure Architecture and Services?,"Deploy without monitoring, backup, or access controls required by the blueprint.",Mix controls from unrelated domains that do not address the stated objective.,"Implement Describe Azure storage services using Microsoft best practices for Describe Azure Architecture and Services, including monitoring and least privilege.",Use an approach that contradicts the exam objective and ignores documented constraints.,C,HARD,az-900|azure-architecture|AA-3|hard|blueprint-seed,**Answer: C** — Describe Azure storage services. Review the official Microsoft exam guide (AZ-900) and linked documentation. Objective: AA-3.,https://learn.microsoft.com/azure/|https://learn.microsoft.com/credentials/certifications/azure-fundamentals/
az-900,azure-architecture,AA-3,AZ-900 — AA-3 (HARD) #39,A multi-team rollout must balance security and velocity for Describe Azure storage services for Describe Azure Architecture and Services?,Mix controls from unrelated domains that do not address the stated objective.,Apply the official Describe Azure Architecture and Services guidance: Describe Azure storage services — this aligns with exam blueprint expectations and vendor documentation.,Use an approach that contradicts the exam objective and ignores documented constraints.,"Deploy without monitoring, backup, or access controls required by the blueprint.",D,HARD,az-900|azure-architecture|AA-3|hard|blueprint-seed,**Answer: D** — Describe Azure storage services. Review the official Microsoft exam guide (AZ-900) and linked documentation. Objective: AA-3.,https://learn.microsoft.com/azure/|https://learn.microsoft.com/credentials/certifications/azure-fundamentals/
az-900,azure-architecture,AA-3,AZ-900 — AA-3 (HARD) #40,An enterprise requires zero-downtime architecture while Describe Azure storage services for Describe Azure Architecture and Services?,"Follow the documented approach for Describe Azure storage services, using recommended services and controls per the exam guide.",Use an approach that contradicts the exam objective and ignores documented constraints.,"Deploy without monitoring, backup, or access controls required by the blueprint.",Mix controls from unrelated domains that do not address the stated objective.,A,HARD,az-900|azure-architecture|AA-3|hard|blueprint-seed,**Answer: A** — Describe Azure storage services. Review the official Microsoft exam guide (AZ-900) and linked documentation. Objective: AA-3.,https://learn.microsoft.com/azure/|https://learn.microsoft.com/credentials/certifications/azure-fundamentals/
az-900,azure-architecture,AA-3,AZ-900 — AA-3 (HARD) #41,"Given strict compliance, auditability, and multi-region constraints, how should you Describe Azure storage services for Describe Azure Architecture and Services?",Use an approach that contradicts the exam objective and ignores documented constraints.,"Deploy without monitoring, backup, or access controls required by the blueprint.",Mix controls from unrelated domains that do not address the stated objective.,"Implement Describe Azure storage services using Microsoft best practices for Describe Azure Architecture and Services, including monitoring and least privilege.",B,HARD,az-900|azure-architecture|AA-3|hard|blueprint-seed,**Answer: B** — Describe Azure storage services. Review the official Microsoft exam guide (AZ-900) and linked documentation. Objective: AA-3.,https://learn.microsoft.com/azure/|https://learn.microsoft.com/credentials/certifications/azure-fundamentals/
az-900,azure-architecture,AA-3,AZ-900 — AA-3 (HARD) #42,A production incident involves trade-offs between cost and resilience for Describe Azure storage services for Describe Azure Architecture and Services?,"Deploy without monitoring, backup, or access controls required by the blueprint.",Mix controls from unrelated domains that do not address the stated objective.,Apply the official Describe Azure Architecture and Services guidance: Describe Azure storage services — this aligns with exam blueprint expectations and vendor documentation.,Use an approach that contradicts the exam objective and ignores documented constraints.,C,HARD,az-900|azure-architecture|AA-3|hard|blueprint-seed,**Answer: C** — Describe Azure storage services. Review the official Microsoft exam guide (AZ-900) and linked documentation. Objective: AA-3.,https://learn.microsoft.com/azure/|https://learn.microsoft.com/credentials/certifications/azure-fundamentals/
az-900,azure-architecture,AA-3,AZ-900 — AA-3 (HARD) #43,Complex regulatory requirements demand that you Describe Azure storage services for Describe Azure Architecture and Services?,Mix controls from unrelated domains that do not address the stated objective.,"Follow the documented approach for Describe Azure storage services, using recommended services and controls per the exam guide.",Use an approach that contradicts the exam objective and ignores documented constraints.,"Deploy without monitoring, backup, or access controls required by the blueprint.",D,HARD,az-900|azure-architecture|AA-3|hard|blueprint-seed,**Answer: D** — Describe Azure storage services. Review the official Microsoft exam guide (AZ-900) and linked documentation. Objective: AA-3.,https://learn.microsoft.com/azure/|https://learn.microsoft.com/credentials/certifications/azure-fundamentals/
az-900,azure-architecture,AA-3,AZ-900 — AA-3 (HARD) #44,A multi-team rollout must balance security and velocity for Describe Azure storage services for Describe Azure Architecture and Services?,"Implement Describe Azure storage services using Microsoft best practices for Describe Azure Architecture and Services, including monitoring and least privilege.",Use an approach that contradicts the exam objective and ignores documented constraints.,"Deploy without monitoring, backup, or access controls required by the blueprint.",Mix controls from unrelated domains that do not address the stated objective.,A,HARD,az-900|azure-architecture|AA-3|hard|blueprint-seed,**Answer: A** — Describe Azure storage services. Review the official Microsoft exam guide (AZ-900) and linked documentation. Objective: AA-3.,https://learn.microsoft.com/azure/|https://learn.microsoft.com/credentials/certifications/azure-fundamentals/
az-900,azure-architecture,AA-4,AZ-900 — AA-4 (EASY) #1,What is the primary purpose of Describe Azure identity and security services?,Use an approach that contradicts the exam objective and ignores documented constraints.,"Deploy without monitoring, backup, or access controls required by the blueprint.",Mix controls from unrelated domains that do not address the stated objective.,"Follow the documented approach for Describe Azure identity and security services, using recommended services and controls per the exam guide.",B,EASY,az-900|azure-architecture|AA-4|easy|blueprint-seed,**Answer: B** — Describe Azure identity and security services. Review the official Microsoft exam guide (AZ-900) and linked documentation. Objective: AA-4.,https://learn.microsoft.com/azure/|https://learn.microsoft.com/credentials/certifications/azure-fundamentals/
az-900,azure-architecture,AA-4,AZ-900 — AA-4 (EASY) #2,Which concept is fundamental to Describe Azure identity and security services?,"Deploy without monitoring, backup, or access controls required by the blueprint.",Mix controls from unrelated domains that do not address the stated objective.,"Implement Describe Azure identity and security services using Microsoft best practices for Describe Azure Architecture and Services, including monitoring and least privilege.",Use an approach that contradicts the exam objective and ignores documented constraints.,C,EASY,az-900|azure-architecture|AA-4|easy|blueprint-seed,**Answer: C** — Describe Azure identity and security services. Review the official Microsoft exam guide (AZ-900) and linked documentation. Objective: AA-4.,https://learn.microsoft.com/azure/|https://learn.microsoft.com/credentials/certifications/azure-fundamentals/
az-900,azure-architecture,AA-4,AZ-900 — AA-4 (EASY) #3,Identify the core principle behind Describe Azure identity and security services?,Mix controls from unrelated domains that do not address the stated objective.,Apply the official Describe Azure Architecture and Services guidance: Describe Azure identity and security services — this aligns with exam blueprint expectations and vendor documentation.,Use an approach that contradicts the exam objective and ignores documented constraints.,"Deploy without monitoring, backup, or access controls required by the blueprint.",D,EASY,az-900|azure-architecture|AA-4|easy|blueprint-seed,**Answer: D** — Describe Azure identity and security services. Review the official Microsoft exam guide (AZ-900) and linked documentation. Objective: AA-4.,https://learn.microsoft.com/azure/|https://learn.microsoft.com/credentials/certifications/azure-fundamentals/
az-900,azure-architecture,AA-4,AZ-900 — AA-4 (EASY) #4,Which description accurately reflects Describe Azure identity and security services?,"Follow the documented approach for Describe Azure identity and security services, using recommended services and controls per the exam guide.",Use an approach that contradicts the exam objective and ignores documented constraints.,"Deploy without monitoring, backup, or access controls required by the blueprint.",Mix controls from unrelated domains that do not address the stated objective.,A,EASY,az-900|azure-architecture|AA-4|easy|blueprint-seed,**Answer: A** — Describe Azure identity and security services. Review the official Microsoft exam guide (AZ-900) and linked documentation. Objective: AA-4.,https://learn.microsoft.com/azure/|https://learn.microsoft.com/credentials/certifications/azure-fundamentals/
az-900,azure-architecture,AA-4,AZ-900 — AA-4 (EASY) #5,Which statement best defines the scope of Describe Azure identity and security services?,Use an approach that contradicts the exam objective and ignores documented constraints.,"Deploy without monitoring, backup, or access controls required by the blueprint.",Mix controls from unrelated domains that do not address the stated objective.,"Implement Describe Azure identity and security services using Microsoft best practices for Describe Azure Architecture and Services, including monitoring and least privilege.",B,EASY,az-900|azure-architecture|AA-4|easy|blueprint-seed,**Answer: B** — Describe Azure identity and security services. Review the official Microsoft exam guide (AZ-900) and linked documentation. Objective: AA-4.,https://learn.microsoft.com/azure/|https://learn.microsoft.com/credentials/certifications/azure-fundamentals/
az-900,azure-architecture,AA-4,AZ-900 — AA-4 (EASY) #6,What is the primary purpose of Describe Azure identity and security services?,"Deploy without monitoring, backup, or access controls required by the blueprint.",Mix controls from unrelated domains that do not address the stated objective.,Apply the official Describe Azure Architecture and Services guidance: Describe Azure identity and security services — this aligns with exam blueprint expectations and vendor documentation.,Use an approach that contradicts the exam objective and ignores documented constraints.,C,EASY,az-900|azure-architecture|AA-4|easy|blueprint-seed,**Answer: C** — Describe Azure identity and security services. Review the official Microsoft exam guide (AZ-900) and linked documentation. Objective: AA-4.,https://learn.microsoft.com/azure/|https://learn.microsoft.com/credentials/certifications/azure-fundamentals/
az-900,azure-architecture,AA-4,AZ-900 — AA-4 (EASY) #7,Which concept is fundamental to Describe Azure identity and security services?,Mix controls from unrelated domains that do not address the stated objective.,"Follow the documented approach for Describe Azure identity and security services, using recommended services and controls per the exam guide.",Use an approach that contradicts the exam objective and ignores documented constraints.,"Deploy without monitoring, backup, or access controls required by the blueprint.",D,EASY,az-900|azure-architecture|AA-4|easy|blueprint-seed,**Answer: D** — Describe Azure identity and security services. Review the official Microsoft exam guide (AZ-900) and linked documentation. Objective: AA-4.,https://learn.microsoft.com/azure/|https://learn.microsoft.com/credentials/certifications/azure-fundamentals/
az-900,azure-architecture,AA-4,AZ-900 — AA-4 (EASY) #8,Identify the core principle behind Describe Azure identity and security services?,"Implement Describe Azure identity and security services using Microsoft best practices for Describe Azure Architecture and Services, including monitoring and least privilege.",Use an approach that contradicts the exam objective and ignores documented constraints.,"Deploy without monitoring, backup, or access controls required by the blueprint.",Mix controls from unrelated domains that do not address the stated objective.,A,EASY,az-900|azure-architecture|AA-4|easy|blueprint-seed,**Answer: A** — Describe Azure identity and security services. Review the official Microsoft exam guide (AZ-900) and linked documentation. Objective: AA-4.,https://learn.microsoft.com/azure/|https://learn.microsoft.com/credentials/certifications/azure-fundamentals/
az-900,azure-architecture,AA-4,AZ-900 — AA-4 (EASY) #9,Which description accurately reflects Describe Azure identity and security services?,Use an approach that contradicts the exam objective and ignores documented constraints.,"Deploy without monitoring, backup, or access controls required by the blueprint.",Mix controls from unrelated domains that do not address the stated objective.,Apply the official Describe Azure Architecture and Services guidance: Describe Azure identity and security services — this aligns with exam blueprint expectations and vendor documentation.,B,EASY,az-900|azure-architecture|AA-4|easy|blueprint-seed,**Answer: B** — Describe Azure identity and security services. Review the official Microsoft exam guide (AZ-900) and linked documentation. Objective: AA-4.,https://learn.microsoft.com/azure/|https://learn.microsoft.com/credentials/certifications/azure-fundamentals/
az-900,azure-architecture,AA-4,AZ-900 — AA-4 (EASY) #10,Which statement best defines the scope of Describe Azure identity and security services?,"Deploy without monitoring, backup, or access controls required by the blueprint.",Mix controls from unrelated domains that do not address the stated objective.,"Follow the documented approach for Describe Azure identity and security services, using recommended services and controls per the exam guide.",Use an approach that contradicts the exam objective and ignores documented constraints.,C,EASY,az-900|azure-architecture|AA-4|easy|blueprint-seed,**Answer: C** — Describe Azure identity and security services. Review the official Microsoft exam guide (AZ-900) and linked documentation. Objective: AA-4.,https://learn.microsoft.com/azure/|https://learn.microsoft.com/credentials/certifications/azure-fundamentals/
az-900,azure-architecture,AA-4,AZ-900 — AA-4 (EASY) #11,What is the primary purpose of Describe Azure identity and security services?,Mix controls from unrelated domains that do not address the stated objective.,"Implement Describe Azure identity and security services using Microsoft best practices for Describe Azure Architecture and Services, including monitoring and least privilege.",Use an approach that contradicts the exam objective and ignores documented constraints.,"Deploy without monitoring, backup, or access controls required by the blueprint.",D,EASY,az-900|azure-architecture|AA-4|easy|blueprint-seed,**Answer: D** — Describe Azure identity and security services. Review the official Microsoft exam guide (AZ-900) and linked documentation. Objective: AA-4.,https://learn.microsoft.com/azure/|https://learn.microsoft.com/credentials/certifications/azure-fundamentals/
az-900,azure-architecture,AA-4,AZ-900 — AA-4 (EASY) #12,Which concept is fundamental to Describe Azure identity and security services?,Apply the official Describe Azure Architecture and Services guidance: Describe Azure identity and security services — this aligns with exam blueprint expectations and vendor documentation.,Use an approach that contradicts the exam objective and ignores documented constraints.,"Deploy without monitoring, backup, or access controls required by the blueprint.",Mix controls from unrelated domains that do not address the stated objective.,A,EASY,az-900|azure-architecture|AA-4|easy|blueprint-seed,**Answer: A** — Describe Azure identity and security services. Review the official Microsoft exam guide (AZ-900) and linked documentation. Objective: AA-4.,https://learn.microsoft.com/azure/|https://learn.microsoft.com/credentials/certifications/azure-fundamentals/
az-900,azure-architecture,AA-4,AZ-900 — AA-4 (EASY) #13,Identify the core principle behind Describe Azure identity and security services?,Use an approach that contradicts the exam objective and ignores documented constraints.,"Deploy without monitoring, backup, or access controls required by the blueprint.",Mix controls from unrelated domains that do not address the stated objective.,"Follow the documented approach for Describe Azure identity and security services, using recommended services and controls per the exam guide.",B,EASY,az-900|azure-architecture|AA-4|easy|blueprint-seed,**Answer: B** — Describe Azure identity and security services. Review the official Microsoft exam guide (AZ-900) and linked documentation. Objective: AA-4.,https://learn.microsoft.com/azure/|https://learn.microsoft.com/credentials/certifications/azure-fundamentals/
az-900,azure-architecture,AA-4,AZ-900 — AA-4 (MEDIUM) #14,What is the recommended design when applying Describe Azure identity and security services in the context of Microsoft Azure Fundamentals?,"Deploy without monitoring, backup, or access controls required by the blueprint.",Mix controls from unrelated domains that do not address the stated objective.,"Implement Describe Azure identity and security services using Microsoft best practices for Describe Azure Architecture and Services, including monitoring and least privilege.",Use an approach that contradicts the exam objective and ignores documented constraints.,C,MEDIUM,az-900|azure-architecture|AA-4|medium|blueprint-seed,**Answer: C** — Describe Azure identity and security services. Review the official Microsoft exam guide (AZ-900) and linked documentation. Objective: AA-4.,https://learn.microsoft.com/azure/|https://learn.microsoft.com/credentials/certifications/azure-fundamentals/
az-900,azure-architecture,AA-4,AZ-900 — AA-4 (MEDIUM) #15,A team must implement a solution for Describe Azure identity and security services in the context of Microsoft Azure Fundamentals?,Mix controls from unrelated domains that do not address the stated objective.,Apply the official Describe Azure Architecture and Services guidance: Describe Azure identity and security services — this aligns with exam blueprint expectations and vendor documentation.,Use an approach that contradicts the exam objective and ignores documented constraints.,"Deploy without monitoring, backup, or access controls required by the blueprint.",D,MEDIUM,az-900|azure-architecture|AA-4|medium|blueprint-seed,**Answer: D** — Describe Azure identity and security services. Review the official Microsoft exam guide (AZ-900) and linked documentation. Objective: AA-4.,https://learn.microsoft.com/azure/|https://learn.microsoft.com/credentials/certifications/azure-fundamentals/
az-900,azure-architecture,AA-4,AZ-900 — AA-4 (MEDIUM) #16,Which approach aligns with best practices when Describe Azure identity and security services in the context of Microsoft Azure Fundamentals?,"Follow the documented approach for Describe Azure identity and security services, using recommended services and controls per the exam guide.",Use an approach that contradicts the exam objective and ignores documented constraints.,"Deploy without monitoring, backup, or access controls required by the blueprint.",Mix controls from unrelated domains that do not address the stated objective.,A,MEDIUM,az-900|azure-architecture|AA-4|medium|blueprint-seed,**Answer: A** — Describe Azure identity and security services. Review the official Microsoft exam guide (AZ-900) and linked documentation. Objective: AA-4.,https://learn.microsoft.com/azure/|https://learn.microsoft.com/credentials/certifications/azure-fundamentals/
az-900,azure-architecture,AA-4,AZ-900 — AA-4 (MEDIUM) #17,"During a project review, stakeholders ask how to Describe Azure identity and security services in the context of Microsoft Azure Fundamentals?",Use an approach that contradicts the exam objective and ignores documented constraints.,"Deploy without monitoring, backup, or access controls required by the blueprint.",Mix controls from unrelated domains that do not address the stated objective.,"Implement Describe Azure identity and security services using Microsoft best practices for Describe Azure Architecture and Services, including monitoring and least privilege.",B,MEDIUM,az-900|azure-architecture|AA-4|medium|blueprint-seed,**Answer: B** — Describe Azure identity and security services. Review the official Microsoft exam guide (AZ-900) and linked documentation. Objective: AA-4.,https://learn.microsoft.com/azure/|https://learn.microsoft.com/credentials/certifications/azure-fundamentals/
az-900,azure-architecture,AA-4,AZ-900 — AA-4 (MEDIUM) #18,Which configuration satisfies requirements for Describe Azure identity and security services in the context of Microsoft Azure Fundamentals?,"Deploy without monitoring, backup, or access controls required by the blueprint.",Mix controls from unrelated domains that do not address the stated objective.,Apply the official Describe Azure Architecture and Services guidance: Describe Azure identity and security services — this aligns with exam blueprint expectations and vendor documentation.,Use an approach that contradicts the exam objective and ignores documented constraints.,C,MEDIUM,az-900|azure-architecture|AA-4|medium|blueprint-seed,**Answer: C** — Describe Azure identity and security services. Review the official Microsoft exam guide (AZ-900) and linked documentation. Objective: AA-4.,https://learn.microsoft.com/azure/|https://learn.microsoft.com/credentials/certifications/azure-fundamentals/
az-900,azure-architecture,AA-4,AZ-900 — AA-4 (MEDIUM) #19,What is the recommended design when applying Describe Azure identity and security services in the context of Microsoft Azure Fundamentals?,Mix controls from unrelated domains that do not address the stated objective.,"Follow the documented approach for Describe Azure identity and security services, using recommended services and controls per the exam guide.",Use an approach that contradicts the exam objective and ignores documented constraints.,"Deploy without monitoring, backup, or access controls required by the blueprint.",D,MEDIUM,az-900|azure-architecture|AA-4|medium|blueprint-seed,**Answer: D** — Describe Azure identity and security services. Review the official Microsoft exam guide (AZ-900) and linked documentation. Objective: AA-4.,https://learn.microsoft.com/azure/|https://learn.microsoft.com/credentials/certifications/azure-fundamentals/
az-900,azure-architecture,AA-4,AZ-900 — AA-4 (MEDIUM) #20,A team must implement a solution for Describe Azure identity and security services in the context of Microsoft Azure Fundamentals?,"Implement Describe Azure identity and security services using Microsoft best practices for Describe Azure Architecture and Services, including monitoring and least privilege.",Use an approach that contradicts the exam objective and ignores documented constraints.,"Deploy without monitoring, backup, or access controls required by the blueprint.",Mix controls from unrelated domains that do not address the stated objective.,A,MEDIUM,az-900|azure-architecture|AA-4|medium|blueprint-seed,**Answer: A** — Describe Azure identity and security services. Review the official Microsoft exam guide (AZ-900) and linked documentation. Objective: AA-4.,https://learn.microsoft.com/azure/|https://learn.microsoft.com/credentials/certifications/azure-fundamentals/
az-900,azure-architecture,AA-4,AZ-900 — AA-4 (MEDIUM) #21,Which approach aligns with best practices when Describe Azure identity and security services in the context of Microsoft Azure Fundamentals?,Use an approach that contradicts the exam objective and ignores documented constraints.,"Deploy without monitoring, backup, or access controls required by the blueprint.",Mix controls from unrelated domains that do not address the stated objective.,Apply the official Describe Azure Architecture and Services guidance: Describe Azure identity and security services — this aligns with exam blueprint expectations and vendor documentation.,B,MEDIUM,az-900|azure-architecture|AA-4|medium|blueprint-seed,**Answer: B** — Describe Azure identity and security services. Review the official Microsoft exam guide (AZ-900) and linked documentation. Objective: AA-4.,https://learn.microsoft.com/azure/|https://learn.microsoft.com/credentials/certifications/azure-fundamentals/
az-900,azure-architecture,AA-4,AZ-900 — AA-4 (MEDIUM) #22,"During a project review, stakeholders ask how to Describe Azure identity and security services in the context of Microsoft Azure Fundamentals?","Deploy without monitoring, backup, or access controls required by the blueprint.",Mix controls from unrelated domains that do not address the stated objective.,"Follow the documented approach for Describe Azure identity and security services, using recommended services and controls per the exam guide.",Use an approach that contradicts the exam objective and ignores documented constraints.,C,MEDIUM,az-900|azure-architecture|AA-4|medium|blueprint-seed,**Answer: C** — Describe Azure identity and security services. Review the official Microsoft exam guide (AZ-900) and linked documentation. Objective: AA-4.,https://learn.microsoft.com/azure/|https://learn.microsoft.com/credentials/certifications/azure-fundamentals/
az-900,azure-architecture,AA-4,AZ-900 — AA-4 (MEDIUM) #23,Which configuration satisfies requirements for Describe Azure identity and security services in the context of Microsoft Azure Fundamentals?,Mix controls from unrelated domains that do not address the stated objective.,"Implement Describe Azure identity and security services using Microsoft best practices for Describe Azure Architecture and Services, including monitoring and least privilege.",Use an approach that contradicts the exam objective and ignores documented constraints.,"Deploy without monitoring, backup, or access controls required by the blueprint.",D,MEDIUM,az-900|azure-architecture|AA-4|medium|blueprint-seed,**Answer: D** — Describe Azure identity and security services. Review the official Microsoft exam guide (AZ-900) and linked documentation. Objective: AA-4.,https://learn.microsoft.com/azure/|https://learn.microsoft.com/credentials/certifications/azure-fundamentals/
az-900,azure-architecture,AA-4,AZ-900 — AA-4 (MEDIUM) #24,What is the recommended design when applying Describe Azure identity and security services in the context of Microsoft Azure Fundamentals?,Apply the official Describe Azure Architecture and Services guidance: Describe Azure identity and security services — this aligns with exam blueprint expectations and vendor documentation.,Use an approach that contradicts the exam objective and ignores documented constraints.,"Deploy without monitoring, backup, or access controls required by the blueprint.",Mix controls from unrelated domains that do not address the stated objective.,A,MEDIUM,az-900|azure-architecture|AA-4|medium|blueprint-seed,**Answer: A** — Describe Azure identity and security services. Review the official Microsoft exam guide (AZ-900) and linked documentation. Objective: AA-4.,https://learn.microsoft.com/azure/|https://learn.microsoft.com/credentials/certifications/azure-fundamentals/
az-900,azure-architecture,AA-4,AZ-900 — AA-4 (MEDIUM) #25,A team must implement a solution for Describe Azure identity and security services in the context of Microsoft Azure Fundamentals?,Use an approach that contradicts the exam objective and ignores documented constraints.,"Deploy without monitoring, backup, or access controls required by the blueprint.",Mix controls from unrelated domains that do not address the stated objective.,"Follow the documented approach for Describe Azure identity and security services, using recommended services and controls per the exam guide.",B,MEDIUM,az-900|azure-architecture|AA-4|medium|blueprint-seed,**Answer: B** — Describe Azure identity and security services. Review the official Microsoft exam guide (AZ-900) and linked documentation. Objective: AA-4.,https://learn.microsoft.com/azure/|https://learn.microsoft.com/credentials/certifications/azure-fundamentals/
az-900,azure-architecture,AA-4,AZ-900 — AA-4 (MEDIUM) #26,Which approach aligns with best practices when Describe Azure identity and security services in the context of Microsoft Azure Fundamentals?,"Deploy without monitoring, backup, or access controls required by the blueprint.",Mix controls from unrelated domains that do not address the stated objective.,"Implement Describe Azure identity and security services using Microsoft best practices for Describe Azure Architecture and Services, including monitoring and least privilege.",Use an approach that contradicts the exam objective and ignores documented constraints.,C,MEDIUM,az-900|azure-architecture|AA-4|medium|blueprint-seed,**Answer: C** — Describe Azure identity and security services. Review the official Microsoft exam guide (AZ-900) and linked documentation. Objective: AA-4.,https://learn.microsoft.com/azure/|https://learn.microsoft.com/credentials/certifications/azure-fundamentals/
az-900,azure-architecture,AA-4,AZ-900 — AA-4 (MEDIUM) #27,"During a project review, stakeholders ask how to Describe Azure identity and security services in the context of Microsoft Azure Fundamentals?",Mix controls from unrelated domains that do not address the stated objective.,Apply the official Describe Azure Architecture and Services guidance: Describe Azure identity and security services — this aligns with exam blueprint expectations and vendor documentation.,Use an approach that contradicts the exam objective and ignores documented constraints.,"Deploy without monitoring, backup, or access controls required by the blueprint.",D,MEDIUM,az-900|azure-architecture|AA-4|medium|blueprint-seed,**Answer: D** — Describe Azure identity and security services. Review the official Microsoft exam guide (AZ-900) and linked documentation. Objective: AA-4.,https://learn.microsoft.com/azure/|https://learn.microsoft.com/credentials/certifications/azure-fundamentals/
az-900,azure-architecture,AA-4,AZ-900 — AA-4 (MEDIUM) #28,Which configuration satisfies requirements for Describe Azure identity and security services in the context of Microsoft Azure Fundamentals?,"Follow the documented approach for Describe Azure identity and security services, using recommended services and controls per the exam guide.",Use an approach that contradicts the exam objective and ignores documented constraints.,"Deploy without monitoring, backup, or access controls required by the blueprint.",Mix controls from unrelated domains that do not address the stated objective.,A,MEDIUM,az-900|azure-architecture|AA-4|medium|blueprint-seed,**Answer: A** — Describe Azure identity and security services. Review the official Microsoft exam guide (AZ-900) and linked documentation. Objective: AA-4.,https://learn.microsoft.com/azure/|https://learn.microsoft.com/credentials/certifications/azure-fundamentals/
az-900,azure-architecture,AA-4,AZ-900 — AA-4 (MEDIUM) #29,What is the recommended design when applying Describe Azure identity and security services in the context of Microsoft Azure Fundamentals?,Use an approach that contradicts the exam objective and ignores documented constraints.,"Deploy without monitoring, backup, or access controls required by the blueprint.",Mix controls from unrelated domains that do not address the stated objective.,"Implement Describe Azure identity and security services using Microsoft best practices for Describe Azure Architecture and Services, including monitoring and least privilege.",B,MEDIUM,az-900|azure-architecture|AA-4|medium|blueprint-seed,**Answer: B** — Describe Azure identity and security services. Review the official Microsoft exam guide (AZ-900) and linked documentation. Objective: AA-4.,https://learn.microsoft.com/azure/|https://learn.microsoft.com/credentials/certifications/azure-fundamentals/
az-900,azure-architecture,AA-4,AZ-900 — AA-4 (MEDIUM) #30,A team must implement a solution for Describe Azure identity and security services in the context of Microsoft Azure Fundamentals?,"Deploy without monitoring, backup, or access controls required by the blueprint.",Mix controls from unrelated domains that do not address the stated objective.,Apply the official Describe Azure Architecture and Services guidance: Describe Azure identity and security services — this aligns with exam blueprint expectations and vendor documentation.,Use an approach that contradicts the exam objective and ignores documented constraints.,C,MEDIUM,az-900|azure-architecture|AA-4|medium|blueprint-seed,**Answer: C** — Describe Azure identity and security services. Review the official Microsoft exam guide (AZ-900) and linked documentation. Objective: AA-4.,https://learn.microsoft.com/azure/|https://learn.microsoft.com/credentials/certifications/azure-fundamentals/
az-900,azure-architecture,AA-4,AZ-900 — AA-4 (HARD) #31,"Given strict compliance, auditability, and multi-region constraints, how should you Describe Azure identity and security services for Describe Azure Architecture and Services?",Mix controls from unrelated domains that do not address the stated objective.,"Follow the documented approach for Describe Azure identity and security services, using recommended services and controls per the exam guide.",Use an approach that contradicts the exam objective and ignores documented constraints.,"Deploy without monitoring, backup, or access controls required by the blueprint.",D,HARD,az-900|azure-architecture|AA-4|hard|blueprint-seed,**Answer: D** — Describe Azure identity and security services. Review the official Microsoft exam guide (AZ-900) and linked documentation. Objective: AA-4.,https://learn.microsoft.com/azure/|https://learn.microsoft.com/credentials/certifications/azure-fundamentals/
az-900,azure-architecture,AA-4,AZ-900 — AA-4 (HARD) #32,A production incident involves trade-offs between cost and resilience for Describe Azure identity and security services for Describe Azure Architecture and Services?,"Implement Describe Azure identity and security services using Microsoft best practices for Describe Azure Architecture and Services, including monitoring and least privilege.",Use an approach that contradicts the exam objective and ignores documented constraints.,"Deploy without monitoring, backup, or access controls required by the blueprint.",Mix controls from unrelated domains that do not address the stated objective.,A,HARD,az-900|azure-architecture|AA-4|hard|blueprint-seed,**Answer: A** — Describe Azure identity and security services. Review the official Microsoft exam guide (AZ-900) and linked documentation. Objective: AA-4.,https://learn.microsoft.com/azure/|https://learn.microsoft.com/credentials/certifications/azure-fundamentals/
az-900,azure-architecture,AA-4,AZ-900 — AA-4 (HARD) #33,Complex regulatory requirements demand that you Describe Azure identity and security services for Describe Azure Architecture and Services?,Use an approach that contradicts the exam objective and ignores documented constraints.,"Deploy without monitoring, backup, or access controls required by the blueprint.",Mix controls from unrelated domains that do not address the stated objective.,Apply the official Describe Azure Architecture and Services guidance: Describe Azure identity and security services — this aligns with exam blueprint expectations and vendor documentation.,B,HARD,az-900|azure-architecture|AA-4|hard|blueprint-seed,**Answer: B** — Describe Azure identity and security services. Review the official Microsoft exam guide (AZ-900) and linked documentation. Objective: AA-4.,https://learn.microsoft.com/azure/|https://learn.microsoft.com/credentials/certifications/azure-fundamentals/
az-900,azure-architecture,AA-4,AZ-900 — AA-4 (HARD) #34,A multi-team rollout must balance security and velocity for Describe Azure identity and security services for Describe Azure Architecture and Services?,"Deploy without monitoring, backup, or access controls required by the blueprint.",Mix controls from unrelated domains that do not address the stated objective.,"Follow the documented approach for Describe Azure identity and security services, using recommended services and controls per the exam guide.",Use an approach that contradicts the exam objective and ignores documented constraints.,C,HARD,az-900|azure-architecture|AA-4|hard|blueprint-seed,**Answer: C** — Describe Azure identity and security services. Review the official Microsoft exam guide (AZ-900) and linked documentation. Objective: AA-4.,https://learn.microsoft.com/azure/|https://learn.microsoft.com/credentials/certifications/azure-fundamentals/
az-900,azure-architecture,AA-4,AZ-900 — AA-4 (HARD) #35,An enterprise requires zero-downtime architecture while Describe Azure identity and security services for Describe Azure Architecture and Services?,Mix controls from unrelated domains that do not address the stated objective.,"Implement Describe Azure identity and security services using Microsoft best practices for Describe Azure Architecture and Services, including monitoring and least privilege.",Use an approach that contradicts the exam objective and ignores documented constraints.,"Deploy without monitoring, backup, or access controls required by the blueprint.",D,HARD,az-900|azure-architecture|AA-4|hard|blueprint-seed,**Answer: D** — Describe Azure identity and security services. Review the official Microsoft exam guide (AZ-900) and linked documentation. Objective: AA-4.,https://learn.microsoft.com/azure/|https://learn.microsoft.com/credentials/certifications/azure-fundamentals/
az-900,azure-architecture,AA-4,AZ-900 — AA-4 (HARD) #36,"Given strict compliance, auditability, and multi-region constraints, how should you Describe Azure identity and security services for Describe Azure Architecture and Services?",Apply the official Describe Azure Architecture and Services guidance: Describe Azure identity and security services — this aligns with exam blueprint expectations and vendor documentation.,Use an approach that contradicts the exam objective and ignores documented constraints.,"Deploy without monitoring, backup, or access controls required by the blueprint.",Mix controls from unrelated domains that do not address the stated objective.,A,HARD,az-900|azure-architecture|AA-4|hard|blueprint-seed,**Answer: A** — Describe Azure identity and security services. Review the official Microsoft exam guide (AZ-900) and linked documentation. Objective: AA-4.,https://learn.microsoft.com/azure/|https://learn.microsoft.com/credentials/certifications/azure-fundamentals/
az-900,azure-architecture,AA-4,AZ-900 — AA-4 (HARD) #37,A production incident involves trade-offs between cost and resilience for Describe Azure identity and security services for Describe Azure Architecture and Services?,Use an approach that contradicts the exam objective and ignores documented constraints.,"Deploy without monitoring, backup, or access controls required by the blueprint.",Mix controls from unrelated domains that do not address the stated objective.,"Follow the documented approach for Describe Azure identity and security services, using recommended services and controls per the exam guide.",B,HARD,az-900|azure-architecture|AA-4|hard|blueprint-seed,**Answer: B** — Describe Azure identity and security services. Review the official Microsoft exam guide (AZ-900) and linked documentation. Objective: AA-4.,https://learn.microsoft.com/azure/|https://learn.microsoft.com/credentials/certifications/azure-fundamentals/
az-900,azure-architecture,AA-4,AZ-900 — AA-4 (HARD) #38,Complex regulatory requirements demand that you Describe Azure identity and security services for Describe Azure Architecture and Services?,"Deploy without monitoring, backup, or access controls required by the blueprint.",Mix controls from unrelated domains that do not address the stated objective.,"Implement Describe Azure identity and security services using Microsoft best practices for Describe Azure Architecture and Services, including monitoring and least privilege.",Use an approach that contradicts the exam objective and ignores documented constraints.,C,HARD,az-900|azure-architecture|AA-4|hard|blueprint-seed,**Answer: C** — Describe Azure identity and security services. Review the official Microsoft exam guide (AZ-900) and linked documentation. Objective: AA-4.,https://learn.microsoft.com/azure/|https://learn.microsoft.com/credentials/certifications/azure-fundamentals/
az-900,azure-architecture,AA-4,AZ-900 — AA-4 (HARD) #39,A multi-team rollout must balance security and velocity for Describe Azure identity and security services for Describe Azure Architecture and Services?,Mix controls from unrelated domains that do not address the stated objective.,Apply the official Describe Azure Architecture and Services guidance: Describe Azure identity and security services — this aligns with exam blueprint expectations and vendor documentation.,Use an approach that contradicts the exam objective and ignores documented constraints.,"Deploy without monitoring, backup, or access controls required by the blueprint.",D,HARD,az-900|azure-architecture|AA-4|hard|blueprint-seed,**Answer: D** — Describe Azure identity and security services. Review the official Microsoft exam guide (AZ-900) and linked documentation. Objective: AA-4.,https://learn.microsoft.com/azure/|https://learn.microsoft.com/credentials/certifications/azure-fundamentals/
az-900,azure-architecture,AA-4,AZ-900 — AA-4 (HARD) #40,An enterprise requires zero-downtime architecture while Describe Azure identity and security services for Describe Azure Architecture and Services?,"Follow the documented approach for Describe Azure identity and security services, using recommended services and controls per the exam guide.",Use an approach that contradicts the exam objective and ignores documented constraints.,"Deploy without monitoring, backup, or access controls required by the blueprint.",Mix controls from unrelated domains that do not address the stated objective.,A,HARD,az-900|azure-architecture|AA-4|hard|blueprint-seed,**Answer: A** — Describe Azure identity and security services. Review the official Microsoft exam guide (AZ-900) and linked documentation. Objective: AA-4.,https://learn.microsoft.com/azure/|https://learn.microsoft.com/credentials/certifications/azure-fundamentals/
az-900,azure-architecture,AA-4,AZ-900 — AA-4 (HARD) #41,"Given strict compliance, auditability, and multi-region constraints, how should you Describe Azure identity and security services for Describe Azure Architecture and Services?",Use an approach that contradicts the exam objective and ignores documented constraints.,"Deploy without monitoring, backup, or access controls required by the blueprint.",Mix controls from unrelated domains that do not address the stated objective.,"Implement Describe Azure identity and security services using Microsoft best practices for Describe Azure Architecture and Services, including monitoring and least privilege.",B,HARD,az-900|azure-architecture|AA-4|hard|blueprint-seed,**Answer: B** — Describe Azure identity and security services. Review the official Microsoft exam guide (AZ-900) and linked documentation. Objective: AA-4.,https://learn.microsoft.com/azure/|https://learn.microsoft.com/credentials/certifications/azure-fundamentals/
az-900,azure-architecture,AA-4,AZ-900 — AA-4 (HARD) #42,A production incident involves trade-offs between cost and resilience for Describe Azure identity and security services for Describe Azure Architecture and Services?,"Deploy without monitoring, backup, or access controls required by the blueprint.",Mix controls from unrelated domains that do not address the stated objective.,Apply the official Describe Azure Architecture and Services guidance: Describe Azure identity and security services — this aligns with exam blueprint expectations and vendor documentation.,Use an approach that contradicts the exam objective and ignores documented constraints.,C,HARD,az-900|azure-architecture|AA-4|hard|blueprint-seed,**Answer: C** — Describe Azure identity and security services. Review the official Microsoft exam guide (AZ-900) and linked documentation. Objective: AA-4.,https://learn.microsoft.com/azure/|https://learn.microsoft.com/credentials/certifications/azure-fundamentals/
az-900,azure-architecture,AA-4,AZ-900 — AA-4 (HARD) #43,Complex regulatory requirements demand that you Describe Azure identity and security services for Describe Azure Architecture and Services?,Mix controls from unrelated domains that do not address the stated objective.,"Follow the documented approach for Describe Azure identity and security services, using recommended services and controls per the exam guide.",Use an approach that contradicts the exam objective and ignores documented constraints.,"Deploy without monitoring, backup, or access controls required by the blueprint.",D,HARD,az-900|azure-architecture|AA-4|hard|blueprint-seed,**Answer: D** — Describe Azure identity and security services. Review the official Microsoft exam guide (AZ-900) and linked documentation. Objective: AA-4.,https://learn.microsoft.com/azure/|https://learn.microsoft.com/credentials/certifications/azure-fundamentals/
az-900,azure-management,AM-1,AZ-900 — AM-1 (EASY) #1,What is the primary purpose of Describe cost management in Azure?,Use an approach that contradicts the exam objective and ignores documented constraints.,"Deploy without monitoring, backup, or access controls required by the blueprint.",Mix controls from unrelated domains that do not address the stated objective.,"Follow the documented approach for Describe cost management in Azure, using recommended services and controls per the exam guide.",B,EASY,az-900|azure-management|AM-1|easy|blueprint-seed,**Answer: B** — Describe cost management in Azure. Review the official Microsoft exam guide (AZ-900) and linked documentation. Objective: AM-1.,https://learn.microsoft.com/azure/|https://learn.microsoft.com/credentials/certifications/azure-fundamentals/
az-900,azure-management,AM-1,AZ-900 — AM-1 (EASY) #2,Which concept is fundamental to Describe cost management in Azure?,"Deploy without monitoring, backup, or access controls required by the blueprint.",Mix controls from unrelated domains that do not address the stated objective.,"Implement Describe cost management in Azure using Microsoft best practices for Describe Azure Management and Governance, including monitoring and least privilege.",Use an approach that contradicts the exam objective and ignores documented constraints.,C,EASY,az-900|azure-management|AM-1|easy|blueprint-seed,**Answer: C** — Describe cost management in Azure. Review the official Microsoft exam guide (AZ-900) and linked documentation. Objective: AM-1.,https://learn.microsoft.com/azure/|https://learn.microsoft.com/credentials/certifications/azure-fundamentals/
az-900,azure-management,AM-1,AZ-900 — AM-1 (EASY) #3,Identify the core principle behind Describe cost management in Azure?,Mix controls from unrelated domains that do not address the stated objective.,Apply the official Describe Azure Management and Governance guidance: Describe cost management in Azure — this aligns with exam blueprint expectations and vendor documentation.,Use an approach that contradicts the exam objective and ignores documented constraints.,"Deploy without monitoring, backup, or access controls required by the blueprint.",D,EASY,az-900|azure-management|AM-1|easy|blueprint-seed,**Answer: D** — Describe cost management in Azure. Review the official Microsoft exam guide (AZ-900) and linked documentation. Objective: AM-1.,https://learn.microsoft.com/azure/|https://learn.microsoft.com/credentials/certifications/azure-fundamentals/
az-900,azure-management,AM-1,AZ-900 — AM-1 (EASY) #4,Which description accurately reflects Describe cost management in Azure?,"Follow the documented approach for Describe cost management in Azure, using recommended services and controls per the exam guide.",Use an approach that contradicts the exam objective and ignores documented constraints.,"Deploy without monitoring, backup, or access controls required by the blueprint.",Mix controls from unrelated domains that do not address the stated objective.,A,EASY,az-900|azure-management|AM-1|easy|blueprint-seed,**Answer: A** — Describe cost management in Azure. Review the official Microsoft exam guide (AZ-900) and linked documentation. Objective: AM-1.,https://learn.microsoft.com/azure/|https://learn.microsoft.com/credentials/certifications/azure-fundamentals/
az-900,azure-management,AM-1,AZ-900 — AM-1 (EASY) #5,Which statement best defines the scope of Describe cost management in Azure?,Use an approach that contradicts the exam objective and ignores documented constraints.,"Deploy without monitoring, backup, or access controls required by the blueprint.",Mix controls from unrelated domains that do not address the stated objective.,"Implement Describe cost management in Azure using Microsoft best practices for Describe Azure Management and Governance, including monitoring and least privilege.",B,EASY,az-900|azure-management|AM-1|easy|blueprint-seed,**Answer: B** — Describe cost management in Azure. Review the official Microsoft exam guide (AZ-900) and linked documentation. Objective: AM-1.,https://learn.microsoft.com/azure/|https://learn.microsoft.com/credentials/certifications/azure-fundamentals/
az-900,azure-management,AM-1,AZ-900 — AM-1 (EASY) #6,What is the primary purpose of Describe cost management in Azure?,"Deploy without monitoring, backup, or access controls required by the blueprint.",Mix controls from unrelated domains that do not address the stated objective.,Apply the official Describe Azure Management and Governance guidance: Describe cost management in Azure — this aligns with exam blueprint expectations and vendor documentation.,Use an approach that contradicts the exam objective and ignores documented constraints.,C,EASY,az-900|azure-management|AM-1|easy|blueprint-seed,**Answer: C** — Describe cost management in Azure. Review the official Microsoft exam guide (AZ-900) and linked documentation. Objective: AM-1.,https://learn.microsoft.com/azure/|https://learn.microsoft.com/credentials/certifications/azure-fundamentals/
az-900,azure-management,AM-1,AZ-900 — AM-1 (EASY) #7,Which concept is fundamental to Describe cost management in Azure?,Mix controls from unrelated domains that do not address the stated objective.,"Follow the documented approach for Describe cost management in Azure, using recommended services and controls per the exam guide.",Use an approach that contradicts the exam objective and ignores documented constraints.,"Deploy without monitoring, backup, or access controls required by the blueprint.",D,EASY,az-900|azure-management|AM-1|easy|blueprint-seed,**Answer: D** — Describe cost management in Azure. Review the official Microsoft exam guide (AZ-900) and linked documentation. Objective: AM-1.,https://learn.microsoft.com/azure/|https://learn.microsoft.com/credentials/certifications/azure-fundamentals/
az-900,azure-management,AM-1,AZ-900 — AM-1 (EASY) #8,Identify the core principle behind Describe cost management in Azure?,"Implement Describe cost management in Azure using Microsoft best practices for Describe Azure Management and Governance, including monitoring and least privilege.",Use an approach that contradicts the exam objective and ignores documented constraints.,"Deploy without monitoring, backup, or access controls required by the blueprint.",Mix controls from unrelated domains that do not address the stated objective.,A,EASY,az-900|azure-management|AM-1|easy|blueprint-seed,**Answer: A** — Describe cost management in Azure. Review the official Microsoft exam guide (AZ-900) and linked documentation. Objective: AM-1.,https://learn.microsoft.com/azure/|https://learn.microsoft.com/credentials/certifications/azure-fundamentals/
az-900,azure-management,AM-1,AZ-900 — AM-1 (EASY) #9,Which description accurately reflects Describe cost management in Azure?,Use an approach that contradicts the exam objective and ignores documented constraints.,"Deploy without monitoring, backup, or access controls required by the blueprint.",Mix controls from unrelated domains that do not address the stated objective.,Apply the official Describe Azure Management and Governance guidance: Describe cost management in Azure — this aligns with exam blueprint expectations and vendor documentation.,B,EASY,az-900|azure-management|AM-1|easy|blueprint-seed,**Answer: B** — Describe cost management in Azure. Review the official Microsoft exam guide (AZ-900) and linked documentation. Objective: AM-1.,https://learn.microsoft.com/azure/|https://learn.microsoft.com/credentials/certifications/azure-fundamentals/
az-900,azure-management,AM-1,AZ-900 — AM-1 (EASY) #10,Which statement best defines the scope of Describe cost management in Azure?,"Deploy without monitoring, backup, or access controls required by the blueprint.",Mix controls from unrelated domains that do not address the stated objective.,"Follow the documented approach for Describe cost management in Azure, using recommended services and controls per the exam guide.",Use an approach that contradicts the exam objective and ignores documented constraints.,C,EASY,az-900|azure-management|AM-1|easy|blueprint-seed,**Answer: C** — Describe cost management in Azure. Review the official Microsoft exam guide (AZ-900) and linked documentation. Objective: AM-1.,https://learn.microsoft.com/azure/|https://learn.microsoft.com/credentials/certifications/azure-fundamentals/
az-900,azure-management,AM-1,AZ-900 — AM-1 (EASY) #11,What is the primary purpose of Describe cost management in Azure?,Mix controls from unrelated domains that do not address the stated objective.,"Implement Describe cost management in Azure using Microsoft best practices for Describe Azure Management and Governance, including monitoring and least privilege.",Use an approach that contradicts the exam objective and ignores documented constraints.,"Deploy without monitoring, backup, or access controls required by the blueprint.",D,EASY,az-900|azure-management|AM-1|easy|blueprint-seed,**Answer: D** — Describe cost management in Azure. Review the official Microsoft exam guide (AZ-900) and linked documentation. Objective: AM-1.,https://learn.microsoft.com/azure/|https://learn.microsoft.com/credentials/certifications/azure-fundamentals/
az-900,azure-management,AM-1,AZ-900 — AM-1 (EASY) #12,Which concept is fundamental to Describe cost management in Azure?,Apply the official Describe Azure Management and Governance guidance: Describe cost management in Azure — this aligns with exam blueprint expectations and vendor documentation.,Use an approach that contradicts the exam objective and ignores documented constraints.,"Deploy without monitoring, backup, or access controls required by the blueprint.",Mix controls from unrelated domains that do not address the stated objective.,A,EASY,az-900|azure-management|AM-1|easy|blueprint-seed,**Answer: A** — Describe cost management in Azure. Review the official Microsoft exam guide (AZ-900) and linked documentation. Objective: AM-1.,https://learn.microsoft.com/azure/|https://learn.microsoft.com/credentials/certifications/azure-fundamentals/
az-900,azure-management,AM-1,AZ-900 — AM-1 (EASY) #13,Identify the core principle behind Describe cost management in Azure?,Use an approach that contradicts the exam objective and ignores documented constraints.,"Deploy without monitoring, backup, or access controls required by the blueprint.",Mix controls from unrelated domains that do not address the stated objective.,"Follow the documented approach for Describe cost management in Azure, using recommended services and controls per the exam guide.",B,EASY,az-900|azure-management|AM-1|easy|blueprint-seed,**Answer: B** — Describe cost management in Azure. Review the official Microsoft exam guide (AZ-900) and linked documentation. Objective: AM-1.,https://learn.microsoft.com/azure/|https://learn.microsoft.com/credentials/certifications/azure-fundamentals/
az-900,azure-management,AM-1,AZ-900 — AM-1 (EASY) #14,Which description accurately reflects Describe cost management in Azure?,"Deploy without monitoring, backup, or access controls required by the blueprint.",Mix controls from unrelated domains that do not address the stated objective.,"Implement Describe cost management in Azure using Microsoft best practices for Describe Azure Management and Governance, including monitoring and least privilege.",Use an approach that contradicts the exam objective and ignores documented constraints.,C,EASY,az-900|azure-management|AM-1|easy|blueprint-seed,**Answer: C** — Describe cost management in Azure. Review the official Microsoft exam guide (AZ-900) and linked documentation. Objective: AM-1.,https://learn.microsoft.com/azure/|https://learn.microsoft.com/credentials/certifications/azure-fundamentals/
az-900,azure-management,AM-1,AZ-900 — AM-1 (EASY) #15,Which statement best defines the scope of Describe cost management in Azure?,Mix controls from unrelated domains that do not address the stated objective.,Apply the official Describe Azure Management and Governance guidance: Describe cost management in Azure — this aligns with exam blueprint expectations and vendor documentation.,Use an approach that contradicts the exam objective and ignores documented constraints.,"Deploy without monitoring, backup, or access controls required by the blueprint.",D,EASY,az-900|azure-management|AM-1|easy|blueprint-seed,**Answer: D** — Describe cost management in Azure. Review the official Microsoft exam guide (AZ-900) and linked documentation. Objective: AM-1.,https://learn.microsoft.com/azure/|https://learn.microsoft.com/credentials/certifications/azure-fundamentals/
az-900,azure-management,AM-1,AZ-900 — AM-1 (MEDIUM) #16,Which approach aligns with best practices when Describe cost management in Azure in the context of Microsoft Azure Fundamentals?,"Follow the documented approach for Describe cost management in Azure, using recommended services and controls per the exam guide.",Use an approach that contradicts the exam objective and ignores documented constraints.,"Deploy without monitoring, backup, or access controls required by the blueprint.",Mix controls from unrelated domains that do not address the stated objective.,A,MEDIUM,az-900|azure-management|AM-1|medium|blueprint-seed,**Answer: A** — Describe cost management in Azure. Review the official Microsoft exam guide (AZ-900) and linked documentation. Objective: AM-1.,https://learn.microsoft.com/azure/|https://learn.microsoft.com/credentials/certifications/azure-fundamentals/
az-900,azure-management,AM-1,AZ-900 — AM-1 (MEDIUM) #17,"During a project review, stakeholders ask how to Describe cost management in Azure in the context of Microsoft Azure Fundamentals?",Use an approach that contradicts the exam objective and ignores documented constraints.,"Deploy without monitoring, backup, or access controls required by the blueprint.",Mix controls from unrelated domains that do not address the stated objective.,"Implement Describe cost management in Azure using Microsoft best practices for Describe Azure Management and Governance, including monitoring and least privilege.",B,MEDIUM,az-900|azure-management|AM-1|medium|blueprint-seed,**Answer: B** — Describe cost management in Azure. Review the official Microsoft exam guide (AZ-900) and linked documentation. Objective: AM-1.,https://learn.microsoft.com/azure/|https://learn.microsoft.com/credentials/certifications/azure-fundamentals/
az-900,azure-management,AM-1,AZ-900 — AM-1 (MEDIUM) #18,Which configuration satisfies requirements for Describe cost management in Azure in the context of Microsoft Azure Fundamentals?,"Deploy without monitoring, backup, or access controls required by the blueprint.",Mix controls from unrelated domains that do not address the stated objective.,Apply the official Describe Azure Management and Governance guidance: Describe cost management in Azure — this aligns with exam blueprint expectations and vendor documentation.,Use an approach that contradicts the exam objective and ignores documented constraints.,C,MEDIUM,az-900|azure-management|AM-1|medium|blueprint-seed,**Answer: C** — Describe cost management in Azure. Review the official Microsoft exam guide (AZ-900) and linked documentation. Objective: AM-1.,https://learn.microsoft.com/azure/|https://learn.microsoft.com/credentials/certifications/azure-fundamentals/
az-900,azure-management,AM-1,AZ-900 — AM-1 (MEDIUM) #19,What is the recommended design when applying Describe cost management in Azure in the context of Microsoft Azure Fundamentals?,Mix controls from unrelated domains that do not address the stated objective.,"Follow the documented approach for Describe cost management in Azure, using recommended services and controls per the exam guide.",Use an approach that contradicts the exam objective and ignores documented constraints.,"Deploy without monitoring, backup, or access controls required by the blueprint.",D,MEDIUM,az-900|azure-management|AM-1|medium|blueprint-seed,**Answer: D** — Describe cost management in Azure. Review the official Microsoft exam guide (AZ-900) and linked documentation. Objective: AM-1.,https://learn.microsoft.com/azure/|https://learn.microsoft.com/credentials/certifications/azure-fundamentals/
az-900,azure-management,AM-1,AZ-900 — AM-1 (MEDIUM) #20,A team must implement a solution for Describe cost management in Azure in the context of Microsoft Azure Fundamentals?,"Implement Describe cost management in Azure using Microsoft best practices for Describe Azure Management and Governance, including monitoring and least privilege.",Use an approach that contradicts the exam objective and ignores documented constraints.,"Deploy without monitoring, backup, or access controls required by the blueprint.",Mix controls from unrelated domains that do not address the stated objective.,A,MEDIUM,az-900|azure-management|AM-1|medium|blueprint-seed,**Answer: A** — Describe cost management in Azure. Review the official Microsoft exam guide (AZ-900) and linked documentation. Objective: AM-1.,https://learn.microsoft.com/azure/|https://learn.microsoft.com/credentials/certifications/azure-fundamentals/
az-900,azure-management,AM-1,AZ-900 — AM-1 (MEDIUM) #21,Which approach aligns with best practices when Describe cost management in Azure in the context of Microsoft Azure Fundamentals?,Use an approach that contradicts the exam objective and ignores documented constraints.,"Deploy without monitoring, backup, or access controls required by the blueprint.",Mix controls from unrelated domains that do not address the stated objective.,Apply the official Describe Azure Management and Governance guidance: Describe cost management in Azure — this aligns with exam blueprint expectations and vendor documentation.,B,MEDIUM,az-900|azure-management|AM-1|medium|blueprint-seed,**Answer: B** — Describe cost management in Azure. Review the official Microsoft exam guide (AZ-900) and linked documentation. Objective: AM-1.,https://learn.microsoft.com/azure/|https://learn.microsoft.com/credentials/certifications/azure-fundamentals/
az-900,azure-management,AM-1,AZ-900 — AM-1 (MEDIUM) #22,"During a project review, stakeholders ask how to Describe cost management in Azure in the context of Microsoft Azure Fundamentals?","Deploy without monitoring, backup, or access controls required by the blueprint.",Mix controls from unrelated domains that do not address the stated objective.,"Follow the documented approach for Describe cost management in Azure, using recommended services and controls per the exam guide.",Use an approach that contradicts the exam objective and ignores documented constraints.,C,MEDIUM,az-900|azure-management|AM-1|medium|blueprint-seed,**Answer: C** — Describe cost management in Azure. Review the official Microsoft exam guide (AZ-900) and linked documentation. Objective: AM-1.,https://learn.microsoft.com/azure/|https://learn.microsoft.com/credentials/certifications/azure-fundamentals/
az-900,azure-management,AM-1,AZ-900 — AM-1 (MEDIUM) #23,Which configuration satisfies requirements for Describe cost management in Azure in the context of Microsoft Azure Fundamentals?,Mix controls from unrelated domains that do not address the stated objective.,"Implement Describe cost management in Azure using Microsoft best practices for Describe Azure Management and Governance, including monitoring and least privilege.",Use an approach that contradicts the exam objective and ignores documented constraints.,"Deploy without monitoring, backup, or access controls required by the blueprint.",D,MEDIUM,az-900|azure-management|AM-1|medium|blueprint-seed,**Answer: D** — Describe cost management in Azure. Review the official Microsoft exam guide (AZ-900) and linked documentation. Objective: AM-1.,https://learn.microsoft.com/azure/|https://learn.microsoft.com/credentials/certifications/azure-fundamentals/
az-900,azure-management,AM-1,AZ-900 — AM-1 (MEDIUM) #24,What is the recommended design when applying Describe cost management in Azure in the context of Microsoft Azure Fundamentals?,Apply the official Describe Azure Management and Governance guidance: Describe cost management in Azure — this aligns with exam blueprint expectations and vendor documentation.,Use an approach that contradicts the exam objective and ignores documented constraints.,"Deploy without monitoring, backup, or access controls required by the blueprint.",Mix controls from unrelated domains that do not address the stated objective.,A,MEDIUM,az-900|azure-management|AM-1|medium|blueprint-seed,**Answer: A** — Describe cost management in Azure. Review the official Microsoft exam guide (AZ-900) and linked documentation. Objective: AM-1.,https://learn.microsoft.com/azure/|https://learn.microsoft.com/credentials/certifications/azure-fundamentals/
az-900,azure-management,AM-1,AZ-900 — AM-1 (MEDIUM) #25,A team must implement a solution for Describe cost management in Azure in the context of Microsoft Azure Fundamentals?,Use an approach that contradicts the exam objective and ignores documented constraints.,"Deploy without monitoring, backup, or access controls required by the blueprint.",Mix controls from unrelated domains that do not address the stated objective.,"Follow the documented approach for Describe cost management in Azure, using recommended services and controls per the exam guide.",B,MEDIUM,az-900|azure-management|AM-1|medium|blueprint-seed,**Answer: B** — Describe cost management in Azure. Review the official Microsoft exam guide (AZ-900) and linked documentation. Objective: AM-1.,https://learn.microsoft.com/azure/|https://learn.microsoft.com/credentials/certifications/azure-fundamentals/
az-900,azure-management,AM-1,AZ-900 — AM-1 (MEDIUM) #26,Which approach aligns with best practices when Describe cost management in Azure in the context of Microsoft Azure Fundamentals?,"Deploy without monitoring, backup, or access controls required by the blueprint.",Mix controls from unrelated domains that do not address the stated objective.,"Implement Describe cost management in Azure using Microsoft best practices for Describe Azure Management and Governance, including monitoring and least privilege.",Use an approach that contradicts the exam objective and ignores documented constraints.,C,MEDIUM,az-900|azure-management|AM-1|medium|blueprint-seed,**Answer: C** — Describe cost management in Azure. Review the official Microsoft exam guide (AZ-900) and linked documentation. Objective: AM-1.,https://learn.microsoft.com/azure/|https://learn.microsoft.com/credentials/certifications/azure-fundamentals/
az-900,azure-management,AM-1,AZ-900 — AM-1 (MEDIUM) #27,"During a project review, stakeholders ask how to Describe cost management in Azure in the context of Microsoft Azure Fundamentals?",Mix controls from unrelated domains that do not address the stated objective.,Apply the official Describe Azure Management and Governance guidance: Describe cost management in Azure — this aligns with exam blueprint expectations and vendor documentation.,Use an approach that contradicts the exam objective and ignores documented constraints.,"Deploy without monitoring, backup, or access controls required by the blueprint.",D,MEDIUM,az-900|azure-management|AM-1|medium|blueprint-seed,**Answer: D** — Describe cost management in Azure. Review the official Microsoft exam guide (AZ-900) and linked documentation. Objective: AM-1.,https://learn.microsoft.com/azure/|https://learn.microsoft.com/credentials/certifications/azure-fundamentals/
az-900,azure-management,AM-1,AZ-900 — AM-1 (MEDIUM) #28,Which configuration satisfies requirements for Describe cost management in Azure in the context of Microsoft Azure Fundamentals?,"Follow the documented approach for Describe cost management in Azure, using recommended services and controls per the exam guide.",Use an approach that contradicts the exam objective and ignores documented constraints.,"Deploy without monitoring, backup, or access controls required by the blueprint.",Mix controls from unrelated domains that do not address the stated objective.,A,MEDIUM,az-900|azure-management|AM-1|medium|blueprint-seed,**Answer: A** — Describe cost management in Azure. Review the official Microsoft exam guide (AZ-900) and linked documentation. Objective: AM-1.,https://learn.microsoft.com/azure/|https://learn.microsoft.com/credentials/certifications/azure-fundamentals/
az-900,azure-management,AM-1,AZ-900 — AM-1 (MEDIUM) #29,What is the recommended design when applying Describe cost management in Azure in the context of Microsoft Azure Fundamentals?,Use an approach that contradicts the exam objective and ignores documented constraints.,"Deploy without monitoring, backup, or access controls required by the blueprint.",Mix controls from unrelated domains that do not address the stated objective.,"Implement Describe cost management in Azure using Microsoft best practices for Describe Azure Management and Governance, including monitoring and least privilege.",B,MEDIUM,az-900|azure-management|AM-1|medium|blueprint-seed,**Answer: B** — Describe cost management in Azure. Review the official Microsoft exam guide (AZ-900) and linked documentation. Objective: AM-1.,https://learn.microsoft.com/azure/|https://learn.microsoft.com/credentials/certifications/azure-fundamentals/
az-900,azure-management,AM-1,AZ-900 — AM-1 (MEDIUM) #30,A team must implement a solution for Describe cost management in Azure in the context of Microsoft Azure Fundamentals?,"Deploy without monitoring, backup, or access controls required by the blueprint.",Mix controls from unrelated domains that do not address the stated objective.,Apply the official Describe Azure Management and Governance guidance: Describe cost management in Azure — this aligns with exam blueprint expectations and vendor documentation.,Use an approach that contradicts the exam objective and ignores documented constraints.,C,MEDIUM,az-900|azure-management|AM-1|medium|blueprint-seed,**Answer: C** — Describe cost management in Azure. Review the official Microsoft exam guide (AZ-900) and linked documentation. Objective: AM-1.,https://learn.microsoft.com/azure/|https://learn.microsoft.com/credentials/certifications/azure-fundamentals/
az-900,azure-management,AM-1,AZ-900 — AM-1 (MEDIUM) #31,Which approach aligns with best practices when Describe cost management in Azure in the context of Microsoft Azure Fundamentals?,Mix controls from unrelated domains that do not address the stated objective.,"Follow the documented approach for Describe cost management in Azure, using recommended services and controls per the exam guide.",Use an approach that contradicts the exam objective and ignores documented constraints.,"Deploy without monitoring, backup, or access controls required by the blueprint.",D,MEDIUM,az-900|azure-management|AM-1|medium|blueprint-seed,**Answer: D** — Describe cost management in Azure. Review the official Microsoft exam guide (AZ-900) and linked documentation. Objective: AM-1.,https://learn.microsoft.com/azure/|https://learn.microsoft.com/credentials/certifications/azure-fundamentals/
az-900,azure-management,AM-1,AZ-900 — AM-1 (MEDIUM) #32,"During a project review, stakeholders ask how to Describe cost management in Azure in the context of Microsoft Azure Fundamentals?","Implement Describe cost management in Azure using Microsoft best practices for Describe Azure Management and Governance, including monitoring and least privilege.",Use an approach that contradicts the exam objective and ignores documented constraints.,"Deploy without monitoring, backup, or access controls required by the blueprint.",Mix controls from unrelated domains that do not address the stated objective.,A,MEDIUM,az-900|azure-management|AM-1|medium|blueprint-seed,**Answer: A** — Describe cost management in Azure. Review the official Microsoft exam guide (AZ-900) and linked documentation. Objective: AM-1.,https://learn.microsoft.com/azure/|https://learn.microsoft.com/credentials/certifications/azure-fundamentals/
az-900,azure-management,AM-1,AZ-900 — AM-1 (MEDIUM) #33,Which configuration satisfies requirements for Describe cost management in Azure in the context of Microsoft Azure Fundamentals?,Use an approach that contradicts the exam objective and ignores documented constraints.,"Deploy without monitoring, backup, or access controls required by the blueprint.",Mix controls from unrelated domains that do not address the stated objective.,Apply the official Describe Azure Management and Governance guidance: Describe cost management in Azure — this aligns with exam blueprint expectations and vendor documentation.,B,MEDIUM,az-900|azure-management|AM-1|medium|blueprint-seed,**Answer: B** — Describe cost management in Azure. Review the official Microsoft exam guide (AZ-900) and linked documentation. Objective: AM-1.,https://learn.microsoft.com/azure/|https://learn.microsoft.com/credentials/certifications/azure-fundamentals/
az-900,azure-management,AM-1,AZ-900 — AM-1 (MEDIUM) #34,What is the recommended design when applying Describe cost management in Azure in the context of Microsoft Azure Fundamentals?,"Deploy without monitoring, backup, or access controls required by the blueprint.",Mix controls from unrelated domains that do not address the stated objective.,"Follow the documented approach for Describe cost management in Azure, using recommended services and controls per the exam guide.",Use an approach that contradicts the exam objective and ignores documented constraints.,C,MEDIUM,az-900|azure-management|AM-1|medium|blueprint-seed,**Answer: C** — Describe cost management in Azure. Review the official Microsoft exam guide (AZ-900) and linked documentation. Objective: AM-1.,https://learn.microsoft.com/azure/|https://learn.microsoft.com/credentials/certifications/azure-fundamentals/
az-900,azure-management,AM-1,AZ-900 — AM-1 (MEDIUM) #35,A team must implement a solution for Describe cost management in Azure in the context of Microsoft Azure Fundamentals?,Mix controls from unrelated domains that do not address the stated objective.,"Implement Describe cost management in Azure using Microsoft best practices for Describe Azure Management and Governance, including monitoring and least privilege.",Use an approach that contradicts the exam objective and ignores documented constraints.,"Deploy without monitoring, backup, or access controls required by the blueprint.",D,MEDIUM,az-900|azure-management|AM-1|medium|blueprint-seed,**Answer: D** — Describe cost management in Azure. Review the official Microsoft exam guide (AZ-900) and linked documentation. Objective: AM-1.,https://learn.microsoft.com/azure/|https://learn.microsoft.com/credentials/certifications/azure-fundamentals/
az-900,azure-management,AM-1,AZ-900 — AM-1 (HARD) #36,"Given strict compliance, auditability, and multi-region constraints, how should you Describe cost management in Azure for Describe Azure Management and Governance?",Apply the official Describe Azure Management and Governance guidance: Describe cost management in Azure — this aligns with exam blueprint expectations and vendor documentation.,Use an approach that contradicts the exam objective and ignores documented constraints.,"Deploy without monitoring, backup, or access controls required by the blueprint.",Mix controls from unrelated domains that do not address the stated objective.,A,HARD,az-900|azure-management|AM-1|hard|blueprint-seed,**Answer: A** — Describe cost management in Azure. Review the official Microsoft exam guide (AZ-900) and linked documentation. Objective: AM-1.,https://learn.microsoft.com/azure/|https://learn.microsoft.com/credentials/certifications/azure-fundamentals/
az-900,azure-management,AM-1,AZ-900 — AM-1 (HARD) #37,A production incident involves trade-offs between cost and resilience for Describe cost management in Azure for Describe Azure Management and Governance?,Use an approach that contradicts the exam objective and ignores documented constraints.,"Deploy without monitoring, backup, or access controls required by the blueprint.",Mix controls from unrelated domains that do not address the stated objective.,"Follow the documented approach for Describe cost management in Azure, using recommended services and controls per the exam guide.",B,HARD,az-900|azure-management|AM-1|hard|blueprint-seed,**Answer: B** — Describe cost management in Azure. Review the official Microsoft exam guide (AZ-900) and linked documentation. Objective: AM-1.,https://learn.microsoft.com/azure/|https://learn.microsoft.com/credentials/certifications/azure-fundamentals/
az-900,azure-management,AM-1,AZ-900 — AM-1 (HARD) #38,Complex regulatory requirements demand that you Describe cost management in Azure for Describe Azure Management and Governance?,"Deploy without monitoring, backup, or access controls required by the blueprint.",Mix controls from unrelated domains that do not address the stated objective.,"Implement Describe cost management in Azure using Microsoft best practices for Describe Azure Management and Governance, including monitoring and least privilege.",Use an approach that contradicts the exam objective and ignores documented constraints.,C,HARD,az-900|azure-management|AM-1|hard|blueprint-seed,**Answer: C** — Describe cost management in Azure. Review the official Microsoft exam guide (AZ-900) and linked documentation. Objective: AM-1.,https://learn.microsoft.com/azure/|https://learn.microsoft.com/credentials/certifications/azure-fundamentals/
az-900,azure-management,AM-1,AZ-900 — AM-1 (HARD) #39,A multi-team rollout must balance security and velocity for Describe cost management in Azure for Describe Azure Management and Governance?,Mix controls from unrelated domains that do not address the stated objective.,Apply the official Describe Azure Management and Governance guidance: Describe cost management in Azure — this aligns with exam blueprint expectations and vendor documentation.,Use an approach that contradicts the exam objective and ignores documented constraints.,"Deploy without monitoring, backup, or access controls required by the blueprint.",D,HARD,az-900|azure-management|AM-1|hard|blueprint-seed,**Answer: D** — Describe cost management in Azure. Review the official Microsoft exam guide (AZ-900) and linked documentation. Objective: AM-1.,https://learn.microsoft.com/azure/|https://learn.microsoft.com/credentials/certifications/azure-fundamentals/
az-900,azure-management,AM-1,AZ-900 — AM-1 (HARD) #40,An enterprise requires zero-downtime architecture while Describe cost management in Azure for Describe Azure Management and Governance?,"Follow the documented approach for Describe cost management in Azure, using recommended services and controls per the exam guide.",Use an approach that contradicts the exam objective and ignores documented constraints.,"Deploy without monitoring, backup, or access controls required by the blueprint.",Mix controls from unrelated domains that do not address the stated objective.,A,HARD,az-900|azure-management|AM-1|hard|blueprint-seed,**Answer: A** — Describe cost management in Azure. Review the official Microsoft exam guide (AZ-900) and linked documentation. Objective: AM-1.,https://learn.microsoft.com/azure/|https://learn.microsoft.com/credentials/certifications/azure-fundamentals/
az-900,azure-management,AM-1,AZ-900 — AM-1 (HARD) #41,"Given strict compliance, auditability, and multi-region constraints, how should you Describe cost management in Azure for Describe Azure Management and Governance?",Use an approach that contradicts the exam objective and ignores documented constraints.,"Deploy without monitoring, backup, or access controls required by the blueprint.",Mix controls from unrelated domains that do not address the stated objective.,"Implement Describe cost management in Azure using Microsoft best practices for Describe Azure Management and Governance, including monitoring and least privilege.",B,HARD,az-900|azure-management|AM-1|hard|blueprint-seed,**Answer: B** — Describe cost management in Azure. Review the official Microsoft exam guide (AZ-900) and linked documentation. Objective: AM-1.,https://learn.microsoft.com/azure/|https://learn.microsoft.com/credentials/certifications/azure-fundamentals/
az-900,azure-management,AM-1,AZ-900 — AM-1 (HARD) #42,A production incident involves trade-offs between cost and resilience for Describe cost management in Azure for Describe Azure Management and Governance?,"Deploy without monitoring, backup, or access controls required by the blueprint.",Mix controls from unrelated domains that do not address the stated objective.,Apply the official Describe Azure Management and Governance guidance: Describe cost management in Azure — this aligns with exam blueprint expectations and vendor documentation.,Use an approach that contradicts the exam objective and ignores documented constraints.,C,HARD,az-900|azure-management|AM-1|hard|blueprint-seed,**Answer: C** — Describe cost management in Azure. Review the official Microsoft exam guide (AZ-900) and linked documentation. Objective: AM-1.,https://learn.microsoft.com/azure/|https://learn.microsoft.com/credentials/certifications/azure-fundamentals/
az-900,azure-management,AM-1,AZ-900 — AM-1 (HARD) #43,Complex regulatory requirements demand that you Describe cost management in Azure for Describe Azure Management and Governance?,Mix controls from unrelated domains that do not address the stated objective.,"Follow the documented approach for Describe cost management in Azure, using recommended services and controls per the exam guide.",Use an approach that contradicts the exam objective and ignores documented constraints.,"Deploy without monitoring, backup, or access controls required by the blueprint.",D,HARD,az-900|azure-management|AM-1|hard|blueprint-seed,**Answer: D** — Describe cost management in Azure. Review the official Microsoft exam guide (AZ-900) and linked documentation. Objective: AM-1.,https://learn.microsoft.com/azure/|https://learn.microsoft.com/credentials/certifications/azure-fundamentals/
az-900,azure-management,AM-1,AZ-900 — AM-1 (HARD) #44,A multi-team rollout must balance security and velocity for Describe cost management in Azure for Describe Azure Management and Governance?,"Implement Describe cost management in Azure using Microsoft best practices for Describe Azure Management and Governance, including monitoring and least privilege.",Use an approach that contradicts the exam objective and ignores documented constraints.,"Deploy without monitoring, backup, or access controls required by the blueprint.",Mix controls from unrelated domains that do not address the stated objective.,A,HARD,az-900|azure-management|AM-1|hard|blueprint-seed,**Answer: A** — Describe cost management in Azure. Review the official Microsoft exam guide (AZ-900) and linked documentation. Objective: AM-1.,https://learn.microsoft.com/azure/|https://learn.microsoft.com/credentials/certifications/azure-fundamentals/
az-900,azure-management,AM-1,AZ-900 — AM-1 (HARD) #45,An enterprise requires zero-downtime architecture while Describe cost management in Azure for Describe Azure Management and Governance?,Use an approach that contradicts the exam objective and ignores documented constraints.,"Deploy without monitoring, backup, or access controls required by the blueprint.",Mix controls from unrelated domains that do not address the stated objective.,Apply the official Describe Azure Management and Governance guidance: Describe cost management in Azure — this aligns with exam blueprint expectations and vendor documentation.,B,HARD,az-900|azure-management|AM-1|hard|blueprint-seed,**Answer: B** — Describe cost management in Azure. Review the official Microsoft exam guide (AZ-900) and linked documentation. Objective: AM-1.,https://learn.microsoft.com/azure/|https://learn.microsoft.com/credentials/certifications/azure-fundamentals/
az-900,azure-management,AM-1,AZ-900 — AM-1 (HARD) #46,"Given strict compliance, auditability, and multi-region constraints, how should you Describe cost management in Azure for Describe Azure Management and Governance?","Deploy without monitoring, backup, or access controls required by the blueprint.",Mix controls from unrelated domains that do not address the stated objective.,"Follow the documented approach for Describe cost management in Azure, using recommended services and controls per the exam guide.",Use an approach that contradicts the exam objective and ignores documented constraints.,C,HARD,az-900|azure-management|AM-1|hard|blueprint-seed,**Answer: C** — Describe cost management in Azure. Review the official Microsoft exam guide (AZ-900) and linked documentation. Objective: AM-1.,https://learn.microsoft.com/azure/|https://learn.microsoft.com/credentials/certifications/azure-fundamentals/
az-900,azure-management,AM-1,AZ-900 — AM-1 (HARD) #47,A production incident involves trade-offs between cost and resilience for Describe cost management in Azure for Describe Azure Management and Governance?,Mix controls from unrelated domains that do not address the stated objective.,"Implement Describe cost management in Azure using Microsoft best practices for Describe Azure Management and Governance, including monitoring and least privilege.",Use an approach that contradicts the exam objective and ignores documented constraints.,"Deploy without monitoring, backup, or access controls required by the blueprint.",D,HARD,az-900|azure-management|AM-1|hard|blueprint-seed,**Answer: D** — Describe cost management in Azure. Review the official Microsoft exam guide (AZ-900) and linked documentation. Objective: AM-1.,https://learn.microsoft.com/azure/|https://learn.microsoft.com/credentials/certifications/azure-fundamentals/
az-900,azure-management,AM-1,AZ-900 — AM-1 (HARD) #48,Complex regulatory requirements demand that you Describe cost management in Azure for Describe Azure Management and Governance?,Apply the official Describe Azure Management and Governance guidance: Describe cost management in Azure — this aligns with exam blueprint expectations and vendor documentation.,Use an approach that contradicts the exam objective and ignores documented constraints.,"Deploy without monitoring, backup, or access controls required by the blueprint.",Mix controls from unrelated domains that do not address the stated objective.,A,HARD,az-900|azure-management|AM-1|hard|blueprint-seed,**Answer: A** — Describe cost management in Azure. Review the official Microsoft exam guide (AZ-900) and linked documentation. Objective: AM-1.,https://learn.microsoft.com/azure/|https://learn.microsoft.com/credentials/certifications/azure-fundamentals/
az-900,azure-management,AM-1,AZ-900 — AM-1 (HARD) #49,A multi-team rollout must balance security and velocity for Describe cost management in Azure for Describe Azure Management and Governance?,Use an approach that contradicts the exam objective and ignores documented constraints.,"Deploy without monitoring, backup, or access controls required by the blueprint.",Mix controls from unrelated domains that do not address the stated objective.,"Follow the documented approach for Describe cost management in Azure, using recommended services and controls per the exam guide.",B,HARD,az-900|azure-management|AM-1|hard|blueprint-seed,**Answer: B** — Describe cost management in Azure. Review the official Microsoft exam guide (AZ-900) and linked documentation. Objective: AM-1.,https://learn.microsoft.com/azure/|https://learn.microsoft.com/credentials/certifications/azure-fundamentals/
az-900,azure-management,AM-1,AZ-900 — AM-1 (HARD) #50,An enterprise requires zero-downtime architecture while Describe cost management in Azure for Describe Azure Management and Governance?,"Deploy without monitoring, backup, or access controls required by the blueprint.",Mix controls from unrelated domains that do not address the stated objective.,"Implement Describe cost management in Azure using Microsoft best practices for Describe Azure Management and Governance, including monitoring and least privilege.",Use an approach that contradicts the exam objective and ignores documented constraints.,C,HARD,az-900|azure-management|AM-1|hard|blueprint-seed,**Answer: C** — Describe cost management in Azure. Review the official Microsoft exam guide (AZ-900) and linked documentation. Objective: AM-1.,https://learn.microsoft.com/azure/|https://learn.microsoft.com/credentials/certifications/azure-fundamentals/
az-900,azure-management,AM-2,AZ-900 — AM-2 (EASY) #1,What is the primary purpose of Describe governance and compliance tools?,Use an approach that contradicts the exam objective and ignores documented constraints.,"Deploy without monitoring, backup, or access controls required by the blueprint.",Mix controls from unrelated domains that do not address the stated objective.,"Follow the documented approach for Describe governance and compliance tools, using recommended services and controls per the exam guide.",B,EASY,az-900|azure-management|AM-2|easy|blueprint-seed,**Answer: B** — Describe governance and compliance tools. Review the official Microsoft exam guide (AZ-900) and linked documentation. Objective: AM-2.,https://learn.microsoft.com/azure/|https://learn.microsoft.com/credentials/certifications/azure-fundamentals/
az-900,azure-management,AM-2,AZ-900 — AM-2 (EASY) #2,Which concept is fundamental to Describe governance and compliance tools?,"Deploy without monitoring, backup, or access controls required by the blueprint.",Mix controls from unrelated domains that do not address the stated objective.,"Implement Describe governance and compliance tools using Microsoft best practices for Describe Azure Management and Governance, including monitoring and least privilege.",Use an approach that contradicts the exam objective and ignores documented constraints.,C,EASY,az-900|azure-management|AM-2|easy|blueprint-seed,**Answer: C** — Describe governance and compliance tools. Review the official Microsoft exam guide (AZ-900) and linked documentation. Objective: AM-2.,https://learn.microsoft.com/azure/|https://learn.microsoft.com/credentials/certifications/azure-fundamentals/
az-900,azure-management,AM-2,AZ-900 — AM-2 (EASY) #3,Identify the core principle behind Describe governance and compliance tools?,Mix controls from unrelated domains that do not address the stated objective.,Apply the official Describe Azure Management and Governance guidance: Describe governance and compliance tools — this aligns with exam blueprint expectations and vendor documentation.,Use an approach that contradicts the exam objective and ignores documented constraints.,"Deploy without monitoring, backup, or access controls required by the blueprint.",D,EASY,az-900|azure-management|AM-2|easy|blueprint-seed,**Answer: D** — Describe governance and compliance tools. Review the official Microsoft exam guide (AZ-900) and linked documentation. Objective: AM-2.,https://learn.microsoft.com/azure/|https://learn.microsoft.com/credentials/certifications/azure-fundamentals/
az-900,azure-management,AM-2,AZ-900 — AM-2 (EASY) #4,Which description accurately reflects Describe governance and compliance tools?,"Follow the documented approach for Describe governance and compliance tools, using recommended services and controls per the exam guide.",Use an approach that contradicts the exam objective and ignores documented constraints.,"Deploy without monitoring, backup, or access controls required by the blueprint.",Mix controls from unrelated domains that do not address the stated objective.,A,EASY,az-900|azure-management|AM-2|easy|blueprint-seed,**Answer: A** — Describe governance and compliance tools. Review the official Microsoft exam guide (AZ-900) and linked documentation. Objective: AM-2.,https://learn.microsoft.com/azure/|https://learn.microsoft.com/credentials/certifications/azure-fundamentals/
az-900,azure-management,AM-2,AZ-900 — AM-2 (EASY) #5,Which statement best defines the scope of Describe governance and compliance tools?,Use an approach that contradicts the exam objective and ignores documented constraints.,"Deploy without monitoring, backup, or access controls required by the blueprint.",Mix controls from unrelated domains that do not address the stated objective.,"Implement Describe governance and compliance tools using Microsoft best practices for Describe Azure Management and Governance, including monitoring and least privilege.",B,EASY,az-900|azure-management|AM-2|easy|blueprint-seed,**Answer: B** — Describe governance and compliance tools. Review the official Microsoft exam guide (AZ-900) and linked documentation. Objective: AM-2.,https://learn.microsoft.com/azure/|https://learn.microsoft.com/credentials/certifications/azure-fundamentals/
az-900,azure-management,AM-2,AZ-900 — AM-2 (EASY) #6,What is the primary purpose of Describe governance and compliance tools?,"Deploy without monitoring, backup, or access controls required by the blueprint.",Mix controls from unrelated domains that do not address the stated objective.,Apply the official Describe Azure Management and Governance guidance: Describe governance and compliance tools — this aligns with exam blueprint expectations and vendor documentation.,Use an approach that contradicts the exam objective and ignores documented constraints.,C,EASY,az-900|azure-management|AM-2|easy|blueprint-seed,**Answer: C** — Describe governance and compliance tools. Review the official Microsoft exam guide (AZ-900) and linked documentation. Objective: AM-2.,https://learn.microsoft.com/azure/|https://learn.microsoft.com/credentials/certifications/azure-fundamentals/
az-900,azure-management,AM-2,AZ-900 — AM-2 (EASY) #7,Which concept is fundamental to Describe governance and compliance tools?,Mix controls from unrelated domains that do not address the stated objective.,"Follow the documented approach for Describe governance and compliance tools, using recommended services and controls per the exam guide.",Use an approach that contradicts the exam objective and ignores documented constraints.,"Deploy without monitoring, backup, or access controls required by the blueprint.",D,EASY,az-900|azure-management|AM-2|easy|blueprint-seed,**Answer: D** — Describe governance and compliance tools. Review the official Microsoft exam guide (AZ-900) and linked documentation. Objective: AM-2.,https://learn.microsoft.com/azure/|https://learn.microsoft.com/credentials/certifications/azure-fundamentals/
az-900,azure-management,AM-2,AZ-900 — AM-2 (EASY) #8,Identify the core principle behind Describe governance and compliance tools?,"Implement Describe governance and compliance tools using Microsoft best practices for Describe Azure Management and Governance, including monitoring and least privilege.",Use an approach that contradicts the exam objective and ignores documented constraints.,"Deploy without monitoring, backup, or access controls required by the blueprint.",Mix controls from unrelated domains that do not address the stated objective.,A,EASY,az-900|azure-management|AM-2|easy|blueprint-seed,**Answer: A** — Describe governance and compliance tools. Review the official Microsoft exam guide (AZ-900) and linked documentation. Objective: AM-2.,https://learn.microsoft.com/azure/|https://learn.microsoft.com/credentials/certifications/azure-fundamentals/
az-900,azure-management,AM-2,AZ-900 — AM-2 (EASY) #9,Which description accurately reflects Describe governance and compliance tools?,Use an approach that contradicts the exam objective and ignores documented constraints.,"Deploy without monitoring, backup, or access controls required by the blueprint.",Mix controls from unrelated domains that do not address the stated objective.,Apply the official Describe Azure Management and Governance guidance: Describe governance and compliance tools — this aligns with exam blueprint expectations and vendor documentation.,B,EASY,az-900|azure-management|AM-2|easy|blueprint-seed,**Answer: B** — Describe governance and compliance tools. Review the official Microsoft exam guide (AZ-900) and linked documentation. Objective: AM-2.,https://learn.microsoft.com/azure/|https://learn.microsoft.com/credentials/certifications/azure-fundamentals/
az-900,azure-management,AM-2,AZ-900 — AM-2 (EASY) #10,Which statement best defines the scope of Describe governance and compliance tools?,"Deploy without monitoring, backup, or access controls required by the blueprint.",Mix controls from unrelated domains that do not address the stated objective.,"Follow the documented approach for Describe governance and compliance tools, using recommended services and controls per the exam guide.",Use an approach that contradicts the exam objective and ignores documented constraints.,C,EASY,az-900|azure-management|AM-2|easy|blueprint-seed,**Answer: C** — Describe governance and compliance tools. Review the official Microsoft exam guide (AZ-900) and linked documentation. Objective: AM-2.,https://learn.microsoft.com/azure/|https://learn.microsoft.com/credentials/certifications/azure-fundamentals/
az-900,azure-management,AM-2,AZ-900 — AM-2 (EASY) #11,What is the primary purpose of Describe governance and compliance tools?,Mix controls from unrelated domains that do not address the stated objective.,"Implement Describe governance and compliance tools using Microsoft best practices for Describe Azure Management and Governance, including monitoring and least privilege.",Use an approach that contradicts the exam objective and ignores documented constraints.,"Deploy without monitoring, backup, or access controls required by the blueprint.",D,EASY,az-900|azure-management|AM-2|easy|blueprint-seed,**Answer: D** — Describe governance and compliance tools. Review the official Microsoft exam guide (AZ-900) and linked documentation. Objective: AM-2.,https://learn.microsoft.com/azure/|https://learn.microsoft.com/credentials/certifications/azure-fundamentals/
az-900,azure-management,AM-2,AZ-900 — AM-2 (EASY) #12,Which concept is fundamental to Describe governance and compliance tools?,Apply the official Describe Azure Management and Governance guidance: Describe governance and compliance tools — this aligns with exam blueprint expectations and vendor documentation.,Use an approach that contradicts the exam objective and ignores documented constraints.,"Deploy without monitoring, backup, or access controls required by the blueprint.",Mix controls from unrelated domains that do not address the stated objective.,A,EASY,az-900|azure-management|AM-2|easy|blueprint-seed,**Answer: A** — Describe governance and compliance tools. Review the official Microsoft exam guide (AZ-900) and linked documentation. Objective: AM-2.,https://learn.microsoft.com/azure/|https://learn.microsoft.com/credentials/certifications/azure-fundamentals/
az-900,azure-management,AM-2,AZ-900 — AM-2 (EASY) #13,Identify the core principle behind Describe governance and compliance tools?,Use an approach that contradicts the exam objective and ignores documented constraints.,"Deploy without monitoring, backup, or access controls required by the blueprint.",Mix controls from unrelated domains that do not address the stated objective.,"Follow the documented approach for Describe governance and compliance tools, using recommended services and controls per the exam guide.",B,EASY,az-900|azure-management|AM-2|easy|blueprint-seed,**Answer: B** — Describe governance and compliance tools. Review the official Microsoft exam guide (AZ-900) and linked documentation. Objective: AM-2.,https://learn.microsoft.com/azure/|https://learn.microsoft.com/credentials/certifications/azure-fundamentals/
az-900,azure-management,AM-2,AZ-900 — AM-2 (EASY) #14,Which description accurately reflects Describe governance and compliance tools?,"Deploy without monitoring, backup, or access controls required by the blueprint.",Mix controls from unrelated domains that do not address the stated objective.,"Implement Describe governance and compliance tools using Microsoft best practices for Describe Azure Management and Governance, including monitoring and least privilege.",Use an approach that contradicts the exam objective and ignores documented constraints.,C,EASY,az-900|azure-management|AM-2|easy|blueprint-seed,**Answer: C** — Describe governance and compliance tools. Review the official Microsoft exam guide (AZ-900) and linked documentation. Objective: AM-2.,https://learn.microsoft.com/azure/|https://learn.microsoft.com/credentials/certifications/azure-fundamentals/
az-900,azure-management,AM-2,AZ-900 — AM-2 (EASY) #15,Which statement best defines the scope of Describe governance and compliance tools?,Mix controls from unrelated domains that do not address the stated objective.,Apply the official Describe Azure Management and Governance guidance: Describe governance and compliance tools — this aligns with exam blueprint expectations and vendor documentation.,Use an approach that contradicts the exam objective and ignores documented constraints.,"Deploy without monitoring, backup, or access controls required by the blueprint.",D,EASY,az-900|azure-management|AM-2|easy|blueprint-seed,**Answer: D** — Describe governance and compliance tools. Review the official Microsoft exam guide (AZ-900) and linked documentation. Objective: AM-2.,https://learn.microsoft.com/azure/|https://learn.microsoft.com/credentials/certifications/azure-fundamentals/
az-900,azure-management,AM-2,AZ-900 — AM-2 (MEDIUM) #16,Which approach aligns with best practices when Describe governance and compliance tools in the context of Microsoft Azure Fundamentals?,"Follow the documented approach for Describe governance and compliance tools, using recommended services and controls per the exam guide.",Use an approach that contradicts the exam objective and ignores documented constraints.,"Deploy without monitoring, backup, or access controls required by the blueprint.",Mix controls from unrelated domains that do not address the stated objective.,A,MEDIUM,az-900|azure-management|AM-2|medium|blueprint-seed,**Answer: A** — Describe governance and compliance tools. Review the official Microsoft exam guide (AZ-900) and linked documentation. Objective: AM-2.,https://learn.microsoft.com/azure/|https://learn.microsoft.com/credentials/certifications/azure-fundamentals/
az-900,azure-management,AM-2,AZ-900 — AM-2 (MEDIUM) #17,"During a project review, stakeholders ask how to Describe governance and compliance tools in the context of Microsoft Azure Fundamentals?",Use an approach that contradicts the exam objective and ignores documented constraints.,"Deploy without monitoring, backup, or access controls required by the blueprint.",Mix controls from unrelated domains that do not address the stated objective.,"Implement Describe governance and compliance tools using Microsoft best practices for Describe Azure Management and Governance, including monitoring and least privilege.",B,MEDIUM,az-900|azure-management|AM-2|medium|blueprint-seed,**Answer: B** — Describe governance and compliance tools. Review the official Microsoft exam guide (AZ-900) and linked documentation. Objective: AM-2.,https://learn.microsoft.com/azure/|https://learn.microsoft.com/credentials/certifications/azure-fundamentals/
az-900,azure-management,AM-2,AZ-900 — AM-2 (MEDIUM) #18,Which configuration satisfies requirements for Describe governance and compliance tools in the context of Microsoft Azure Fundamentals?,"Deploy without monitoring, backup, or access controls required by the blueprint.",Mix controls from unrelated domains that do not address the stated objective.,Apply the official Describe Azure Management and Governance guidance: Describe governance and compliance tools — this aligns with exam blueprint expectations and vendor documentation.,Use an approach that contradicts the exam objective and ignores documented constraints.,C,MEDIUM,az-900|azure-management|AM-2|medium|blueprint-seed,**Answer: C** — Describe governance and compliance tools. Review the official Microsoft exam guide (AZ-900) and linked documentation. Objective: AM-2.,https://learn.microsoft.com/azure/|https://learn.microsoft.com/credentials/certifications/azure-fundamentals/
az-900,azure-management,AM-2,AZ-900 — AM-2 (MEDIUM) #19,What is the recommended design when applying Describe governance and compliance tools in the context of Microsoft Azure Fundamentals?,Mix controls from unrelated domains that do not address the stated objective.,"Follow the documented approach for Describe governance and compliance tools, using recommended services and controls per the exam guide.",Use an approach that contradicts the exam objective and ignores documented constraints.,"Deploy without monitoring, backup, or access controls required by the blueprint.",D,MEDIUM,az-900|azure-management|AM-2|medium|blueprint-seed,**Answer: D** — Describe governance and compliance tools. Review the official Microsoft exam guide (AZ-900) and linked documentation. Objective: AM-2.,https://learn.microsoft.com/azure/|https://learn.microsoft.com/credentials/certifications/azure-fundamentals/
az-900,azure-management,AM-2,AZ-900 — AM-2 (MEDIUM) #20,A team must implement a solution for Describe governance and compliance tools in the context of Microsoft Azure Fundamentals?,"Implement Describe governance and compliance tools using Microsoft best practices for Describe Azure Management and Governance, including monitoring and least privilege.",Use an approach that contradicts the exam objective and ignores documented constraints.,"Deploy without monitoring, backup, or access controls required by the blueprint.",Mix controls from unrelated domains that do not address the stated objective.,A,MEDIUM,az-900|azure-management|AM-2|medium|blueprint-seed,**Answer: A** — Describe governance and compliance tools. Review the official Microsoft exam guide (AZ-900) and linked documentation. Objective: AM-2.,https://learn.microsoft.com/azure/|https://learn.microsoft.com/credentials/certifications/azure-fundamentals/
az-900,azure-management,AM-2,AZ-900 — AM-2 (MEDIUM) #21,Which approach aligns with best practices when Describe governance and compliance tools in the context of Microsoft Azure Fundamentals?,Use an approach that contradicts the exam objective and ignores documented constraints.,"Deploy without monitoring, backup, or access controls required by the blueprint.",Mix controls from unrelated domains that do not address the stated objective.,Apply the official Describe Azure Management and Governance guidance: Describe governance and compliance tools — this aligns with exam blueprint expectations and vendor documentation.,B,MEDIUM,az-900|azure-management|AM-2|medium|blueprint-seed,**Answer: B** — Describe governance and compliance tools. Review the official Microsoft exam guide (AZ-900) and linked documentation. Objective: AM-2.,https://learn.microsoft.com/azure/|https://learn.microsoft.com/credentials/certifications/azure-fundamentals/
az-900,azure-management,AM-2,AZ-900 — AM-2 (MEDIUM) #22,"During a project review, stakeholders ask how to Describe governance and compliance tools in the context of Microsoft Azure Fundamentals?","Deploy without monitoring, backup, or access controls required by the blueprint.",Mix controls from unrelated domains that do not address the stated objective.,"Follow the documented approach for Describe governance and compliance tools, using recommended services and controls per the exam guide.",Use an approach that contradicts the exam objective and ignores documented constraints.,C,MEDIUM,az-900|azure-management|AM-2|medium|blueprint-seed,**Answer: C** — Describe governance and compliance tools. Review the official Microsoft exam guide (AZ-900) and linked documentation. Objective: AM-2.,https://learn.microsoft.com/azure/|https://learn.microsoft.com/credentials/certifications/azure-fundamentals/
az-900,azure-management,AM-2,AZ-900 — AM-2 (MEDIUM) #23,Which configuration satisfies requirements for Describe governance and compliance tools in the context of Microsoft Azure Fundamentals?,Mix controls from unrelated domains that do not address the stated objective.,"Implement Describe governance and compliance tools using Microsoft best practices for Describe Azure Management and Governance, including monitoring and least privilege.",Use an approach that contradicts the exam objective and ignores documented constraints.,"Deploy without monitoring, backup, or access controls required by the blueprint.",D,MEDIUM,az-900|azure-management|AM-2|medium|blueprint-seed,**Answer: D** — Describe governance and compliance tools. Review the official Microsoft exam guide (AZ-900) and linked documentation. Objective: AM-2.,https://learn.microsoft.com/azure/|https://learn.microsoft.com/credentials/certifications/azure-fundamentals/
az-900,azure-management,AM-2,AZ-900 — AM-2 (MEDIUM) #24,What is the recommended design when applying Describe governance and compliance tools in the context of Microsoft Azure Fundamentals?,Apply the official Describe Azure Management and Governance guidance: Describe governance and compliance tools — this aligns with exam blueprint expectations and vendor documentation.,Use an approach that contradicts the exam objective and ignores documented constraints.,"Deploy without monitoring, backup, or access controls required by the blueprint.",Mix controls from unrelated domains that do not address the stated objective.,A,MEDIUM,az-900|azure-management|AM-2|medium|blueprint-seed,**Answer: A** — Describe governance and compliance tools. Review the official Microsoft exam guide (AZ-900) and linked documentation. Objective: AM-2.,https://learn.microsoft.com/azure/|https://learn.microsoft.com/credentials/certifications/azure-fundamentals/
az-900,azure-management,AM-2,AZ-900 — AM-2 (MEDIUM) #25,A team must implement a solution for Describe governance and compliance tools in the context of Microsoft Azure Fundamentals?,Use an approach that contradicts the exam objective and ignores documented constraints.,"Deploy without monitoring, backup, or access controls required by the blueprint.",Mix controls from unrelated domains that do not address the stated objective.,"Follow the documented approach for Describe governance and compliance tools, using recommended services and controls per the exam guide.",B,MEDIUM,az-900|azure-management|AM-2|medium|blueprint-seed,**Answer: B** — Describe governance and compliance tools. Review the official Microsoft exam guide (AZ-900) and linked documentation. Objective: AM-2.,https://learn.microsoft.com/azure/|https://learn.microsoft.com/credentials/certifications/azure-fundamentals/
az-900,azure-management,AM-2,AZ-900 — AM-2 (MEDIUM) #26,Which approach aligns with best practices when Describe governance and compliance tools in the context of Microsoft Azure Fundamentals?,"Deploy without monitoring, backup, or access controls required by the blueprint.",Mix controls from unrelated domains that do not address the stated objective.,"Implement Describe governance and compliance tools using Microsoft best practices for Describe Azure Management and Governance, including monitoring and least privilege.",Use an approach that contradicts the exam objective and ignores documented constraints.,C,MEDIUM,az-900|azure-management|AM-2|medium|blueprint-seed,**Answer: C** — Describe governance and compliance tools. Review the official Microsoft exam guide (AZ-900) and linked documentation. Objective: AM-2.,https://learn.microsoft.com/azure/|https://learn.microsoft.com/credentials/certifications/azure-fundamentals/
az-900,azure-management,AM-2,AZ-900 — AM-2 (MEDIUM) #27,"During a project review, stakeholders ask how to Describe governance and compliance tools in the context of Microsoft Azure Fundamentals?",Mix controls from unrelated domains that do not address the stated objective.,Apply the official Describe Azure Management and Governance guidance: Describe governance and compliance tools — this aligns with exam blueprint expectations and vendor documentation.,Use an approach that contradicts the exam objective and ignores documented constraints.,"Deploy without monitoring, backup, or access controls required by the blueprint.",D,MEDIUM,az-900|azure-management|AM-2|medium|blueprint-seed,**Answer: D** — Describe governance and compliance tools. Review the official Microsoft exam guide (AZ-900) and linked documentation. Objective: AM-2.,https://learn.microsoft.com/azure/|https://learn.microsoft.com/credentials/certifications/azure-fundamentals/
az-900,azure-management,AM-2,AZ-900 — AM-2 (MEDIUM) #28,Which configuration satisfies requirements for Describe governance and compliance tools in the context of Microsoft Azure Fundamentals?,"Follow the documented approach for Describe governance and compliance tools, using recommended services and controls per the exam guide.",Use an approach that contradicts the exam objective and ignores documented constraints.,"Deploy without monitoring, backup, or access controls required by the blueprint.",Mix controls from unrelated domains that do not address the stated objective.,A,MEDIUM,az-900|azure-management|AM-2|medium|blueprint-seed,**Answer: A** — Describe governance and compliance tools. Review the official Microsoft exam guide (AZ-900) and linked documentation. Objective: AM-2.,https://learn.microsoft.com/azure/|https://learn.microsoft.com/credentials/certifications/azure-fundamentals/
az-900,azure-management,AM-2,AZ-900 — AM-2 (MEDIUM) #29,What is the recommended design when applying Describe governance and compliance tools in the context of Microsoft Azure Fundamentals?,Use an approach that contradicts the exam objective and ignores documented constraints.,"Deploy without monitoring, backup, or access controls required by the blueprint.",Mix controls from unrelated domains that do not address the stated objective.,"Implement Describe governance and compliance tools using Microsoft best practices for Describe Azure Management and Governance, including monitoring and least privilege.",B,MEDIUM,az-900|azure-management|AM-2|medium|blueprint-seed,**Answer: B** — Describe governance and compliance tools. Review the official Microsoft exam guide (AZ-900) and linked documentation. Objective: AM-2.,https://learn.microsoft.com/azure/|https://learn.microsoft.com/credentials/certifications/azure-fundamentals/
az-900,azure-management,AM-2,AZ-900 — AM-2 (MEDIUM) #30,A team must implement a solution for Describe governance and compliance tools in the context of Microsoft Azure Fundamentals?,"Deploy without monitoring, backup, or access controls required by the blueprint.",Mix controls from unrelated domains that do not address the stated objective.,Apply the official Describe Azure Management and Governance guidance: Describe governance and compliance tools — this aligns with exam blueprint expectations and vendor documentation.,Use an approach that contradicts the exam objective and ignores documented constraints.,C,MEDIUM,az-900|azure-management|AM-2|medium|blueprint-seed,**Answer: C** — Describe governance and compliance tools. Review the official Microsoft exam guide (AZ-900) and linked documentation. Objective: AM-2.,https://learn.microsoft.com/azure/|https://learn.microsoft.com/credentials/certifications/azure-fundamentals/
az-900,azure-management,AM-2,AZ-900 — AM-2 (MEDIUM) #31,Which approach aligns with best practices when Describe governance and compliance tools in the context of Microsoft Azure Fundamentals?,Mix controls from unrelated domains that do not address the stated objective.,"Follow the documented approach for Describe governance and compliance tools, using recommended services and controls per the exam guide.",Use an approach that contradicts the exam objective and ignores documented constraints.,"Deploy without monitoring, backup, or access controls required by the blueprint.",D,MEDIUM,az-900|azure-management|AM-2|medium|blueprint-seed,**Answer: D** — Describe governance and compliance tools. Review the official Microsoft exam guide (AZ-900) and linked documentation. Objective: AM-2.,https://learn.microsoft.com/azure/|https://learn.microsoft.com/credentials/certifications/azure-fundamentals/
az-900,azure-management,AM-2,AZ-900 — AM-2 (MEDIUM) #32,"During a project review, stakeholders ask how to Describe governance and compliance tools in the context of Microsoft Azure Fundamentals?","Implement Describe governance and compliance tools using Microsoft best practices for Describe Azure Management and Governance, including monitoring and least privilege.",Use an approach that contradicts the exam objective and ignores documented constraints.,"Deploy without monitoring, backup, or access controls required by the blueprint.",Mix controls from unrelated domains that do not address the stated objective.,A,MEDIUM,az-900|azure-management|AM-2|medium|blueprint-seed,**Answer: A** — Describe governance and compliance tools. Review the official Microsoft exam guide (AZ-900) and linked documentation. Objective: AM-2.,https://learn.microsoft.com/azure/|https://learn.microsoft.com/credentials/certifications/azure-fundamentals/
az-900,azure-management,AM-2,AZ-900 — AM-2 (MEDIUM) #33,Which configuration satisfies requirements for Describe governance and compliance tools in the context of Microsoft Azure Fundamentals?,Use an approach that contradicts the exam objective and ignores documented constraints.,"Deploy without monitoring, backup, or access controls required by the blueprint.",Mix controls from unrelated domains that do not address the stated objective.,Apply the official Describe Azure Management and Governance guidance: Describe governance and compliance tools — this aligns with exam blueprint expectations and vendor documentation.,B,MEDIUM,az-900|azure-management|AM-2|medium|blueprint-seed,**Answer: B** — Describe governance and compliance tools. Review the official Microsoft exam guide (AZ-900) and linked documentation. Objective: AM-2.,https://learn.microsoft.com/azure/|https://learn.microsoft.com/credentials/certifications/azure-fundamentals/
az-900,azure-management,AM-2,AZ-900 — AM-2 (MEDIUM) #34,What is the recommended design when applying Describe governance and compliance tools in the context of Microsoft Azure Fundamentals?,"Deploy without monitoring, backup, or access controls required by the blueprint.",Mix controls from unrelated domains that do not address the stated objective.,"Follow the documented approach for Describe governance and compliance tools, using recommended services and controls per the exam guide.",Use an approach that contradicts the exam objective and ignores documented constraints.,C,MEDIUM,az-900|azure-management|AM-2|medium|blueprint-seed,**Answer: C** — Describe governance and compliance tools. Review the official Microsoft exam guide (AZ-900) and linked documentation. Objective: AM-2.,https://learn.microsoft.com/azure/|https://learn.microsoft.com/credentials/certifications/azure-fundamentals/
az-900,azure-management,AM-2,AZ-900 — AM-2 (MEDIUM) #35,A team must implement a solution for Describe governance and compliance tools in the context of Microsoft Azure Fundamentals?,Mix controls from unrelated domains that do not address the stated objective.,"Implement Describe governance and compliance tools using Microsoft best practices for Describe Azure Management and Governance, including monitoring and least privilege.",Use an approach that contradicts the exam objective and ignores documented constraints.,"Deploy without monitoring, backup, or access controls required by the blueprint.",D,MEDIUM,az-900|azure-management|AM-2|medium|blueprint-seed,**Answer: D** — Describe governance and compliance tools. Review the official Microsoft exam guide (AZ-900) and linked documentation. Objective: AM-2.,https://learn.microsoft.com/azure/|https://learn.microsoft.com/credentials/certifications/azure-fundamentals/
az-900,azure-management,AM-2,AZ-900 — AM-2 (HARD) #36,"Given strict compliance, auditability, and multi-region constraints, how should you Describe governance and compliance tools for Describe Azure Management and Governance?",Apply the official Describe Azure Management and Governance guidance: Describe governance and compliance tools — this aligns with exam blueprint expectations and vendor documentation.,Use an approach that contradicts the exam objective and ignores documented constraints.,"Deploy without monitoring, backup, or access controls required by the blueprint.",Mix controls from unrelated domains that do not address the stated objective.,A,HARD,az-900|azure-management|AM-2|hard|blueprint-seed,**Answer: A** — Describe governance and compliance tools. Review the official Microsoft exam guide (AZ-900) and linked documentation. Objective: AM-2.,https://learn.microsoft.com/azure/|https://learn.microsoft.com/credentials/certifications/azure-fundamentals/
az-900,azure-management,AM-2,AZ-900 — AM-2 (HARD) #37,A production incident involves trade-offs between cost and resilience for Describe governance and compliance tools for Describe Azure Management and Governance?,Use an approach that contradicts the exam objective and ignores documented constraints.,"Deploy without monitoring, backup, or access controls required by the blueprint.",Mix controls from unrelated domains that do not address the stated objective.,"Follow the documented approach for Describe governance and compliance tools, using recommended services and controls per the exam guide.",B,HARD,az-900|azure-management|AM-2|hard|blueprint-seed,**Answer: B** — Describe governance and compliance tools. Review the official Microsoft exam guide (AZ-900) and linked documentation. Objective: AM-2.,https://learn.microsoft.com/azure/|https://learn.microsoft.com/credentials/certifications/azure-fundamentals/
az-900,azure-management,AM-2,AZ-900 — AM-2 (HARD) #38,Complex regulatory requirements demand that you Describe governance and compliance tools for Describe Azure Management and Governance?,"Deploy without monitoring, backup, or access controls required by the blueprint.",Mix controls from unrelated domains that do not address the stated objective.,"Implement Describe governance and compliance tools using Microsoft best practices for Describe Azure Management and Governance, including monitoring and least privilege.",Use an approach that contradicts the exam objective and ignores documented constraints.,C,HARD,az-900|azure-management|AM-2|hard|blueprint-seed,**Answer: C** — Describe governance and compliance tools. Review the official Microsoft exam guide (AZ-900) and linked documentation. Objective: AM-2.,https://learn.microsoft.com/azure/|https://learn.microsoft.com/credentials/certifications/azure-fundamentals/
az-900,azure-management,AM-2,AZ-900 — AM-2 (HARD) #39,A multi-team rollout must balance security and velocity for Describe governance and compliance tools for Describe Azure Management and Governance?,Mix controls from unrelated domains that do not address the stated objective.,Apply the official Describe Azure Management and Governance guidance: Describe governance and compliance tools — this aligns with exam blueprint expectations and vendor documentation.,Use an approach that contradicts the exam objective and ignores documented constraints.,"Deploy without monitoring, backup, or access controls required by the blueprint.",D,HARD,az-900|azure-management|AM-2|hard|blueprint-seed,**Answer: D** — Describe governance and compliance tools. Review the official Microsoft exam guide (AZ-900) and linked documentation. Objective: AM-2.,https://learn.microsoft.com/azure/|https://learn.microsoft.com/credentials/certifications/azure-fundamentals/
az-900,azure-management,AM-2,AZ-900 — AM-2 (HARD) #40,An enterprise requires zero-downtime architecture while Describe governance and compliance tools for Describe Azure Management and Governance?,"Follow the documented approach for Describe governance and compliance tools, using recommended services and controls per the exam guide.",Use an approach that contradicts the exam objective and ignores documented constraints.,"Deploy without monitoring, backup, or access controls required by the blueprint.",Mix controls from unrelated domains that do not address the stated objective.,A,HARD,az-900|azure-management|AM-2|hard|blueprint-seed,**Answer: A** — Describe governance and compliance tools. Review the official Microsoft exam guide (AZ-900) and linked documentation. Objective: AM-2.,https://learn.microsoft.com/azure/|https://learn.microsoft.com/credentials/certifications/azure-fundamentals/
az-900,azure-management,AM-2,AZ-900 — AM-2 (HARD) #41,"Given strict compliance, auditability, and multi-region constraints, how should you Describe governance and compliance tools for Describe Azure Management and Governance?",Use an approach that contradicts the exam objective and ignores documented constraints.,"Deploy without monitoring, backup, or access controls required by the blueprint.",Mix controls from unrelated domains that do not address the stated objective.,"Implement Describe governance and compliance tools using Microsoft best practices for Describe Azure Management and Governance, including monitoring and least privilege.",B,HARD,az-900|azure-management|AM-2|hard|blueprint-seed,**Answer: B** — Describe governance and compliance tools. Review the official Microsoft exam guide (AZ-900) and linked documentation. Objective: AM-2.,https://learn.microsoft.com/azure/|https://learn.microsoft.com/credentials/certifications/azure-fundamentals/
az-900,azure-management,AM-2,AZ-900 — AM-2 (HARD) #42,A production incident involves trade-offs between cost and resilience for Describe governance and compliance tools for Describe Azure Management and Governance?,"Deploy without monitoring, backup, or access controls required by the blueprint.",Mix controls from unrelated domains that do not address the stated objective.,Apply the official Describe Azure Management and Governance guidance: Describe governance and compliance tools — this aligns with exam blueprint expectations and vendor documentation.,Use an approach that contradicts the exam objective and ignores documented constraints.,C,HARD,az-900|azure-management|AM-2|hard|blueprint-seed,**Answer: C** — Describe governance and compliance tools. Review the official Microsoft exam guide (AZ-900) and linked documentation. Objective: AM-2.,https://learn.microsoft.com/azure/|https://learn.microsoft.com/credentials/certifications/azure-fundamentals/
az-900,azure-management,AM-2,AZ-900 — AM-2 (HARD) #43,Complex regulatory requirements demand that you Describe governance and compliance tools for Describe Azure Management and Governance?,Mix controls from unrelated domains that do not address the stated objective.,"Follow the documented approach for Describe governance and compliance tools, using recommended services and controls per the exam guide.",Use an approach that contradicts the exam objective and ignores documented constraints.,"Deploy without monitoring, backup, or access controls required by the blueprint.",D,HARD,az-900|azure-management|AM-2|hard|blueprint-seed,**Answer: D** — Describe governance and compliance tools. Review the official Microsoft exam guide (AZ-900) and linked documentation. Objective: AM-2.,https://learn.microsoft.com/azure/|https://learn.microsoft.com/credentials/certifications/azure-fundamentals/
az-900,azure-management,AM-2,AZ-900 — AM-2 (HARD) #44,A multi-team rollout must balance security and velocity for Describe governance and compliance tools for Describe Azure Management and Governance?,"Implement Describe governance and compliance tools using Microsoft best practices for Describe Azure Management and Governance, including monitoring and least privilege.",Use an approach that contradicts the exam objective and ignores documented constraints.,"Deploy without monitoring, backup, or access controls required by the blueprint.",Mix controls from unrelated domains that do not address the stated objective.,A,HARD,az-900|azure-management|AM-2|hard|blueprint-seed,**Answer: A** — Describe governance and compliance tools. Review the official Microsoft exam guide (AZ-900) and linked documentation. Objective: AM-2.,https://learn.microsoft.com/azure/|https://learn.microsoft.com/credentials/certifications/azure-fundamentals/
az-900,azure-management,AM-2,AZ-900 — AM-2 (HARD) #45,An enterprise requires zero-downtime architecture while Describe governance and compliance tools for Describe Azure Management and Governance?,Use an approach that contradicts the exam objective and ignores documented constraints.,"Deploy without monitoring, backup, or access controls required by the blueprint.",Mix controls from unrelated domains that do not address the stated objective.,Apply the official Describe Azure Management and Governance guidance: Describe governance and compliance tools — this aligns with exam blueprint expectations and vendor documentation.,B,HARD,az-900|azure-management|AM-2|hard|blueprint-seed,**Answer: B** — Describe governance and compliance tools. Review the official Microsoft exam guide (AZ-900) and linked documentation. Objective: AM-2.,https://learn.microsoft.com/azure/|https://learn.microsoft.com/credentials/certifications/azure-fundamentals/
az-900,azure-management,AM-2,AZ-900 — AM-2 (HARD) #46,"Given strict compliance, auditability, and multi-region constraints, how should you Describe governance and compliance tools for Describe Azure Management and Governance?","Deploy without monitoring, backup, or access controls required by the blueprint.",Mix controls from unrelated domains that do not address the stated objective.,"Follow the documented approach for Describe governance and compliance tools, using recommended services and controls per the exam guide.",Use an approach that contradicts the exam objective and ignores documented constraints.,C,HARD,az-900|azure-management|AM-2|hard|blueprint-seed,**Answer: C** — Describe governance and compliance tools. Review the official Microsoft exam guide (AZ-900) and linked documentation. Objective: AM-2.,https://learn.microsoft.com/azure/|https://learn.microsoft.com/credentials/certifications/azure-fundamentals/
az-900,azure-management,AM-2,AZ-900 — AM-2 (HARD) #47,A production incident involves trade-offs between cost and resilience for Describe governance and compliance tools for Describe Azure Management and Governance?,Mix controls from unrelated domains that do not address the stated objective.,"Implement Describe governance and compliance tools using Microsoft best practices for Describe Azure Management and Governance, including monitoring and least privilege.",Use an approach that contradicts the exam objective and ignores documented constraints.,"Deploy without monitoring, backup, or access controls required by the blueprint.",D,HARD,az-900|azure-management|AM-2|hard|blueprint-seed,**Answer: D** — Describe governance and compliance tools. Review the official Microsoft exam guide (AZ-900) and linked documentation. Objective: AM-2.,https://learn.microsoft.com/azure/|https://learn.microsoft.com/credentials/certifications/azure-fundamentals/
az-900,azure-management,AM-2,AZ-900 — AM-2 (HARD) #48,Complex regulatory requirements demand that you Describe governance and compliance tools for Describe Azure Management and Governance?,Apply the official Describe Azure Management and Governance guidance: Describe governance and compliance tools — this aligns with exam blueprint expectations and vendor documentation.,Use an approach that contradicts the exam objective and ignores documented constraints.,"Deploy without monitoring, backup, or access controls required by the blueprint.",Mix controls from unrelated domains that do not address the stated objective.,A,HARD,az-900|azure-management|AM-2|hard|blueprint-seed,**Answer: A** — Describe governance and compliance tools. Review the official Microsoft exam guide (AZ-900) and linked documentation. Objective: AM-2.,https://learn.microsoft.com/azure/|https://learn.microsoft.com/credentials/certifications/azure-fundamentals/
az-900,azure-management,AM-2,AZ-900 — AM-2 (HARD) #49,A multi-team rollout must balance security and velocity for Describe governance and compliance tools for Describe Azure Management and Governance?,Use an approach that contradicts the exam objective and ignores documented constraints.,"Deploy without monitoring, backup, or access controls required by the blueprint.",Mix controls from unrelated domains that do not address the stated objective.,"Follow the documented approach for Describe governance and compliance tools, using recommended services and controls per the exam guide.",B,HARD,az-900|azure-management|AM-2|hard|blueprint-seed,**Answer: B** — Describe governance and compliance tools. Review the official Microsoft exam guide (AZ-900) and linked documentation. Objective: AM-2.,https://learn.microsoft.com/azure/|https://learn.microsoft.com/credentials/certifications/azure-fundamentals/
az-900,azure-management,AM-2,AZ-900 — AM-2 (HARD) #50,An enterprise requires zero-downtime architecture while Describe governance and compliance tools for Describe Azure Management and Governance?,"Deploy without monitoring, backup, or access controls required by the blueprint.",Mix controls from unrelated domains that do not address the stated objective.,"Implement Describe governance and compliance tools using Microsoft best practices for Describe Azure Management and Governance, including monitoring and least privilege.",Use an approach that contradicts the exam objective and ignores documented constraints.,C,HARD,az-900|azure-management|AM-2|hard|blueprint-seed,**Answer: C** — Describe governance and compliance tools. Review the official Microsoft exam guide (AZ-900) and linked documentation. Objective: AM-2.,https://learn.microsoft.com/azure/|https://learn.microsoft.com/credentials/certifications/azure-fundamentals/
az-900,azure-management,AM-3,AZ-900 — AM-3 (EASY) #1,What is the primary purpose of Describe management and deployment tools?,Use an approach that contradicts the exam objective and ignores documented constraints.,"Deploy without monitoring, backup, or access controls required by the blueprint.",Mix controls from unrelated domains that do not address the stated objective.,"Follow the documented approach for Describe management and deployment tools, using recommended services and controls per the exam guide.",B,EASY,az-900|azure-management|AM-3|easy|blueprint-seed,**Answer: B** — Describe management and deployment tools. Review the official Microsoft exam guide (AZ-900) and linked documentation. Objective: AM-3.,https://learn.microsoft.com/azure/|https://learn.microsoft.com/credentials/certifications/azure-fundamentals/
az-900,azure-management,AM-3,AZ-900 — AM-3 (EASY) #2,Which concept is fundamental to Describe management and deployment tools?,"Deploy without monitoring, backup, or access controls required by the blueprint.",Mix controls from unrelated domains that do not address the stated objective.,"Implement Describe management and deployment tools using Microsoft best practices for Describe Azure Management and Governance, including monitoring and least privilege.",Use an approach that contradicts the exam objective and ignores documented constraints.,C,EASY,az-900|azure-management|AM-3|easy|blueprint-seed,**Answer: C** — Describe management and deployment tools. Review the official Microsoft exam guide (AZ-900) and linked documentation. Objective: AM-3.,https://learn.microsoft.com/azure/|https://learn.microsoft.com/credentials/certifications/azure-fundamentals/
az-900,azure-management,AM-3,AZ-900 — AM-3 (EASY) #3,Identify the core principle behind Describe management and deployment tools?,Mix controls from unrelated domains that do not address the stated objective.,Apply the official Describe Azure Management and Governance guidance: Describe management and deployment tools — this aligns with exam blueprint expectations and vendor documentation.,Use an approach that contradicts the exam objective and ignores documented constraints.,"Deploy without monitoring, backup, or access controls required by the blueprint.",D,EASY,az-900|azure-management|AM-3|easy|blueprint-seed,**Answer: D** — Describe management and deployment tools. Review the official Microsoft exam guide (AZ-900) and linked documentation. Objective: AM-3.,https://learn.microsoft.com/azure/|https://learn.microsoft.com/credentials/certifications/azure-fundamentals/
az-900,azure-management,AM-3,AZ-900 — AM-3 (EASY) #4,Which description accurately reflects Describe management and deployment tools?,"Follow the documented approach for Describe management and deployment tools, using recommended services and controls per the exam guide.",Use an approach that contradicts the exam objective and ignores documented constraints.,"Deploy without monitoring, backup, or access controls required by the blueprint.",Mix controls from unrelated domains that do not address the stated objective.,A,EASY,az-900|azure-management|AM-3|easy|blueprint-seed,**Answer: A** — Describe management and deployment tools. Review the official Microsoft exam guide (AZ-900) and linked documentation. Objective: AM-3.,https://learn.microsoft.com/azure/|https://learn.microsoft.com/credentials/certifications/azure-fundamentals/
az-900,azure-management,AM-3,AZ-900 — AM-3 (EASY) #5,Which statement best defines the scope of Describe management and deployment tools?,Use an approach that contradicts the exam objective and ignores documented constraints.,"Deploy without monitoring, backup, or access controls required by the blueprint.",Mix controls from unrelated domains that do not address the stated objective.,"Implement Describe management and deployment tools using Microsoft best practices for Describe Azure Management and Governance, including monitoring and least privilege.",B,EASY,az-900|azure-management|AM-3|easy|blueprint-seed,**Answer: B** — Describe management and deployment tools. Review the official Microsoft exam guide (AZ-900) and linked documentation. Objective: AM-3.,https://learn.microsoft.com/azure/|https://learn.microsoft.com/credentials/certifications/azure-fundamentals/
az-900,azure-management,AM-3,AZ-900 — AM-3 (EASY) #6,What is the primary purpose of Describe management and deployment tools?,"Deploy without monitoring, backup, or access controls required by the blueprint.",Mix controls from unrelated domains that do not address the stated objective.,Apply the official Describe Azure Management and Governance guidance: Describe management and deployment tools — this aligns with exam blueprint expectations and vendor documentation.,Use an approach that contradicts the exam objective and ignores documented constraints.,C,EASY,az-900|azure-management|AM-3|easy|blueprint-seed,**Answer: C** — Describe management and deployment tools. Review the official Microsoft exam guide (AZ-900) and linked documentation. Objective: AM-3.,https://learn.microsoft.com/azure/|https://learn.microsoft.com/credentials/certifications/azure-fundamentals/
az-900,azure-management,AM-3,AZ-900 — AM-3 (EASY) #7,Which concept is fundamental to Describe management and deployment tools?,Mix controls from unrelated domains that do not address the stated objective.,"Follow the documented approach for Describe management and deployment tools, using recommended services and controls per the exam guide.",Use an approach that contradicts the exam objective and ignores documented constraints.,"Deploy without monitoring, backup, or access controls required by the blueprint.",D,EASY,az-900|azure-management|AM-3|easy|blueprint-seed,**Answer: D** — Describe management and deployment tools. Review the official Microsoft exam guide (AZ-900) and linked documentation. Objective: AM-3.,https://learn.microsoft.com/azure/|https://learn.microsoft.com/credentials/certifications/azure-fundamentals/
az-900,azure-management,AM-3,AZ-900 — AM-3 (EASY) #8,Identify the core principle behind Describe management and deployment tools?,"Implement Describe management and deployment tools using Microsoft best practices for Describe Azure Management and Governance, including monitoring and least privilege.",Use an approach that contradicts the exam objective and ignores documented constraints.,"Deploy without monitoring, backup, or access controls required by the blueprint.",Mix controls from unrelated domains that do not address the stated objective.,A,EASY,az-900|azure-management|AM-3|easy|blueprint-seed,**Answer: A** — Describe management and deployment tools. Review the official Microsoft exam guide (AZ-900) and linked documentation. Objective: AM-3.,https://learn.microsoft.com/azure/|https://learn.microsoft.com/credentials/certifications/azure-fundamentals/
az-900,azure-management,AM-3,AZ-900 — AM-3 (EASY) #9,Which description accurately reflects Describe management and deployment tools?,Use an approach that contradicts the exam objective and ignores documented constraints.,"Deploy without monitoring, backup, or access controls required by the blueprint.",Mix controls from unrelated domains that do not address the stated objective.,Apply the official Describe Azure Management and Governance guidance: Describe management and deployment tools — this aligns with exam blueprint expectations and vendor documentation.,B,EASY,az-900|azure-management|AM-3|easy|blueprint-seed,**Answer: B** — Describe management and deployment tools. Review the official Microsoft exam guide (AZ-900) and linked documentation. Objective: AM-3.,https://learn.microsoft.com/azure/|https://learn.microsoft.com/credentials/certifications/azure-fundamentals/
az-900,azure-management,AM-3,AZ-900 — AM-3 (EASY) #10,Which statement best defines the scope of Describe management and deployment tools?,"Deploy without monitoring, backup, or access controls required by the blueprint.",Mix controls from unrelated domains that do not address the stated objective.,"Follow the documented approach for Describe management and deployment tools, using recommended services and controls per the exam guide.",Use an approach that contradicts the exam objective and ignores documented constraints.,C,EASY,az-900|azure-management|AM-3|easy|blueprint-seed,**Answer: C** — Describe management and deployment tools. Review the official Microsoft exam guide (AZ-900) and linked documentation. Objective: AM-3.,https://learn.microsoft.com/azure/|https://learn.microsoft.com/credentials/certifications/azure-fundamentals/
az-900,azure-management,AM-3,AZ-900 — AM-3 (EASY) #11,What is the primary purpose of Describe management and deployment tools?,Mix controls from unrelated domains that do not address the stated objective.,"Implement Describe management and deployment tools using Microsoft best practices for Describe Azure Management and Governance, including monitoring and least privilege.",Use an approach that contradicts the exam objective and ignores documented constraints.,"Deploy without monitoring, backup, or access controls required by the blueprint.",D,EASY,az-900|azure-management|AM-3|easy|blueprint-seed,**Answer: D** — Describe management and deployment tools. Review the official Microsoft exam guide (AZ-900) and linked documentation. Objective: AM-3.,https://learn.microsoft.com/azure/|https://learn.microsoft.com/credentials/certifications/azure-fundamentals/
az-900,azure-management,AM-3,AZ-900 — AM-3 (EASY) #12,Which concept is fundamental to Describe management and deployment tools?,Apply the official Describe Azure Management and Governance guidance: Describe management and deployment tools — this aligns with exam blueprint expectations and vendor documentation.,Use an approach that contradicts the exam objective and ignores documented constraints.,"Deploy without monitoring, backup, or access controls required by the blueprint.",Mix controls from unrelated domains that do not address the stated objective.,A,EASY,az-900|azure-management|AM-3|easy|blueprint-seed,**Answer: A** — Describe management and deployment tools. Review the official Microsoft exam guide (AZ-900) and linked documentation. Objective: AM-3.,https://learn.microsoft.com/azure/|https://learn.microsoft.com/credentials/certifications/azure-fundamentals/
az-900,azure-management,AM-3,AZ-900 — AM-3 (EASY) #13,Identify the core principle behind Describe management and deployment tools?,Use an approach that contradicts the exam objective and ignores documented constraints.,"Deploy without monitoring, backup, or access controls required by the blueprint.",Mix controls from unrelated domains that do not address the stated objective.,"Follow the documented approach for Describe management and deployment tools, using recommended services and controls per the exam guide.",B,EASY,az-900|azure-management|AM-3|easy|blueprint-seed,**Answer: B** — Describe management and deployment tools. Review the official Microsoft exam guide (AZ-900) and linked documentation. Objective: AM-3.,https://learn.microsoft.com/azure/|https://learn.microsoft.com/credentials/certifications/azure-fundamentals/
az-900,azure-management,AM-3,AZ-900 — AM-3 (EASY) #14,Which description accurately reflects Describe management and deployment tools?,"Deploy without monitoring, backup, or access controls required by the blueprint.",Mix controls from unrelated domains that do not address the stated objective.,"Implement Describe management and deployment tools using Microsoft best practices for Describe Azure Management and Governance, including monitoring and least privilege.",Use an approach that contradicts the exam objective and ignores documented constraints.,C,EASY,az-900|azure-management|AM-3|easy|blueprint-seed,**Answer: C** — Describe management and deployment tools. Review the official Microsoft exam guide (AZ-900) and linked documentation. Objective: AM-3.,https://learn.microsoft.com/azure/|https://learn.microsoft.com/credentials/certifications/azure-fundamentals/
az-900,azure-management,AM-3,AZ-900 — AM-3 (EASY) #15,Which statement best defines the scope of Describe management and deployment tools?,Mix controls from unrelated domains that do not address the stated objective.,Apply the official Describe Azure Management and Governance guidance: Describe management and deployment tools — this aligns with exam blueprint expectations and vendor documentation.,Use an approach that contradicts the exam objective and ignores documented constraints.,"Deploy without monitoring, backup, or access controls required by the blueprint.",D,EASY,az-900|azure-management|AM-3|easy|blueprint-seed,**Answer: D** — Describe management and deployment tools. Review the official Microsoft exam guide (AZ-900) and linked documentation. Objective: AM-3.,https://learn.microsoft.com/azure/|https://learn.microsoft.com/credentials/certifications/azure-fundamentals/
az-900,azure-management,AM-3,AZ-900 — AM-3 (MEDIUM) #16,Which approach aligns with best practices when Describe management and deployment tools in the context of Microsoft Azure Fundamentals?,"Follow the documented approach for Describe management and deployment tools, using recommended services and controls per the exam guide.",Use an approach that contradicts the exam objective and ignores documented constraints.,"Deploy without monitoring, backup, or access controls required by the blueprint.",Mix controls from unrelated domains that do not address the stated objective.,A,MEDIUM,az-900|azure-management|AM-3|medium|blueprint-seed,**Answer: A** — Describe management and deployment tools. Review the official Microsoft exam guide (AZ-900) and linked documentation. Objective: AM-3.,https://learn.microsoft.com/azure/|https://learn.microsoft.com/credentials/certifications/azure-fundamentals/
az-900,azure-management,AM-3,AZ-900 — AM-3 (MEDIUM) #17,"During a project review, stakeholders ask how to Describe management and deployment tools in the context of Microsoft Azure Fundamentals?",Use an approach that contradicts the exam objective and ignores documented constraints.,"Deploy without monitoring, backup, or access controls required by the blueprint.",Mix controls from unrelated domains that do not address the stated objective.,"Implement Describe management and deployment tools using Microsoft best practices for Describe Azure Management and Governance, including monitoring and least privilege.",B,MEDIUM,az-900|azure-management|AM-3|medium|blueprint-seed,**Answer: B** — Describe management and deployment tools. Review the official Microsoft exam guide (AZ-900) and linked documentation. Objective: AM-3.,https://learn.microsoft.com/azure/|https://learn.microsoft.com/credentials/certifications/azure-fundamentals/
az-900,azure-management,AM-3,AZ-900 — AM-3 (MEDIUM) #18,Which configuration satisfies requirements for Describe management and deployment tools in the context of Microsoft Azure Fundamentals?,"Deploy without monitoring, backup, or access controls required by the blueprint.",Mix controls from unrelated domains that do not address the stated objective.,Apply the official Describe Azure Management and Governance guidance: Describe management and deployment tools — this aligns with exam blueprint expectations and vendor documentation.,Use an approach that contradicts the exam objective and ignores documented constraints.,C,MEDIUM,az-900|azure-management|AM-3|medium|blueprint-seed,**Answer: C** — Describe management and deployment tools. Review the official Microsoft exam guide (AZ-900) and linked documentation. Objective: AM-3.,https://learn.microsoft.com/azure/|https://learn.microsoft.com/credentials/certifications/azure-fundamentals/
az-900,azure-management,AM-3,AZ-900 — AM-3 (MEDIUM) #19,What is the recommended design when applying Describe management and deployment tools in the context of Microsoft Azure Fundamentals?,Mix controls from unrelated domains that do not address the stated objective.,"Follow the documented approach for Describe management and deployment tools, using recommended services and controls per the exam guide.",Use an approach that contradicts the exam objective and ignores documented constraints.,"Deploy without monitoring, backup, or access controls required by the blueprint.",D,MEDIUM,az-900|azure-management|AM-3|medium|blueprint-seed,**Answer: D** — Describe management and deployment tools. Review the official Microsoft exam guide (AZ-900) and linked documentation. Objective: AM-3.,https://learn.microsoft.com/azure/|https://learn.microsoft.com/credentials/certifications/azure-fundamentals/
az-900,azure-management,AM-3,AZ-900 — AM-3 (MEDIUM) #20,A team must implement a solution for Describe management and deployment tools in the context of Microsoft Azure Fundamentals?,"Implement Describe management and deployment tools using Microsoft best practices for Describe Azure Management and Governance, including monitoring and least privilege.",Use an approach that contradicts the exam objective and ignores documented constraints.,"Deploy without monitoring, backup, or access controls required by the blueprint.",Mix controls from unrelated domains that do not address the stated objective.,A,MEDIUM,az-900|azure-management|AM-3|medium|blueprint-seed,**Answer: A** — Describe management and deployment tools. Review the official Microsoft exam guide (AZ-900) and linked documentation. Objective: AM-3.,https://learn.microsoft.com/azure/|https://learn.microsoft.com/credentials/certifications/azure-fundamentals/
az-900,azure-management,AM-3,AZ-900 — AM-3 (MEDIUM) #21,Which approach aligns with best practices when Describe management and deployment tools in the context of Microsoft Azure Fundamentals?,Use an approach that contradicts the exam objective and ignores documented constraints.,"Deploy without monitoring, backup, or access controls required by the blueprint.",Mix controls from unrelated domains that do not address the stated objective.,Apply the official Describe Azure Management and Governance guidance: Describe management and deployment tools — this aligns with exam blueprint expectations and vendor documentation.,B,MEDIUM,az-900|azure-management|AM-3|medium|blueprint-seed,**Answer: B** — Describe management and deployment tools. Review the official Microsoft exam guide (AZ-900) and linked documentation. Objective: AM-3.,https://learn.microsoft.com/azure/|https://learn.microsoft.com/credentials/certifications/azure-fundamentals/
az-900,azure-management,AM-3,AZ-900 — AM-3 (MEDIUM) #22,"During a project review, stakeholders ask how to Describe management and deployment tools in the context of Microsoft Azure Fundamentals?","Deploy without monitoring, backup, or access controls required by the blueprint.",Mix controls from unrelated domains that do not address the stated objective.,"Follow the documented approach for Describe management and deployment tools, using recommended services and controls per the exam guide.",Use an approach that contradicts the exam objective and ignores documented constraints.,C,MEDIUM,az-900|azure-management|AM-3|medium|blueprint-seed,**Answer: C** — Describe management and deployment tools. Review the official Microsoft exam guide (AZ-900) and linked documentation. Objective: AM-3.,https://learn.microsoft.com/azure/|https://learn.microsoft.com/credentials/certifications/azure-fundamentals/
az-900,azure-management,AM-3,AZ-900 — AM-3 (MEDIUM) #23,Which configuration satisfies requirements for Describe management and deployment tools in the context of Microsoft Azure Fundamentals?,Mix controls from unrelated domains that do not address the stated objective.,"Implement Describe management and deployment tools using Microsoft best practices for Describe Azure Management and Governance, including monitoring and least privilege.",Use an approach that contradicts the exam objective and ignores documented constraints.,"Deploy without monitoring, backup, or access controls required by the blueprint.",D,MEDIUM,az-900|azure-management|AM-3|medium|blueprint-seed,**Answer: D** — Describe management and deployment tools. Review the official Microsoft exam guide (AZ-900) and linked documentation. Objective: AM-3.,https://learn.microsoft.com/azure/|https://learn.microsoft.com/credentials/certifications/azure-fundamentals/
az-900,azure-management,AM-3,AZ-900 — AM-3 (MEDIUM) #24,What is the recommended design when applying Describe management and deployment tools in the context of Microsoft Azure Fundamentals?,Apply the official Describe Azure Management and Governance guidance: Describe management and deployment tools — this aligns with exam blueprint expectations and vendor documentation.,Use an approach that contradicts the exam objective and ignores documented constraints.,"Deploy without monitoring, backup, or access controls required by the blueprint.",Mix controls from unrelated domains that do not address the stated objective.,A,MEDIUM,az-900|azure-management|AM-3|medium|blueprint-seed,**Answer: A** — Describe management and deployment tools. Review the official Microsoft exam guide (AZ-900) and linked documentation. Objective: AM-3.,https://learn.microsoft.com/azure/|https://learn.microsoft.com/credentials/certifications/azure-fundamentals/
az-900,azure-management,AM-3,AZ-900 — AM-3 (MEDIUM) #25,A team must implement a solution for Describe management and deployment tools in the context of Microsoft Azure Fundamentals?,Use an approach that contradicts the exam objective and ignores documented constraints.,"Deploy without monitoring, backup, or access controls required by the blueprint.",Mix controls from unrelated domains that do not address the stated objective.,"Follow the documented approach for Describe management and deployment tools, using recommended services and controls per the exam guide.",B,MEDIUM,az-900|azure-management|AM-3|medium|blueprint-seed,**Answer: B** — Describe management and deployment tools. Review the official Microsoft exam guide (AZ-900) and linked documentation. Objective: AM-3.,https://learn.microsoft.com/azure/|https://learn.microsoft.com/credentials/certifications/azure-fundamentals/
az-900,azure-management,AM-3,AZ-900 — AM-3 (MEDIUM) #26,Which approach aligns with best practices when Describe management and deployment tools in the context of Microsoft Azure Fundamentals?,"Deploy without monitoring, backup, or access controls required by the blueprint.",Mix controls from unrelated domains that do not address the stated objective.,"Implement Describe management and deployment tools using Microsoft best practices for Describe Azure Management and Governance, including monitoring and least privilege.",Use an approach that contradicts the exam objective and ignores documented constraints.,C,MEDIUM,az-900|azure-management|AM-3|medium|blueprint-seed,**Answer: C** — Describe management and deployment tools. Review the official Microsoft exam guide (AZ-900) and linked documentation. Objective: AM-3.,https://learn.microsoft.com/azure/|https://learn.microsoft.com/credentials/certifications/azure-fundamentals/
az-900,azure-management,AM-3,AZ-900 — AM-3 (MEDIUM) #27,"During a project review, stakeholders ask how to Describe management and deployment tools in the context of Microsoft Azure Fundamentals?",Mix controls from unrelated domains that do not address the stated objective.,Apply the official Describe Azure Management and Governance guidance: Describe management and deployment tools — this aligns with exam blueprint expectations and vendor documentation.,Use an approach that contradicts the exam objective and ignores documented constraints.,"Deploy without monitoring, backup, or access controls required by the blueprint.",D,MEDIUM,az-900|azure-management|AM-3|medium|blueprint-seed,**Answer: D** — Describe management and deployment tools. Review the official Microsoft exam guide (AZ-900) and linked documentation. Objective: AM-3.,https://learn.microsoft.com/azure/|https://learn.microsoft.com/credentials/certifications/azure-fundamentals/
az-900,azure-management,AM-3,AZ-900 — AM-3 (MEDIUM) #28,Which configuration satisfies requirements for Describe management and deployment tools in the context of Microsoft Azure Fundamentals?,"Follow the documented approach for Describe management and deployment tools, using recommended services and controls per the exam guide.",Use an approach that contradicts the exam objective and ignores documented constraints.,"Deploy without monitoring, backup, or access controls required by the blueprint.",Mix controls from unrelated domains that do not address the stated objective.,A,MEDIUM,az-900|azure-management|AM-3|medium|blueprint-seed,**Answer: A** — Describe management and deployment tools. Review the official Microsoft exam guide (AZ-900) and linked documentation. Objective: AM-3.,https://learn.microsoft.com/azure/|https://learn.microsoft.com/credentials/certifications/azure-fundamentals/
az-900,azure-management,AM-3,AZ-900 — AM-3 (MEDIUM) #29,What is the recommended design when applying Describe management and deployment tools in the context of Microsoft Azure Fundamentals?,Use an approach that contradicts the exam objective and ignores documented constraints.,"Deploy without monitoring, backup, or access controls required by the blueprint.",Mix controls from unrelated domains that do not address the stated objective.,"Implement Describe management and deployment tools using Microsoft best practices for Describe Azure Management and Governance, including monitoring and least privilege.",B,MEDIUM,az-900|azure-management|AM-3|medium|blueprint-seed,**Answer: B** — Describe management and deployment tools. Review the official Microsoft exam guide (AZ-900) and linked documentation. Objective: AM-3.,https://learn.microsoft.com/azure/|https://learn.microsoft.com/credentials/certifications/azure-fundamentals/
az-900,azure-management,AM-3,AZ-900 — AM-3 (MEDIUM) #30,A team must implement a solution for Describe management and deployment tools in the context of Microsoft Azure Fundamentals?,"Deploy without monitoring, backup, or access controls required by the blueprint.",Mix controls from unrelated domains that do not address the stated objective.,Apply the official Describe Azure Management and Governance guidance: Describe management and deployment tools — this aligns with exam blueprint expectations and vendor documentation.,Use an approach that contradicts the exam objective and ignores documented constraints.,C,MEDIUM,az-900|azure-management|AM-3|medium|blueprint-seed,**Answer: C** — Describe management and deployment tools. Review the official Microsoft exam guide (AZ-900) and linked documentation. Objective: AM-3.,https://learn.microsoft.com/azure/|https://learn.microsoft.com/credentials/certifications/azure-fundamentals/
az-900,azure-management,AM-3,AZ-900 — AM-3 (MEDIUM) #31,Which approach aligns with best practices when Describe management and deployment tools in the context of Microsoft Azure Fundamentals?,Mix controls from unrelated domains that do not address the stated objective.,"Follow the documented approach for Describe management and deployment tools, using recommended services and controls per the exam guide.",Use an approach that contradicts the exam objective and ignores documented constraints.,"Deploy without monitoring, backup, or access controls required by the blueprint.",D,MEDIUM,az-900|azure-management|AM-3|medium|blueprint-seed,**Answer: D** — Describe management and deployment tools. Review the official Microsoft exam guide (AZ-900) and linked documentation. Objective: AM-3.,https://learn.microsoft.com/azure/|https://learn.microsoft.com/credentials/certifications/azure-fundamentals/
az-900,azure-management,AM-3,AZ-900 — AM-3 (MEDIUM) #32,"During a project review, stakeholders ask how to Describe management and deployment tools in the context of Microsoft Azure Fundamentals?","Implement Describe management and deployment tools using Microsoft best practices for Describe Azure Management and Governance, including monitoring and least privilege.",Use an approach that contradicts the exam objective and ignores documented constraints.,"Deploy without monitoring, backup, or access controls required by the blueprint.",Mix controls from unrelated domains that do not address the stated objective.,A,MEDIUM,az-900|azure-management|AM-3|medium|blueprint-seed,**Answer: A** — Describe management and deployment tools. Review the official Microsoft exam guide (AZ-900) and linked documentation. Objective: AM-3.,https://learn.microsoft.com/azure/|https://learn.microsoft.com/credentials/certifications/azure-fundamentals/
az-900,azure-management,AM-3,AZ-900 — AM-3 (MEDIUM) #33,Which configuration satisfies requirements for Describe management and deployment tools in the context of Microsoft Azure Fundamentals?,Use an approach that contradicts the exam objective and ignores documented constraints.,"Deploy without monitoring, backup, or access controls required by the blueprint.",Mix controls from unrelated domains that do not address the stated objective.,Apply the official Describe Azure Management and Governance guidance: Describe management and deployment tools — this aligns with exam blueprint expectations and vendor documentation.,B,MEDIUM,az-900|azure-management|AM-3|medium|blueprint-seed,**Answer: B** — Describe management and deployment tools. Review the official Microsoft exam guide (AZ-900) and linked documentation. Objective: AM-3.,https://learn.microsoft.com/azure/|https://learn.microsoft.com/credentials/certifications/azure-fundamentals/
az-900,azure-management,AM-3,AZ-900 — AM-3 (MEDIUM) #34,What is the recommended design when applying Describe management and deployment tools in the context of Microsoft Azure Fundamentals?,"Deploy without monitoring, backup, or access controls required by the blueprint.",Mix controls from unrelated domains that do not address the stated objective.,"Follow the documented approach for Describe management and deployment tools, using recommended services and controls per the exam guide.",Use an approach that contradicts the exam objective and ignores documented constraints.,C,MEDIUM,az-900|azure-management|AM-3|medium|blueprint-seed,**Answer: C** — Describe management and deployment tools. Review the official Microsoft exam guide (AZ-900) and linked documentation. Objective: AM-3.,https://learn.microsoft.com/azure/|https://learn.microsoft.com/credentials/certifications/azure-fundamentals/
az-900,azure-management,AM-3,AZ-900 — AM-3 (MEDIUM) #35,A team must implement a solution for Describe management and deployment tools in the context of Microsoft Azure Fundamentals?,Mix controls from unrelated domains that do not address the stated objective.,"Implement Describe management and deployment tools using Microsoft best practices for Describe Azure Management and Governance, including monitoring and least privilege.",Use an approach that contradicts the exam objective and ignores documented constraints.,"Deploy without monitoring, backup, or access controls required by the blueprint.",D,MEDIUM,az-900|azure-management|AM-3|medium|blueprint-seed,**Answer: D** — Describe management and deployment tools. Review the official Microsoft exam guide (AZ-900) and linked documentation. Objective: AM-3.,https://learn.microsoft.com/azure/|https://learn.microsoft.com/credentials/certifications/azure-fundamentals/
az-900,azure-management,AM-3,AZ-900 — AM-3 (HARD) #36,"Given strict compliance, auditability, and multi-region constraints, how should you Describe management and deployment tools for Describe Azure Management and Governance?",Apply the official Describe Azure Management and Governance guidance: Describe management and deployment tools — this aligns with exam blueprint expectations and vendor documentation.,Use an approach that contradicts the exam objective and ignores documented constraints.,"Deploy without monitoring, backup, or access controls required by the blueprint.",Mix controls from unrelated domains that do not address the stated objective.,A,HARD,az-900|azure-management|AM-3|hard|blueprint-seed,**Answer: A** — Describe management and deployment tools. Review the official Microsoft exam guide (AZ-900) and linked documentation. Objective: AM-3.,https://learn.microsoft.com/azure/|https://learn.microsoft.com/credentials/certifications/azure-fundamentals/
az-900,azure-management,AM-3,AZ-900 — AM-3 (HARD) #37,A production incident involves trade-offs between cost and resilience for Describe management and deployment tools for Describe Azure Management and Governance?,Use an approach that contradicts the exam objective and ignores documented constraints.,"Deploy without monitoring, backup, or access controls required by the blueprint.",Mix controls from unrelated domains that do not address the stated objective.,"Follow the documented approach for Describe management and deployment tools, using recommended services and controls per the exam guide.",B,HARD,az-900|azure-management|AM-3|hard|blueprint-seed,**Answer: B** — Describe management and deployment tools. Review the official Microsoft exam guide (AZ-900) and linked documentation. Objective: AM-3.,https://learn.microsoft.com/azure/|https://learn.microsoft.com/credentials/certifications/azure-fundamentals/
az-900,azure-management,AM-3,AZ-900 — AM-3 (HARD) #38,Complex regulatory requirements demand that you Describe management and deployment tools for Describe Azure Management and Governance?,"Deploy without monitoring, backup, or access controls required by the blueprint.",Mix controls from unrelated domains that do not address the stated objective.,"Implement Describe management and deployment tools using Microsoft best practices for Describe Azure Management and Governance, including monitoring and least privilege.",Use an approach that contradicts the exam objective and ignores documented constraints.,C,HARD,az-900|azure-management|AM-3|hard|blueprint-seed,**Answer: C** — Describe management and deployment tools. Review the official Microsoft exam guide (AZ-900) and linked documentation. Objective: AM-3.,https://learn.microsoft.com/azure/|https://learn.microsoft.com/credentials/certifications/azure-fundamentals/
az-900,azure-management,AM-3,AZ-900 — AM-3 (HARD) #39,A multi-team rollout must balance security and velocity for Describe management and deployment tools for Describe Azure Management and Governance?,Mix controls from unrelated domains that do not address the stated objective.,Apply the official Describe Azure Management and Governance guidance: Describe management and deployment tools — this aligns with exam blueprint expectations and vendor documentation.,Use an approach that contradicts the exam objective and ignores documented constraints.,"Deploy without monitoring, backup, or access controls required by the blueprint.",D,HARD,az-900|azure-management|AM-3|hard|blueprint-seed,**Answer: D** — Describe management and deployment tools. Review the official Microsoft exam guide (AZ-900) and linked documentation. Objective: AM-3.,https://learn.microsoft.com/azure/|https://learn.microsoft.com/credentials/certifications/azure-fundamentals/
az-900,azure-management,AM-3,AZ-900 — AM-3 (HARD) #40,An enterprise requires zero-downtime architecture while Describe management and deployment tools for Describe Azure Management and Governance?,"Follow the documented approach for Describe management and deployment tools, using recommended services and controls per the exam guide.",Use an approach that contradicts the exam objective and ignores documented constraints.,"Deploy without monitoring, backup, or access controls required by the blueprint.",Mix controls from unrelated domains that do not address the stated objective.,A,HARD,az-900|azure-management|AM-3|hard|blueprint-seed,**Answer: A** — Describe management and deployment tools. Review the official Microsoft exam guide (AZ-900) and linked documentation. Objective: AM-3.,https://learn.microsoft.com/azure/|https://learn.microsoft.com/credentials/certifications/azure-fundamentals/
az-900,azure-management,AM-3,AZ-900 — AM-3 (HARD) #41,"Given strict compliance, auditability, and multi-region constraints, how should you Describe management and deployment tools for Describe Azure Management and Governance?",Use an approach that contradicts the exam objective and ignores documented constraints.,"Deploy without monitoring, backup, or access controls required by the blueprint.",Mix controls from unrelated domains that do not address the stated objective.,"Implement Describe management and deployment tools using Microsoft best practices for Describe Azure Management and Governance, including monitoring and least privilege.",B,HARD,az-900|azure-management|AM-3|hard|blueprint-seed,**Answer: B** — Describe management and deployment tools. Review the official Microsoft exam guide (AZ-900) and linked documentation. Objective: AM-3.,https://learn.microsoft.com/azure/|https://learn.microsoft.com/credentials/certifications/azure-fundamentals/
az-900,azure-management,AM-3,AZ-900 — AM-3 (HARD) #42,A production incident involves trade-offs between cost and resilience for Describe management and deployment tools for Describe Azure Management and Governance?,"Deploy without monitoring, backup, or access controls required by the blueprint.",Mix controls from unrelated domains that do not address the stated objective.,Apply the official Describe Azure Management and Governance guidance: Describe management and deployment tools — this aligns with exam blueprint expectations and vendor documentation.,Use an approach that contradicts the exam objective and ignores documented constraints.,C,HARD,az-900|azure-management|AM-3|hard|blueprint-seed,**Answer: C** — Describe management and deployment tools. Review the official Microsoft exam guide (AZ-900) and linked documentation. Objective: AM-3.,https://learn.microsoft.com/azure/|https://learn.microsoft.com/credentials/certifications/azure-fundamentals/
az-900,azure-management,AM-3,AZ-900 — AM-3 (HARD) #43,Complex regulatory requirements demand that you Describe management and deployment tools for Describe Azure Management and Governance?,Mix controls from unrelated domains that do not address the stated objective.,"Follow the documented approach for Describe management and deployment tools, using recommended services and controls per the exam guide.",Use an approach that contradicts the exam objective and ignores documented constraints.,"Deploy without monitoring, backup, or access controls required by the blueprint.",D,HARD,az-900|azure-management|AM-3|hard|blueprint-seed,**Answer: D** — Describe management and deployment tools. Review the official Microsoft exam guide (AZ-900) and linked documentation. Objective: AM-3.,https://learn.microsoft.com/azure/|https://learn.microsoft.com/credentials/certifications/azure-fundamentals/
az-900,azure-management,AM-3,AZ-900 — AM-3 (HARD) #44,A multi-team rollout must balance security and velocity for Describe management and deployment tools for Describe Azure Management and Governance?,"Implement Describe management and deployment tools using Microsoft best practices for Describe Azure Management and Governance, including monitoring and least privilege.",Use an approach that contradicts the exam objective and ignores documented constraints.,"Deploy without monitoring, backup, or access controls required by the blueprint.",Mix controls from unrelated domains that do not address the stated objective.,A,HARD,az-900|azure-management|AM-3|hard|blueprint-seed,**Answer: A** — Describe management and deployment tools. Review the official Microsoft exam guide (AZ-900) and linked documentation. Objective: AM-3.,https://learn.microsoft.com/azure/|https://learn.microsoft.com/credentials/certifications/azure-fundamentals/
az-900,azure-management,AM-3,AZ-900 — AM-3 (HARD) #45,An enterprise requires zero-downtime architecture while Describe management and deployment tools for Describe Azure Management and Governance?,Use an approach that contradicts the exam objective and ignores documented constraints.,"Deploy without monitoring, backup, or access controls required by the blueprint.",Mix controls from unrelated domains that do not address the stated objective.,Apply the official Describe Azure Management and Governance guidance: Describe management and deployment tools — this aligns with exam blueprint expectations and vendor documentation.,B,HARD,az-900|azure-management|AM-3|hard|blueprint-seed,**Answer: B** — Describe management and deployment tools. Review the official Microsoft exam guide (AZ-900) and linked documentation. Objective: AM-3.,https://learn.microsoft.com/azure/|https://learn.microsoft.com/credentials/certifications/azure-fundamentals/
az-900,azure-management,AM-3,AZ-900 — AM-3 (HARD) #46,"Given strict compliance, auditability, and multi-region constraints, how should you Describe management and deployment tools for Describe Azure Management and Governance?","Deploy without monitoring, backup, or access controls required by the blueprint.",Mix controls from unrelated domains that do not address the stated objective.,"Follow the documented approach for Describe management and deployment tools, using recommended services and controls per the exam guide.",Use an approach that contradicts the exam objective and ignores documented constraints.,C,HARD,az-900|azure-management|AM-3|hard|blueprint-seed,**Answer: C** — Describe management and deployment tools. Review the official Microsoft exam guide (AZ-900) and linked documentation. Objective: AM-3.,https://learn.microsoft.com/azure/|https://learn.microsoft.com/credentials/certifications/azure-fundamentals/
az-900,azure-management,AM-3,AZ-900 — AM-3 (HARD) #47,A production incident involves trade-offs between cost and resilience for Describe management and deployment tools for Describe Azure Management and Governance?,Mix controls from unrelated domains that do not address the stated objective.,"Implement Describe management and deployment tools using Microsoft best practices for Describe Azure Management and Governance, including monitoring and least privilege.",Use an approach that contradicts the exam objective and ignores documented constraints.,"Deploy without monitoring, backup, or access controls required by the blueprint.",D,HARD,az-900|azure-management|AM-3|hard|blueprint-seed,**Answer: D** — Describe management and deployment tools. Review the official Microsoft exam guide (AZ-900) and linked documentation. Objective: AM-3.,https://learn.microsoft.com/azure/|https://learn.microsoft.com/credentials/certifications/azure-fundamentals/
az-900,azure-management,AM-3,AZ-900 — AM-3 (HARD) #48,Complex regulatory requirements demand that you Describe management and deployment tools for Describe Azure Management and Governance?,Apply the official Describe Azure Management and Governance guidance: Describe management and deployment tools — this aligns with exam blueprint expectations and vendor documentation.,Use an approach that contradicts the exam objective and ignores documented constraints.,"Deploy without monitoring, backup, or access controls required by the blueprint.",Mix controls from unrelated domains that do not address the stated objective.,A,HARD,az-900|azure-management|AM-3|hard|blueprint-seed,**Answer: A** — Describe management and deployment tools. Review the official Microsoft exam guide (AZ-900) and linked documentation. Objective: AM-3.,https://learn.microsoft.com/azure/|https://learn.microsoft.com/credentials/certifications/azure-fundamentals/
az-900,azure-management,AM-3,AZ-900 — AM-3 (HARD) #49,A multi-team rollout must balance security and velocity for Describe management and deployment tools for Describe Azure Management and Governance?,Use an approach that contradicts the exam objective and ignores documented constraints.,"Deploy without monitoring, backup, or access controls required by the blueprint.",Mix controls from unrelated domains that do not address the stated objective.,"Follow the documented approach for Describe management and deployment tools, using recommended services and controls per the exam guide.",B,HARD,az-900|azure-management|AM-3|hard|blueprint-seed,**Answer: B** — Describe management and deployment tools. Review the official Microsoft exam guide (AZ-900) and linked documentation. Objective: AM-3.,https://learn.microsoft.com/azure/|https://learn.microsoft.com/credentials/certifications/azure-fundamentals/
az-900,azure-management,AM-3,AZ-900 — AM-3 (HARD) #50,An enterprise requires zero-downtime architecture while Describe management and deployment tools for Describe Azure Management and Governance?,"Deploy without monitoring, backup, or access controls required by the blueprint.",Mix controls from unrelated domains that do not address the stated objective.,"Implement Describe management and deployment tools using Microsoft best practices for Describe Azure Management and Governance, including monitoring and least privilege.",Use an approach that contradicts the exam objective and ignores documented constraints.,C,HARD,az-900|azure-management|AM-3|hard|blueprint-seed,**Answer: C** — Describe management and deployment tools. Review the official Microsoft exam guide (AZ-900) and linked documentation. Objective: AM-3.,https://learn.microsoft.com/azure/|https://learn.microsoft.com/credentials/certifications/azure-fundamentals/
az-900,azure-governance,AG-1,AZ-900 — AG-1 (EASY) #1,What is the primary purpose of Describe Azure Policy and Blueprints?,Use an approach that contradicts the exam objective and ignores documented constraints.,"Deploy without monitoring, backup, or access controls required by the blueprint.",Mix controls from unrelated domains that do not address the stated objective.,"Follow the documented approach for Describe Azure Policy and Blueprints, using recommended services and controls per the exam guide.",B,EASY,az-900|azure-governance|AG-1|easy|blueprint-seed,**Answer: B** — Describe Azure Policy and Blueprints. Review the official Microsoft exam guide (AZ-900) and linked documentation. Objective: AG-1.,https://learn.microsoft.com/azure/|https://learn.microsoft.com/credentials/certifications/azure-fundamentals/
az-900,azure-governance,AG-1,AZ-900 — AG-1 (EASY) #2,Which concept is fundamental to Describe Azure Policy and Blueprints?,"Deploy without monitoring, backup, or access controls required by the blueprint.",Mix controls from unrelated domains that do not address the stated objective.,"Implement Describe Azure Policy and Blueprints using Microsoft best practices for Describe Azure Governance Features, including monitoring and least privilege.",Use an approach that contradicts the exam objective and ignores documented constraints.,C,EASY,az-900|azure-governance|AG-1|easy|blueprint-seed,**Answer: C** — Describe Azure Policy and Blueprints. Review the official Microsoft exam guide (AZ-900) and linked documentation. Objective: AG-1.,https://learn.microsoft.com/azure/|https://learn.microsoft.com/credentials/certifications/azure-fundamentals/
az-900,azure-governance,AG-1,AZ-900 — AG-1 (EASY) #3,Identify the core principle behind Describe Azure Policy and Blueprints?,Mix controls from unrelated domains that do not address the stated objective.,Apply the official Describe Azure Governance Features guidance: Describe Azure Policy and Blueprints — this aligns with exam blueprint expectations and vendor documentation.,Use an approach that contradicts the exam objective and ignores documented constraints.,"Deploy without monitoring, backup, or access controls required by the blueprint.",D,EASY,az-900|azure-governance|AG-1|easy|blueprint-seed,**Answer: D** — Describe Azure Policy and Blueprints. Review the official Microsoft exam guide (AZ-900) and linked documentation. Objective: AG-1.,https://learn.microsoft.com/azure/|https://learn.microsoft.com/credentials/certifications/azure-fundamentals/
az-900,azure-governance,AG-1,AZ-900 — AG-1 (EASY) #4,Which description accurately reflects Describe Azure Policy and Blueprints?,"Follow the documented approach for Describe Azure Policy and Blueprints, using recommended services and controls per the exam guide.",Use an approach that contradicts the exam objective and ignores documented constraints.,"Deploy without monitoring, backup, or access controls required by the blueprint.",Mix controls from unrelated domains that do not address the stated objective.,A,EASY,az-900|azure-governance|AG-1|easy|blueprint-seed,**Answer: A** — Describe Azure Policy and Blueprints. Review the official Microsoft exam guide (AZ-900) and linked documentation. Objective: AG-1.,https://learn.microsoft.com/azure/|https://learn.microsoft.com/credentials/certifications/azure-fundamentals/
az-900,azure-governance,AG-1,AZ-900 — AG-1 (EASY) #5,Which statement best defines the scope of Describe Azure Policy and Blueprints?,Use an approach that contradicts the exam objective and ignores documented constraints.,"Deploy without monitoring, backup, or access controls required by the blueprint.",Mix controls from unrelated domains that do not address the stated objective.,"Implement Describe Azure Policy and Blueprints using Microsoft best practices for Describe Azure Governance Features, including monitoring and least privilege.",B,EASY,az-900|azure-governance|AG-1|easy|blueprint-seed,**Answer: B** — Describe Azure Policy and Blueprints. Review the official Microsoft exam guide (AZ-900) and linked documentation. Objective: AG-1.,https://learn.microsoft.com/azure/|https://learn.microsoft.com/credentials/certifications/azure-fundamentals/
az-900,azure-governance,AG-1,AZ-900 — AG-1 (EASY) #6,What is the primary purpose of Describe Azure Policy and Blueprints?,"Deploy without monitoring, backup, or access controls required by the blueprint.",Mix controls from unrelated domains that do not address the stated objective.,Apply the official Describe Azure Governance Features guidance: Describe Azure Policy and Blueprints — this aligns with exam blueprint expectations and vendor documentation.,Use an approach that contradicts the exam objective and ignores documented constraints.,C,EASY,az-900|azure-governance|AG-1|easy|blueprint-seed,**Answer: C** — Describe Azure Policy and Blueprints. Review the official Microsoft exam guide (AZ-900) and linked documentation. Objective: AG-1.,https://learn.microsoft.com/azure/|https://learn.microsoft.com/credentials/certifications/azure-fundamentals/
az-900,azure-governance,AG-1,AZ-900 — AG-1 (EASY) #7,Which concept is fundamental to Describe Azure Policy and Blueprints?,Mix controls from unrelated domains that do not address the stated objective.,"Follow the documented approach for Describe Azure Policy and Blueprints, using recommended services and controls per the exam guide.",Use an approach that contradicts the exam objective and ignores documented constraints.,"Deploy without monitoring, backup, or access controls required by the blueprint.",D,EASY,az-900|azure-governance|AG-1|easy|blueprint-seed,**Answer: D** — Describe Azure Policy and Blueprints. Review the official Microsoft exam guide (AZ-900) and linked documentation. Objective: AG-1.,https://learn.microsoft.com/azure/|https://learn.microsoft.com/credentials/certifications/azure-fundamentals/
az-900,azure-governance,AG-1,AZ-900 — AG-1 (EASY) #8,Identify the core principle behind Describe Azure Policy and Blueprints?,"Implement Describe Azure Policy and Blueprints using Microsoft best practices for Describe Azure Governance Features, including monitoring and least privilege.",Use an approach that contradicts the exam objective and ignores documented constraints.,"Deploy without monitoring, backup, or access controls required by the blueprint.",Mix controls from unrelated domains that do not address the stated objective.,A,EASY,az-900|azure-governance|AG-1|easy|blueprint-seed,**Answer: A** — Describe Azure Policy and Blueprints. Review the official Microsoft exam guide (AZ-900) and linked documentation. Objective: AG-1.,https://learn.microsoft.com/azure/|https://learn.microsoft.com/credentials/certifications/azure-fundamentals/
az-900,azure-governance,AG-1,AZ-900 — AG-1 (MEDIUM) #9,What is the recommended design when applying Describe Azure Policy and Blueprints in the context of Microsoft Azure Fundamentals?,Use an approach that contradicts the exam objective and ignores documented constraints.,"Deploy without monitoring, backup, or access controls required by the blueprint.",Mix controls from unrelated domains that do not address the stated objective.,Apply the official Describe Azure Governance Features guidance: Describe Azure Policy and Blueprints — this aligns with exam blueprint expectations and vendor documentation.,B,MEDIUM,az-900|azure-governance|AG-1|medium|blueprint-seed,**Answer: B** — Describe Azure Policy and Blueprints. Review the official Microsoft exam guide (AZ-900) and linked documentation. Objective: AG-1.,https://learn.microsoft.com/azure/|https://learn.microsoft.com/credentials/certifications/azure-fundamentals/
az-900,azure-governance,AG-1,AZ-900 — AG-1 (MEDIUM) #10,A team must implement a solution for Describe Azure Policy and Blueprints in the context of Microsoft Azure Fundamentals?,"Deploy without monitoring, backup, or access controls required by the blueprint.",Mix controls from unrelated domains that do not address the stated objective.,"Follow the documented approach for Describe Azure Policy and Blueprints, using recommended services and controls per the exam guide.",Use an approach that contradicts the exam objective and ignores documented constraints.,C,MEDIUM,az-900|azure-governance|AG-1|medium|blueprint-seed,**Answer: C** — Describe Azure Policy and Blueprints. Review the official Microsoft exam guide (AZ-900) and linked documentation. Objective: AG-1.,https://learn.microsoft.com/azure/|https://learn.microsoft.com/credentials/certifications/azure-fundamentals/
az-900,azure-governance,AG-1,AZ-900 — AG-1 (MEDIUM) #11,Which approach aligns with best practices when Describe Azure Policy and Blueprints in the context of Microsoft Azure Fundamentals?,Mix controls from unrelated domains that do not address the stated objective.,"Implement Describe Azure Policy and Blueprints using Microsoft best practices for Describe Azure Governance Features, including monitoring and least privilege.",Use an approach that contradicts the exam objective and ignores documented constraints.,"Deploy without monitoring, backup, or access controls required by the blueprint.",D,MEDIUM,az-900|azure-governance|AG-1|medium|blueprint-seed,**Answer: D** — Describe Azure Policy and Blueprints. Review the official Microsoft exam guide (AZ-900) and linked documentation. Objective: AG-1.,https://learn.microsoft.com/azure/|https://learn.microsoft.com/credentials/certifications/azure-fundamentals/
az-900,azure-governance,AG-1,AZ-900 — AG-1 (MEDIUM) #12,"During a project review, stakeholders ask how to Describe Azure Policy and Blueprints in the context of Microsoft Azure Fundamentals?",Apply the official Describe Azure Governance Features guidance: Describe Azure Policy and Blueprints — this aligns with exam blueprint expectations and vendor documentation.,Use an approach that contradicts the exam objective and ignores documented constraints.,"Deploy without monitoring, backup, or access controls required by the blueprint.",Mix controls from unrelated domains that do not address the stated objective.,A,MEDIUM,az-900|azure-governance|AG-1|medium|blueprint-seed,**Answer: A** — Describe Azure Policy and Blueprints. Review the official Microsoft exam guide (AZ-900) and linked documentation. Objective: AG-1.,https://learn.microsoft.com/azure/|https://learn.microsoft.com/credentials/certifications/azure-fundamentals/
az-900,azure-governance,AG-1,AZ-900 — AG-1 (MEDIUM) #13,Which configuration satisfies requirements for Describe Azure Policy and Blueprints in the context of Microsoft Azure Fundamentals?,Use an approach that contradicts the exam objective and ignores documented constraints.,"Deploy without monitoring, backup, or access controls required by the blueprint.",Mix controls from unrelated domains that do not address the stated objective.,"Follow the documented approach for Describe Azure Policy and Blueprints, using recommended services and controls per the exam guide.",B,MEDIUM,az-900|azure-governance|AG-1|medium|blueprint-seed,**Answer: B** — Describe Azure Policy and Blueprints. Review the official Microsoft exam guide (AZ-900) and linked documentation. Objective: AG-1.,https://learn.microsoft.com/azure/|https://learn.microsoft.com/credentials/certifications/azure-fundamentals/
az-900,azure-governance,AG-1,AZ-900 — AG-1 (MEDIUM) #14,What is the recommended design when applying Describe Azure Policy and Blueprints in the context of Microsoft Azure Fundamentals?,"Deploy without monitoring, backup, or access controls required by the blueprint.",Mix controls from unrelated domains that do not address the stated objective.,"Implement Describe Azure Policy and Blueprints using Microsoft best practices for Describe Azure Governance Features, including monitoring and least privilege.",Use an approach that contradicts the exam objective and ignores documented constraints.,C,MEDIUM,az-900|azure-governance|AG-1|medium|blueprint-seed,**Answer: C** — Describe Azure Policy and Blueprints. Review the official Microsoft exam guide (AZ-900) and linked documentation. Objective: AG-1.,https://learn.microsoft.com/azure/|https://learn.microsoft.com/credentials/certifications/azure-fundamentals/
az-900,azure-governance,AG-1,AZ-900 — AG-1 (MEDIUM) #15,A team must implement a solution for Describe Azure Policy and Blueprints in the context of Microsoft Azure Fundamentals?,Mix controls from unrelated domains that do not address the stated objective.,Apply the official Describe Azure Governance Features guidance: Describe Azure Policy and Blueprints — this aligns with exam blueprint expectations and vendor documentation.,Use an approach that contradicts the exam objective and ignores documented constraints.,"Deploy without monitoring, backup, or access controls required by the blueprint.",D,MEDIUM,az-900|azure-governance|AG-1|medium|blueprint-seed,**Answer: D** — Describe Azure Policy and Blueprints. Review the official Microsoft exam guide (AZ-900) and linked documentation. Objective: AG-1.,https://learn.microsoft.com/azure/|https://learn.microsoft.com/credentials/certifications/azure-fundamentals/
az-900,azure-governance,AG-1,AZ-900 — AG-1 (MEDIUM) #16,Which approach aligns with best practices when Describe Azure Policy and Blueprints in the context of Microsoft Azure Fundamentals?,"Follow the documented approach for Describe Azure Policy and Blueprints, using recommended services and controls per the exam guide.",Use an approach that contradicts the exam objective and ignores documented constraints.,"Deploy without monitoring, backup, or access controls required by the blueprint.",Mix controls from unrelated domains that do not address the stated objective.,A,MEDIUM,az-900|azure-governance|AG-1|medium|blueprint-seed,**Answer: A** — Describe Azure Policy and Blueprints. Review the official Microsoft exam guide (AZ-900) and linked documentation. Objective: AG-1.,https://learn.microsoft.com/azure/|https://learn.microsoft.com/credentials/certifications/azure-fundamentals/
az-900,azure-governance,AG-1,AZ-900 — AG-1 (MEDIUM) #17,"During a project review, stakeholders ask how to Describe Azure Policy and Blueprints in the context of Microsoft Azure Fundamentals?",Use an approach that contradicts the exam objective and ignores documented constraints.,"Deploy without monitoring, backup, or access controls required by the blueprint.",Mix controls from unrelated domains that do not address the stated objective.,"Implement Describe Azure Policy and Blueprints using Microsoft best practices for Describe Azure Governance Features, including monitoring and least privilege.",B,MEDIUM,az-900|azure-governance|AG-1|medium|blueprint-seed,**Answer: B** — Describe Azure Policy and Blueprints. Review the official Microsoft exam guide (AZ-900) and linked documentation. Objective: AG-1.,https://learn.microsoft.com/azure/|https://learn.microsoft.com/credentials/certifications/azure-fundamentals/
az-900,azure-governance,AG-1,AZ-900 — AG-1 (MEDIUM) #18,Which configuration satisfies requirements for Describe Azure Policy and Blueprints in the context of Microsoft Azure Fundamentals?,"Deploy without monitoring, backup, or access controls required by the blueprint.",Mix controls from unrelated domains that do not address the stated objective.,Apply the official Describe Azure Governance Features guidance: Describe Azure Policy and Blueprints — this aligns with exam blueprint expectations and vendor documentation.,Use an approach that contradicts the exam objective and ignores documented constraints.,C,MEDIUM,az-900|azure-governance|AG-1|medium|blueprint-seed,**Answer: C** — Describe Azure Policy and Blueprints. Review the official Microsoft exam guide (AZ-900) and linked documentation. Objective: AG-1.,https://learn.microsoft.com/azure/|https://learn.microsoft.com/credentials/certifications/azure-fundamentals/
az-900,azure-governance,AG-1,AZ-900 — AG-1 (HARD) #19,A multi-team rollout must balance security and velocity for Describe Azure Policy and Blueprints for Describe Azure Governance Features?,Mix controls from unrelated domains that do not address the stated objective.,"Follow the documented approach for Describe Azure Policy and Blueprints, using recommended services and controls per the exam guide.",Use an approach that contradicts the exam objective and ignores documented constraints.,"Deploy without monitoring, backup, or access controls required by the blueprint.",D,HARD,az-900|azure-governance|AG-1|hard|blueprint-seed,**Answer: D** — Describe Azure Policy and Blueprints. Review the official Microsoft exam guide (AZ-900) and linked documentation. Objective: AG-1.,https://learn.microsoft.com/azure/|https://learn.microsoft.com/credentials/certifications/azure-fundamentals/
az-900,azure-governance,AG-1,AZ-900 — AG-1 (HARD) #20,An enterprise requires zero-downtime architecture while Describe Azure Policy and Blueprints for Describe Azure Governance Features?,"Implement Describe Azure Policy and Blueprints using Microsoft best practices for Describe Azure Governance Features, including monitoring and least privilege.",Use an approach that contradicts the exam objective and ignores documented constraints.,"Deploy without monitoring, backup, or access controls required by the blueprint.",Mix controls from unrelated domains that do not address the stated objective.,A,HARD,az-900|azure-governance|AG-1|hard|blueprint-seed,**Answer: A** — Describe Azure Policy and Blueprints. Review the official Microsoft exam guide (AZ-900) and linked documentation. Objective: AG-1.,https://learn.microsoft.com/azure/|https://learn.microsoft.com/credentials/certifications/azure-fundamentals/
az-900,azure-governance,AG-1,AZ-900 — AG-1 (HARD) #21,"Given strict compliance, auditability, and multi-region constraints, how should you Describe Azure Policy and Blueprints for Describe Azure Governance Features?",Use an approach that contradicts the exam objective and ignores documented constraints.,"Deploy without monitoring, backup, or access controls required by the blueprint.",Mix controls from unrelated domains that do not address the stated objective.,Apply the official Describe Azure Governance Features guidance: Describe Azure Policy and Blueprints — this aligns with exam blueprint expectations and vendor documentation.,B,HARD,az-900|azure-governance|AG-1|hard|blueprint-seed,**Answer: B** — Describe Azure Policy and Blueprints. Review the official Microsoft exam guide (AZ-900) and linked documentation. Objective: AG-1.,https://learn.microsoft.com/azure/|https://learn.microsoft.com/credentials/certifications/azure-fundamentals/
az-900,azure-governance,AG-1,AZ-900 — AG-1 (HARD) #22,A production incident involves trade-offs between cost and resilience for Describe Azure Policy and Blueprints for Describe Azure Governance Features?,"Deploy without monitoring, backup, or access controls required by the blueprint.",Mix controls from unrelated domains that do not address the stated objective.,"Follow the documented approach for Describe Azure Policy and Blueprints, using recommended services and controls per the exam guide.",Use an approach that contradicts the exam objective and ignores documented constraints.,C,HARD,az-900|azure-governance|AG-1|hard|blueprint-seed,**Answer: C** — Describe Azure Policy and Blueprints. Review the official Microsoft exam guide (AZ-900) and linked documentation. Objective: AG-1.,https://learn.microsoft.com/azure/|https://learn.microsoft.com/credentials/certifications/azure-fundamentals/
az-900,azure-governance,AG-1,AZ-900 — AG-1 (HARD) #23,Complex regulatory requirements demand that you Describe Azure Policy and Blueprints for Describe Azure Governance Features?,Mix controls from unrelated domains that do not address the stated objective.,"Implement Describe Azure Policy and Blueprints using Microsoft best practices for Describe Azure Governance Features, including monitoring and least privilege.",Use an approach that contradicts the exam objective and ignores documented constraints.,"Deploy without monitoring, backup, or access controls required by the blueprint.",D,HARD,az-900|azure-governance|AG-1|hard|blueprint-seed,**Answer: D** — Describe Azure Policy and Blueprints. Review the official Microsoft exam guide (AZ-900) and linked documentation. Objective: AG-1.,https://learn.microsoft.com/azure/|https://learn.microsoft.com/credentials/certifications/azure-fundamentals/
az-900,azure-governance,AG-1,AZ-900 — AG-1 (HARD) #24,A multi-team rollout must balance security and velocity for Describe Azure Policy and Blueprints for Describe Azure Governance Features?,Apply the official Describe Azure Governance Features guidance: Describe Azure Policy and Blueprints — this aligns with exam blueprint expectations and vendor documentation.,Use an approach that contradicts the exam objective and ignores documented constraints.,"Deploy without monitoring, backup, or access controls required by the blueprint.",Mix controls from unrelated domains that do not address the stated objective.,A,HARD,az-900|azure-governance|AG-1|hard|blueprint-seed,**Answer: A** — Describe Azure Policy and Blueprints. Review the official Microsoft exam guide (AZ-900) and linked documentation. Objective: AG-1.,https://learn.microsoft.com/azure/|https://learn.microsoft.com/credentials/certifications/azure-fundamentals/
az-900,azure-governance,AG-1,AZ-900 — AG-1 (HARD) #25,An enterprise requires zero-downtime architecture while Describe Azure Policy and Blueprints for Describe Azure Governance Features?,Use an approach that contradicts the exam objective and ignores documented constraints.,"Deploy without monitoring, backup, or access controls required by the blueprint.",Mix controls from unrelated domains that do not address the stated objective.,"Follow the documented approach for Describe Azure Policy and Blueprints, using recommended services and controls per the exam guide.",B,HARD,az-900|azure-governance|AG-1|hard|blueprint-seed,**Answer: B** — Describe Azure Policy and Blueprints. Review the official Microsoft exam guide (AZ-900) and linked documentation. Objective: AG-1.,https://learn.microsoft.com/azure/|https://learn.microsoft.com/credentials/certifications/azure-fundamentals/
az-900,azure-governance,AG-2,AZ-900 — AG-2 (EASY) #1,What is the primary purpose of Describe resource locks and tags?,Use an approach that contradicts the exam objective and ignores documented constraints.,"Deploy without monitoring, backup, or access controls required by the blueprint.",Mix controls from unrelated domains that do not address the stated objective.,"Follow the documented approach for Describe resource locks and tags, using recommended services and controls per the exam guide.",B,EASY,az-900|azure-governance|AG-2|easy|blueprint-seed,**Answer: B** — Describe resource locks and tags. Review the official Microsoft exam guide (AZ-900) and linked documentation. Objective: AG-2.,https://learn.microsoft.com/azure/|https://learn.microsoft.com/credentials/certifications/azure-fundamentals/
az-900,azure-governance,AG-2,AZ-900 — AG-2 (EASY) #2,Which concept is fundamental to Describe resource locks and tags?,"Deploy without monitoring, backup, or access controls required by the blueprint.",Mix controls from unrelated domains that do not address the stated objective.,"Implement Describe resource locks and tags using Microsoft best practices for Describe Azure Governance Features, including monitoring and least privilege.",Use an approach that contradicts the exam objective and ignores documented constraints.,C,EASY,az-900|azure-governance|AG-2|easy|blueprint-seed,**Answer: C** — Describe resource locks and tags. Review the official Microsoft exam guide (AZ-900) and linked documentation. Objective: AG-2.,https://learn.microsoft.com/azure/|https://learn.microsoft.com/credentials/certifications/azure-fundamentals/
az-900,azure-governance,AG-2,AZ-900 — AG-2 (EASY) #3,Identify the core principle behind Describe resource locks and tags?,Mix controls from unrelated domains that do not address the stated objective.,Apply the official Describe Azure Governance Features guidance: Describe resource locks and tags — this aligns with exam blueprint expectations and vendor documentation.,Use an approach that contradicts the exam objective and ignores documented constraints.,"Deploy without monitoring, backup, or access controls required by the blueprint.",D,EASY,az-900|azure-governance|AG-2|easy|blueprint-seed,**Answer: D** — Describe resource locks and tags. Review the official Microsoft exam guide (AZ-900) and linked documentation. Objective: AG-2.,https://learn.microsoft.com/azure/|https://learn.microsoft.com/credentials/certifications/azure-fundamentals/
az-900,azure-governance,AG-2,AZ-900 — AG-2 (EASY) #4,Which description accurately reflects Describe resource locks and tags?,"Follow the documented approach for Describe resource locks and tags, using recommended services and controls per the exam guide.",Use an approach that contradicts the exam objective and ignores documented constraints.,"Deploy without monitoring, backup, or access controls required by the blueprint.",Mix controls from unrelated domains that do not address the stated objective.,A,EASY,az-900|azure-governance|AG-2|easy|blueprint-seed,**Answer: A** — Describe resource locks and tags. Review the official Microsoft exam guide (AZ-900) and linked documentation. Objective: AG-2.,https://learn.microsoft.com/azure/|https://learn.microsoft.com/credentials/certifications/azure-fundamentals/
az-900,azure-governance,AG-2,AZ-900 — AG-2 (EASY) #5,Which statement best defines the scope of Describe resource locks and tags?,Use an approach that contradicts the exam objective and ignores documented constraints.,"Deploy without monitoring, backup, or access controls required by the blueprint.",Mix controls from unrelated domains that do not address the stated objective.,"Implement Describe resource locks and tags using Microsoft best practices for Describe Azure Governance Features, including monitoring and least privilege.",B,EASY,az-900|azure-governance|AG-2|easy|blueprint-seed,**Answer: B** — Describe resource locks and tags. Review the official Microsoft exam guide (AZ-900) and linked documentation. Objective: AG-2.,https://learn.microsoft.com/azure/|https://learn.microsoft.com/credentials/certifications/azure-fundamentals/
az-900,azure-governance,AG-2,AZ-900 — AG-2 (EASY) #6,What is the primary purpose of Describe resource locks and tags?,"Deploy without monitoring, backup, or access controls required by the blueprint.",Mix controls from unrelated domains that do not address the stated objective.,Apply the official Describe Azure Governance Features guidance: Describe resource locks and tags — this aligns with exam blueprint expectations and vendor documentation.,Use an approach that contradicts the exam objective and ignores documented constraints.,C,EASY,az-900|azure-governance|AG-2|easy|blueprint-seed,**Answer: C** — Describe resource locks and tags. Review the official Microsoft exam guide (AZ-900) and linked documentation. Objective: AG-2.,https://learn.microsoft.com/azure/|https://learn.microsoft.com/credentials/certifications/azure-fundamentals/
az-900,azure-governance,AG-2,AZ-900 — AG-2 (EASY) #7,Which concept is fundamental to Describe resource locks and tags?,Mix controls from unrelated domains that do not address the stated objective.,"Follow the documented approach for Describe resource locks and tags, using recommended services and controls per the exam guide.",Use an approach that contradicts the exam objective and ignores documented constraints.,"Deploy without monitoring, backup, or access controls required by the blueprint.",D,EASY,az-900|azure-governance|AG-2|easy|blueprint-seed,**Answer: D** — Describe resource locks and tags. Review the official Microsoft exam guide (AZ-900) and linked documentation. Objective: AG-2.,https://learn.microsoft.com/azure/|https://learn.microsoft.com/credentials/certifications/azure-fundamentals/
az-900,azure-governance,AG-2,AZ-900 — AG-2 (EASY) #8,Identify the core principle behind Describe resource locks and tags?,"Implement Describe resource locks and tags using Microsoft best practices for Describe Azure Governance Features, including monitoring and least privilege.",Use an approach that contradicts the exam objective and ignores documented constraints.,"Deploy without monitoring, backup, or access controls required by the blueprint.",Mix controls from unrelated domains that do not address the stated objective.,A,EASY,az-900|azure-governance|AG-2|easy|blueprint-seed,**Answer: A** — Describe resource locks and tags. Review the official Microsoft exam guide (AZ-900) and linked documentation. Objective: AG-2.,https://learn.microsoft.com/azure/|https://learn.microsoft.com/credentials/certifications/azure-fundamentals/
az-900,azure-governance,AG-2,AZ-900 — AG-2 (MEDIUM) #9,What is the recommended design when applying Describe resource locks and tags in the context of Microsoft Azure Fundamentals?,Use an approach that contradicts the exam objective and ignores documented constraints.,"Deploy without monitoring, backup, or access controls required by the blueprint.",Mix controls from unrelated domains that do not address the stated objective.,Apply the official Describe Azure Governance Features guidance: Describe resource locks and tags — this aligns with exam blueprint expectations and vendor documentation.,B,MEDIUM,az-900|azure-governance|AG-2|medium|blueprint-seed,**Answer: B** — Describe resource locks and tags. Review the official Microsoft exam guide (AZ-900) and linked documentation. Objective: AG-2.,https://learn.microsoft.com/azure/|https://learn.microsoft.com/credentials/certifications/azure-fundamentals/
az-900,azure-governance,AG-2,AZ-900 — AG-2 (MEDIUM) #10,A team must implement a solution for Describe resource locks and tags in the context of Microsoft Azure Fundamentals?,"Deploy without monitoring, backup, or access controls required by the blueprint.",Mix controls from unrelated domains that do not address the stated objective.,"Follow the documented approach for Describe resource locks and tags, using recommended services and controls per the exam guide.",Use an approach that contradicts the exam objective and ignores documented constraints.,C,MEDIUM,az-900|azure-governance|AG-2|medium|blueprint-seed,**Answer: C** — Describe resource locks and tags. Review the official Microsoft exam guide (AZ-900) and linked documentation. Objective: AG-2.,https://learn.microsoft.com/azure/|https://learn.microsoft.com/credentials/certifications/azure-fundamentals/
az-900,azure-governance,AG-2,AZ-900 — AG-2 (MEDIUM) #11,Which approach aligns with best practices when Describe resource locks and tags in the context of Microsoft Azure Fundamentals?,Mix controls from unrelated domains that do not address the stated objective.,"Implement Describe resource locks and tags using Microsoft best practices for Describe Azure Governance Features, including monitoring and least privilege.",Use an approach that contradicts the exam objective and ignores documented constraints.,"Deploy without monitoring, backup, or access controls required by the blueprint.",D,MEDIUM,az-900|azure-governance|AG-2|medium|blueprint-seed,**Answer: D** — Describe resource locks and tags. Review the official Microsoft exam guide (AZ-900) and linked documentation. Objective: AG-2.,https://learn.microsoft.com/azure/|https://learn.microsoft.com/credentials/certifications/azure-fundamentals/
az-900,azure-governance,AG-2,AZ-900 — AG-2 (MEDIUM) #12,"During a project review, stakeholders ask how to Describe resource locks and tags in the context of Microsoft Azure Fundamentals?",Apply the official Describe Azure Governance Features guidance: Describe resource locks and tags — this aligns with exam blueprint expectations and vendor documentation.,Use an approach that contradicts the exam objective and ignores documented constraints.,"Deploy without monitoring, backup, or access controls required by the blueprint.",Mix controls from unrelated domains that do not address the stated objective.,A,MEDIUM,az-900|azure-governance|AG-2|medium|blueprint-seed,**Answer: A** — Describe resource locks and tags. Review the official Microsoft exam guide (AZ-900) and linked documentation. Objective: AG-2.,https://learn.microsoft.com/azure/|https://learn.microsoft.com/credentials/certifications/azure-fundamentals/
az-900,azure-governance,AG-2,AZ-900 — AG-2 (MEDIUM) #13,Which configuration satisfies requirements for Describe resource locks and tags in the context of Microsoft Azure Fundamentals?,Use an approach that contradicts the exam objective and ignores documented constraints.,"Deploy without monitoring, backup, or access controls required by the blueprint.",Mix controls from unrelated domains that do not address the stated objective.,"Follow the documented approach for Describe resource locks and tags, using recommended services and controls per the exam guide.",B,MEDIUM,az-900|azure-governance|AG-2|medium|blueprint-seed,**Answer: B** — Describe resource locks and tags. Review the official Microsoft exam guide (AZ-900) and linked documentation. Objective: AG-2.,https://learn.microsoft.com/azure/|https://learn.microsoft.com/credentials/certifications/azure-fundamentals/
az-900,azure-governance,AG-2,AZ-900 — AG-2 (MEDIUM) #14,What is the recommended design when applying Describe resource locks and tags in the context of Microsoft Azure Fundamentals?,"Deploy without monitoring, backup, or access controls required by the blueprint.",Mix controls from unrelated domains that do not address the stated objective.,"Implement Describe resource locks and tags using Microsoft best practices for Describe Azure Governance Features, including monitoring and least privilege.",Use an approach that contradicts the exam objective and ignores documented constraints.,C,MEDIUM,az-900|azure-governance|AG-2|medium|blueprint-seed,**Answer: C** — Describe resource locks and tags. Review the official Microsoft exam guide (AZ-900) and linked documentation. Objective: AG-2.,https://learn.microsoft.com/azure/|https://learn.microsoft.com/credentials/certifications/azure-fundamentals/
az-900,azure-governance,AG-2,AZ-900 — AG-2 (MEDIUM) #15,A team must implement a solution for Describe resource locks and tags in the context of Microsoft Azure Fundamentals?,Mix controls from unrelated domains that do not address the stated objective.,Apply the official Describe Azure Governance Features guidance: Describe resource locks and tags — this aligns with exam blueprint expectations and vendor documentation.,Use an approach that contradicts the exam objective and ignores documented constraints.,"Deploy without monitoring, backup, or access controls required by the blueprint.",D,MEDIUM,az-900|azure-governance|AG-2|medium|blueprint-seed,**Answer: D** — Describe resource locks and tags. Review the official Microsoft exam guide (AZ-900) and linked documentation. Objective: AG-2.,https://learn.microsoft.com/azure/|https://learn.microsoft.com/credentials/certifications/azure-fundamentals/
az-900,azure-governance,AG-2,AZ-900 — AG-2 (MEDIUM) #16,Which approach aligns with best practices when Describe resource locks and tags in the context of Microsoft Azure Fundamentals?,"Follow the documented approach for Describe resource locks and tags, using recommended services and controls per the exam guide.",Use an approach that contradicts the exam objective and ignores documented constraints.,"Deploy without monitoring, backup, or access controls required by the blueprint.",Mix controls from unrelated domains that do not address the stated objective.,A,MEDIUM,az-900|azure-governance|AG-2|medium|blueprint-seed,**Answer: A** — Describe resource locks and tags. Review the official Microsoft exam guide (AZ-900) and linked documentation. Objective: AG-2.,https://learn.microsoft.com/azure/|https://learn.microsoft.com/credentials/certifications/azure-fundamentals/
az-900,azure-governance,AG-2,AZ-900 — AG-2 (MEDIUM) #17,"During a project review, stakeholders ask how to Describe resource locks and tags in the context of Microsoft Azure Fundamentals?",Use an approach that contradicts the exam objective and ignores documented constraints.,"Deploy without monitoring, backup, or access controls required by the blueprint.",Mix controls from unrelated domains that do not address the stated objective.,"Implement Describe resource locks and tags using Microsoft best practices for Describe Azure Governance Features, including monitoring and least privilege.",B,MEDIUM,az-900|azure-governance|AG-2|medium|blueprint-seed,**Answer: B** — Describe resource locks and tags. Review the official Microsoft exam guide (AZ-900) and linked documentation. Objective: AG-2.,https://learn.microsoft.com/azure/|https://learn.microsoft.com/credentials/certifications/azure-fundamentals/
az-900,azure-governance,AG-2,AZ-900 — AG-2 (MEDIUM) #18,Which configuration satisfies requirements for Describe resource locks and tags in the context of Microsoft Azure Fundamentals?,"Deploy without monitoring, backup, or access controls required by the blueprint.",Mix controls from unrelated domains that do not address the stated objective.,Apply the official Describe Azure Governance Features guidance: Describe resource locks and tags — this aligns with exam blueprint expectations and vendor documentation.,Use an approach that contradicts the exam objective and ignores documented constraints.,C,MEDIUM,az-900|azure-governance|AG-2|medium|blueprint-seed,**Answer: C** — Describe resource locks and tags. Review the official Microsoft exam guide (AZ-900) and linked documentation. Objective: AG-2.,https://learn.microsoft.com/azure/|https://learn.microsoft.com/credentials/certifications/azure-fundamentals/
az-900,azure-governance,AG-2,AZ-900 — AG-2 (HARD) #19,A multi-team rollout must balance security and velocity for Describe resource locks and tags for Describe Azure Governance Features?,Mix controls from unrelated domains that do not address the stated objective.,"Follow the documented approach for Describe resource locks and tags, using recommended services and controls per the exam guide.",Use an approach that contradicts the exam objective and ignores documented constraints.,"Deploy without monitoring, backup, or access controls required by the blueprint.",D,HARD,az-900|azure-governance|AG-2|hard|blueprint-seed,**Answer: D** — Describe resource locks and tags. Review the official Microsoft exam guide (AZ-900) and linked documentation. Objective: AG-2.,https://learn.microsoft.com/azure/|https://learn.microsoft.com/credentials/certifications/azure-fundamentals/
az-900,azure-governance,AG-2,AZ-900 — AG-2 (HARD) #20,An enterprise requires zero-downtime architecture while Describe resource locks and tags for Describe Azure Governance Features?,"Implement Describe resource locks and tags using Microsoft best practices for Describe Azure Governance Features, including monitoring and least privilege.",Use an approach that contradicts the exam objective and ignores documented constraints.,"Deploy without monitoring, backup, or access controls required by the blueprint.",Mix controls from unrelated domains that do not address the stated objective.,A,HARD,az-900|azure-governance|AG-2|hard|blueprint-seed,**Answer: A** — Describe resource locks and tags. Review the official Microsoft exam guide (AZ-900) and linked documentation. Objective: AG-2.,https://learn.microsoft.com/azure/|https://learn.microsoft.com/credentials/certifications/azure-fundamentals/
az-900,azure-governance,AG-2,AZ-900 — AG-2 (HARD) #21,"Given strict compliance, auditability, and multi-region constraints, how should you Describe resource locks and tags for Describe Azure Governance Features?",Use an approach that contradicts the exam objective and ignores documented constraints.,"Deploy without monitoring, backup, or access controls required by the blueprint.",Mix controls from unrelated domains that do not address the stated objective.,Apply the official Describe Azure Governance Features guidance: Describe resource locks and tags — this aligns with exam blueprint expectations and vendor documentation.,B,HARD,az-900|azure-governance|AG-2|hard|blueprint-seed,**Answer: B** — Describe resource locks and tags. Review the official Microsoft exam guide (AZ-900) and linked documentation. Objective: AG-2.,https://learn.microsoft.com/azure/|https://learn.microsoft.com/credentials/certifications/azure-fundamentals/
az-900,azure-governance,AG-2,AZ-900 — AG-2 (HARD) #22,A production incident involves trade-offs between cost and resilience for Describe resource locks and tags for Describe Azure Governance Features?,"Deploy without monitoring, backup, or access controls required by the blueprint.",Mix controls from unrelated domains that do not address the stated objective.,"Follow the documented approach for Describe resource locks and tags, using recommended services and controls per the exam guide.",Use an approach that contradicts the exam objective and ignores documented constraints.,C,HARD,az-900|azure-governance|AG-2|hard|blueprint-seed,**Answer: C** — Describe resource locks and tags. Review the official Microsoft exam guide (AZ-900) and linked documentation. Objective: AG-2.,https://learn.microsoft.com/azure/|https://learn.microsoft.com/credentials/certifications/azure-fundamentals/
az-900,azure-governance,AG-2,AZ-900 — AG-2 (HARD) #23,Complex regulatory requirements demand that you Describe resource locks and tags for Describe Azure Governance Features?,Mix controls from unrelated domains that do not address the stated objective.,"Implement Describe resource locks and tags using Microsoft best practices for Describe Azure Governance Features, including monitoring and least privilege.",Use an approach that contradicts the exam objective and ignores documented constraints.,"Deploy without monitoring, backup, or access controls required by the blueprint.",D,HARD,az-900|azure-governance|AG-2|hard|blueprint-seed,**Answer: D** — Describe resource locks and tags. Review the official Microsoft exam guide (AZ-900) and linked documentation. Objective: AG-2.,https://learn.microsoft.com/azure/|https://learn.microsoft.com/credentials/certifications/azure-fundamentals/
az-900,azure-governance,AG-2,AZ-900 — AG-2 (HARD) #24,A multi-team rollout must balance security and velocity for Describe resource locks and tags for Describe Azure Governance Features?,Apply the official Describe Azure Governance Features guidance: Describe resource locks and tags — this aligns with exam blueprint expectations and vendor documentation.,Use an approach that contradicts the exam objective and ignores documented constraints.,"Deploy without monitoring, backup, or access controls required by the blueprint.",Mix controls from unrelated domains that do not address the stated objective.,A,HARD,az-900|azure-governance|AG-2|hard|blueprint-seed,**Answer: A** — Describe resource locks and tags. Review the official Microsoft exam guide (AZ-900) and linked documentation. Objective: AG-2.,https://learn.microsoft.com/azure/|https://learn.microsoft.com/credentials/certifications/azure-fundamentals/
az-900,azure-governance,AG-2,AZ-900 — AG-2 (HARD) #25,An enterprise requires zero-downtime architecture while Describe resource locks and tags for Describe Azure Governance Features?,Use an approach that contradicts the exam objective and ignores documented constraints.,"Deploy without monitoring, backup, or access controls required by the blueprint.",Mix controls from unrelated domains that do not address the stated objective.,"Follow the documented approach for Describe resource locks and tags, using recommended services and controls per the exam guide.",B,HARD,az-900|azure-governance|AG-2|hard|blueprint-seed,**Answer: B** — Describe resource locks and tags. Review the official Microsoft exam guide (AZ-900) and linked documentation. Objective: AG-2.,https://learn.microsoft.com/azure/|https://learn.microsoft.com/credentials/certifications/azure-fundamentals/