certification_slug,domain_slug,objective_id,title,description,option_a,option_b,option_c,option_d,correct_option,difficulty,tags,explanation,reference_urls
ccna,network-fundamentals,NF-1,200-301 — NF-1 (EASY) #1,What is the primary purpose of Compare OSI and TCP/IP models?,Use an approach that contradicts the exam objective and ignores documented constraints.,"Deploy without monitoring, backup, or access controls required by the blueprint.",Mix controls from unrelated domains that do not address the stated objective.,"Follow the documented approach for Compare OSI and TCP/IP models, using recommended services and controls per the exam guide.",B,EASY,ccna|network-fundamentals|NF-1|easy|blueprint-seed,**Answer: B** — Compare OSI and TCP/IP models. Review the official Cisco exam guide (200-301) and linked documentation. Objective: NF-1.,https://learningnetwork.cisco.com/s/ccna|https://www.cisco.com/c/en/us/training-events/training-certifications/exams/current-list/ccna-200-301.html
ccna,network-fundamentals,NF-1,200-301 — NF-1 (EASY) #2,Which concept is fundamental to Compare OSI and TCP/IP models?,"Deploy without monitoring, backup, or access controls required by the blueprint.",Mix controls from unrelated domains that do not address the stated objective.,"Implement Compare OSI and TCP/IP models using Cisco best practices for Network Fundamentals, including monitoring and least privilege.",Use an approach that contradicts the exam objective and ignores documented constraints.,C,EASY,ccna|network-fundamentals|NF-1|easy|blueprint-seed,**Answer: C** — Compare OSI and TCP/IP models. Review the official Cisco exam guide (200-301) and linked documentation. Objective: NF-1.,https://learningnetwork.cisco.com/s/ccna|https://www.cisco.com/c/en/us/training-events/training-certifications/exams/current-list/ccna-200-301.html
ccna,network-fundamentals,NF-1,200-301 — NF-1 (EASY) #3,Identify the core principle behind Compare OSI and TCP/IP models?,Mix controls from unrelated domains that do not address the stated objective.,Apply the official Network Fundamentals guidance: Compare OSI and TCP/IP models — this aligns with exam blueprint expectations and vendor documentation.,Use an approach that contradicts the exam objective and ignores documented constraints.,"Deploy without monitoring, backup, or access controls required by the blueprint.",D,EASY,ccna|network-fundamentals|NF-1|easy|blueprint-seed,**Answer: D** — Compare OSI and TCP/IP models. Review the official Cisco exam guide (200-301) and linked documentation. Objective: NF-1.,https://learningnetwork.cisco.com/s/ccna|https://www.cisco.com/c/en/us/training-events/training-certifications/exams/current-list/ccna-200-301.html
ccna,network-fundamentals,NF-1,200-301 — NF-1 (EASY) #4,Which description accurately reflects Compare OSI and TCP/IP models?,"Follow the documented approach for Compare OSI and TCP/IP models, using recommended services and controls per the exam guide.",Use an approach that contradicts the exam objective and ignores documented constraints.,"Deploy without monitoring, backup, or access controls required by the blueprint.",Mix controls from unrelated domains that do not address the stated objective.,A,EASY,ccna|network-fundamentals|NF-1|easy|blueprint-seed,**Answer: A** — Compare OSI and TCP/IP models. Review the official Cisco exam guide (200-301) and linked documentation. Objective: NF-1.,https://learningnetwork.cisco.com/s/ccna|https://www.cisco.com/c/en/us/training-events/training-certifications/exams/current-list/ccna-200-301.html
ccna,network-fundamentals,NF-1,200-301 — NF-1 (EASY) #5,Which statement best defines the scope of Compare OSI and TCP/IP models?,Use an approach that contradicts the exam objective and ignores documented constraints.,"Deploy without monitoring, backup, or access controls required by the blueprint.",Mix controls from unrelated domains that do not address the stated objective.,"Implement Compare OSI and TCP/IP models using Cisco best practices for Network Fundamentals, including monitoring and least privilege.",B,EASY,ccna|network-fundamentals|NF-1|easy|blueprint-seed,**Answer: B** — Compare OSI and TCP/IP models. Review the official Cisco exam guide (200-301) and linked documentation. Objective: NF-1.,https://learningnetwork.cisco.com/s/ccna|https://www.cisco.com/c/en/us/training-events/training-certifications/exams/current-list/ccna-200-301.html
ccna,network-fundamentals,NF-1,200-301 — NF-1 (EASY) #6,What is the primary purpose of Compare OSI and TCP/IP models?,"Deploy without monitoring, backup, or access controls required by the blueprint.",Mix controls from unrelated domains that do not address the stated objective.,Apply the official Network Fundamentals guidance: Compare OSI and TCP/IP models — this aligns with exam blueprint expectations and vendor documentation.,Use an approach that contradicts the exam objective and ignores documented constraints.,C,EASY,ccna|network-fundamentals|NF-1|easy|blueprint-seed,**Answer: C** — Compare OSI and TCP/IP models. Review the official Cisco exam guide (200-301) and linked documentation. Objective: NF-1.,https://learningnetwork.cisco.com/s/ccna|https://www.cisco.com/c/en/us/training-events/training-certifications/exams/current-list/ccna-200-301.html
ccna,network-fundamentals,NF-1,200-301 — NF-1 (EASY) #7,Which concept is fundamental to Compare OSI and TCP/IP models?,Mix controls from unrelated domains that do not address the stated objective.,"Follow the documented approach for Compare OSI and TCP/IP models, using recommended services and controls per the exam guide.",Use an approach that contradicts the exam objective and ignores documented constraints.,"Deploy without monitoring, backup, or access controls required by the blueprint.",D,EASY,ccna|network-fundamentals|NF-1|easy|blueprint-seed,**Answer: D** — Compare OSI and TCP/IP models. Review the official Cisco exam guide (200-301) and linked documentation. Objective: NF-1.,https://learningnetwork.cisco.com/s/ccna|https://www.cisco.com/c/en/us/training-events/training-certifications/exams/current-list/ccna-200-301.html
ccna,network-fundamentals,NF-1,200-301 — NF-1 (EASY) #8,Identify the core principle behind Compare OSI and TCP/IP models?,"Implement Compare OSI and TCP/IP models using Cisco best practices for Network Fundamentals, including monitoring and least privilege.",Use an approach that contradicts the exam objective and ignores documented constraints.,"Deploy without monitoring, backup, or access controls required by the blueprint.",Mix controls from unrelated domains that do not address the stated objective.,A,EASY,ccna|network-fundamentals|NF-1|easy|blueprint-seed,**Answer: A** — Compare OSI and TCP/IP models. Review the official Cisco exam guide (200-301) and linked documentation. Objective: NF-1.,https://learningnetwork.cisco.com/s/ccna|https://www.cisco.com/c/en/us/training-events/training-certifications/exams/current-list/ccna-200-301.html
ccna,network-fundamentals,NF-1,200-301 — NF-1 (EASY) #9,Which description accurately reflects Compare OSI and TCP/IP models?,Use an approach that contradicts the exam objective and ignores documented constraints.,"Deploy without monitoring, backup, or access controls required by the blueprint.",Mix controls from unrelated domains that do not address the stated objective.,Apply the official Network Fundamentals guidance: Compare OSI and TCP/IP models — this aligns with exam blueprint expectations and vendor documentation.,B,EASY,ccna|network-fundamentals|NF-1|easy|blueprint-seed,**Answer: B** — Compare OSI and TCP/IP models. Review the official Cisco exam guide (200-301) and linked documentation. Objective: NF-1.,https://learningnetwork.cisco.com/s/ccna|https://www.cisco.com/c/en/us/training-events/training-certifications/exams/current-list/ccna-200-301.html
ccna,network-fundamentals,NF-1,200-301 — NF-1 (EASY) #10,Which statement best defines the scope of Compare OSI and TCP/IP models?,"Deploy without monitoring, backup, or access controls required by the blueprint.",Mix controls from unrelated domains that do not address the stated objective.,"Follow the documented approach for Compare OSI and TCP/IP models, using recommended services and controls per the exam guide.",Use an approach that contradicts the exam objective and ignores documented constraints.,C,EASY,ccna|network-fundamentals|NF-1|easy|blueprint-seed,**Answer: C** — Compare OSI and TCP/IP models. Review the official Cisco exam guide (200-301) and linked documentation. Objective: NF-1.,https://learningnetwork.cisco.com/s/ccna|https://www.cisco.com/c/en/us/training-events/training-certifications/exams/current-list/ccna-200-301.html
ccna,network-fundamentals,NF-1,200-301 — NF-1 (MEDIUM) #11,Which approach aligns with best practices when Compare OSI and TCP/IP models in the context of Cisco CCNA?,Mix controls from unrelated domains that do not address the stated objective.,"Implement Compare OSI and TCP/IP models using Cisco best practices for Network Fundamentals, including monitoring and least privilege.",Use an approach that contradicts the exam objective and ignores documented constraints.,"Deploy without monitoring, backup, or access controls required by the blueprint.",D,MEDIUM,ccna|network-fundamentals|NF-1|medium|blueprint-seed,**Answer: D** — Compare OSI and TCP/IP models. Review the official Cisco exam guide (200-301) and linked documentation. Objective: NF-1.,https://learningnetwork.cisco.com/s/ccna|https://www.cisco.com/c/en/us/training-events/training-certifications/exams/current-list/ccna-200-301.html
ccna,network-fundamentals,NF-1,200-301 — NF-1 (MEDIUM) #12,"During a project review, stakeholders ask how to Compare OSI and TCP/IP models in the context of Cisco CCNA?",Apply the official Network Fundamentals guidance: Compare OSI and TCP/IP models — this aligns with exam blueprint expectations and vendor documentation.,Use an approach that contradicts the exam objective and ignores documented constraints.,"Deploy without monitoring, backup, or access controls required by the blueprint.",Mix controls from unrelated domains that do not address the stated objective.,A,MEDIUM,ccna|network-fundamentals|NF-1|medium|blueprint-seed,**Answer: A** — Compare OSI and TCP/IP models. Review the official Cisco exam guide (200-301) and linked documentation. Objective: NF-1.,https://learningnetwork.cisco.com/s/ccna|https://www.cisco.com/c/en/us/training-events/training-certifications/exams/current-list/ccna-200-301.html
ccna,network-fundamentals,NF-1,200-301 — NF-1 (MEDIUM) #13,Which configuration satisfies requirements for Compare OSI and TCP/IP models in the context of Cisco CCNA?,Use an approach that contradicts the exam objective and ignores documented constraints.,"Deploy without monitoring, backup, or access controls required by the blueprint.",Mix controls from unrelated domains that do not address the stated objective.,"Follow the documented approach for Compare OSI and TCP/IP models, using recommended services and controls per the exam guide.",B,MEDIUM,ccna|network-fundamentals|NF-1|medium|blueprint-seed,**Answer: B** — Compare OSI and TCP/IP models. Review the official Cisco exam guide (200-301) and linked documentation. Objective: NF-1.,https://learningnetwork.cisco.com/s/ccna|https://www.cisco.com/c/en/us/training-events/training-certifications/exams/current-list/ccna-200-301.html
ccna,network-fundamentals,NF-1,200-301 — NF-1 (MEDIUM) #14,What is the recommended design when applying Compare OSI and TCP/IP models in the context of Cisco CCNA?,"Deploy without monitoring, backup, or access controls required by the blueprint.",Mix controls from unrelated domains that do not address the stated objective.,"Implement Compare OSI and TCP/IP models using Cisco best practices for Network Fundamentals, including monitoring and least privilege.",Use an approach that contradicts the exam objective and ignores documented constraints.,C,MEDIUM,ccna|network-fundamentals|NF-1|medium|blueprint-seed,**Answer: C** — Compare OSI and TCP/IP models. Review the official Cisco exam guide (200-301) and linked documentation. Objective: NF-1.,https://learningnetwork.cisco.com/s/ccna|https://www.cisco.com/c/en/us/training-events/training-certifications/exams/current-list/ccna-200-301.html
ccna,network-fundamentals,NF-1,200-301 — NF-1 (MEDIUM) #15,A team must implement a solution for Compare OSI and TCP/IP models in the context of Cisco CCNA?,Mix controls from unrelated domains that do not address the stated objective.,Apply the official Network Fundamentals guidance: Compare OSI and TCP/IP models — this aligns with exam blueprint expectations and vendor documentation.,Use an approach that contradicts the exam objective and ignores documented constraints.,"Deploy without monitoring, backup, or access controls required by the blueprint.",D,MEDIUM,ccna|network-fundamentals|NF-1|medium|blueprint-seed,**Answer: D** — Compare OSI and TCP/IP models. Review the official Cisco exam guide (200-301) and linked documentation. Objective: NF-1.,https://learningnetwork.cisco.com/s/ccna|https://www.cisco.com/c/en/us/training-events/training-certifications/exams/current-list/ccna-200-301.html
ccna,network-fundamentals,NF-1,200-301 — NF-1 (MEDIUM) #16,Which approach aligns with best practices when Compare OSI and TCP/IP models in the context of Cisco CCNA?,"Follow the documented approach for Compare OSI and TCP/IP models, using recommended services and controls per the exam guide.",Use an approach that contradicts the exam objective and ignores documented constraints.,"Deploy without monitoring, backup, or access controls required by the blueprint.",Mix controls from unrelated domains that do not address the stated objective.,A,MEDIUM,ccna|network-fundamentals|NF-1|medium|blueprint-seed,**Answer: A** — Compare OSI and TCP/IP models. Review the official Cisco exam guide (200-301) and linked documentation. Objective: NF-1.,https://learningnetwork.cisco.com/s/ccna|https://www.cisco.com/c/en/us/training-events/training-certifications/exams/current-list/ccna-200-301.html
ccna,network-fundamentals,NF-1,200-301 — NF-1 (MEDIUM) #17,"During a project review, stakeholders ask how to Compare OSI and TCP/IP models in the context of Cisco CCNA?",Use an approach that contradicts the exam objective and ignores documented constraints.,"Deploy without monitoring, backup, or access controls required by the blueprint.",Mix controls from unrelated domains that do not address the stated objective.,"Implement Compare OSI and TCP/IP models using Cisco best practices for Network Fundamentals, including monitoring and least privilege.",B,MEDIUM,ccna|network-fundamentals|NF-1|medium|blueprint-seed,**Answer: B** — Compare OSI and TCP/IP models. Review the official Cisco exam guide (200-301) and linked documentation. Objective: NF-1.,https://learningnetwork.cisco.com/s/ccna|https://www.cisco.com/c/en/us/training-events/training-certifications/exams/current-list/ccna-200-301.html
ccna,network-fundamentals,NF-1,200-301 — NF-1 (MEDIUM) #18,Which configuration satisfies requirements for Compare OSI and TCP/IP models in the context of Cisco CCNA?,"Deploy without monitoring, backup, or access controls required by the blueprint.",Mix controls from unrelated domains that do not address the stated objective.,Apply the official Network Fundamentals guidance: Compare OSI and TCP/IP models — this aligns with exam blueprint expectations and vendor documentation.,Use an approach that contradicts the exam objective and ignores documented constraints.,C,MEDIUM,ccna|network-fundamentals|NF-1|medium|blueprint-seed,**Answer: C** — Compare OSI and TCP/IP models. Review the official Cisco exam guide (200-301) and linked documentation. Objective: NF-1.,https://learningnetwork.cisco.com/s/ccna|https://www.cisco.com/c/en/us/training-events/training-certifications/exams/current-list/ccna-200-301.html
ccna,network-fundamentals,NF-1,200-301 — NF-1 (MEDIUM) #19,What is the recommended design when applying Compare OSI and TCP/IP models in the context of Cisco CCNA?,Mix controls from unrelated domains that do not address the stated objective.,"Follow the documented approach for Compare OSI and TCP/IP models, using recommended services and controls per the exam guide.",Use an approach that contradicts the exam objective and ignores documented constraints.,"Deploy without monitoring, backup, or access controls required by the blueprint.",D,MEDIUM,ccna|network-fundamentals|NF-1|medium|blueprint-seed,**Answer: D** — Compare OSI and TCP/IP models. Review the official Cisco exam guide (200-301) and linked documentation. Objective: NF-1.,https://learningnetwork.cisco.com/s/ccna|https://www.cisco.com/c/en/us/training-events/training-certifications/exams/current-list/ccna-200-301.html
ccna,network-fundamentals,NF-1,200-301 — NF-1 (MEDIUM) #20,A team must implement a solution for Compare OSI and TCP/IP models in the context of Cisco CCNA?,"Implement Compare OSI and TCP/IP models using Cisco best practices for Network Fundamentals, including monitoring and least privilege.",Use an approach that contradicts the exam objective and ignores documented constraints.,"Deploy without monitoring, backup, or access controls required by the blueprint.",Mix controls from unrelated domains that do not address the stated objective.,A,MEDIUM,ccna|network-fundamentals|NF-1|medium|blueprint-seed,**Answer: A** — Compare OSI and TCP/IP models. Review the official Cisco exam guide (200-301) and linked documentation. Objective: NF-1.,https://learningnetwork.cisco.com/s/ccna|https://www.cisco.com/c/en/us/training-events/training-certifications/exams/current-list/ccna-200-301.html
ccna,network-fundamentals,NF-1,200-301 — NF-1 (MEDIUM) #21,Which approach aligns with best practices when Compare OSI and TCP/IP models in the context of Cisco CCNA?,Use an approach that contradicts the exam objective and ignores documented constraints.,"Deploy without monitoring, backup, or access controls required by the blueprint.",Mix controls from unrelated domains that do not address the stated objective.,Apply the official Network Fundamentals guidance: Compare OSI and TCP/IP models — this aligns with exam blueprint expectations and vendor documentation.,B,MEDIUM,ccna|network-fundamentals|NF-1|medium|blueprint-seed,**Answer: B** — Compare OSI and TCP/IP models. Review the official Cisco exam guide (200-301) and linked documentation. Objective: NF-1.,https://learningnetwork.cisco.com/s/ccna|https://www.cisco.com/c/en/us/training-events/training-certifications/exams/current-list/ccna-200-301.html
ccna,network-fundamentals,NF-1,200-301 — NF-1 (MEDIUM) #22,"During a project review, stakeholders ask how to Compare OSI and TCP/IP models in the context of Cisco CCNA?","Deploy without monitoring, backup, or access controls required by the blueprint.",Mix controls from unrelated domains that do not address the stated objective.,"Follow the documented approach for Compare OSI and TCP/IP models, using recommended services and controls per the exam guide.",Use an approach that contradicts the exam objective and ignores documented constraints.,C,MEDIUM,ccna|network-fundamentals|NF-1|medium|blueprint-seed,**Answer: C** — Compare OSI and TCP/IP models. Review the official Cisco exam guide (200-301) and linked documentation. Objective: NF-1.,https://learningnetwork.cisco.com/s/ccna|https://www.cisco.com/c/en/us/training-events/training-certifications/exams/current-list/ccna-200-301.html
ccna,network-fundamentals,NF-1,200-301 — NF-1 (MEDIUM) #23,Which configuration satisfies requirements for Compare OSI and TCP/IP models in the context of Cisco CCNA?,Mix controls from unrelated domains that do not address the stated objective.,"Implement Compare OSI and TCP/IP models using Cisco best practices for Network Fundamentals, including monitoring and least privilege.",Use an approach that contradicts the exam objective and ignores documented constraints.,"Deploy without monitoring, backup, or access controls required by the blueprint.",D,MEDIUM,ccna|network-fundamentals|NF-1|medium|blueprint-seed,**Answer: D** — Compare OSI and TCP/IP models. Review the official Cisco exam guide (200-301) and linked documentation. Objective: NF-1.,https://learningnetwork.cisco.com/s/ccna|https://www.cisco.com/c/en/us/training-events/training-certifications/exams/current-list/ccna-200-301.html
ccna,network-fundamentals,NF-1,200-301 — NF-1 (MEDIUM) #24,What is the recommended design when applying Compare OSI and TCP/IP models in the context of Cisco CCNA?,Apply the official Network Fundamentals guidance: Compare OSI and TCP/IP models — this aligns with exam blueprint expectations and vendor documentation.,Use an approach that contradicts the exam objective and ignores documented constraints.,"Deploy without monitoring, backup, or access controls required by the blueprint.",Mix controls from unrelated domains that do not address the stated objective.,A,MEDIUM,ccna|network-fundamentals|NF-1|medium|blueprint-seed,**Answer: A** — Compare OSI and TCP/IP models. Review the official Cisco exam guide (200-301) and linked documentation. Objective: NF-1.,https://learningnetwork.cisco.com/s/ccna|https://www.cisco.com/c/en/us/training-events/training-certifications/exams/current-list/ccna-200-301.html
ccna,network-fundamentals,NF-1,200-301 — NF-1 (HARD) #25,An enterprise requires zero-downtime architecture while Compare OSI and TCP/IP models for Network Fundamentals?,Use an approach that contradicts the exam objective and ignores documented constraints.,"Deploy without monitoring, backup, or access controls required by the blueprint.",Mix controls from unrelated domains that do not address the stated objective.,"Follow the documented approach for Compare OSI and TCP/IP models, using recommended services and controls per the exam guide.",B,HARD,ccna|network-fundamentals|NF-1|hard|blueprint-seed,**Answer: B** — Compare OSI and TCP/IP models. Review the official Cisco exam guide (200-301) and linked documentation. Objective: NF-1.,https://learningnetwork.cisco.com/s/ccna|https://www.cisco.com/c/en/us/training-events/training-certifications/exams/current-list/ccna-200-301.html
ccna,network-fundamentals,NF-1,200-301 — NF-1 (HARD) #26,"Given strict compliance, auditability, and multi-region constraints, how should you Compare OSI and TCP/IP models for Network Fundamentals?","Deploy without monitoring, backup, or access controls required by the blueprint.",Mix controls from unrelated domains that do not address the stated objective.,"Implement Compare OSI and TCP/IP models using Cisco best practices for Network Fundamentals, including monitoring and least privilege.",Use an approach that contradicts the exam objective and ignores documented constraints.,C,HARD,ccna|network-fundamentals|NF-1|hard|blueprint-seed,**Answer: C** — Compare OSI and TCP/IP models. Review the official Cisco exam guide (200-301) and linked documentation. Objective: NF-1.,https://learningnetwork.cisco.com/s/ccna|https://www.cisco.com/c/en/us/training-events/training-certifications/exams/current-list/ccna-200-301.html
ccna,network-fundamentals,NF-1,200-301 — NF-1 (HARD) #27,A production incident involves trade-offs between cost and resilience for Compare OSI and TCP/IP models for Network Fundamentals?,Mix controls from unrelated domains that do not address the stated objective.,Apply the official Network Fundamentals guidance: Compare OSI and TCP/IP models — this aligns with exam blueprint expectations and vendor documentation.,Use an approach that contradicts the exam objective and ignores documented constraints.,"Deploy without monitoring, backup, or access controls required by the blueprint.",D,HARD,ccna|network-fundamentals|NF-1|hard|blueprint-seed,**Answer: D** — Compare OSI and TCP/IP models. Review the official Cisco exam guide (200-301) and linked documentation. Objective: NF-1.,https://learningnetwork.cisco.com/s/ccna|https://www.cisco.com/c/en/us/training-events/training-certifications/exams/current-list/ccna-200-301.html
ccna,network-fundamentals,NF-1,200-301 — NF-1 (HARD) #28,Complex regulatory requirements demand that you Compare OSI and TCP/IP models for Network Fundamentals?,"Follow the documented approach for Compare OSI and TCP/IP models, using recommended services and controls per the exam guide.",Use an approach that contradicts the exam objective and ignores documented constraints.,"Deploy without monitoring, backup, or access controls required by the blueprint.",Mix controls from unrelated domains that do not address the stated objective.,A,HARD,ccna|network-fundamentals|NF-1|hard|blueprint-seed,**Answer: A** — Compare OSI and TCP/IP models. Review the official Cisco exam guide (200-301) and linked documentation. Objective: NF-1.,https://learningnetwork.cisco.com/s/ccna|https://www.cisco.com/c/en/us/training-events/training-certifications/exams/current-list/ccna-200-301.html
ccna,network-fundamentals,NF-1,200-301 — NF-1 (HARD) #29,A multi-team rollout must balance security and velocity for Compare OSI and TCP/IP models for Network Fundamentals?,Use an approach that contradicts the exam objective and ignores documented constraints.,"Deploy without monitoring, backup, or access controls required by the blueprint.",Mix controls from unrelated domains that do not address the stated objective.,"Implement Compare OSI and TCP/IP models using Cisco best practices for Network Fundamentals, including monitoring and least privilege.",B,HARD,ccna|network-fundamentals|NF-1|hard|blueprint-seed,**Answer: B** — Compare OSI and TCP/IP models. Review the official Cisco exam guide (200-301) and linked documentation. Objective: NF-1.,https://learningnetwork.cisco.com/s/ccna|https://www.cisco.com/c/en/us/training-events/training-certifications/exams/current-list/ccna-200-301.html
ccna,network-fundamentals,NF-1,200-301 — NF-1 (HARD) #30,An enterprise requires zero-downtime architecture while Compare OSI and TCP/IP models for Network Fundamentals?,"Deploy without monitoring, backup, or access controls required by the blueprint.",Mix controls from unrelated domains that do not address the stated objective.,Apply the official Network Fundamentals guidance: Compare OSI and TCP/IP models — this aligns with exam blueprint expectations and vendor documentation.,Use an approach that contradicts the exam objective and ignores documented constraints.,C,HARD,ccna|network-fundamentals|NF-1|hard|blueprint-seed,**Answer: C** — Compare OSI and TCP/IP models. Review the official Cisco exam guide (200-301) and linked documentation. Objective: NF-1.,https://learningnetwork.cisco.com/s/ccna|https://www.cisco.com/c/en/us/training-events/training-certifications/exams/current-list/ccna-200-301.html
ccna,network-fundamentals,NF-1,200-301 — NF-1 (HARD) #31,"Given strict compliance, auditability, and multi-region constraints, how should you Compare OSI and TCP/IP models for Network Fundamentals?",Mix controls from unrelated domains that do not address the stated objective.,"Follow the documented approach for Compare OSI and TCP/IP models, using recommended services and controls per the exam guide.",Use an approach that contradicts the exam objective and ignores documented constraints.,"Deploy without monitoring, backup, or access controls required by the blueprint.",D,HARD,ccna|network-fundamentals|NF-1|hard|blueprint-seed,**Answer: D** — Compare OSI and TCP/IP models. Review the official Cisco exam guide (200-301) and linked documentation. Objective: NF-1.,https://learningnetwork.cisco.com/s/ccna|https://www.cisco.com/c/en/us/training-events/training-certifications/exams/current-list/ccna-200-301.html
ccna,network-fundamentals,NF-1,200-301 — NF-1 (HARD) #32,A production incident involves trade-offs between cost and resilience for Compare OSI and TCP/IP models for Network Fundamentals?,"Implement Compare OSI and TCP/IP models using Cisco best practices for Network Fundamentals, including monitoring and least privilege.",Use an approach that contradicts the exam objective and ignores documented constraints.,"Deploy without monitoring, backup, or access controls required by the blueprint.",Mix controls from unrelated domains that do not address the stated objective.,A,HARD,ccna|network-fundamentals|NF-1|hard|blueprint-seed,**Answer: A** — Compare OSI and TCP/IP models. Review the official Cisco exam guide (200-301) and linked documentation. Objective: NF-1.,https://learningnetwork.cisco.com/s/ccna|https://www.cisco.com/c/en/us/training-events/training-certifications/exams/current-list/ccna-200-301.html
ccna,network-fundamentals,NF-1,200-301 — NF-1 (HARD) #33,Complex regulatory requirements demand that you Compare OSI and TCP/IP models for Network Fundamentals?,Use an approach that contradicts the exam objective and ignores documented constraints.,"Deploy without monitoring, backup, or access controls required by the blueprint.",Mix controls from unrelated domains that do not address the stated objective.,Apply the official Network Fundamentals guidance: Compare OSI and TCP/IP models — this aligns with exam blueprint expectations and vendor documentation.,B,HARD,ccna|network-fundamentals|NF-1|hard|blueprint-seed,**Answer: B** — Compare OSI and TCP/IP models. Review the official Cisco exam guide (200-301) and linked documentation. Objective: NF-1.,https://learningnetwork.cisco.com/s/ccna|https://www.cisco.com/c/en/us/training-events/training-certifications/exams/current-list/ccna-200-301.html
ccna,network-fundamentals,NF-1,200-301 — NF-1 (HARD) #34,A multi-team rollout must balance security and velocity for Compare OSI and TCP/IP models for Network Fundamentals?,"Deploy without monitoring, backup, or access controls required by the blueprint.",Mix controls from unrelated domains that do not address the stated objective.,"Follow the documented approach for Compare OSI and TCP/IP models, using recommended services and controls per the exam guide.",Use an approach that contradicts the exam objective and ignores documented constraints.,C,HARD,ccna|network-fundamentals|NF-1|hard|blueprint-seed,**Answer: C** — Compare OSI and TCP/IP models. Review the official Cisco exam guide (200-301) and linked documentation. Objective: NF-1.,https://learningnetwork.cisco.com/s/ccna|https://www.cisco.com/c/en/us/training-events/training-certifications/exams/current-list/ccna-200-301.html
ccna,network-fundamentals,NF-2,200-301 — NF-2 (EASY) #1,What is the primary purpose of Describe IPv4/IPv6 addressing and subnetting?,Use an approach that contradicts the exam objective and ignores documented constraints.,"Deploy without monitoring, backup, or access controls required by the blueprint.",Mix controls from unrelated domains that do not address the stated objective.,"Follow the documented approach for Describe IPv4/IPv6 addressing and subnetting, using recommended services and controls per the exam guide.",B,EASY,ccna|network-fundamentals|NF-2|easy|blueprint-seed,**Answer: B** — Describe IPv4/IPv6 addressing and subnetting. Review the official Cisco exam guide (200-301) and linked documentation. Objective: NF-2.,https://learningnetwork.cisco.com/s/ccna|https://www.cisco.com/c/en/us/training-events/training-certifications/exams/current-list/ccna-200-301.html
ccna,network-fundamentals,NF-2,200-301 — NF-2 (EASY) #2,Which concept is fundamental to Describe IPv4/IPv6 addressing and subnetting?,"Deploy without monitoring, backup, or access controls required by the blueprint.",Mix controls from unrelated domains that do not address the stated objective.,"Implement Describe IPv4/IPv6 addressing and subnetting using Cisco best practices for Network Fundamentals, including monitoring and least privilege.",Use an approach that contradicts the exam objective and ignores documented constraints.,C,EASY,ccna|network-fundamentals|NF-2|easy|blueprint-seed,**Answer: C** — Describe IPv4/IPv6 addressing and subnetting. Review the official Cisco exam guide (200-301) and linked documentation. Objective: NF-2.,https://learningnetwork.cisco.com/s/ccna|https://www.cisco.com/c/en/us/training-events/training-certifications/exams/current-list/ccna-200-301.html
ccna,network-fundamentals,NF-2,200-301 — NF-2 (EASY) #3,Identify the core principle behind Describe IPv4/IPv6 addressing and subnetting?,Mix controls from unrelated domains that do not address the stated objective.,Apply the official Network Fundamentals guidance: Describe IPv4/IPv6 addressing and subnetting — this aligns with exam blueprint expectations and vendor documentation.,Use an approach that contradicts the exam objective and ignores documented constraints.,"Deploy without monitoring, backup, or access controls required by the blueprint.",D,EASY,ccna|network-fundamentals|NF-2|easy|blueprint-seed,**Answer: D** — Describe IPv4/IPv6 addressing and subnetting. Review the official Cisco exam guide (200-301) and linked documentation. Objective: NF-2.,https://learningnetwork.cisco.com/s/ccna|https://www.cisco.com/c/en/us/training-events/training-certifications/exams/current-list/ccna-200-301.html
ccna,network-fundamentals,NF-2,200-301 — NF-2 (EASY) #4,Which description accurately reflects Describe IPv4/IPv6 addressing and subnetting?,"Follow the documented approach for Describe IPv4/IPv6 addressing and subnetting, using recommended services and controls per the exam guide.",Use an approach that contradicts the exam objective and ignores documented constraints.,"Deploy without monitoring, backup, or access controls required by the blueprint.",Mix controls from unrelated domains that do not address the stated objective.,A,EASY,ccna|network-fundamentals|NF-2|easy|blueprint-seed,**Answer: A** — Describe IPv4/IPv6 addressing and subnetting. Review the official Cisco exam guide (200-301) and linked documentation. Objective: NF-2.,https://learningnetwork.cisco.com/s/ccna|https://www.cisco.com/c/en/us/training-events/training-certifications/exams/current-list/ccna-200-301.html
ccna,network-fundamentals,NF-2,200-301 — NF-2 (EASY) #5,Which statement best defines the scope of Describe IPv4/IPv6 addressing and subnetting?,Use an approach that contradicts the exam objective and ignores documented constraints.,"Deploy without monitoring, backup, or access controls required by the blueprint.",Mix controls from unrelated domains that do not address the stated objective.,"Implement Describe IPv4/IPv6 addressing and subnetting using Cisco best practices for Network Fundamentals, including monitoring and least privilege.",B,EASY,ccna|network-fundamentals|NF-2|easy|blueprint-seed,**Answer: B** — Describe IPv4/IPv6 addressing and subnetting. Review the official Cisco exam guide (200-301) and linked documentation. Objective: NF-2.,https://learningnetwork.cisco.com/s/ccna|https://www.cisco.com/c/en/us/training-events/training-certifications/exams/current-list/ccna-200-301.html
ccna,network-fundamentals,NF-2,200-301 — NF-2 (EASY) #6,What is the primary purpose of Describe IPv4/IPv6 addressing and subnetting?,"Deploy without monitoring, backup, or access controls required by the blueprint.",Mix controls from unrelated domains that do not address the stated objective.,Apply the official Network Fundamentals guidance: Describe IPv4/IPv6 addressing and subnetting — this aligns with exam blueprint expectations and vendor documentation.,Use an approach that contradicts the exam objective and ignores documented constraints.,C,EASY,ccna|network-fundamentals|NF-2|easy|blueprint-seed,**Answer: C** — Describe IPv4/IPv6 addressing and subnetting. Review the official Cisco exam guide (200-301) and linked documentation. Objective: NF-2.,https://learningnetwork.cisco.com/s/ccna|https://www.cisco.com/c/en/us/training-events/training-certifications/exams/current-list/ccna-200-301.html
ccna,network-fundamentals,NF-2,200-301 — NF-2 (EASY) #7,Which concept is fundamental to Describe IPv4/IPv6 addressing and subnetting?,Mix controls from unrelated domains that do not address the stated objective.,"Follow the documented approach for Describe IPv4/IPv6 addressing and subnetting, using recommended services and controls per the exam guide.",Use an approach that contradicts the exam objective and ignores documented constraints.,"Deploy without monitoring, backup, or access controls required by the blueprint.",D,EASY,ccna|network-fundamentals|NF-2|easy|blueprint-seed,**Answer: D** — Describe IPv4/IPv6 addressing and subnetting. Review the official Cisco exam guide (200-301) and linked documentation. Objective: NF-2.,https://learningnetwork.cisco.com/s/ccna|https://www.cisco.com/c/en/us/training-events/training-certifications/exams/current-list/ccna-200-301.html
ccna,network-fundamentals,NF-2,200-301 — NF-2 (EASY) #8,Identify the core principle behind Describe IPv4/IPv6 addressing and subnetting?,"Implement Describe IPv4/IPv6 addressing and subnetting using Cisco best practices for Network Fundamentals, including monitoring and least privilege.",Use an approach that contradicts the exam objective and ignores documented constraints.,"Deploy without monitoring, backup, or access controls required by the blueprint.",Mix controls from unrelated domains that do not address the stated objective.,A,EASY,ccna|network-fundamentals|NF-2|easy|blueprint-seed,**Answer: A** — Describe IPv4/IPv6 addressing and subnetting. Review the official Cisco exam guide (200-301) and linked documentation. Objective: NF-2.,https://learningnetwork.cisco.com/s/ccna|https://www.cisco.com/c/en/us/training-events/training-certifications/exams/current-list/ccna-200-301.html
ccna,network-fundamentals,NF-2,200-301 — NF-2 (EASY) #9,Which description accurately reflects Describe IPv4/IPv6 addressing and subnetting?,Use an approach that contradicts the exam objective and ignores documented constraints.,"Deploy without monitoring, backup, or access controls required by the blueprint.",Mix controls from unrelated domains that do not address the stated objective.,Apply the official Network Fundamentals guidance: Describe IPv4/IPv6 addressing and subnetting — this aligns with exam blueprint expectations and vendor documentation.,B,EASY,ccna|network-fundamentals|NF-2|easy|blueprint-seed,**Answer: B** — Describe IPv4/IPv6 addressing and subnetting. Review the official Cisco exam guide (200-301) and linked documentation. Objective: NF-2.,https://learningnetwork.cisco.com/s/ccna|https://www.cisco.com/c/en/us/training-events/training-certifications/exams/current-list/ccna-200-301.html
ccna,network-fundamentals,NF-2,200-301 — NF-2 (EASY) #10,Which statement best defines the scope of Describe IPv4/IPv6 addressing and subnetting?,"Deploy without monitoring, backup, or access controls required by the blueprint.",Mix controls from unrelated domains that do not address the stated objective.,"Follow the documented approach for Describe IPv4/IPv6 addressing and subnetting, using recommended services and controls per the exam guide.",Use an approach that contradicts the exam objective and ignores documented constraints.,C,EASY,ccna|network-fundamentals|NF-2|easy|blueprint-seed,**Answer: C** — Describe IPv4/IPv6 addressing and subnetting. Review the official Cisco exam guide (200-301) and linked documentation. Objective: NF-2.,https://learningnetwork.cisco.com/s/ccna|https://www.cisco.com/c/en/us/training-events/training-certifications/exams/current-list/ccna-200-301.html
ccna,network-fundamentals,NF-2,200-301 — NF-2 (MEDIUM) #11,Which approach aligns with best practices when Describe IPv4/IPv6 addressing and subnetting in the context of Cisco CCNA?,Mix controls from unrelated domains that do not address the stated objective.,"Implement Describe IPv4/IPv6 addressing and subnetting using Cisco best practices for Network Fundamentals, including monitoring and least privilege.",Use an approach that contradicts the exam objective and ignores documented constraints.,"Deploy without monitoring, backup, or access controls required by the blueprint.",D,MEDIUM,ccna|network-fundamentals|NF-2|medium|blueprint-seed,**Answer: D** — Describe IPv4/IPv6 addressing and subnetting. Review the official Cisco exam guide (200-301) and linked documentation. Objective: NF-2.,https://learningnetwork.cisco.com/s/ccna|https://www.cisco.com/c/en/us/training-events/training-certifications/exams/current-list/ccna-200-301.html
ccna,network-fundamentals,NF-2,200-301 — NF-2 (MEDIUM) #12,"During a project review, stakeholders ask how to Describe IPv4/IPv6 addressing and subnetting in the context of Cisco CCNA?",Apply the official Network Fundamentals guidance: Describe IPv4/IPv6 addressing and subnetting — this aligns with exam blueprint expectations and vendor documentation.,Use an approach that contradicts the exam objective and ignores documented constraints.,"Deploy without monitoring, backup, or access controls required by the blueprint.",Mix controls from unrelated domains that do not address the stated objective.,A,MEDIUM,ccna|network-fundamentals|NF-2|medium|blueprint-seed,**Answer: A** — Describe IPv4/IPv6 addressing and subnetting. Review the official Cisco exam guide (200-301) and linked documentation. Objective: NF-2.,https://learningnetwork.cisco.com/s/ccna|https://www.cisco.com/c/en/us/training-events/training-certifications/exams/current-list/ccna-200-301.html
ccna,network-fundamentals,NF-2,200-301 — NF-2 (MEDIUM) #13,Which configuration satisfies requirements for Describe IPv4/IPv6 addressing and subnetting in the context of Cisco CCNA?,Use an approach that contradicts the exam objective and ignores documented constraints.,"Deploy without monitoring, backup, or access controls required by the blueprint.",Mix controls from unrelated domains that do not address the stated objective.,"Follow the documented approach for Describe IPv4/IPv6 addressing and subnetting, using recommended services and controls per the exam guide.",B,MEDIUM,ccna|network-fundamentals|NF-2|medium|blueprint-seed,**Answer: B** — Describe IPv4/IPv6 addressing and subnetting. Review the official Cisco exam guide (200-301) and linked documentation. Objective: NF-2.,https://learningnetwork.cisco.com/s/ccna|https://www.cisco.com/c/en/us/training-events/training-certifications/exams/current-list/ccna-200-301.html
ccna,network-fundamentals,NF-2,200-301 — NF-2 (MEDIUM) #14,What is the recommended design when applying Describe IPv4/IPv6 addressing and subnetting in the context of Cisco CCNA?,"Deploy without monitoring, backup, or access controls required by the blueprint.",Mix controls from unrelated domains that do not address the stated objective.,"Implement Describe IPv4/IPv6 addressing and subnetting using Cisco best practices for Network Fundamentals, including monitoring and least privilege.",Use an approach that contradicts the exam objective and ignores documented constraints.,C,MEDIUM,ccna|network-fundamentals|NF-2|medium|blueprint-seed,**Answer: C** — Describe IPv4/IPv6 addressing and subnetting. Review the official Cisco exam guide (200-301) and linked documentation. Objective: NF-2.,https://learningnetwork.cisco.com/s/ccna|https://www.cisco.com/c/en/us/training-events/training-certifications/exams/current-list/ccna-200-301.html
ccna,network-fundamentals,NF-2,200-301 — NF-2 (MEDIUM) #15,A team must implement a solution for Describe IPv4/IPv6 addressing and subnetting in the context of Cisco CCNA?,Mix controls from unrelated domains that do not address the stated objective.,Apply the official Network Fundamentals guidance: Describe IPv4/IPv6 addressing and subnetting — this aligns with exam blueprint expectations and vendor documentation.,Use an approach that contradicts the exam objective and ignores documented constraints.,"Deploy without monitoring, backup, or access controls required by the blueprint.",D,MEDIUM,ccna|network-fundamentals|NF-2|medium|blueprint-seed,**Answer: D** — Describe IPv4/IPv6 addressing and subnetting. Review the official Cisco exam guide (200-301) and linked documentation. Objective: NF-2.,https://learningnetwork.cisco.com/s/ccna|https://www.cisco.com/c/en/us/training-events/training-certifications/exams/current-list/ccna-200-301.html
ccna,network-fundamentals,NF-2,200-301 — NF-2 (MEDIUM) #16,Which approach aligns with best practices when Describe IPv4/IPv6 addressing and subnetting in the context of Cisco CCNA?,"Follow the documented approach for Describe IPv4/IPv6 addressing and subnetting, using recommended services and controls per the exam guide.",Use an approach that contradicts the exam objective and ignores documented constraints.,"Deploy without monitoring, backup, or access controls required by the blueprint.",Mix controls from unrelated domains that do not address the stated objective.,A,MEDIUM,ccna|network-fundamentals|NF-2|medium|blueprint-seed,**Answer: A** — Describe IPv4/IPv6 addressing and subnetting. Review the official Cisco exam guide (200-301) and linked documentation. Objective: NF-2.,https://learningnetwork.cisco.com/s/ccna|https://www.cisco.com/c/en/us/training-events/training-certifications/exams/current-list/ccna-200-301.html
ccna,network-fundamentals,NF-2,200-301 — NF-2 (MEDIUM) #17,"During a project review, stakeholders ask how to Describe IPv4/IPv6 addressing and subnetting in the context of Cisco CCNA?",Use an approach that contradicts the exam objective and ignores documented constraints.,"Deploy without monitoring, backup, or access controls required by the blueprint.",Mix controls from unrelated domains that do not address the stated objective.,"Implement Describe IPv4/IPv6 addressing and subnetting using Cisco best practices for Network Fundamentals, including monitoring and least privilege.",B,MEDIUM,ccna|network-fundamentals|NF-2|medium|blueprint-seed,**Answer: B** — Describe IPv4/IPv6 addressing and subnetting. Review the official Cisco exam guide (200-301) and linked documentation. Objective: NF-2.,https://learningnetwork.cisco.com/s/ccna|https://www.cisco.com/c/en/us/training-events/training-certifications/exams/current-list/ccna-200-301.html
ccna,network-fundamentals,NF-2,200-301 — NF-2 (MEDIUM) #18,Which configuration satisfies requirements for Describe IPv4/IPv6 addressing and subnetting in the context of Cisco CCNA?,"Deploy without monitoring, backup, or access controls required by the blueprint.",Mix controls from unrelated domains that do not address the stated objective.,Apply the official Network Fundamentals guidance: Describe IPv4/IPv6 addressing and subnetting — this aligns with exam blueprint expectations and vendor documentation.,Use an approach that contradicts the exam objective and ignores documented constraints.,C,MEDIUM,ccna|network-fundamentals|NF-2|medium|blueprint-seed,**Answer: C** — Describe IPv4/IPv6 addressing and subnetting. Review the official Cisco exam guide (200-301) and linked documentation. Objective: NF-2.,https://learningnetwork.cisco.com/s/ccna|https://www.cisco.com/c/en/us/training-events/training-certifications/exams/current-list/ccna-200-301.html
ccna,network-fundamentals,NF-2,200-301 — NF-2 (MEDIUM) #19,What is the recommended design when applying Describe IPv4/IPv6 addressing and subnetting in the context of Cisco CCNA?,Mix controls from unrelated domains that do not address the stated objective.,"Follow the documented approach for Describe IPv4/IPv6 addressing and subnetting, using recommended services and controls per the exam guide.",Use an approach that contradicts the exam objective and ignores documented constraints.,"Deploy without monitoring, backup, or access controls required by the blueprint.",D,MEDIUM,ccna|network-fundamentals|NF-2|medium|blueprint-seed,**Answer: D** — Describe IPv4/IPv6 addressing and subnetting. Review the official Cisco exam guide (200-301) and linked documentation. Objective: NF-2.,https://learningnetwork.cisco.com/s/ccna|https://www.cisco.com/c/en/us/training-events/training-certifications/exams/current-list/ccna-200-301.html
ccna,network-fundamentals,NF-2,200-301 — NF-2 (MEDIUM) #20,A team must implement a solution for Describe IPv4/IPv6 addressing and subnetting in the context of Cisco CCNA?,"Implement Describe IPv4/IPv6 addressing and subnetting using Cisco best practices for Network Fundamentals, including monitoring and least privilege.",Use an approach that contradicts the exam objective and ignores documented constraints.,"Deploy without monitoring, backup, or access controls required by the blueprint.",Mix controls from unrelated domains that do not address the stated objective.,A,MEDIUM,ccna|network-fundamentals|NF-2|medium|blueprint-seed,**Answer: A** — Describe IPv4/IPv6 addressing and subnetting. Review the official Cisco exam guide (200-301) and linked documentation. Objective: NF-2.,https://learningnetwork.cisco.com/s/ccna|https://www.cisco.com/c/en/us/training-events/training-certifications/exams/current-list/ccna-200-301.html
ccna,network-fundamentals,NF-2,200-301 — NF-2 (MEDIUM) #21,Which approach aligns with best practices when Describe IPv4/IPv6 addressing and subnetting in the context of Cisco CCNA?,Use an approach that contradicts the exam objective and ignores documented constraints.,"Deploy without monitoring, backup, or access controls required by the blueprint.",Mix controls from unrelated domains that do not address the stated objective.,Apply the official Network Fundamentals guidance: Describe IPv4/IPv6 addressing and subnetting — this aligns with exam blueprint expectations and vendor documentation.,B,MEDIUM,ccna|network-fundamentals|NF-2|medium|blueprint-seed,**Answer: B** — Describe IPv4/IPv6 addressing and subnetting. Review the official Cisco exam guide (200-301) and linked documentation. Objective: NF-2.,https://learningnetwork.cisco.com/s/ccna|https://www.cisco.com/c/en/us/training-events/training-certifications/exams/current-list/ccna-200-301.html
ccna,network-fundamentals,NF-2,200-301 — NF-2 (MEDIUM) #22,"During a project review, stakeholders ask how to Describe IPv4/IPv6 addressing and subnetting in the context of Cisco CCNA?","Deploy without monitoring, backup, or access controls required by the blueprint.",Mix controls from unrelated domains that do not address the stated objective.,"Follow the documented approach for Describe IPv4/IPv6 addressing and subnetting, using recommended services and controls per the exam guide.",Use an approach that contradicts the exam objective and ignores documented constraints.,C,MEDIUM,ccna|network-fundamentals|NF-2|medium|blueprint-seed,**Answer: C** — Describe IPv4/IPv6 addressing and subnetting. Review the official Cisco exam guide (200-301) and linked documentation. Objective: NF-2.,https://learningnetwork.cisco.com/s/ccna|https://www.cisco.com/c/en/us/training-events/training-certifications/exams/current-list/ccna-200-301.html
ccna,network-fundamentals,NF-2,200-301 — NF-2 (MEDIUM) #23,Which configuration satisfies requirements for Describe IPv4/IPv6 addressing and subnetting in the context of Cisco CCNA?,Mix controls from unrelated domains that do not address the stated objective.,"Implement Describe IPv4/IPv6 addressing and subnetting using Cisco best practices for Network Fundamentals, including monitoring and least privilege.",Use an approach that contradicts the exam objective and ignores documented constraints.,"Deploy without monitoring, backup, or access controls required by the blueprint.",D,MEDIUM,ccna|network-fundamentals|NF-2|medium|blueprint-seed,**Answer: D** — Describe IPv4/IPv6 addressing and subnetting. Review the official Cisco exam guide (200-301) and linked documentation. Objective: NF-2.,https://learningnetwork.cisco.com/s/ccna|https://www.cisco.com/c/en/us/training-events/training-certifications/exams/current-list/ccna-200-301.html
ccna,network-fundamentals,NF-2,200-301 — NF-2 (MEDIUM) #24,What is the recommended design when applying Describe IPv4/IPv6 addressing and subnetting in the context of Cisco CCNA?,Apply the official Network Fundamentals guidance: Describe IPv4/IPv6 addressing and subnetting — this aligns with exam blueprint expectations and vendor documentation.,Use an approach that contradicts the exam objective and ignores documented constraints.,"Deploy without monitoring, backup, or access controls required by the blueprint.",Mix controls from unrelated domains that do not address the stated objective.,A,MEDIUM,ccna|network-fundamentals|NF-2|medium|blueprint-seed,**Answer: A** — Describe IPv4/IPv6 addressing and subnetting. Review the official Cisco exam guide (200-301) and linked documentation. Objective: NF-2.,https://learningnetwork.cisco.com/s/ccna|https://www.cisco.com/c/en/us/training-events/training-certifications/exams/current-list/ccna-200-301.html
ccna,network-fundamentals,NF-2,200-301 — NF-2 (HARD) #25,An enterprise requires zero-downtime architecture while Describe IPv4/IPv6 addressing and subnetting for Network Fundamentals?,Use an approach that contradicts the exam objective and ignores documented constraints.,"Deploy without monitoring, backup, or access controls required by the blueprint.",Mix controls from unrelated domains that do not address the stated objective.,"Follow the documented approach for Describe IPv4/IPv6 addressing and subnetting, using recommended services and controls per the exam guide.",B,HARD,ccna|network-fundamentals|NF-2|hard|blueprint-seed,**Answer: B** — Describe IPv4/IPv6 addressing and subnetting. Review the official Cisco exam guide (200-301) and linked documentation. Objective: NF-2.,https://learningnetwork.cisco.com/s/ccna|https://www.cisco.com/c/en/us/training-events/training-certifications/exams/current-list/ccna-200-301.html
ccna,network-fundamentals,NF-2,200-301 — NF-2 (HARD) #26,"Given strict compliance, auditability, and multi-region constraints, how should you Describe IPv4/IPv6 addressing and subnetting for Network Fundamentals?","Deploy without monitoring, backup, or access controls required by the blueprint.",Mix controls from unrelated domains that do not address the stated objective.,"Implement Describe IPv4/IPv6 addressing and subnetting using Cisco best practices for Network Fundamentals, including monitoring and least privilege.",Use an approach that contradicts the exam objective and ignores documented constraints.,C,HARD,ccna|network-fundamentals|NF-2|hard|blueprint-seed,**Answer: C** — Describe IPv4/IPv6 addressing and subnetting. Review the official Cisco exam guide (200-301) and linked documentation. Objective: NF-2.,https://learningnetwork.cisco.com/s/ccna|https://www.cisco.com/c/en/us/training-events/training-certifications/exams/current-list/ccna-200-301.html
ccna,network-fundamentals,NF-2,200-301 — NF-2 (HARD) #27,A production incident involves trade-offs between cost and resilience for Describe IPv4/IPv6 addressing and subnetting for Network Fundamentals?,Mix controls from unrelated domains that do not address the stated objective.,Apply the official Network Fundamentals guidance: Describe IPv4/IPv6 addressing and subnetting — this aligns with exam blueprint expectations and vendor documentation.,Use an approach that contradicts the exam objective and ignores documented constraints.,"Deploy without monitoring, backup, or access controls required by the blueprint.",D,HARD,ccna|network-fundamentals|NF-2|hard|blueprint-seed,**Answer: D** — Describe IPv4/IPv6 addressing and subnetting. Review the official Cisco exam guide (200-301) and linked documentation. Objective: NF-2.,https://learningnetwork.cisco.com/s/ccna|https://www.cisco.com/c/en/us/training-events/training-certifications/exams/current-list/ccna-200-301.html
ccna,network-fundamentals,NF-2,200-301 — NF-2 (HARD) #28,Complex regulatory requirements demand that you Describe IPv4/IPv6 addressing and subnetting for Network Fundamentals?,"Follow the documented approach for Describe IPv4/IPv6 addressing and subnetting, using recommended services and controls per the exam guide.",Use an approach that contradicts the exam objective and ignores documented constraints.,"Deploy without monitoring, backup, or access controls required by the blueprint.",Mix controls from unrelated domains that do not address the stated objective.,A,HARD,ccna|network-fundamentals|NF-2|hard|blueprint-seed,**Answer: A** — Describe IPv4/IPv6 addressing and subnetting. Review the official Cisco exam guide (200-301) and linked documentation. Objective: NF-2.,https://learningnetwork.cisco.com/s/ccna|https://www.cisco.com/c/en/us/training-events/training-certifications/exams/current-list/ccna-200-301.html
ccna,network-fundamentals,NF-2,200-301 — NF-2 (HARD) #29,A multi-team rollout must balance security and velocity for Describe IPv4/IPv6 addressing and subnetting for Network Fundamentals?,Use an approach that contradicts the exam objective and ignores documented constraints.,"Deploy without monitoring, backup, or access controls required by the blueprint.",Mix controls from unrelated domains that do not address the stated objective.,"Implement Describe IPv4/IPv6 addressing and subnetting using Cisco best practices for Network Fundamentals, including monitoring and least privilege.",B,HARD,ccna|network-fundamentals|NF-2|hard|blueprint-seed,**Answer: B** — Describe IPv4/IPv6 addressing and subnetting. Review the official Cisco exam guide (200-301) and linked documentation. Objective: NF-2.,https://learningnetwork.cisco.com/s/ccna|https://www.cisco.com/c/en/us/training-events/training-certifications/exams/current-list/ccna-200-301.html
ccna,network-fundamentals,NF-2,200-301 — NF-2 (HARD) #30,An enterprise requires zero-downtime architecture while Describe IPv4/IPv6 addressing and subnetting for Network Fundamentals?,"Deploy without monitoring, backup, or access controls required by the blueprint.",Mix controls from unrelated domains that do not address the stated objective.,Apply the official Network Fundamentals guidance: Describe IPv4/IPv6 addressing and subnetting — this aligns with exam blueprint expectations and vendor documentation.,Use an approach that contradicts the exam objective and ignores documented constraints.,C,HARD,ccna|network-fundamentals|NF-2|hard|blueprint-seed,**Answer: C** — Describe IPv4/IPv6 addressing and subnetting. Review the official Cisco exam guide (200-301) and linked documentation. Objective: NF-2.,https://learningnetwork.cisco.com/s/ccna|https://www.cisco.com/c/en/us/training-events/training-certifications/exams/current-list/ccna-200-301.html
ccna,network-fundamentals,NF-2,200-301 — NF-2 (HARD) #31,"Given strict compliance, auditability, and multi-region constraints, how should you Describe IPv4/IPv6 addressing and subnetting for Network Fundamentals?",Mix controls from unrelated domains that do not address the stated objective.,"Follow the documented approach for Describe IPv4/IPv6 addressing and subnetting, using recommended services and controls per the exam guide.",Use an approach that contradicts the exam objective and ignores documented constraints.,"Deploy without monitoring, backup, or access controls required by the blueprint.",D,HARD,ccna|network-fundamentals|NF-2|hard|blueprint-seed,**Answer: D** — Describe IPv4/IPv6 addressing and subnetting. Review the official Cisco exam guide (200-301) and linked documentation. Objective: NF-2.,https://learningnetwork.cisco.com/s/ccna|https://www.cisco.com/c/en/us/training-events/training-certifications/exams/current-list/ccna-200-301.html
ccna,network-fundamentals,NF-2,200-301 — NF-2 (HARD) #32,A production incident involves trade-offs between cost and resilience for Describe IPv4/IPv6 addressing and subnetting for Network Fundamentals?,"Implement Describe IPv4/IPv6 addressing and subnetting using Cisco best practices for Network Fundamentals, including monitoring and least privilege.",Use an approach that contradicts the exam objective and ignores documented constraints.,"Deploy without monitoring, backup, or access controls required by the blueprint.",Mix controls from unrelated domains that do not address the stated objective.,A,HARD,ccna|network-fundamentals|NF-2|hard|blueprint-seed,**Answer: A** — Describe IPv4/IPv6 addressing and subnetting. Review the official Cisco exam guide (200-301) and linked documentation. Objective: NF-2.,https://learningnetwork.cisco.com/s/ccna|https://www.cisco.com/c/en/us/training-events/training-certifications/exams/current-list/ccna-200-301.html
ccna,network-fundamentals,NF-2,200-301 — NF-2 (HARD) #33,Complex regulatory requirements demand that you Describe IPv4/IPv6 addressing and subnetting for Network Fundamentals?,Use an approach that contradicts the exam objective and ignores documented constraints.,"Deploy without monitoring, backup, or access controls required by the blueprint.",Mix controls from unrelated domains that do not address the stated objective.,Apply the official Network Fundamentals guidance: Describe IPv4/IPv6 addressing and subnetting — this aligns with exam blueprint expectations and vendor documentation.,B,HARD,ccna|network-fundamentals|NF-2|hard|blueprint-seed,**Answer: B** — Describe IPv4/IPv6 addressing and subnetting. Review the official Cisco exam guide (200-301) and linked documentation. Objective: NF-2.,https://learningnetwork.cisco.com/s/ccna|https://www.cisco.com/c/en/us/training-events/training-certifications/exams/current-list/ccna-200-301.html
ccna,network-fundamentals,NF-2,200-301 — NF-2 (HARD) #34,A multi-team rollout must balance security and velocity for Describe IPv4/IPv6 addressing and subnetting for Network Fundamentals?,"Deploy without monitoring, backup, or access controls required by the blueprint.",Mix controls from unrelated domains that do not address the stated objective.,"Follow the documented approach for Describe IPv4/IPv6 addressing and subnetting, using recommended services and controls per the exam guide.",Use an approach that contradicts the exam objective and ignores documented constraints.,C,HARD,ccna|network-fundamentals|NF-2|hard|blueprint-seed,**Answer: C** — Describe IPv4/IPv6 addressing and subnetting. Review the official Cisco exam guide (200-301) and linked documentation. Objective: NF-2.,https://learningnetwork.cisco.com/s/ccna|https://www.cisco.com/c/en/us/training-events/training-certifications/exams/current-list/ccna-200-301.html
ccna,network-fundamentals,NF-3,200-301 — NF-3 (EASY) #1,What is the primary purpose of Explain wireless fundamentals?,Use an approach that contradicts the exam objective and ignores documented constraints.,"Deploy without monitoring, backup, or access controls required by the blueprint.",Mix controls from unrelated domains that do not address the stated objective.,"Follow the documented approach for Explain wireless fundamentals, using recommended services and controls per the exam guide.",B,EASY,ccna|network-fundamentals|NF-3|easy|blueprint-seed,**Answer: B** — Explain wireless fundamentals. Review the official Cisco exam guide (200-301) and linked documentation. Objective: NF-3.,https://learningnetwork.cisco.com/s/ccna|https://www.cisco.com/c/en/us/training-events/training-certifications/exams/current-list/ccna-200-301.html
ccna,network-fundamentals,NF-3,200-301 — NF-3 (EASY) #2,Which concept is fundamental to Explain wireless fundamentals?,"Deploy without monitoring, backup, or access controls required by the blueprint.",Mix controls from unrelated domains that do not address the stated objective.,"Implement Explain wireless fundamentals using Cisco best practices for Network Fundamentals, including monitoring and least privilege.",Use an approach that contradicts the exam objective and ignores documented constraints.,C,EASY,ccna|network-fundamentals|NF-3|easy|blueprint-seed,**Answer: C** — Explain wireless fundamentals. Review the official Cisco exam guide (200-301) and linked documentation. Objective: NF-3.,https://learningnetwork.cisco.com/s/ccna|https://www.cisco.com/c/en/us/training-events/training-certifications/exams/current-list/ccna-200-301.html
ccna,network-fundamentals,NF-3,200-301 — NF-3 (EASY) #3,Identify the core principle behind Explain wireless fundamentals?,Mix controls from unrelated domains that do not address the stated objective.,Apply the official Network Fundamentals guidance: Explain wireless fundamentals — this aligns with exam blueprint expectations and vendor documentation.,Use an approach that contradicts the exam objective and ignores documented constraints.,"Deploy without monitoring, backup, or access controls required by the blueprint.",D,EASY,ccna|network-fundamentals|NF-3|easy|blueprint-seed,**Answer: D** — Explain wireless fundamentals. Review the official Cisco exam guide (200-301) and linked documentation. Objective: NF-3.,https://learningnetwork.cisco.com/s/ccna|https://www.cisco.com/c/en/us/training-events/training-certifications/exams/current-list/ccna-200-301.html
ccna,network-fundamentals,NF-3,200-301 — NF-3 (EASY) #4,Which description accurately reflects Explain wireless fundamentals?,"Follow the documented approach for Explain wireless fundamentals, using recommended services and controls per the exam guide.",Use an approach that contradicts the exam objective and ignores documented constraints.,"Deploy without monitoring, backup, or access controls required by the blueprint.",Mix controls from unrelated domains that do not address the stated objective.,A,EASY,ccna|network-fundamentals|NF-3|easy|blueprint-seed,**Answer: A** — Explain wireless fundamentals. Review the official Cisco exam guide (200-301) and linked documentation. Objective: NF-3.,https://learningnetwork.cisco.com/s/ccna|https://www.cisco.com/c/en/us/training-events/training-certifications/exams/current-list/ccna-200-301.html
ccna,network-fundamentals,NF-3,200-301 — NF-3 (EASY) #5,Which statement best defines the scope of Explain wireless fundamentals?,Use an approach that contradicts the exam objective and ignores documented constraints.,"Deploy without monitoring, backup, or access controls required by the blueprint.",Mix controls from unrelated domains that do not address the stated objective.,"Implement Explain wireless fundamentals using Cisco best practices for Network Fundamentals, including monitoring and least privilege.",B,EASY,ccna|network-fundamentals|NF-3|easy|blueprint-seed,**Answer: B** — Explain wireless fundamentals. Review the official Cisco exam guide (200-301) and linked documentation. Objective: NF-3.,https://learningnetwork.cisco.com/s/ccna|https://www.cisco.com/c/en/us/training-events/training-certifications/exams/current-list/ccna-200-301.html
ccna,network-fundamentals,NF-3,200-301 — NF-3 (EASY) #6,What is the primary purpose of Explain wireless fundamentals?,"Deploy without monitoring, backup, or access controls required by the blueprint.",Mix controls from unrelated domains that do not address the stated objective.,Apply the official Network Fundamentals guidance: Explain wireless fundamentals — this aligns with exam blueprint expectations and vendor documentation.,Use an approach that contradicts the exam objective and ignores documented constraints.,C,EASY,ccna|network-fundamentals|NF-3|easy|blueprint-seed,**Answer: C** — Explain wireless fundamentals. Review the official Cisco exam guide (200-301) and linked documentation. Objective: NF-3.,https://learningnetwork.cisco.com/s/ccna|https://www.cisco.com/c/en/us/training-events/training-certifications/exams/current-list/ccna-200-301.html
ccna,network-fundamentals,NF-3,200-301 — NF-3 (EASY) #7,Which concept is fundamental to Explain wireless fundamentals?,Mix controls from unrelated domains that do not address the stated objective.,"Follow the documented approach for Explain wireless fundamentals, using recommended services and controls per the exam guide.",Use an approach that contradicts the exam objective and ignores documented constraints.,"Deploy without monitoring, backup, or access controls required by the blueprint.",D,EASY,ccna|network-fundamentals|NF-3|easy|blueprint-seed,**Answer: D** — Explain wireless fundamentals. Review the official Cisco exam guide (200-301) and linked documentation. Objective: NF-3.,https://learningnetwork.cisco.com/s/ccna|https://www.cisco.com/c/en/us/training-events/training-certifications/exams/current-list/ccna-200-301.html
ccna,network-fundamentals,NF-3,200-301 — NF-3 (EASY) #8,Identify the core principle behind Explain wireless fundamentals?,"Implement Explain wireless fundamentals using Cisco best practices for Network Fundamentals, including monitoring and least privilege.",Use an approach that contradicts the exam objective and ignores documented constraints.,"Deploy without monitoring, backup, or access controls required by the blueprint.",Mix controls from unrelated domains that do not address the stated objective.,A,EASY,ccna|network-fundamentals|NF-3|easy|blueprint-seed,**Answer: A** — Explain wireless fundamentals. Review the official Cisco exam guide (200-301) and linked documentation. Objective: NF-3.,https://learningnetwork.cisco.com/s/ccna|https://www.cisco.com/c/en/us/training-events/training-certifications/exams/current-list/ccna-200-301.html
ccna,network-fundamentals,NF-3,200-301 — NF-3 (EASY) #9,Which description accurately reflects Explain wireless fundamentals?,Use an approach that contradicts the exam objective and ignores documented constraints.,"Deploy without monitoring, backup, or access controls required by the blueprint.",Mix controls from unrelated domains that do not address the stated objective.,Apply the official Network Fundamentals guidance: Explain wireless fundamentals — this aligns with exam blueprint expectations and vendor documentation.,B,EASY,ccna|network-fundamentals|NF-3|easy|blueprint-seed,**Answer: B** — Explain wireless fundamentals. Review the official Cisco exam guide (200-301) and linked documentation. Objective: NF-3.,https://learningnetwork.cisco.com/s/ccna|https://www.cisco.com/c/en/us/training-events/training-certifications/exams/current-list/ccna-200-301.html
ccna,network-fundamentals,NF-3,200-301 — NF-3 (EASY) #10,Which statement best defines the scope of Explain wireless fundamentals?,"Deploy without monitoring, backup, or access controls required by the blueprint.",Mix controls from unrelated domains that do not address the stated objective.,"Follow the documented approach for Explain wireless fundamentals, using recommended services and controls per the exam guide.",Use an approach that contradicts the exam objective and ignores documented constraints.,C,EASY,ccna|network-fundamentals|NF-3|easy|blueprint-seed,**Answer: C** — Explain wireless fundamentals. Review the official Cisco exam guide (200-301) and linked documentation. Objective: NF-3.,https://learningnetwork.cisco.com/s/ccna|https://www.cisco.com/c/en/us/training-events/training-certifications/exams/current-list/ccna-200-301.html
ccna,network-fundamentals,NF-3,200-301 — NF-3 (MEDIUM) #11,Which approach aligns with best practices when Explain wireless fundamentals in the context of Cisco CCNA?,Mix controls from unrelated domains that do not address the stated objective.,"Implement Explain wireless fundamentals using Cisco best practices for Network Fundamentals, including monitoring and least privilege.",Use an approach that contradicts the exam objective and ignores documented constraints.,"Deploy without monitoring, backup, or access controls required by the blueprint.",D,MEDIUM,ccna|network-fundamentals|NF-3|medium|blueprint-seed,**Answer: D** — Explain wireless fundamentals. Review the official Cisco exam guide (200-301) and linked documentation. Objective: NF-3.,https://learningnetwork.cisco.com/s/ccna|https://www.cisco.com/c/en/us/training-events/training-certifications/exams/current-list/ccna-200-301.html
ccna,network-fundamentals,NF-3,200-301 — NF-3 (MEDIUM) #12,"During a project review, stakeholders ask how to Explain wireless fundamentals in the context of Cisco CCNA?",Apply the official Network Fundamentals guidance: Explain wireless fundamentals — this aligns with exam blueprint expectations and vendor documentation.,Use an approach that contradicts the exam objective and ignores documented constraints.,"Deploy without monitoring, backup, or access controls required by the blueprint.",Mix controls from unrelated domains that do not address the stated objective.,A,MEDIUM,ccna|network-fundamentals|NF-3|medium|blueprint-seed,**Answer: A** — Explain wireless fundamentals. Review the official Cisco exam guide (200-301) and linked documentation. Objective: NF-3.,https://learningnetwork.cisco.com/s/ccna|https://www.cisco.com/c/en/us/training-events/training-certifications/exams/current-list/ccna-200-301.html
ccna,network-fundamentals,NF-3,200-301 — NF-3 (MEDIUM) #13,Which configuration satisfies requirements for Explain wireless fundamentals in the context of Cisco CCNA?,Use an approach that contradicts the exam objective and ignores documented constraints.,"Deploy without monitoring, backup, or access controls required by the blueprint.",Mix controls from unrelated domains that do not address the stated objective.,"Follow the documented approach for Explain wireless fundamentals, using recommended services and controls per the exam guide.",B,MEDIUM,ccna|network-fundamentals|NF-3|medium|blueprint-seed,**Answer: B** — Explain wireless fundamentals. Review the official Cisco exam guide (200-301) and linked documentation. Objective: NF-3.,https://learningnetwork.cisco.com/s/ccna|https://www.cisco.com/c/en/us/training-events/training-certifications/exams/current-list/ccna-200-301.html
ccna,network-fundamentals,NF-3,200-301 — NF-3 (MEDIUM) #14,What is the recommended design when applying Explain wireless fundamentals in the context of Cisco CCNA?,"Deploy without monitoring, backup, or access controls required by the blueprint.",Mix controls from unrelated domains that do not address the stated objective.,"Implement Explain wireless fundamentals using Cisco best practices for Network Fundamentals, including monitoring and least privilege.",Use an approach that contradicts the exam objective and ignores documented constraints.,C,MEDIUM,ccna|network-fundamentals|NF-3|medium|blueprint-seed,**Answer: C** — Explain wireless fundamentals. Review the official Cisco exam guide (200-301) and linked documentation. Objective: NF-3.,https://learningnetwork.cisco.com/s/ccna|https://www.cisco.com/c/en/us/training-events/training-certifications/exams/current-list/ccna-200-301.html
ccna,network-fundamentals,NF-3,200-301 — NF-3 (MEDIUM) #15,A team must implement a solution for Explain wireless fundamentals in the context of Cisco CCNA?,Mix controls from unrelated domains that do not address the stated objective.,Apply the official Network Fundamentals guidance: Explain wireless fundamentals — this aligns with exam blueprint expectations and vendor documentation.,Use an approach that contradicts the exam objective and ignores documented constraints.,"Deploy without monitoring, backup, or access controls required by the blueprint.",D,MEDIUM,ccna|network-fundamentals|NF-3|medium|blueprint-seed,**Answer: D** — Explain wireless fundamentals. Review the official Cisco exam guide (200-301) and linked documentation. Objective: NF-3.,https://learningnetwork.cisco.com/s/ccna|https://www.cisco.com/c/en/us/training-events/training-certifications/exams/current-list/ccna-200-301.html
ccna,network-fundamentals,NF-3,200-301 — NF-3 (MEDIUM) #16,Which approach aligns with best practices when Explain wireless fundamentals in the context of Cisco CCNA?,"Follow the documented approach for Explain wireless fundamentals, using recommended services and controls per the exam guide.",Use an approach that contradicts the exam objective and ignores documented constraints.,"Deploy without monitoring, backup, or access controls required by the blueprint.",Mix controls from unrelated domains that do not address the stated objective.,A,MEDIUM,ccna|network-fundamentals|NF-3|medium|blueprint-seed,**Answer: A** — Explain wireless fundamentals. Review the official Cisco exam guide (200-301) and linked documentation. Objective: NF-3.,https://learningnetwork.cisco.com/s/ccna|https://www.cisco.com/c/en/us/training-events/training-certifications/exams/current-list/ccna-200-301.html
ccna,network-fundamentals,NF-3,200-301 — NF-3 (MEDIUM) #17,"During a project review, stakeholders ask how to Explain wireless fundamentals in the context of Cisco CCNA?",Use an approach that contradicts the exam objective and ignores documented constraints.,"Deploy without monitoring, backup, or access controls required by the blueprint.",Mix controls from unrelated domains that do not address the stated objective.,"Implement Explain wireless fundamentals using Cisco best practices for Network Fundamentals, including monitoring and least privilege.",B,MEDIUM,ccna|network-fundamentals|NF-3|medium|blueprint-seed,**Answer: B** — Explain wireless fundamentals. Review the official Cisco exam guide (200-301) and linked documentation. Objective: NF-3.,https://learningnetwork.cisco.com/s/ccna|https://www.cisco.com/c/en/us/training-events/training-certifications/exams/current-list/ccna-200-301.html
ccna,network-fundamentals,NF-3,200-301 — NF-3 (MEDIUM) #18,Which configuration satisfies requirements for Explain wireless fundamentals in the context of Cisco CCNA?,"Deploy without monitoring, backup, or access controls required by the blueprint.",Mix controls from unrelated domains that do not address the stated objective.,Apply the official Network Fundamentals guidance: Explain wireless fundamentals — this aligns with exam blueprint expectations and vendor documentation.,Use an approach that contradicts the exam objective and ignores documented constraints.,C,MEDIUM,ccna|network-fundamentals|NF-3|medium|blueprint-seed,**Answer: C** — Explain wireless fundamentals. Review the official Cisco exam guide (200-301) and linked documentation. Objective: NF-3.,https://learningnetwork.cisco.com/s/ccna|https://www.cisco.com/c/en/us/training-events/training-certifications/exams/current-list/ccna-200-301.html
ccna,network-fundamentals,NF-3,200-301 — NF-3 (MEDIUM) #19,What is the recommended design when applying Explain wireless fundamentals in the context of Cisco CCNA?,Mix controls from unrelated domains that do not address the stated objective.,"Follow the documented approach for Explain wireless fundamentals, using recommended services and controls per the exam guide.",Use an approach that contradicts the exam objective and ignores documented constraints.,"Deploy without monitoring, backup, or access controls required by the blueprint.",D,MEDIUM,ccna|network-fundamentals|NF-3|medium|blueprint-seed,**Answer: D** — Explain wireless fundamentals. Review the official Cisco exam guide (200-301) and linked documentation. Objective: NF-3.,https://learningnetwork.cisco.com/s/ccna|https://www.cisco.com/c/en/us/training-events/training-certifications/exams/current-list/ccna-200-301.html
ccna,network-fundamentals,NF-3,200-301 — NF-3 (MEDIUM) #20,A team must implement a solution for Explain wireless fundamentals in the context of Cisco CCNA?,"Implement Explain wireless fundamentals using Cisco best practices for Network Fundamentals, including monitoring and least privilege.",Use an approach that contradicts the exam objective and ignores documented constraints.,"Deploy without monitoring, backup, or access controls required by the blueprint.",Mix controls from unrelated domains that do not address the stated objective.,A,MEDIUM,ccna|network-fundamentals|NF-3|medium|blueprint-seed,**Answer: A** — Explain wireless fundamentals. Review the official Cisco exam guide (200-301) and linked documentation. Objective: NF-3.,https://learningnetwork.cisco.com/s/ccna|https://www.cisco.com/c/en/us/training-events/training-certifications/exams/current-list/ccna-200-301.html
ccna,network-fundamentals,NF-3,200-301 — NF-3 (MEDIUM) #21,Which approach aligns with best practices when Explain wireless fundamentals in the context of Cisco CCNA?,Use an approach that contradicts the exam objective and ignores documented constraints.,"Deploy without monitoring, backup, or access controls required by the blueprint.",Mix controls from unrelated domains that do not address the stated objective.,Apply the official Network Fundamentals guidance: Explain wireless fundamentals — this aligns with exam blueprint expectations and vendor documentation.,B,MEDIUM,ccna|network-fundamentals|NF-3|medium|blueprint-seed,**Answer: B** — Explain wireless fundamentals. Review the official Cisco exam guide (200-301) and linked documentation. Objective: NF-3.,https://learningnetwork.cisco.com/s/ccna|https://www.cisco.com/c/en/us/training-events/training-certifications/exams/current-list/ccna-200-301.html
ccna,network-fundamentals,NF-3,200-301 — NF-3 (MEDIUM) #22,"During a project review, stakeholders ask how to Explain wireless fundamentals in the context of Cisco CCNA?","Deploy without monitoring, backup, or access controls required by the blueprint.",Mix controls from unrelated domains that do not address the stated objective.,"Follow the documented approach for Explain wireless fundamentals, using recommended services and controls per the exam guide.",Use an approach that contradicts the exam objective and ignores documented constraints.,C,MEDIUM,ccna|network-fundamentals|NF-3|medium|blueprint-seed,**Answer: C** — Explain wireless fundamentals. Review the official Cisco exam guide (200-301) and linked documentation. Objective: NF-3.,https://learningnetwork.cisco.com/s/ccna|https://www.cisco.com/c/en/us/training-events/training-certifications/exams/current-list/ccna-200-301.html
ccna,network-fundamentals,NF-3,200-301 — NF-3 (MEDIUM) #23,Which configuration satisfies requirements for Explain wireless fundamentals in the context of Cisco CCNA?,Mix controls from unrelated domains that do not address the stated objective.,"Implement Explain wireless fundamentals using Cisco best practices for Network Fundamentals, including monitoring and least privilege.",Use an approach that contradicts the exam objective and ignores documented constraints.,"Deploy without monitoring, backup, or access controls required by the blueprint.",D,MEDIUM,ccna|network-fundamentals|NF-3|medium|blueprint-seed,**Answer: D** — Explain wireless fundamentals. Review the official Cisco exam guide (200-301) and linked documentation. Objective: NF-3.,https://learningnetwork.cisco.com/s/ccna|https://www.cisco.com/c/en/us/training-events/training-certifications/exams/current-list/ccna-200-301.html
ccna,network-fundamentals,NF-3,200-301 — NF-3 (HARD) #24,A multi-team rollout must balance security and velocity for Explain wireless fundamentals for Network Fundamentals?,Apply the official Network Fundamentals guidance: Explain wireless fundamentals — this aligns with exam blueprint expectations and vendor documentation.,Use an approach that contradicts the exam objective and ignores documented constraints.,"Deploy without monitoring, backup, or access controls required by the blueprint.",Mix controls from unrelated domains that do not address the stated objective.,A,HARD,ccna|network-fundamentals|NF-3|hard|blueprint-seed,**Answer: A** — Explain wireless fundamentals. Review the official Cisco exam guide (200-301) and linked documentation. Objective: NF-3.,https://learningnetwork.cisco.com/s/ccna|https://www.cisco.com/c/en/us/training-events/training-certifications/exams/current-list/ccna-200-301.html
ccna,network-fundamentals,NF-3,200-301 — NF-3 (HARD) #25,An enterprise requires zero-downtime architecture while Explain wireless fundamentals for Network Fundamentals?,Use an approach that contradicts the exam objective and ignores documented constraints.,"Deploy without monitoring, backup, or access controls required by the blueprint.",Mix controls from unrelated domains that do not address the stated objective.,"Follow the documented approach for Explain wireless fundamentals, using recommended services and controls per the exam guide.",B,HARD,ccna|network-fundamentals|NF-3|hard|blueprint-seed,**Answer: B** — Explain wireless fundamentals. Review the official Cisco exam guide (200-301) and linked documentation. Objective: NF-3.,https://learningnetwork.cisco.com/s/ccna|https://www.cisco.com/c/en/us/training-events/training-certifications/exams/current-list/ccna-200-301.html
ccna,network-fundamentals,NF-3,200-301 — NF-3 (HARD) #26,"Given strict compliance, auditability, and multi-region constraints, how should you Explain wireless fundamentals for Network Fundamentals?","Deploy without monitoring, backup, or access controls required by the blueprint.",Mix controls from unrelated domains that do not address the stated objective.,"Implement Explain wireless fundamentals using Cisco best practices for Network Fundamentals, including monitoring and least privilege.",Use an approach that contradicts the exam objective and ignores documented constraints.,C,HARD,ccna|network-fundamentals|NF-3|hard|blueprint-seed,**Answer: C** — Explain wireless fundamentals. Review the official Cisco exam guide (200-301) and linked documentation. Objective: NF-3.,https://learningnetwork.cisco.com/s/ccna|https://www.cisco.com/c/en/us/training-events/training-certifications/exams/current-list/ccna-200-301.html
ccna,network-fundamentals,NF-3,200-301 — NF-3 (HARD) #27,A production incident involves trade-offs between cost and resilience for Explain wireless fundamentals for Network Fundamentals?,Mix controls from unrelated domains that do not address the stated objective.,Apply the official Network Fundamentals guidance: Explain wireless fundamentals — this aligns with exam blueprint expectations and vendor documentation.,Use an approach that contradicts the exam objective and ignores documented constraints.,"Deploy without monitoring, backup, or access controls required by the blueprint.",D,HARD,ccna|network-fundamentals|NF-3|hard|blueprint-seed,**Answer: D** — Explain wireless fundamentals. Review the official Cisco exam guide (200-301) and linked documentation. Objective: NF-3.,https://learningnetwork.cisco.com/s/ccna|https://www.cisco.com/c/en/us/training-events/training-certifications/exams/current-list/ccna-200-301.html
ccna,network-fundamentals,NF-3,200-301 — NF-3 (HARD) #28,Complex regulatory requirements demand that you Explain wireless fundamentals for Network Fundamentals?,"Follow the documented approach for Explain wireless fundamentals, using recommended services and controls per the exam guide.",Use an approach that contradicts the exam objective and ignores documented constraints.,"Deploy without monitoring, backup, or access controls required by the blueprint.",Mix controls from unrelated domains that do not address the stated objective.,A,HARD,ccna|network-fundamentals|NF-3|hard|blueprint-seed,**Answer: A** — Explain wireless fundamentals. Review the official Cisco exam guide (200-301) and linked documentation. Objective: NF-3.,https://learningnetwork.cisco.com/s/ccna|https://www.cisco.com/c/en/us/training-events/training-certifications/exams/current-list/ccna-200-301.html
ccna,network-fundamentals,NF-3,200-301 — NF-3 (HARD) #29,A multi-team rollout must balance security and velocity for Explain wireless fundamentals for Network Fundamentals?,Use an approach that contradicts the exam objective and ignores documented constraints.,"Deploy without monitoring, backup, or access controls required by the blueprint.",Mix controls from unrelated domains that do not address the stated objective.,"Implement Explain wireless fundamentals using Cisco best practices for Network Fundamentals, including monitoring and least privilege.",B,HARD,ccna|network-fundamentals|NF-3|hard|blueprint-seed,**Answer: B** — Explain wireless fundamentals. Review the official Cisco exam guide (200-301) and linked documentation. Objective: NF-3.,https://learningnetwork.cisco.com/s/ccna|https://www.cisco.com/c/en/us/training-events/training-certifications/exams/current-list/ccna-200-301.html
ccna,network-fundamentals,NF-3,200-301 — NF-3 (HARD) #30,An enterprise requires zero-downtime architecture while Explain wireless fundamentals for Network Fundamentals?,"Deploy without monitoring, backup, or access controls required by the blueprint.",Mix controls from unrelated domains that do not address the stated objective.,Apply the official Network Fundamentals guidance: Explain wireless fundamentals — this aligns with exam blueprint expectations and vendor documentation.,Use an approach that contradicts the exam objective and ignores documented constraints.,C,HARD,ccna|network-fundamentals|NF-3|hard|blueprint-seed,**Answer: C** — Explain wireless fundamentals. Review the official Cisco exam guide (200-301) and linked documentation. Objective: NF-3.,https://learningnetwork.cisco.com/s/ccna|https://www.cisco.com/c/en/us/training-events/training-certifications/exams/current-list/ccna-200-301.html
ccna,network-fundamentals,NF-3,200-301 — NF-3 (HARD) #31,"Given strict compliance, auditability, and multi-region constraints, how should you Explain wireless fundamentals for Network Fundamentals?",Mix controls from unrelated domains that do not address the stated objective.,"Follow the documented approach for Explain wireless fundamentals, using recommended services and controls per the exam guide.",Use an approach that contradicts the exam objective and ignores documented constraints.,"Deploy without monitoring, backup, or access controls required by the blueprint.",D,HARD,ccna|network-fundamentals|NF-3|hard|blueprint-seed,**Answer: D** — Explain wireless fundamentals. Review the official Cisco exam guide (200-301) and linked documentation. Objective: NF-3.,https://learningnetwork.cisco.com/s/ccna|https://www.cisco.com/c/en/us/training-events/training-certifications/exams/current-list/ccna-200-301.html
ccna,network-fundamentals,NF-3,200-301 — NF-3 (HARD) #32,A production incident involves trade-offs between cost and resilience for Explain wireless fundamentals for Network Fundamentals?,"Implement Explain wireless fundamentals using Cisco best practices for Network Fundamentals, including monitoring and least privilege.",Use an approach that contradicts the exam objective and ignores documented constraints.,"Deploy without monitoring, backup, or access controls required by the blueprint.",Mix controls from unrelated domains that do not address the stated objective.,A,HARD,ccna|network-fundamentals|NF-3|hard|blueprint-seed,**Answer: A** — Explain wireless fundamentals. Review the official Cisco exam guide (200-301) and linked documentation. Objective: NF-3.,https://learningnetwork.cisco.com/s/ccna|https://www.cisco.com/c/en/us/training-events/training-certifications/exams/current-list/ccna-200-301.html
ccna,ip-connectivity,IC-1,200-301 — IC-1 (EASY) #1,What is the primary purpose of Configure VLANs and trunking?,Use an approach that contradicts the exam objective and ignores documented constraints.,"Deploy without monitoring, backup, or access controls required by the blueprint.",Mix controls from unrelated domains that do not address the stated objective.,"Follow the documented approach for Configure VLANs and trunking, using recommended services and controls per the exam guide.",B,EASY,ccna|ip-connectivity|IC-1|easy|blueprint-seed,**Answer: B** — Configure VLANs and trunking. Review the official Cisco exam guide (200-301) and linked documentation. Objective: IC-1.,https://learningnetwork.cisco.com/s/ccna|https://www.cisco.com/c/en/us/training-events/training-certifications/exams/current-list/ccna-200-301.html
ccna,ip-connectivity,IC-1,200-301 — IC-1 (EASY) #2,Which concept is fundamental to Configure VLANs and trunking?,"Deploy without monitoring, backup, or access controls required by the blueprint.",Mix controls from unrelated domains that do not address the stated objective.,"Implement Configure VLANs and trunking using Cisco best practices for Network Access and IP Connectivity, including monitoring and least privilege.",Use an approach that contradicts the exam objective and ignores documented constraints.,C,EASY,ccna|ip-connectivity|IC-1|easy|blueprint-seed,**Answer: C** — Configure VLANs and trunking. Review the official Cisco exam guide (200-301) and linked documentation. Objective: IC-1.,https://learningnetwork.cisco.com/s/ccna|https://www.cisco.com/c/en/us/training-events/training-certifications/exams/current-list/ccna-200-301.html
ccna,ip-connectivity,IC-1,200-301 — IC-1 (EASY) #3,Identify the core principle behind Configure VLANs and trunking?,Mix controls from unrelated domains that do not address the stated objective.,Apply the official Network Access and IP Connectivity guidance: Configure VLANs and trunking — this aligns with exam blueprint expectations and vendor documentation.,Use an approach that contradicts the exam objective and ignores documented constraints.,"Deploy without monitoring, backup, or access controls required by the blueprint.",D,EASY,ccna|ip-connectivity|IC-1|easy|blueprint-seed,**Answer: D** — Configure VLANs and trunking. Review the official Cisco exam guide (200-301) and linked documentation. Objective: IC-1.,https://learningnetwork.cisco.com/s/ccna|https://www.cisco.com/c/en/us/training-events/training-certifications/exams/current-list/ccna-200-301.html
ccna,ip-connectivity,IC-1,200-301 — IC-1 (EASY) #4,Which description accurately reflects Configure VLANs and trunking?,"Follow the documented approach for Configure VLANs and trunking, using recommended services and controls per the exam guide.",Use an approach that contradicts the exam objective and ignores documented constraints.,"Deploy without monitoring, backup, or access controls required by the blueprint.",Mix controls from unrelated domains that do not address the stated objective.,A,EASY,ccna|ip-connectivity|IC-1|easy|blueprint-seed,**Answer: A** — Configure VLANs and trunking. Review the official Cisco exam guide (200-301) and linked documentation. Objective: IC-1.,https://learningnetwork.cisco.com/s/ccna|https://www.cisco.com/c/en/us/training-events/training-certifications/exams/current-list/ccna-200-301.html
ccna,ip-connectivity,IC-1,200-301 — IC-1 (EASY) #5,Which statement best defines the scope of Configure VLANs and trunking?,Use an approach that contradicts the exam objective and ignores documented constraints.,"Deploy without monitoring, backup, or access controls required by the blueprint.",Mix controls from unrelated domains that do not address the stated objective.,"Implement Configure VLANs and trunking using Cisco best practices for Network Access and IP Connectivity, including monitoring and least privilege.",B,EASY,ccna|ip-connectivity|IC-1|easy|blueprint-seed,**Answer: B** — Configure VLANs and trunking. Review the official Cisco exam guide (200-301) and linked documentation. Objective: IC-1.,https://learningnetwork.cisco.com/s/ccna|https://www.cisco.com/c/en/us/training-events/training-certifications/exams/current-list/ccna-200-301.html
ccna,ip-connectivity,IC-1,200-301 — IC-1 (EASY) #6,What is the primary purpose of Configure VLANs and trunking?,"Deploy without monitoring, backup, or access controls required by the blueprint.",Mix controls from unrelated domains that do not address the stated objective.,Apply the official Network Access and IP Connectivity guidance: Configure VLANs and trunking — this aligns with exam blueprint expectations and vendor documentation.,Use an approach that contradicts the exam objective and ignores documented constraints.,C,EASY,ccna|ip-connectivity|IC-1|easy|blueprint-seed,**Answer: C** — Configure VLANs and trunking. Review the official Cisco exam guide (200-301) and linked documentation. Objective: IC-1.,https://learningnetwork.cisco.com/s/ccna|https://www.cisco.com/c/en/us/training-events/training-certifications/exams/current-list/ccna-200-301.html
ccna,ip-connectivity,IC-1,200-301 — IC-1 (EASY) #7,Which concept is fundamental to Configure VLANs and trunking?,Mix controls from unrelated domains that do not address the stated objective.,"Follow the documented approach for Configure VLANs and trunking, using recommended services and controls per the exam guide.",Use an approach that contradicts the exam objective and ignores documented constraints.,"Deploy without monitoring, backup, or access controls required by the blueprint.",D,EASY,ccna|ip-connectivity|IC-1|easy|blueprint-seed,**Answer: D** — Configure VLANs and trunking. Review the official Cisco exam guide (200-301) and linked documentation. Objective: IC-1.,https://learningnetwork.cisco.com/s/ccna|https://www.cisco.com/c/en/us/training-events/training-certifications/exams/current-list/ccna-200-301.html
ccna,ip-connectivity,IC-1,200-301 — IC-1 (EASY) #8,Identify the core principle behind Configure VLANs and trunking?,"Implement Configure VLANs and trunking using Cisco best practices for Network Access and IP Connectivity, including monitoring and least privilege.",Use an approach that contradicts the exam objective and ignores documented constraints.,"Deploy without monitoring, backup, or access controls required by the blueprint.",Mix controls from unrelated domains that do not address the stated objective.,A,EASY,ccna|ip-connectivity|IC-1|easy|blueprint-seed,**Answer: A** — Configure VLANs and trunking. Review the official Cisco exam guide (200-301) and linked documentation. Objective: IC-1.,https://learningnetwork.cisco.com/s/ccna|https://www.cisco.com/c/en/us/training-events/training-certifications/exams/current-list/ccna-200-301.html
ccna,ip-connectivity,IC-1,200-301 — IC-1 (EASY) #9,Which description accurately reflects Configure VLANs and trunking?,Use an approach that contradicts the exam objective and ignores documented constraints.,"Deploy without monitoring, backup, or access controls required by the blueprint.",Mix controls from unrelated domains that do not address the stated objective.,Apply the official Network Access and IP Connectivity guidance: Configure VLANs and trunking — this aligns with exam blueprint expectations and vendor documentation.,B,EASY,ccna|ip-connectivity|IC-1|easy|blueprint-seed,**Answer: B** — Configure VLANs and trunking. Review the official Cisco exam guide (200-301) and linked documentation. Objective: IC-1.,https://learningnetwork.cisco.com/s/ccna|https://www.cisco.com/c/en/us/training-events/training-certifications/exams/current-list/ccna-200-301.html
ccna,ip-connectivity,IC-1,200-301 — IC-1 (EASY) #10,Which statement best defines the scope of Configure VLANs and trunking?,"Deploy without monitoring, backup, or access controls required by the blueprint.",Mix controls from unrelated domains that do not address the stated objective.,"Follow the documented approach for Configure VLANs and trunking, using recommended services and controls per the exam guide.",Use an approach that contradicts the exam objective and ignores documented constraints.,C,EASY,ccna|ip-connectivity|IC-1|easy|blueprint-seed,**Answer: C** — Configure VLANs and trunking. Review the official Cisco exam guide (200-301) and linked documentation. Objective: IC-1.,https://learningnetwork.cisco.com/s/ccna|https://www.cisco.com/c/en/us/training-events/training-certifications/exams/current-list/ccna-200-301.html
ccna,ip-connectivity,IC-1,200-301 — IC-1 (EASY) #11,What is the primary purpose of Configure VLANs and trunking?,Mix controls from unrelated domains that do not address the stated objective.,"Implement Configure VLANs and trunking using Cisco best practices for Network Access and IP Connectivity, including monitoring and least privilege.",Use an approach that contradicts the exam objective and ignores documented constraints.,"Deploy without monitoring, backup, or access controls required by the blueprint.",D,EASY,ccna|ip-connectivity|IC-1|easy|blueprint-seed,**Answer: D** — Configure VLANs and trunking. Review the official Cisco exam guide (200-301) and linked documentation. Objective: IC-1.,https://learningnetwork.cisco.com/s/ccna|https://www.cisco.com/c/en/us/training-events/training-certifications/exams/current-list/ccna-200-301.html
ccna,ip-connectivity,IC-1,200-301 — IC-1 (EASY) #12,Which concept is fundamental to Configure VLANs and trunking?,Apply the official Network Access and IP Connectivity guidance: Configure VLANs and trunking — this aligns with exam blueprint expectations and vendor documentation.,Use an approach that contradicts the exam objective and ignores documented constraints.,"Deploy without monitoring, backup, or access controls required by the blueprint.",Mix controls from unrelated domains that do not address the stated objective.,A,EASY,ccna|ip-connectivity|IC-1|easy|blueprint-seed,**Answer: A** — Configure VLANs and trunking. Review the official Cisco exam guide (200-301) and linked documentation. Objective: IC-1.,https://learningnetwork.cisco.com/s/ccna|https://www.cisco.com/c/en/us/training-events/training-certifications/exams/current-list/ccna-200-301.html
ccna,ip-connectivity,IC-1,200-301 — IC-1 (EASY) #13,Identify the core principle behind Configure VLANs and trunking?,Use an approach that contradicts the exam objective and ignores documented constraints.,"Deploy without monitoring, backup, or access controls required by the blueprint.",Mix controls from unrelated domains that do not address the stated objective.,"Follow the documented approach for Configure VLANs and trunking, using recommended services and controls per the exam guide.",B,EASY,ccna|ip-connectivity|IC-1|easy|blueprint-seed,**Answer: B** — Configure VLANs and trunking. Review the official Cisco exam guide (200-301) and linked documentation. Objective: IC-1.,https://learningnetwork.cisco.com/s/ccna|https://www.cisco.com/c/en/us/training-events/training-certifications/exams/current-list/ccna-200-301.html
ccna,ip-connectivity,IC-1,200-301 — IC-1 (MEDIUM) #14,What is the recommended design when applying Configure VLANs and trunking in the context of Cisco CCNA?,"Deploy without monitoring, backup, or access controls required by the blueprint.",Mix controls from unrelated domains that do not address the stated objective.,"Implement Configure VLANs and trunking using Cisco best practices for Network Access and IP Connectivity, including monitoring and least privilege.",Use an approach that contradicts the exam objective and ignores documented constraints.,C,MEDIUM,ccna|ip-connectivity|IC-1|medium|blueprint-seed,**Answer: C** — Configure VLANs and trunking. Review the official Cisco exam guide (200-301) and linked documentation. Objective: IC-1.,https://learningnetwork.cisco.com/s/ccna|https://www.cisco.com/c/en/us/training-events/training-certifications/exams/current-list/ccna-200-301.html
ccna,ip-connectivity,IC-1,200-301 — IC-1 (MEDIUM) #15,A team must implement a solution for Configure VLANs and trunking in the context of Cisco CCNA?,Mix controls from unrelated domains that do not address the stated objective.,Apply the official Network Access and IP Connectivity guidance: Configure VLANs and trunking — this aligns with exam blueprint expectations and vendor documentation.,Use an approach that contradicts the exam objective and ignores documented constraints.,"Deploy without monitoring, backup, or access controls required by the blueprint.",D,MEDIUM,ccna|ip-connectivity|IC-1|medium|blueprint-seed,**Answer: D** — Configure VLANs and trunking. Review the official Cisco exam guide (200-301) and linked documentation. Objective: IC-1.,https://learningnetwork.cisco.com/s/ccna|https://www.cisco.com/c/en/us/training-events/training-certifications/exams/current-list/ccna-200-301.html
ccna,ip-connectivity,IC-1,200-301 — IC-1 (MEDIUM) #16,Which approach aligns with best practices when Configure VLANs and trunking in the context of Cisco CCNA?,"Follow the documented approach for Configure VLANs and trunking, using recommended services and controls per the exam guide.",Use an approach that contradicts the exam objective and ignores documented constraints.,"Deploy without monitoring, backup, or access controls required by the blueprint.",Mix controls from unrelated domains that do not address the stated objective.,A,MEDIUM,ccna|ip-connectivity|IC-1|medium|blueprint-seed,**Answer: A** — Configure VLANs and trunking. Review the official Cisco exam guide (200-301) and linked documentation. Objective: IC-1.,https://learningnetwork.cisco.com/s/ccna|https://www.cisco.com/c/en/us/training-events/training-certifications/exams/current-list/ccna-200-301.html
ccna,ip-connectivity,IC-1,200-301 — IC-1 (MEDIUM) #17,"During a project review, stakeholders ask how to Configure VLANs and trunking in the context of Cisco CCNA?",Use an approach that contradicts the exam objective and ignores documented constraints.,"Deploy without monitoring, backup, or access controls required by the blueprint.",Mix controls from unrelated domains that do not address the stated objective.,"Implement Configure VLANs and trunking using Cisco best practices for Network Access and IP Connectivity, including monitoring and least privilege.",B,MEDIUM,ccna|ip-connectivity|IC-1|medium|blueprint-seed,**Answer: B** — Configure VLANs and trunking. Review the official Cisco exam guide (200-301) and linked documentation. Objective: IC-1.,https://learningnetwork.cisco.com/s/ccna|https://www.cisco.com/c/en/us/training-events/training-certifications/exams/current-list/ccna-200-301.html
ccna,ip-connectivity,IC-1,200-301 — IC-1 (MEDIUM) #18,Which configuration satisfies requirements for Configure VLANs and trunking in the context of Cisco CCNA?,"Deploy without monitoring, backup, or access controls required by the blueprint.",Mix controls from unrelated domains that do not address the stated objective.,Apply the official Network Access and IP Connectivity guidance: Configure VLANs and trunking — this aligns with exam blueprint expectations and vendor documentation.,Use an approach that contradicts the exam objective and ignores documented constraints.,C,MEDIUM,ccna|ip-connectivity|IC-1|medium|blueprint-seed,**Answer: C** — Configure VLANs and trunking. Review the official Cisco exam guide (200-301) and linked documentation. Objective: IC-1.,https://learningnetwork.cisco.com/s/ccna|https://www.cisco.com/c/en/us/training-events/training-certifications/exams/current-list/ccna-200-301.html
ccna,ip-connectivity,IC-1,200-301 — IC-1 (MEDIUM) #19,What is the recommended design when applying Configure VLANs and trunking in the context of Cisco CCNA?,Mix controls from unrelated domains that do not address the stated objective.,"Follow the documented approach for Configure VLANs and trunking, using recommended services and controls per the exam guide.",Use an approach that contradicts the exam objective and ignores documented constraints.,"Deploy without monitoring, backup, or access controls required by the blueprint.",D,MEDIUM,ccna|ip-connectivity|IC-1|medium|blueprint-seed,**Answer: D** — Configure VLANs and trunking. Review the official Cisco exam guide (200-301) and linked documentation. Objective: IC-1.,https://learningnetwork.cisco.com/s/ccna|https://www.cisco.com/c/en/us/training-events/training-certifications/exams/current-list/ccna-200-301.html
ccna,ip-connectivity,IC-1,200-301 — IC-1 (MEDIUM) #20,A team must implement a solution for Configure VLANs and trunking in the context of Cisco CCNA?,"Implement Configure VLANs and trunking using Cisco best practices for Network Access and IP Connectivity, including monitoring and least privilege.",Use an approach that contradicts the exam objective and ignores documented constraints.,"Deploy without monitoring, backup, or access controls required by the blueprint.",Mix controls from unrelated domains that do not address the stated objective.,A,MEDIUM,ccna|ip-connectivity|IC-1|medium|blueprint-seed,**Answer: A** — Configure VLANs and trunking. Review the official Cisco exam guide (200-301) and linked documentation. Objective: IC-1.,https://learningnetwork.cisco.com/s/ccna|https://www.cisco.com/c/en/us/training-events/training-certifications/exams/current-list/ccna-200-301.html
ccna,ip-connectivity,IC-1,200-301 — IC-1 (MEDIUM) #21,Which approach aligns with best practices when Configure VLANs and trunking in the context of Cisco CCNA?,Use an approach that contradicts the exam objective and ignores documented constraints.,"Deploy without monitoring, backup, or access controls required by the blueprint.",Mix controls from unrelated domains that do not address the stated objective.,Apply the official Network Access and IP Connectivity guidance: Configure VLANs and trunking — this aligns with exam blueprint expectations and vendor documentation.,B,MEDIUM,ccna|ip-connectivity|IC-1|medium|blueprint-seed,**Answer: B** — Configure VLANs and trunking. Review the official Cisco exam guide (200-301) and linked documentation. Objective: IC-1.,https://learningnetwork.cisco.com/s/ccna|https://www.cisco.com/c/en/us/training-events/training-certifications/exams/current-list/ccna-200-301.html
ccna,ip-connectivity,IC-1,200-301 — IC-1 (MEDIUM) #22,"During a project review, stakeholders ask how to Configure VLANs and trunking in the context of Cisco CCNA?","Deploy without monitoring, backup, or access controls required by the blueprint.",Mix controls from unrelated domains that do not address the stated objective.,"Follow the documented approach for Configure VLANs and trunking, using recommended services and controls per the exam guide.",Use an approach that contradicts the exam objective and ignores documented constraints.,C,MEDIUM,ccna|ip-connectivity|IC-1|medium|blueprint-seed,**Answer: C** — Configure VLANs and trunking. Review the official Cisco exam guide (200-301) and linked documentation. Objective: IC-1.,https://learningnetwork.cisco.com/s/ccna|https://www.cisco.com/c/en/us/training-events/training-certifications/exams/current-list/ccna-200-301.html
ccna,ip-connectivity,IC-1,200-301 — IC-1 (MEDIUM) #23,Which configuration satisfies requirements for Configure VLANs and trunking in the context of Cisco CCNA?,Mix controls from unrelated domains that do not address the stated objective.,"Implement Configure VLANs and trunking using Cisco best practices for Network Access and IP Connectivity, including monitoring and least privilege.",Use an approach that contradicts the exam objective and ignores documented constraints.,"Deploy without monitoring, backup, or access controls required by the blueprint.",D,MEDIUM,ccna|ip-connectivity|IC-1|medium|blueprint-seed,**Answer: D** — Configure VLANs and trunking. Review the official Cisco exam guide (200-301) and linked documentation. Objective: IC-1.,https://learningnetwork.cisco.com/s/ccna|https://www.cisco.com/c/en/us/training-events/training-certifications/exams/current-list/ccna-200-301.html
ccna,ip-connectivity,IC-1,200-301 — IC-1 (MEDIUM) #24,What is the recommended design when applying Configure VLANs and trunking in the context of Cisco CCNA?,Apply the official Network Access and IP Connectivity guidance: Configure VLANs and trunking — this aligns with exam blueprint expectations and vendor documentation.,Use an approach that contradicts the exam objective and ignores documented constraints.,"Deploy without monitoring, backup, or access controls required by the blueprint.",Mix controls from unrelated domains that do not address the stated objective.,A,MEDIUM,ccna|ip-connectivity|IC-1|medium|blueprint-seed,**Answer: A** — Configure VLANs and trunking. Review the official Cisco exam guide (200-301) and linked documentation. Objective: IC-1.,https://learningnetwork.cisco.com/s/ccna|https://www.cisco.com/c/en/us/training-events/training-certifications/exams/current-list/ccna-200-301.html
ccna,ip-connectivity,IC-1,200-301 — IC-1 (MEDIUM) #25,A team must implement a solution for Configure VLANs and trunking in the context of Cisco CCNA?,Use an approach that contradicts the exam objective and ignores documented constraints.,"Deploy without monitoring, backup, or access controls required by the blueprint.",Mix controls from unrelated domains that do not address the stated objective.,"Follow the documented approach for Configure VLANs and trunking, using recommended services and controls per the exam guide.",B,MEDIUM,ccna|ip-connectivity|IC-1|medium|blueprint-seed,**Answer: B** — Configure VLANs and trunking. Review the official Cisco exam guide (200-301) and linked documentation. Objective: IC-1.,https://learningnetwork.cisco.com/s/ccna|https://www.cisco.com/c/en/us/training-events/training-certifications/exams/current-list/ccna-200-301.html
ccna,ip-connectivity,IC-1,200-301 — IC-1 (MEDIUM) #26,Which approach aligns with best practices when Configure VLANs and trunking in the context of Cisco CCNA?,"Deploy without monitoring, backup, or access controls required by the blueprint.",Mix controls from unrelated domains that do not address the stated objective.,"Implement Configure VLANs and trunking using Cisco best practices for Network Access and IP Connectivity, including monitoring and least privilege.",Use an approach that contradicts the exam objective and ignores documented constraints.,C,MEDIUM,ccna|ip-connectivity|IC-1|medium|blueprint-seed,**Answer: C** — Configure VLANs and trunking. Review the official Cisco exam guide (200-301) and linked documentation. Objective: IC-1.,https://learningnetwork.cisco.com/s/ccna|https://www.cisco.com/c/en/us/training-events/training-certifications/exams/current-list/ccna-200-301.html
ccna,ip-connectivity,IC-1,200-301 — IC-1 (MEDIUM) #27,"During a project review, stakeholders ask how to Configure VLANs and trunking in the context of Cisco CCNA?",Mix controls from unrelated domains that do not address the stated objective.,Apply the official Network Access and IP Connectivity guidance: Configure VLANs and trunking — this aligns with exam blueprint expectations and vendor documentation.,Use an approach that contradicts the exam objective and ignores documented constraints.,"Deploy without monitoring, backup, or access controls required by the blueprint.",D,MEDIUM,ccna|ip-connectivity|IC-1|medium|blueprint-seed,**Answer: D** — Configure VLANs and trunking. Review the official Cisco exam guide (200-301) and linked documentation. Objective: IC-1.,https://learningnetwork.cisco.com/s/ccna|https://www.cisco.com/c/en/us/training-events/training-certifications/exams/current-list/ccna-200-301.html
ccna,ip-connectivity,IC-1,200-301 — IC-1 (MEDIUM) #28,Which configuration satisfies requirements for Configure VLANs and trunking in the context of Cisco CCNA?,"Follow the documented approach for Configure VLANs and trunking, using recommended services and controls per the exam guide.",Use an approach that contradicts the exam objective and ignores documented constraints.,"Deploy without monitoring, backup, or access controls required by the blueprint.",Mix controls from unrelated domains that do not address the stated objective.,A,MEDIUM,ccna|ip-connectivity|IC-1|medium|blueprint-seed,**Answer: A** — Configure VLANs and trunking. Review the official Cisco exam guide (200-301) and linked documentation. Objective: IC-1.,https://learningnetwork.cisco.com/s/ccna|https://www.cisco.com/c/en/us/training-events/training-certifications/exams/current-list/ccna-200-301.html
ccna,ip-connectivity,IC-1,200-301 — IC-1 (MEDIUM) #29,What is the recommended design when applying Configure VLANs and trunking in the context of Cisco CCNA?,Use an approach that contradicts the exam objective and ignores documented constraints.,"Deploy without monitoring, backup, or access controls required by the blueprint.",Mix controls from unrelated domains that do not address the stated objective.,"Implement Configure VLANs and trunking using Cisco best practices for Network Access and IP Connectivity, including monitoring and least privilege.",B,MEDIUM,ccna|ip-connectivity|IC-1|medium|blueprint-seed,**Answer: B** — Configure VLANs and trunking. Review the official Cisco exam guide (200-301) and linked documentation. Objective: IC-1.,https://learningnetwork.cisco.com/s/ccna|https://www.cisco.com/c/en/us/training-events/training-certifications/exams/current-list/ccna-200-301.html
ccna,ip-connectivity,IC-1,200-301 — IC-1 (MEDIUM) #30,A team must implement a solution for Configure VLANs and trunking in the context of Cisco CCNA?,"Deploy without monitoring, backup, or access controls required by the blueprint.",Mix controls from unrelated domains that do not address the stated objective.,Apply the official Network Access and IP Connectivity guidance: Configure VLANs and trunking — this aligns with exam blueprint expectations and vendor documentation.,Use an approach that contradicts the exam objective and ignores documented constraints.,C,MEDIUM,ccna|ip-connectivity|IC-1|medium|blueprint-seed,**Answer: C** — Configure VLANs and trunking. Review the official Cisco exam guide (200-301) and linked documentation. Objective: IC-1.,https://learningnetwork.cisco.com/s/ccna|https://www.cisco.com/c/en/us/training-events/training-certifications/exams/current-list/ccna-200-301.html
ccna,ip-connectivity,IC-1,200-301 — IC-1 (HARD) #31,"Given strict compliance, auditability, and multi-region constraints, how should you Configure VLANs and trunking for Network Access and IP Connectivity?",Mix controls from unrelated domains that do not address the stated objective.,"Follow the documented approach for Configure VLANs and trunking, using recommended services and controls per the exam guide.",Use an approach that contradicts the exam objective and ignores documented constraints.,"Deploy without monitoring, backup, or access controls required by the blueprint.",D,HARD,ccna|ip-connectivity|IC-1|hard|blueprint-seed,**Answer: D** — Configure VLANs and trunking. Review the official Cisco exam guide (200-301) and linked documentation. Objective: IC-1.,https://learningnetwork.cisco.com/s/ccna|https://www.cisco.com/c/en/us/training-events/training-certifications/exams/current-list/ccna-200-301.html
ccna,ip-connectivity,IC-1,200-301 — IC-1 (HARD) #32,A production incident involves trade-offs between cost and resilience for Configure VLANs and trunking for Network Access and IP Connectivity?,"Implement Configure VLANs and trunking using Cisco best practices for Network Access and IP Connectivity, including monitoring and least privilege.",Use an approach that contradicts the exam objective and ignores documented constraints.,"Deploy without monitoring, backup, or access controls required by the blueprint.",Mix controls from unrelated domains that do not address the stated objective.,A,HARD,ccna|ip-connectivity|IC-1|hard|blueprint-seed,**Answer: A** — Configure VLANs and trunking. Review the official Cisco exam guide (200-301) and linked documentation. Objective: IC-1.,https://learningnetwork.cisco.com/s/ccna|https://www.cisco.com/c/en/us/training-events/training-certifications/exams/current-list/ccna-200-301.html
ccna,ip-connectivity,IC-1,200-301 — IC-1 (HARD) #33,Complex regulatory requirements demand that you Configure VLANs and trunking for Network Access and IP Connectivity?,Use an approach that contradicts the exam objective and ignores documented constraints.,"Deploy without monitoring, backup, or access controls required by the blueprint.",Mix controls from unrelated domains that do not address the stated objective.,Apply the official Network Access and IP Connectivity guidance: Configure VLANs and trunking — this aligns with exam blueprint expectations and vendor documentation.,B,HARD,ccna|ip-connectivity|IC-1|hard|blueprint-seed,**Answer: B** — Configure VLANs and trunking. Review the official Cisco exam guide (200-301) and linked documentation. Objective: IC-1.,https://learningnetwork.cisco.com/s/ccna|https://www.cisco.com/c/en/us/training-events/training-certifications/exams/current-list/ccna-200-301.html
ccna,ip-connectivity,IC-1,200-301 — IC-1 (HARD) #34,A multi-team rollout must balance security and velocity for Configure VLANs and trunking for Network Access and IP Connectivity?,"Deploy without monitoring, backup, or access controls required by the blueprint.",Mix controls from unrelated domains that do not address the stated objective.,"Follow the documented approach for Configure VLANs and trunking, using recommended services and controls per the exam guide.",Use an approach that contradicts the exam objective and ignores documented constraints.,C,HARD,ccna|ip-connectivity|IC-1|hard|blueprint-seed,**Answer: C** — Configure VLANs and trunking. Review the official Cisco exam guide (200-301) and linked documentation. Objective: IC-1.,https://learningnetwork.cisco.com/s/ccna|https://www.cisco.com/c/en/us/training-events/training-certifications/exams/current-list/ccna-200-301.html
ccna,ip-connectivity,IC-1,200-301 — IC-1 (HARD) #35,An enterprise requires zero-downtime architecture while Configure VLANs and trunking for Network Access and IP Connectivity?,Mix controls from unrelated domains that do not address the stated objective.,"Implement Configure VLANs and trunking using Cisco best practices for Network Access and IP Connectivity, including monitoring and least privilege.",Use an approach that contradicts the exam objective and ignores documented constraints.,"Deploy without monitoring, backup, or access controls required by the blueprint.",D,HARD,ccna|ip-connectivity|IC-1|hard|blueprint-seed,**Answer: D** — Configure VLANs and trunking. Review the official Cisco exam guide (200-301) and linked documentation. Objective: IC-1.,https://learningnetwork.cisco.com/s/ccna|https://www.cisco.com/c/en/us/training-events/training-certifications/exams/current-list/ccna-200-301.html
ccna,ip-connectivity,IC-1,200-301 — IC-1 (HARD) #36,"Given strict compliance, auditability, and multi-region constraints, how should you Configure VLANs and trunking for Network Access and IP Connectivity?",Apply the official Network Access and IP Connectivity guidance: Configure VLANs and trunking — this aligns with exam blueprint expectations and vendor documentation.,Use an approach that contradicts the exam objective and ignores documented constraints.,"Deploy without monitoring, backup, or access controls required by the blueprint.",Mix controls from unrelated domains that do not address the stated objective.,A,HARD,ccna|ip-connectivity|IC-1|hard|blueprint-seed,**Answer: A** — Configure VLANs and trunking. Review the official Cisco exam guide (200-301) and linked documentation. Objective: IC-1.,https://learningnetwork.cisco.com/s/ccna|https://www.cisco.com/c/en/us/training-events/training-certifications/exams/current-list/ccna-200-301.html
ccna,ip-connectivity,IC-1,200-301 — IC-1 (HARD) #37,A production incident involves trade-offs between cost and resilience for Configure VLANs and trunking for Network Access and IP Connectivity?,Use an approach that contradicts the exam objective and ignores documented constraints.,"Deploy without monitoring, backup, or access controls required by the blueprint.",Mix controls from unrelated domains that do not address the stated objective.,"Follow the documented approach for Configure VLANs and trunking, using recommended services and controls per the exam guide.",B,HARD,ccna|ip-connectivity|IC-1|hard|blueprint-seed,**Answer: B** — Configure VLANs and trunking. Review the official Cisco exam guide (200-301) and linked documentation. Objective: IC-1.,https://learningnetwork.cisco.com/s/ccna|https://www.cisco.com/c/en/us/training-events/training-certifications/exams/current-list/ccna-200-301.html
ccna,ip-connectivity,IC-1,200-301 — IC-1 (HARD) #38,Complex regulatory requirements demand that you Configure VLANs and trunking for Network Access and IP Connectivity?,"Deploy without monitoring, backup, or access controls required by the blueprint.",Mix controls from unrelated domains that do not address the stated objective.,"Implement Configure VLANs and trunking using Cisco best practices for Network Access and IP Connectivity, including monitoring and least privilege.",Use an approach that contradicts the exam objective and ignores documented constraints.,C,HARD,ccna|ip-connectivity|IC-1|hard|blueprint-seed,**Answer: C** — Configure VLANs and trunking. Review the official Cisco exam guide (200-301) and linked documentation. Objective: IC-1.,https://learningnetwork.cisco.com/s/ccna|https://www.cisco.com/c/en/us/training-events/training-certifications/exams/current-list/ccna-200-301.html
ccna,ip-connectivity,IC-1,200-301 — IC-1 (HARD) #39,A multi-team rollout must balance security and velocity for Configure VLANs and trunking for Network Access and IP Connectivity?,Mix controls from unrelated domains that do not address the stated objective.,Apply the official Network Access and IP Connectivity guidance: Configure VLANs and trunking — this aligns with exam blueprint expectations and vendor documentation.,Use an approach that contradicts the exam objective and ignores documented constraints.,"Deploy without monitoring, backup, or access controls required by the blueprint.",D,HARD,ccna|ip-connectivity|IC-1|hard|blueprint-seed,**Answer: D** — Configure VLANs and trunking. Review the official Cisco exam guide (200-301) and linked documentation. Objective: IC-1.,https://learningnetwork.cisco.com/s/ccna|https://www.cisco.com/c/en/us/training-events/training-certifications/exams/current-list/ccna-200-301.html
ccna,ip-connectivity,IC-1,200-301 — IC-1 (HARD) #40,An enterprise requires zero-downtime architecture while Configure VLANs and trunking for Network Access and IP Connectivity?,"Follow the documented approach for Configure VLANs and trunking, using recommended services and controls per the exam guide.",Use an approach that contradicts the exam objective and ignores documented constraints.,"Deploy without monitoring, backup, or access controls required by the blueprint.",Mix controls from unrelated domains that do not address the stated objective.,A,HARD,ccna|ip-connectivity|IC-1|hard|blueprint-seed,**Answer: A** — Configure VLANs and trunking. Review the official Cisco exam guide (200-301) and linked documentation. Objective: IC-1.,https://learningnetwork.cisco.com/s/ccna|https://www.cisco.com/c/en/us/training-events/training-certifications/exams/current-list/ccna-200-301.html
ccna,ip-connectivity,IC-1,200-301 — IC-1 (HARD) #41,"Given strict compliance, auditability, and multi-region constraints, how should you Configure VLANs and trunking for Network Access and IP Connectivity?",Use an approach that contradicts the exam objective and ignores documented constraints.,"Deploy without monitoring, backup, or access controls required by the blueprint.",Mix controls from unrelated domains that do not address the stated objective.,"Implement Configure VLANs and trunking using Cisco best practices for Network Access and IP Connectivity, including monitoring and least privilege.",B,HARD,ccna|ip-connectivity|IC-1|hard|blueprint-seed,**Answer: B** — Configure VLANs and trunking. Review the official Cisco exam guide (200-301) and linked documentation. Objective: IC-1.,https://learningnetwork.cisco.com/s/ccna|https://www.cisco.com/c/en/us/training-events/training-certifications/exams/current-list/ccna-200-301.html
ccna,ip-connectivity,IC-1,200-301 — IC-1 (HARD) #42,A production incident involves trade-offs between cost and resilience for Configure VLANs and trunking for Network Access and IP Connectivity?,"Deploy without monitoring, backup, or access controls required by the blueprint.",Mix controls from unrelated domains that do not address the stated objective.,Apply the official Network Access and IP Connectivity guidance: Configure VLANs and trunking — this aligns with exam blueprint expectations and vendor documentation.,Use an approach that contradicts the exam objective and ignores documented constraints.,C,HARD,ccna|ip-connectivity|IC-1|hard|blueprint-seed,**Answer: C** — Configure VLANs and trunking. Review the official Cisco exam guide (200-301) and linked documentation. Objective: IC-1.,https://learningnetwork.cisco.com/s/ccna|https://www.cisco.com/c/en/us/training-events/training-certifications/exams/current-list/ccna-200-301.html
ccna,ip-connectivity,IC-2,200-301 — IC-2 (EASY) #1,What is the primary purpose of Configure inter-VLAN routing?,Use an approach that contradicts the exam objective and ignores documented constraints.,"Deploy without monitoring, backup, or access controls required by the blueprint.",Mix controls from unrelated domains that do not address the stated objective.,"Follow the documented approach for Configure inter-VLAN routing, using recommended services and controls per the exam guide.",B,EASY,ccna|ip-connectivity|IC-2|easy|blueprint-seed,**Answer: B** — Configure inter-VLAN routing. Review the official Cisco exam guide (200-301) and linked documentation. Objective: IC-2.,https://learningnetwork.cisco.com/s/ccna|https://www.cisco.com/c/en/us/training-events/training-certifications/exams/current-list/ccna-200-301.html
ccna,ip-connectivity,IC-2,200-301 — IC-2 (EASY) #2,Which concept is fundamental to Configure inter-VLAN routing?,"Deploy without monitoring, backup, or access controls required by the blueprint.",Mix controls from unrelated domains that do not address the stated objective.,"Implement Configure inter-VLAN routing using Cisco best practices for Network Access and IP Connectivity, including monitoring and least privilege.",Use an approach that contradicts the exam objective and ignores documented constraints.,C,EASY,ccna|ip-connectivity|IC-2|easy|blueprint-seed,**Answer: C** — Configure inter-VLAN routing. Review the official Cisco exam guide (200-301) and linked documentation. Objective: IC-2.,https://learningnetwork.cisco.com/s/ccna|https://www.cisco.com/c/en/us/training-events/training-certifications/exams/current-list/ccna-200-301.html
ccna,ip-connectivity,IC-2,200-301 — IC-2 (EASY) #3,Identify the core principle behind Configure inter-VLAN routing?,Mix controls from unrelated domains that do not address the stated objective.,Apply the official Network Access and IP Connectivity guidance: Configure inter-VLAN routing — this aligns with exam blueprint expectations and vendor documentation.,Use an approach that contradicts the exam objective and ignores documented constraints.,"Deploy without monitoring, backup, or access controls required by the blueprint.",D,EASY,ccna|ip-connectivity|IC-2|easy|blueprint-seed,**Answer: D** — Configure inter-VLAN routing. Review the official Cisco exam guide (200-301) and linked documentation. Objective: IC-2.,https://learningnetwork.cisco.com/s/ccna|https://www.cisco.com/c/en/us/training-events/training-certifications/exams/current-list/ccna-200-301.html
ccna,ip-connectivity,IC-2,200-301 — IC-2 (EASY) #4,Which description accurately reflects Configure inter-VLAN routing?,"Follow the documented approach for Configure inter-VLAN routing, using recommended services and controls per the exam guide.",Use an approach that contradicts the exam objective and ignores documented constraints.,"Deploy without monitoring, backup, or access controls required by the blueprint.",Mix controls from unrelated domains that do not address the stated objective.,A,EASY,ccna|ip-connectivity|IC-2|easy|blueprint-seed,**Answer: A** — Configure inter-VLAN routing. Review the official Cisco exam guide (200-301) and linked documentation. Objective: IC-2.,https://learningnetwork.cisco.com/s/ccna|https://www.cisco.com/c/en/us/training-events/training-certifications/exams/current-list/ccna-200-301.html
ccna,ip-connectivity,IC-2,200-301 — IC-2 (EASY) #5,Which statement best defines the scope of Configure inter-VLAN routing?,Use an approach that contradicts the exam objective and ignores documented constraints.,"Deploy without monitoring, backup, or access controls required by the blueprint.",Mix controls from unrelated domains that do not address the stated objective.,"Implement Configure inter-VLAN routing using Cisco best practices for Network Access and IP Connectivity, including monitoring and least privilege.",B,EASY,ccna|ip-connectivity|IC-2|easy|blueprint-seed,**Answer: B** — Configure inter-VLAN routing. Review the official Cisco exam guide (200-301) and linked documentation. Objective: IC-2.,https://learningnetwork.cisco.com/s/ccna|https://www.cisco.com/c/en/us/training-events/training-certifications/exams/current-list/ccna-200-301.html
ccna,ip-connectivity,IC-2,200-301 — IC-2 (EASY) #6,What is the primary purpose of Configure inter-VLAN routing?,"Deploy without monitoring, backup, or access controls required by the blueprint.",Mix controls from unrelated domains that do not address the stated objective.,Apply the official Network Access and IP Connectivity guidance: Configure inter-VLAN routing — this aligns with exam blueprint expectations and vendor documentation.,Use an approach that contradicts the exam objective and ignores documented constraints.,C,EASY,ccna|ip-connectivity|IC-2|easy|blueprint-seed,**Answer: C** — Configure inter-VLAN routing. Review the official Cisco exam guide (200-301) and linked documentation. Objective: IC-2.,https://learningnetwork.cisco.com/s/ccna|https://www.cisco.com/c/en/us/training-events/training-certifications/exams/current-list/ccna-200-301.html
ccna,ip-connectivity,IC-2,200-301 — IC-2 (EASY) #7,Which concept is fundamental to Configure inter-VLAN routing?,Mix controls from unrelated domains that do not address the stated objective.,"Follow the documented approach for Configure inter-VLAN routing, using recommended services and controls per the exam guide.",Use an approach that contradicts the exam objective and ignores documented constraints.,"Deploy without monitoring, backup, or access controls required by the blueprint.",D,EASY,ccna|ip-connectivity|IC-2|easy|blueprint-seed,**Answer: D** — Configure inter-VLAN routing. Review the official Cisco exam guide (200-301) and linked documentation. Objective: IC-2.,https://learningnetwork.cisco.com/s/ccna|https://www.cisco.com/c/en/us/training-events/training-certifications/exams/current-list/ccna-200-301.html
ccna,ip-connectivity,IC-2,200-301 — IC-2 (EASY) #8,Identify the core principle behind Configure inter-VLAN routing?,"Implement Configure inter-VLAN routing using Cisco best practices for Network Access and IP Connectivity, including monitoring and least privilege.",Use an approach that contradicts the exam objective and ignores documented constraints.,"Deploy without monitoring, backup, or access controls required by the blueprint.",Mix controls from unrelated domains that do not address the stated objective.,A,EASY,ccna|ip-connectivity|IC-2|easy|blueprint-seed,**Answer: A** — Configure inter-VLAN routing. Review the official Cisco exam guide (200-301) and linked documentation. Objective: IC-2.,https://learningnetwork.cisco.com/s/ccna|https://www.cisco.com/c/en/us/training-events/training-certifications/exams/current-list/ccna-200-301.html
ccna,ip-connectivity,IC-2,200-301 — IC-2 (EASY) #9,Which description accurately reflects Configure inter-VLAN routing?,Use an approach that contradicts the exam objective and ignores documented constraints.,"Deploy without monitoring, backup, or access controls required by the blueprint.",Mix controls from unrelated domains that do not address the stated objective.,Apply the official Network Access and IP Connectivity guidance: Configure inter-VLAN routing — this aligns with exam blueprint expectations and vendor documentation.,B,EASY,ccna|ip-connectivity|IC-2|easy|blueprint-seed,**Answer: B** — Configure inter-VLAN routing. Review the official Cisco exam guide (200-301) and linked documentation. Objective: IC-2.,https://learningnetwork.cisco.com/s/ccna|https://www.cisco.com/c/en/us/training-events/training-certifications/exams/current-list/ccna-200-301.html
ccna,ip-connectivity,IC-2,200-301 — IC-2 (EASY) #10,Which statement best defines the scope of Configure inter-VLAN routing?,"Deploy without monitoring, backup, or access controls required by the blueprint.",Mix controls from unrelated domains that do not address the stated objective.,"Follow the documented approach for Configure inter-VLAN routing, using recommended services and controls per the exam guide.",Use an approach that contradicts the exam objective and ignores documented constraints.,C,EASY,ccna|ip-connectivity|IC-2|easy|blueprint-seed,**Answer: C** — Configure inter-VLAN routing. Review the official Cisco exam guide (200-301) and linked documentation. Objective: IC-2.,https://learningnetwork.cisco.com/s/ccna|https://www.cisco.com/c/en/us/training-events/training-certifications/exams/current-list/ccna-200-301.html
ccna,ip-connectivity,IC-2,200-301 — IC-2 (EASY) #11,What is the primary purpose of Configure inter-VLAN routing?,Mix controls from unrelated domains that do not address the stated objective.,"Implement Configure inter-VLAN routing using Cisco best practices for Network Access and IP Connectivity, including monitoring and least privilege.",Use an approach that contradicts the exam objective and ignores documented constraints.,"Deploy without monitoring, backup, or access controls required by the blueprint.",D,EASY,ccna|ip-connectivity|IC-2|easy|blueprint-seed,**Answer: D** — Configure inter-VLAN routing. Review the official Cisco exam guide (200-301) and linked documentation. Objective: IC-2.,https://learningnetwork.cisco.com/s/ccna|https://www.cisco.com/c/en/us/training-events/training-certifications/exams/current-list/ccna-200-301.html
ccna,ip-connectivity,IC-2,200-301 — IC-2 (EASY) #12,Which concept is fundamental to Configure inter-VLAN routing?,Apply the official Network Access and IP Connectivity guidance: Configure inter-VLAN routing — this aligns with exam blueprint expectations and vendor documentation.,Use an approach that contradicts the exam objective and ignores documented constraints.,"Deploy without monitoring, backup, or access controls required by the blueprint.",Mix controls from unrelated domains that do not address the stated objective.,A,EASY,ccna|ip-connectivity|IC-2|easy|blueprint-seed,**Answer: A** — Configure inter-VLAN routing. Review the official Cisco exam guide (200-301) and linked documentation. Objective: IC-2.,https://learningnetwork.cisco.com/s/ccna|https://www.cisco.com/c/en/us/training-events/training-certifications/exams/current-list/ccna-200-301.html
ccna,ip-connectivity,IC-2,200-301 — IC-2 (EASY) #13,Identify the core principle behind Configure inter-VLAN routing?,Use an approach that contradicts the exam objective and ignores documented constraints.,"Deploy without monitoring, backup, or access controls required by the blueprint.",Mix controls from unrelated domains that do not address the stated objective.,"Follow the documented approach for Configure inter-VLAN routing, using recommended services and controls per the exam guide.",B,EASY,ccna|ip-connectivity|IC-2|easy|blueprint-seed,**Answer: B** — Configure inter-VLAN routing. Review the official Cisco exam guide (200-301) and linked documentation. Objective: IC-2.,https://learningnetwork.cisco.com/s/ccna|https://www.cisco.com/c/en/us/training-events/training-certifications/exams/current-list/ccna-200-301.html
ccna,ip-connectivity,IC-2,200-301 — IC-2 (MEDIUM) #14,What is the recommended design when applying Configure inter-VLAN routing in the context of Cisco CCNA?,"Deploy without monitoring, backup, or access controls required by the blueprint.",Mix controls from unrelated domains that do not address the stated objective.,"Implement Configure inter-VLAN routing using Cisco best practices for Network Access and IP Connectivity, including monitoring and least privilege.",Use an approach that contradicts the exam objective and ignores documented constraints.,C,MEDIUM,ccna|ip-connectivity|IC-2|medium|blueprint-seed,**Answer: C** — Configure inter-VLAN routing. Review the official Cisco exam guide (200-301) and linked documentation. Objective: IC-2.,https://learningnetwork.cisco.com/s/ccna|https://www.cisco.com/c/en/us/training-events/training-certifications/exams/current-list/ccna-200-301.html
ccna,ip-connectivity,IC-2,200-301 — IC-2 (MEDIUM) #15,A team must implement a solution for Configure inter-VLAN routing in the context of Cisco CCNA?,Mix controls from unrelated domains that do not address the stated objective.,Apply the official Network Access and IP Connectivity guidance: Configure inter-VLAN routing — this aligns with exam blueprint expectations and vendor documentation.,Use an approach that contradicts the exam objective and ignores documented constraints.,"Deploy without monitoring, backup, or access controls required by the blueprint.",D,MEDIUM,ccna|ip-connectivity|IC-2|medium|blueprint-seed,**Answer: D** — Configure inter-VLAN routing. Review the official Cisco exam guide (200-301) and linked documentation. Objective: IC-2.,https://learningnetwork.cisco.com/s/ccna|https://www.cisco.com/c/en/us/training-events/training-certifications/exams/current-list/ccna-200-301.html
ccna,ip-connectivity,IC-2,200-301 — IC-2 (MEDIUM) #16,Which approach aligns with best practices when Configure inter-VLAN routing in the context of Cisco CCNA?,"Follow the documented approach for Configure inter-VLAN routing, using recommended services and controls per the exam guide.",Use an approach that contradicts the exam objective and ignores documented constraints.,"Deploy without monitoring, backup, or access controls required by the blueprint.",Mix controls from unrelated domains that do not address the stated objective.,A,MEDIUM,ccna|ip-connectivity|IC-2|medium|blueprint-seed,**Answer: A** — Configure inter-VLAN routing. Review the official Cisco exam guide (200-301) and linked documentation. Objective: IC-2.,https://learningnetwork.cisco.com/s/ccna|https://www.cisco.com/c/en/us/training-events/training-certifications/exams/current-list/ccna-200-301.html
ccna,ip-connectivity,IC-2,200-301 — IC-2 (MEDIUM) #17,"During a project review, stakeholders ask how to Configure inter-VLAN routing in the context of Cisco CCNA?",Use an approach that contradicts the exam objective and ignores documented constraints.,"Deploy without monitoring, backup, or access controls required by the blueprint.",Mix controls from unrelated domains that do not address the stated objective.,"Implement Configure inter-VLAN routing using Cisco best practices for Network Access and IP Connectivity, including monitoring and least privilege.",B,MEDIUM,ccna|ip-connectivity|IC-2|medium|blueprint-seed,**Answer: B** — Configure inter-VLAN routing. Review the official Cisco exam guide (200-301) and linked documentation. Objective: IC-2.,https://learningnetwork.cisco.com/s/ccna|https://www.cisco.com/c/en/us/training-events/training-certifications/exams/current-list/ccna-200-301.html
ccna,ip-connectivity,IC-2,200-301 — IC-2 (MEDIUM) #18,Which configuration satisfies requirements for Configure inter-VLAN routing in the context of Cisco CCNA?,"Deploy without monitoring, backup, or access controls required by the blueprint.",Mix controls from unrelated domains that do not address the stated objective.,Apply the official Network Access and IP Connectivity guidance: Configure inter-VLAN routing — this aligns with exam blueprint expectations and vendor documentation.,Use an approach that contradicts the exam objective and ignores documented constraints.,C,MEDIUM,ccna|ip-connectivity|IC-2|medium|blueprint-seed,**Answer: C** — Configure inter-VLAN routing. Review the official Cisco exam guide (200-301) and linked documentation. Objective: IC-2.,https://learningnetwork.cisco.com/s/ccna|https://www.cisco.com/c/en/us/training-events/training-certifications/exams/current-list/ccna-200-301.html
ccna,ip-connectivity,IC-2,200-301 — IC-2 (MEDIUM) #19,What is the recommended design when applying Configure inter-VLAN routing in the context of Cisco CCNA?,Mix controls from unrelated domains that do not address the stated objective.,"Follow the documented approach for Configure inter-VLAN routing, using recommended services and controls per the exam guide.",Use an approach that contradicts the exam objective and ignores documented constraints.,"Deploy without monitoring, backup, or access controls required by the blueprint.",D,MEDIUM,ccna|ip-connectivity|IC-2|medium|blueprint-seed,**Answer: D** — Configure inter-VLAN routing. Review the official Cisco exam guide (200-301) and linked documentation. Objective: IC-2.,https://learningnetwork.cisco.com/s/ccna|https://www.cisco.com/c/en/us/training-events/training-certifications/exams/current-list/ccna-200-301.html
ccna,ip-connectivity,IC-2,200-301 — IC-2 (MEDIUM) #20,A team must implement a solution for Configure inter-VLAN routing in the context of Cisco CCNA?,"Implement Configure inter-VLAN routing using Cisco best practices for Network Access and IP Connectivity, including monitoring and least privilege.",Use an approach that contradicts the exam objective and ignores documented constraints.,"Deploy without monitoring, backup, or access controls required by the blueprint.",Mix controls from unrelated domains that do not address the stated objective.,A,MEDIUM,ccna|ip-connectivity|IC-2|medium|blueprint-seed,**Answer: A** — Configure inter-VLAN routing. Review the official Cisco exam guide (200-301) and linked documentation. Objective: IC-2.,https://learningnetwork.cisco.com/s/ccna|https://www.cisco.com/c/en/us/training-events/training-certifications/exams/current-list/ccna-200-301.html
ccna,ip-connectivity,IC-2,200-301 — IC-2 (MEDIUM) #21,Which approach aligns with best practices when Configure inter-VLAN routing in the context of Cisco CCNA?,Use an approach that contradicts the exam objective and ignores documented constraints.,"Deploy without monitoring, backup, or access controls required by the blueprint.",Mix controls from unrelated domains that do not address the stated objective.,Apply the official Network Access and IP Connectivity guidance: Configure inter-VLAN routing — this aligns with exam blueprint expectations and vendor documentation.,B,MEDIUM,ccna|ip-connectivity|IC-2|medium|blueprint-seed,**Answer: B** — Configure inter-VLAN routing. Review the official Cisco exam guide (200-301) and linked documentation. Objective: IC-2.,https://learningnetwork.cisco.com/s/ccna|https://www.cisco.com/c/en/us/training-events/training-certifications/exams/current-list/ccna-200-301.html
ccna,ip-connectivity,IC-2,200-301 — IC-2 (MEDIUM) #22,"During a project review, stakeholders ask how to Configure inter-VLAN routing in the context of Cisco CCNA?","Deploy without monitoring, backup, or access controls required by the blueprint.",Mix controls from unrelated domains that do not address the stated objective.,"Follow the documented approach for Configure inter-VLAN routing, using recommended services and controls per the exam guide.",Use an approach that contradicts the exam objective and ignores documented constraints.,C,MEDIUM,ccna|ip-connectivity|IC-2|medium|blueprint-seed,**Answer: C** — Configure inter-VLAN routing. Review the official Cisco exam guide (200-301) and linked documentation. Objective: IC-2.,https://learningnetwork.cisco.com/s/ccna|https://www.cisco.com/c/en/us/training-events/training-certifications/exams/current-list/ccna-200-301.html
ccna,ip-connectivity,IC-2,200-301 — IC-2 (MEDIUM) #23,Which configuration satisfies requirements for Configure inter-VLAN routing in the context of Cisco CCNA?,Mix controls from unrelated domains that do not address the stated objective.,"Implement Configure inter-VLAN routing using Cisco best practices for Network Access and IP Connectivity, including monitoring and least privilege.",Use an approach that contradicts the exam objective and ignores documented constraints.,"Deploy without monitoring, backup, or access controls required by the blueprint.",D,MEDIUM,ccna|ip-connectivity|IC-2|medium|blueprint-seed,**Answer: D** — Configure inter-VLAN routing. Review the official Cisco exam guide (200-301) and linked documentation. Objective: IC-2.,https://learningnetwork.cisco.com/s/ccna|https://www.cisco.com/c/en/us/training-events/training-certifications/exams/current-list/ccna-200-301.html
ccna,ip-connectivity,IC-2,200-301 — IC-2 (MEDIUM) #24,What is the recommended design when applying Configure inter-VLAN routing in the context of Cisco CCNA?,Apply the official Network Access and IP Connectivity guidance: Configure inter-VLAN routing — this aligns with exam blueprint expectations and vendor documentation.,Use an approach that contradicts the exam objective and ignores documented constraints.,"Deploy without monitoring, backup, or access controls required by the blueprint.",Mix controls from unrelated domains that do not address the stated objective.,A,MEDIUM,ccna|ip-connectivity|IC-2|medium|blueprint-seed,**Answer: A** — Configure inter-VLAN routing. Review the official Cisco exam guide (200-301) and linked documentation. Objective: IC-2.,https://learningnetwork.cisco.com/s/ccna|https://www.cisco.com/c/en/us/training-events/training-certifications/exams/current-list/ccna-200-301.html
ccna,ip-connectivity,IC-2,200-301 — IC-2 (MEDIUM) #25,A team must implement a solution for Configure inter-VLAN routing in the context of Cisco CCNA?,Use an approach that contradicts the exam objective and ignores documented constraints.,"Deploy without monitoring, backup, or access controls required by the blueprint.",Mix controls from unrelated domains that do not address the stated objective.,"Follow the documented approach for Configure inter-VLAN routing, using recommended services and controls per the exam guide.",B,MEDIUM,ccna|ip-connectivity|IC-2|medium|blueprint-seed,**Answer: B** — Configure inter-VLAN routing. Review the official Cisco exam guide (200-301) and linked documentation. Objective: IC-2.,https://learningnetwork.cisco.com/s/ccna|https://www.cisco.com/c/en/us/training-events/training-certifications/exams/current-list/ccna-200-301.html
ccna,ip-connectivity,IC-2,200-301 — IC-2 (MEDIUM) #26,Which approach aligns with best practices when Configure inter-VLAN routing in the context of Cisco CCNA?,"Deploy without monitoring, backup, or access controls required by the blueprint.",Mix controls from unrelated domains that do not address the stated objective.,"Implement Configure inter-VLAN routing using Cisco best practices for Network Access and IP Connectivity, including monitoring and least privilege.",Use an approach that contradicts the exam objective and ignores documented constraints.,C,MEDIUM,ccna|ip-connectivity|IC-2|medium|blueprint-seed,**Answer: C** — Configure inter-VLAN routing. Review the official Cisco exam guide (200-301) and linked documentation. Objective: IC-2.,https://learningnetwork.cisco.com/s/ccna|https://www.cisco.com/c/en/us/training-events/training-certifications/exams/current-list/ccna-200-301.html
ccna,ip-connectivity,IC-2,200-301 — IC-2 (MEDIUM) #27,"During a project review, stakeholders ask how to Configure inter-VLAN routing in the context of Cisco CCNA?",Mix controls from unrelated domains that do not address the stated objective.,Apply the official Network Access and IP Connectivity guidance: Configure inter-VLAN routing — this aligns with exam blueprint expectations and vendor documentation.,Use an approach that contradicts the exam objective and ignores documented constraints.,"Deploy without monitoring, backup, or access controls required by the blueprint.",D,MEDIUM,ccna|ip-connectivity|IC-2|medium|blueprint-seed,**Answer: D** — Configure inter-VLAN routing. Review the official Cisco exam guide (200-301) and linked documentation. Objective: IC-2.,https://learningnetwork.cisco.com/s/ccna|https://www.cisco.com/c/en/us/training-events/training-certifications/exams/current-list/ccna-200-301.html
ccna,ip-connectivity,IC-2,200-301 — IC-2 (MEDIUM) #28,Which configuration satisfies requirements for Configure inter-VLAN routing in the context of Cisco CCNA?,"Follow the documented approach for Configure inter-VLAN routing, using recommended services and controls per the exam guide.",Use an approach that contradicts the exam objective and ignores documented constraints.,"Deploy without monitoring, backup, or access controls required by the blueprint.",Mix controls from unrelated domains that do not address the stated objective.,A,MEDIUM,ccna|ip-connectivity|IC-2|medium|blueprint-seed,**Answer: A** — Configure inter-VLAN routing. Review the official Cisco exam guide (200-301) and linked documentation. Objective: IC-2.,https://learningnetwork.cisco.com/s/ccna|https://www.cisco.com/c/en/us/training-events/training-certifications/exams/current-list/ccna-200-301.html
ccna,ip-connectivity,IC-2,200-301 — IC-2 (MEDIUM) #29,What is the recommended design when applying Configure inter-VLAN routing in the context of Cisco CCNA?,Use an approach that contradicts the exam objective and ignores documented constraints.,"Deploy without monitoring, backup, or access controls required by the blueprint.",Mix controls from unrelated domains that do not address the stated objective.,"Implement Configure inter-VLAN routing using Cisco best practices for Network Access and IP Connectivity, including monitoring and least privilege.",B,MEDIUM,ccna|ip-connectivity|IC-2|medium|blueprint-seed,**Answer: B** — Configure inter-VLAN routing. Review the official Cisco exam guide (200-301) and linked documentation. Objective: IC-2.,https://learningnetwork.cisco.com/s/ccna|https://www.cisco.com/c/en/us/training-events/training-certifications/exams/current-list/ccna-200-301.html
ccna,ip-connectivity,IC-2,200-301 — IC-2 (MEDIUM) #30,A team must implement a solution for Configure inter-VLAN routing in the context of Cisco CCNA?,"Deploy without monitoring, backup, or access controls required by the blueprint.",Mix controls from unrelated domains that do not address the stated objective.,Apply the official Network Access and IP Connectivity guidance: Configure inter-VLAN routing — this aligns with exam blueprint expectations and vendor documentation.,Use an approach that contradicts the exam objective and ignores documented constraints.,C,MEDIUM,ccna|ip-connectivity|IC-2|medium|blueprint-seed,**Answer: C** — Configure inter-VLAN routing. Review the official Cisco exam guide (200-301) and linked documentation. Objective: IC-2.,https://learningnetwork.cisco.com/s/ccna|https://www.cisco.com/c/en/us/training-events/training-certifications/exams/current-list/ccna-200-301.html
ccna,ip-connectivity,IC-2,200-301 — IC-2 (HARD) #31,"Given strict compliance, auditability, and multi-region constraints, how should you Configure inter-VLAN routing for Network Access and IP Connectivity?",Mix controls from unrelated domains that do not address the stated objective.,"Follow the documented approach for Configure inter-VLAN routing, using recommended services and controls per the exam guide.",Use an approach that contradicts the exam objective and ignores documented constraints.,"Deploy without monitoring, backup, or access controls required by the blueprint.",D,HARD,ccna|ip-connectivity|IC-2|hard|blueprint-seed,**Answer: D** — Configure inter-VLAN routing. Review the official Cisco exam guide (200-301) and linked documentation. Objective: IC-2.,https://learningnetwork.cisco.com/s/ccna|https://www.cisco.com/c/en/us/training-events/training-certifications/exams/current-list/ccna-200-301.html
ccna,ip-connectivity,IC-2,200-301 — IC-2 (HARD) #32,A production incident involves trade-offs between cost and resilience for Configure inter-VLAN routing for Network Access and IP Connectivity?,"Implement Configure inter-VLAN routing using Cisco best practices for Network Access and IP Connectivity, including monitoring and least privilege.",Use an approach that contradicts the exam objective and ignores documented constraints.,"Deploy without monitoring, backup, or access controls required by the blueprint.",Mix controls from unrelated domains that do not address the stated objective.,A,HARD,ccna|ip-connectivity|IC-2|hard|blueprint-seed,**Answer: A** — Configure inter-VLAN routing. Review the official Cisco exam guide (200-301) and linked documentation. Objective: IC-2.,https://learningnetwork.cisco.com/s/ccna|https://www.cisco.com/c/en/us/training-events/training-certifications/exams/current-list/ccna-200-301.html
ccna,ip-connectivity,IC-2,200-301 — IC-2 (HARD) #33,Complex regulatory requirements demand that you Configure inter-VLAN routing for Network Access and IP Connectivity?,Use an approach that contradicts the exam objective and ignores documented constraints.,"Deploy without monitoring, backup, or access controls required by the blueprint.",Mix controls from unrelated domains that do not address the stated objective.,Apply the official Network Access and IP Connectivity guidance: Configure inter-VLAN routing — this aligns with exam blueprint expectations and vendor documentation.,B,HARD,ccna|ip-connectivity|IC-2|hard|blueprint-seed,**Answer: B** — Configure inter-VLAN routing. Review the official Cisco exam guide (200-301) and linked documentation. Objective: IC-2.,https://learningnetwork.cisco.com/s/ccna|https://www.cisco.com/c/en/us/training-events/training-certifications/exams/current-list/ccna-200-301.html
ccna,ip-connectivity,IC-2,200-301 — IC-2 (HARD) #34,A multi-team rollout must balance security and velocity for Configure inter-VLAN routing for Network Access and IP Connectivity?,"Deploy without monitoring, backup, or access controls required by the blueprint.",Mix controls from unrelated domains that do not address the stated objective.,"Follow the documented approach for Configure inter-VLAN routing, using recommended services and controls per the exam guide.",Use an approach that contradicts the exam objective and ignores documented constraints.,C,HARD,ccna|ip-connectivity|IC-2|hard|blueprint-seed,**Answer: C** — Configure inter-VLAN routing. Review the official Cisco exam guide (200-301) and linked documentation. Objective: IC-2.,https://learningnetwork.cisco.com/s/ccna|https://www.cisco.com/c/en/us/training-events/training-certifications/exams/current-list/ccna-200-301.html
ccna,ip-connectivity,IC-2,200-301 — IC-2 (HARD) #35,An enterprise requires zero-downtime architecture while Configure inter-VLAN routing for Network Access and IP Connectivity?,Mix controls from unrelated domains that do not address the stated objective.,"Implement Configure inter-VLAN routing using Cisco best practices for Network Access and IP Connectivity, including monitoring and least privilege.",Use an approach that contradicts the exam objective and ignores documented constraints.,"Deploy without monitoring, backup, or access controls required by the blueprint.",D,HARD,ccna|ip-connectivity|IC-2|hard|blueprint-seed,**Answer: D** — Configure inter-VLAN routing. Review the official Cisco exam guide (200-301) and linked documentation. Objective: IC-2.,https://learningnetwork.cisco.com/s/ccna|https://www.cisco.com/c/en/us/training-events/training-certifications/exams/current-list/ccna-200-301.html
ccna,ip-connectivity,IC-2,200-301 — IC-2 (HARD) #36,"Given strict compliance, auditability, and multi-region constraints, how should you Configure inter-VLAN routing for Network Access and IP Connectivity?",Apply the official Network Access and IP Connectivity guidance: Configure inter-VLAN routing — this aligns with exam blueprint expectations and vendor documentation.,Use an approach that contradicts the exam objective and ignores documented constraints.,"Deploy without monitoring, backup, or access controls required by the blueprint.",Mix controls from unrelated domains that do not address the stated objective.,A,HARD,ccna|ip-connectivity|IC-2|hard|blueprint-seed,**Answer: A** — Configure inter-VLAN routing. Review the official Cisco exam guide (200-301) and linked documentation. Objective: IC-2.,https://learningnetwork.cisco.com/s/ccna|https://www.cisco.com/c/en/us/training-events/training-certifications/exams/current-list/ccna-200-301.html
ccna,ip-connectivity,IC-2,200-301 — IC-2 (HARD) #37,A production incident involves trade-offs between cost and resilience for Configure inter-VLAN routing for Network Access and IP Connectivity?,Use an approach that contradicts the exam objective and ignores documented constraints.,"Deploy without monitoring, backup, or access controls required by the blueprint.",Mix controls from unrelated domains that do not address the stated objective.,"Follow the documented approach for Configure inter-VLAN routing, using recommended services and controls per the exam guide.",B,HARD,ccna|ip-connectivity|IC-2|hard|blueprint-seed,**Answer: B** — Configure inter-VLAN routing. Review the official Cisco exam guide (200-301) and linked documentation. Objective: IC-2.,https://learningnetwork.cisco.com/s/ccna|https://www.cisco.com/c/en/us/training-events/training-certifications/exams/current-list/ccna-200-301.html
ccna,ip-connectivity,IC-2,200-301 — IC-2 (HARD) #38,Complex regulatory requirements demand that you Configure inter-VLAN routing for Network Access and IP Connectivity?,"Deploy without monitoring, backup, or access controls required by the blueprint.",Mix controls from unrelated domains that do not address the stated objective.,"Implement Configure inter-VLAN routing using Cisco best practices for Network Access and IP Connectivity, including monitoring and least privilege.",Use an approach that contradicts the exam objective and ignores documented constraints.,C,HARD,ccna|ip-connectivity|IC-2|hard|blueprint-seed,**Answer: C** — Configure inter-VLAN routing. Review the official Cisco exam guide (200-301) and linked documentation. Objective: IC-2.,https://learningnetwork.cisco.com/s/ccna|https://www.cisco.com/c/en/us/training-events/training-certifications/exams/current-list/ccna-200-301.html
ccna,ip-connectivity,IC-2,200-301 — IC-2 (HARD) #39,A multi-team rollout must balance security and velocity for Configure inter-VLAN routing for Network Access and IP Connectivity?,Mix controls from unrelated domains that do not address the stated objective.,Apply the official Network Access and IP Connectivity guidance: Configure inter-VLAN routing — this aligns with exam blueprint expectations and vendor documentation.,Use an approach that contradicts the exam objective and ignores documented constraints.,"Deploy without monitoring, backup, or access controls required by the blueprint.",D,HARD,ccna|ip-connectivity|IC-2|hard|blueprint-seed,**Answer: D** — Configure inter-VLAN routing. Review the official Cisco exam guide (200-301) and linked documentation. Objective: IC-2.,https://learningnetwork.cisco.com/s/ccna|https://www.cisco.com/c/en/us/training-events/training-certifications/exams/current-list/ccna-200-301.html
ccna,ip-connectivity,IC-2,200-301 — IC-2 (HARD) #40,An enterprise requires zero-downtime architecture while Configure inter-VLAN routing for Network Access and IP Connectivity?,"Follow the documented approach for Configure inter-VLAN routing, using recommended services and controls per the exam guide.",Use an approach that contradicts the exam objective and ignores documented constraints.,"Deploy without monitoring, backup, or access controls required by the blueprint.",Mix controls from unrelated domains that do not address the stated objective.,A,HARD,ccna|ip-connectivity|IC-2|hard|blueprint-seed,**Answer: A** — Configure inter-VLAN routing. Review the official Cisco exam guide (200-301) and linked documentation. Objective: IC-2.,https://learningnetwork.cisco.com/s/ccna|https://www.cisco.com/c/en/us/training-events/training-certifications/exams/current-list/ccna-200-301.html
ccna,ip-connectivity,IC-2,200-301 — IC-2 (HARD) #41,"Given strict compliance, auditability, and multi-region constraints, how should you Configure inter-VLAN routing for Network Access and IP Connectivity?",Use an approach that contradicts the exam objective and ignores documented constraints.,"Deploy without monitoring, backup, or access controls required by the blueprint.",Mix controls from unrelated domains that do not address the stated objective.,"Implement Configure inter-VLAN routing using Cisco best practices for Network Access and IP Connectivity, including monitoring and least privilege.",B,HARD,ccna|ip-connectivity|IC-2|hard|blueprint-seed,**Answer: B** — Configure inter-VLAN routing. Review the official Cisco exam guide (200-301) and linked documentation. Objective: IC-2.,https://learningnetwork.cisco.com/s/ccna|https://www.cisco.com/c/en/us/training-events/training-certifications/exams/current-list/ccna-200-301.html
ccna,ip-connectivity,IC-2,200-301 — IC-2 (HARD) #42,A production incident involves trade-offs between cost and resilience for Configure inter-VLAN routing for Network Access and IP Connectivity?,"Deploy without monitoring, backup, or access controls required by the blueprint.",Mix controls from unrelated domains that do not address the stated objective.,Apply the official Network Access and IP Connectivity guidance: Configure inter-VLAN routing — this aligns with exam blueprint expectations and vendor documentation.,Use an approach that contradicts the exam objective and ignores documented constraints.,C,HARD,ccna|ip-connectivity|IC-2|hard|blueprint-seed,**Answer: C** — Configure inter-VLAN routing. Review the official Cisco exam guide (200-301) and linked documentation. Objective: IC-2.,https://learningnetwork.cisco.com/s/ccna|https://www.cisco.com/c/en/us/training-events/training-certifications/exams/current-list/ccna-200-301.html
ccna,ip-connectivity,IC-3,200-301 — IC-3 (EASY) #1,What is the primary purpose of Configure OSPF and static routing?,Use an approach that contradicts the exam objective and ignores documented constraints.,"Deploy without monitoring, backup, or access controls required by the blueprint.",Mix controls from unrelated domains that do not address the stated objective.,"Follow the documented approach for Configure OSPF and static routing, using recommended services and controls per the exam guide.",B,EASY,ccna|ip-connectivity|IC-3|easy|blueprint-seed,**Answer: B** — Configure OSPF and static routing. Review the official Cisco exam guide (200-301) and linked documentation. Objective: IC-3.,https://learningnetwork.cisco.com/s/ccna|https://www.cisco.com/c/en/us/training-events/training-certifications/exams/current-list/ccna-200-301.html
ccna,ip-connectivity,IC-3,200-301 — IC-3 (EASY) #2,Which concept is fundamental to Configure OSPF and static routing?,"Deploy without monitoring, backup, or access controls required by the blueprint.",Mix controls from unrelated domains that do not address the stated objective.,"Implement Configure OSPF and static routing using Cisco best practices for Network Access and IP Connectivity, including monitoring and least privilege.",Use an approach that contradicts the exam objective and ignores documented constraints.,C,EASY,ccna|ip-connectivity|IC-3|easy|blueprint-seed,**Answer: C** — Configure OSPF and static routing. Review the official Cisco exam guide (200-301) and linked documentation. Objective: IC-3.,https://learningnetwork.cisco.com/s/ccna|https://www.cisco.com/c/en/us/training-events/training-certifications/exams/current-list/ccna-200-301.html
ccna,ip-connectivity,IC-3,200-301 — IC-3 (EASY) #3,Identify the core principle behind Configure OSPF and static routing?,Mix controls from unrelated domains that do not address the stated objective.,Apply the official Network Access and IP Connectivity guidance: Configure OSPF and static routing — this aligns with exam blueprint expectations and vendor documentation.,Use an approach that contradicts the exam objective and ignores documented constraints.,"Deploy without monitoring, backup, or access controls required by the blueprint.",D,EASY,ccna|ip-connectivity|IC-3|easy|blueprint-seed,**Answer: D** — Configure OSPF and static routing. Review the official Cisco exam guide (200-301) and linked documentation. Objective: IC-3.,https://learningnetwork.cisco.com/s/ccna|https://www.cisco.com/c/en/us/training-events/training-certifications/exams/current-list/ccna-200-301.html
ccna,ip-connectivity,IC-3,200-301 — IC-3 (EASY) #4,Which description accurately reflects Configure OSPF and static routing?,"Follow the documented approach for Configure OSPF and static routing, using recommended services and controls per the exam guide.",Use an approach that contradicts the exam objective and ignores documented constraints.,"Deploy without monitoring, backup, or access controls required by the blueprint.",Mix controls from unrelated domains that do not address the stated objective.,A,EASY,ccna|ip-connectivity|IC-3|easy|blueprint-seed,**Answer: A** — Configure OSPF and static routing. Review the official Cisco exam guide (200-301) and linked documentation. Objective: IC-3.,https://learningnetwork.cisco.com/s/ccna|https://www.cisco.com/c/en/us/training-events/training-certifications/exams/current-list/ccna-200-301.html
ccna,ip-connectivity,IC-3,200-301 — IC-3 (EASY) #5,Which statement best defines the scope of Configure OSPF and static routing?,Use an approach that contradicts the exam objective and ignores documented constraints.,"Deploy without monitoring, backup, or access controls required by the blueprint.",Mix controls from unrelated domains that do not address the stated objective.,"Implement Configure OSPF and static routing using Cisco best practices for Network Access and IP Connectivity, including monitoring and least privilege.",B,EASY,ccna|ip-connectivity|IC-3|easy|blueprint-seed,**Answer: B** — Configure OSPF and static routing. Review the official Cisco exam guide (200-301) and linked documentation. Objective: IC-3.,https://learningnetwork.cisco.com/s/ccna|https://www.cisco.com/c/en/us/training-events/training-certifications/exams/current-list/ccna-200-301.html
ccna,ip-connectivity,IC-3,200-301 — IC-3 (EASY) #6,What is the primary purpose of Configure OSPF and static routing?,"Deploy without monitoring, backup, or access controls required by the blueprint.",Mix controls from unrelated domains that do not address the stated objective.,Apply the official Network Access and IP Connectivity guidance: Configure OSPF and static routing — this aligns with exam blueprint expectations and vendor documentation.,Use an approach that contradicts the exam objective and ignores documented constraints.,C,EASY,ccna|ip-connectivity|IC-3|easy|blueprint-seed,**Answer: C** — Configure OSPF and static routing. Review the official Cisco exam guide (200-301) and linked documentation. Objective: IC-3.,https://learningnetwork.cisco.com/s/ccna|https://www.cisco.com/c/en/us/training-events/training-certifications/exams/current-list/ccna-200-301.html
ccna,ip-connectivity,IC-3,200-301 — IC-3 (EASY) #7,Which concept is fundamental to Configure OSPF and static routing?,Mix controls from unrelated domains that do not address the stated objective.,"Follow the documented approach for Configure OSPF and static routing, using recommended services and controls per the exam guide.",Use an approach that contradicts the exam objective and ignores documented constraints.,"Deploy without monitoring, backup, or access controls required by the blueprint.",D,EASY,ccna|ip-connectivity|IC-3|easy|blueprint-seed,**Answer: D** — Configure OSPF and static routing. Review the official Cisco exam guide (200-301) and linked documentation. Objective: IC-3.,https://learningnetwork.cisco.com/s/ccna|https://www.cisco.com/c/en/us/training-events/training-certifications/exams/current-list/ccna-200-301.html
ccna,ip-connectivity,IC-3,200-301 — IC-3 (EASY) #8,Identify the core principle behind Configure OSPF and static routing?,"Implement Configure OSPF and static routing using Cisco best practices for Network Access and IP Connectivity, including monitoring and least privilege.",Use an approach that contradicts the exam objective and ignores documented constraints.,"Deploy without monitoring, backup, or access controls required by the blueprint.",Mix controls from unrelated domains that do not address the stated objective.,A,EASY,ccna|ip-connectivity|IC-3|easy|blueprint-seed,**Answer: A** — Configure OSPF and static routing. Review the official Cisco exam guide (200-301) and linked documentation. Objective: IC-3.,https://learningnetwork.cisco.com/s/ccna|https://www.cisco.com/c/en/us/training-events/training-certifications/exams/current-list/ccna-200-301.html
ccna,ip-connectivity,IC-3,200-301 — IC-3 (EASY) #9,Which description accurately reflects Configure OSPF and static routing?,Use an approach that contradicts the exam objective and ignores documented constraints.,"Deploy without monitoring, backup, or access controls required by the blueprint.",Mix controls from unrelated domains that do not address the stated objective.,Apply the official Network Access and IP Connectivity guidance: Configure OSPF and static routing — this aligns with exam blueprint expectations and vendor documentation.,B,EASY,ccna|ip-connectivity|IC-3|easy|blueprint-seed,**Answer: B** — Configure OSPF and static routing. Review the official Cisco exam guide (200-301) and linked documentation. Objective: IC-3.,https://learningnetwork.cisco.com/s/ccna|https://www.cisco.com/c/en/us/training-events/training-certifications/exams/current-list/ccna-200-301.html
ccna,ip-connectivity,IC-3,200-301 — IC-3 (EASY) #10,Which statement best defines the scope of Configure OSPF and static routing?,"Deploy without monitoring, backup, or access controls required by the blueprint.",Mix controls from unrelated domains that do not address the stated objective.,"Follow the documented approach for Configure OSPF and static routing, using recommended services and controls per the exam guide.",Use an approach that contradicts the exam objective and ignores documented constraints.,C,EASY,ccna|ip-connectivity|IC-3|easy|blueprint-seed,**Answer: C** — Configure OSPF and static routing. Review the official Cisco exam guide (200-301) and linked documentation. Objective: IC-3.,https://learningnetwork.cisco.com/s/ccna|https://www.cisco.com/c/en/us/training-events/training-certifications/exams/current-list/ccna-200-301.html
ccna,ip-connectivity,IC-3,200-301 — IC-3 (EASY) #11,What is the primary purpose of Configure OSPF and static routing?,Mix controls from unrelated domains that do not address the stated objective.,"Implement Configure OSPF and static routing using Cisco best practices for Network Access and IP Connectivity, including monitoring and least privilege.",Use an approach that contradicts the exam objective and ignores documented constraints.,"Deploy without monitoring, backup, or access controls required by the blueprint.",D,EASY,ccna|ip-connectivity|IC-3|easy|blueprint-seed,**Answer: D** — Configure OSPF and static routing. Review the official Cisco exam guide (200-301) and linked documentation. Objective: IC-3.,https://learningnetwork.cisco.com/s/ccna|https://www.cisco.com/c/en/us/training-events/training-certifications/exams/current-list/ccna-200-301.html
ccna,ip-connectivity,IC-3,200-301 — IC-3 (EASY) #12,Which concept is fundamental to Configure OSPF and static routing?,Apply the official Network Access and IP Connectivity guidance: Configure OSPF and static routing — this aligns with exam blueprint expectations and vendor documentation.,Use an approach that contradicts the exam objective and ignores documented constraints.,"Deploy without monitoring, backup, or access controls required by the blueprint.",Mix controls from unrelated domains that do not address the stated objective.,A,EASY,ccna|ip-connectivity|IC-3|easy|blueprint-seed,**Answer: A** — Configure OSPF and static routing. Review the official Cisco exam guide (200-301) and linked documentation. Objective: IC-3.,https://learningnetwork.cisco.com/s/ccna|https://www.cisco.com/c/en/us/training-events/training-certifications/exams/current-list/ccna-200-301.html
ccna,ip-connectivity,IC-3,200-301 — IC-3 (MEDIUM) #13,Which configuration satisfies requirements for Configure OSPF and static routing in the context of Cisco CCNA?,Use an approach that contradicts the exam objective and ignores documented constraints.,"Deploy without monitoring, backup, or access controls required by the blueprint.",Mix controls from unrelated domains that do not address the stated objective.,"Follow the documented approach for Configure OSPF and static routing, using recommended services and controls per the exam guide.",B,MEDIUM,ccna|ip-connectivity|IC-3|medium|blueprint-seed,**Answer: B** — Configure OSPF and static routing. Review the official Cisco exam guide (200-301) and linked documentation. Objective: IC-3.,https://learningnetwork.cisco.com/s/ccna|https://www.cisco.com/c/en/us/training-events/training-certifications/exams/current-list/ccna-200-301.html
ccna,ip-connectivity,IC-3,200-301 — IC-3 (MEDIUM) #14,What is the recommended design when applying Configure OSPF and static routing in the context of Cisco CCNA?,"Deploy without monitoring, backup, or access controls required by the blueprint.",Mix controls from unrelated domains that do not address the stated objective.,"Implement Configure OSPF and static routing using Cisco best practices for Network Access and IP Connectivity, including monitoring and least privilege.",Use an approach that contradicts the exam objective and ignores documented constraints.,C,MEDIUM,ccna|ip-connectivity|IC-3|medium|blueprint-seed,**Answer: C** — Configure OSPF and static routing. Review the official Cisco exam guide (200-301) and linked documentation. Objective: IC-3.,https://learningnetwork.cisco.com/s/ccna|https://www.cisco.com/c/en/us/training-events/training-certifications/exams/current-list/ccna-200-301.html
ccna,ip-connectivity,IC-3,200-301 — IC-3 (MEDIUM) #15,A team must implement a solution for Configure OSPF and static routing in the context of Cisco CCNA?,Mix controls from unrelated domains that do not address the stated objective.,Apply the official Network Access and IP Connectivity guidance: Configure OSPF and static routing — this aligns with exam blueprint expectations and vendor documentation.,Use an approach that contradicts the exam objective and ignores documented constraints.,"Deploy without monitoring, backup, or access controls required by the blueprint.",D,MEDIUM,ccna|ip-connectivity|IC-3|medium|blueprint-seed,**Answer: D** — Configure OSPF and static routing. Review the official Cisco exam guide (200-301) and linked documentation. Objective: IC-3.,https://learningnetwork.cisco.com/s/ccna|https://www.cisco.com/c/en/us/training-events/training-certifications/exams/current-list/ccna-200-301.html
ccna,ip-connectivity,IC-3,200-301 — IC-3 (MEDIUM) #16,Which approach aligns with best practices when Configure OSPF and static routing in the context of Cisco CCNA?,"Follow the documented approach for Configure OSPF and static routing, using recommended services and controls per the exam guide.",Use an approach that contradicts the exam objective and ignores documented constraints.,"Deploy without monitoring, backup, or access controls required by the blueprint.",Mix controls from unrelated domains that do not address the stated objective.,A,MEDIUM,ccna|ip-connectivity|IC-3|medium|blueprint-seed,**Answer: A** — Configure OSPF and static routing. Review the official Cisco exam guide (200-301) and linked documentation. Objective: IC-3.,https://learningnetwork.cisco.com/s/ccna|https://www.cisco.com/c/en/us/training-events/training-certifications/exams/current-list/ccna-200-301.html
ccna,ip-connectivity,IC-3,200-301 — IC-3 (MEDIUM) #17,"During a project review, stakeholders ask how to Configure OSPF and static routing in the context of Cisco CCNA?",Use an approach that contradicts the exam objective and ignores documented constraints.,"Deploy without monitoring, backup, or access controls required by the blueprint.",Mix controls from unrelated domains that do not address the stated objective.,"Implement Configure OSPF and static routing using Cisco best practices for Network Access and IP Connectivity, including monitoring and least privilege.",B,MEDIUM,ccna|ip-connectivity|IC-3|medium|blueprint-seed,**Answer: B** — Configure OSPF and static routing. Review the official Cisco exam guide (200-301) and linked documentation. Objective: IC-3.,https://learningnetwork.cisco.com/s/ccna|https://www.cisco.com/c/en/us/training-events/training-certifications/exams/current-list/ccna-200-301.html
ccna,ip-connectivity,IC-3,200-301 — IC-3 (MEDIUM) #18,Which configuration satisfies requirements for Configure OSPF and static routing in the context of Cisco CCNA?,"Deploy without monitoring, backup, or access controls required by the blueprint.",Mix controls from unrelated domains that do not address the stated objective.,Apply the official Network Access and IP Connectivity guidance: Configure OSPF and static routing — this aligns with exam blueprint expectations and vendor documentation.,Use an approach that contradicts the exam objective and ignores documented constraints.,C,MEDIUM,ccna|ip-connectivity|IC-3|medium|blueprint-seed,**Answer: C** — Configure OSPF and static routing. Review the official Cisco exam guide (200-301) and linked documentation. Objective: IC-3.,https://learningnetwork.cisco.com/s/ccna|https://www.cisco.com/c/en/us/training-events/training-certifications/exams/current-list/ccna-200-301.html
ccna,ip-connectivity,IC-3,200-301 — IC-3 (MEDIUM) #19,What is the recommended design when applying Configure OSPF and static routing in the context of Cisco CCNA?,Mix controls from unrelated domains that do not address the stated objective.,"Follow the documented approach for Configure OSPF and static routing, using recommended services and controls per the exam guide.",Use an approach that contradicts the exam objective and ignores documented constraints.,"Deploy without monitoring, backup, or access controls required by the blueprint.",D,MEDIUM,ccna|ip-connectivity|IC-3|medium|blueprint-seed,**Answer: D** — Configure OSPF and static routing. Review the official Cisco exam guide (200-301) and linked documentation. Objective: IC-3.,https://learningnetwork.cisco.com/s/ccna|https://www.cisco.com/c/en/us/training-events/training-certifications/exams/current-list/ccna-200-301.html
ccna,ip-connectivity,IC-3,200-301 — IC-3 (MEDIUM) #20,A team must implement a solution for Configure OSPF and static routing in the context of Cisco CCNA?,"Implement Configure OSPF and static routing using Cisco best practices for Network Access and IP Connectivity, including monitoring and least privilege.",Use an approach that contradicts the exam objective and ignores documented constraints.,"Deploy without monitoring, backup, or access controls required by the blueprint.",Mix controls from unrelated domains that do not address the stated objective.,A,MEDIUM,ccna|ip-connectivity|IC-3|medium|blueprint-seed,**Answer: A** — Configure OSPF and static routing. Review the official Cisco exam guide (200-301) and linked documentation. Objective: IC-3.,https://learningnetwork.cisco.com/s/ccna|https://www.cisco.com/c/en/us/training-events/training-certifications/exams/current-list/ccna-200-301.html
ccna,ip-connectivity,IC-3,200-301 — IC-3 (MEDIUM) #21,Which approach aligns with best practices when Configure OSPF and static routing in the context of Cisco CCNA?,Use an approach that contradicts the exam objective and ignores documented constraints.,"Deploy without monitoring, backup, or access controls required by the blueprint.",Mix controls from unrelated domains that do not address the stated objective.,Apply the official Network Access and IP Connectivity guidance: Configure OSPF and static routing — this aligns with exam blueprint expectations and vendor documentation.,B,MEDIUM,ccna|ip-connectivity|IC-3|medium|blueprint-seed,**Answer: B** — Configure OSPF and static routing. Review the official Cisco exam guide (200-301) and linked documentation. Objective: IC-3.,https://learningnetwork.cisco.com/s/ccna|https://www.cisco.com/c/en/us/training-events/training-certifications/exams/current-list/ccna-200-301.html
ccna,ip-connectivity,IC-3,200-301 — IC-3 (MEDIUM) #22,"During a project review, stakeholders ask how to Configure OSPF and static routing in the context of Cisco CCNA?","Deploy without monitoring, backup, or access controls required by the blueprint.",Mix controls from unrelated domains that do not address the stated objective.,"Follow the documented approach for Configure OSPF and static routing, using recommended services and controls per the exam guide.",Use an approach that contradicts the exam objective and ignores documented constraints.,C,MEDIUM,ccna|ip-connectivity|IC-3|medium|blueprint-seed,**Answer: C** — Configure OSPF and static routing. Review the official Cisco exam guide (200-301) and linked documentation. Objective: IC-3.,https://learningnetwork.cisco.com/s/ccna|https://www.cisco.com/c/en/us/training-events/training-certifications/exams/current-list/ccna-200-301.html
ccna,ip-connectivity,IC-3,200-301 — IC-3 (MEDIUM) #23,Which configuration satisfies requirements for Configure OSPF and static routing in the context of Cisco CCNA?,Mix controls from unrelated domains that do not address the stated objective.,"Implement Configure OSPF and static routing using Cisco best practices for Network Access and IP Connectivity, including monitoring and least privilege.",Use an approach that contradicts the exam objective and ignores documented constraints.,"Deploy without monitoring, backup, or access controls required by the blueprint.",D,MEDIUM,ccna|ip-connectivity|IC-3|medium|blueprint-seed,**Answer: D** — Configure OSPF and static routing. Review the official Cisco exam guide (200-301) and linked documentation. Objective: IC-3.,https://learningnetwork.cisco.com/s/ccna|https://www.cisco.com/c/en/us/training-events/training-certifications/exams/current-list/ccna-200-301.html
ccna,ip-connectivity,IC-3,200-301 — IC-3 (MEDIUM) #24,What is the recommended design when applying Configure OSPF and static routing in the context of Cisco CCNA?,Apply the official Network Access and IP Connectivity guidance: Configure OSPF and static routing — this aligns with exam blueprint expectations and vendor documentation.,Use an approach that contradicts the exam objective and ignores documented constraints.,"Deploy without monitoring, backup, or access controls required by the blueprint.",Mix controls from unrelated domains that do not address the stated objective.,A,MEDIUM,ccna|ip-connectivity|IC-3|medium|blueprint-seed,**Answer: A** — Configure OSPF and static routing. Review the official Cisco exam guide (200-301) and linked documentation. Objective: IC-3.,https://learningnetwork.cisco.com/s/ccna|https://www.cisco.com/c/en/us/training-events/training-certifications/exams/current-list/ccna-200-301.html
ccna,ip-connectivity,IC-3,200-301 — IC-3 (MEDIUM) #25,A team must implement a solution for Configure OSPF and static routing in the context of Cisco CCNA?,Use an approach that contradicts the exam objective and ignores documented constraints.,"Deploy without monitoring, backup, or access controls required by the blueprint.",Mix controls from unrelated domains that do not address the stated objective.,"Follow the documented approach for Configure OSPF and static routing, using recommended services and controls per the exam guide.",B,MEDIUM,ccna|ip-connectivity|IC-3|medium|blueprint-seed,**Answer: B** — Configure OSPF and static routing. Review the official Cisco exam guide (200-301) and linked documentation. Objective: IC-3.,https://learningnetwork.cisco.com/s/ccna|https://www.cisco.com/c/en/us/training-events/training-certifications/exams/current-list/ccna-200-301.html
ccna,ip-connectivity,IC-3,200-301 — IC-3 (MEDIUM) #26,Which approach aligns with best practices when Configure OSPF and static routing in the context of Cisco CCNA?,"Deploy without monitoring, backup, or access controls required by the blueprint.",Mix controls from unrelated domains that do not address the stated objective.,"Implement Configure OSPF and static routing using Cisco best practices for Network Access and IP Connectivity, including monitoring and least privilege.",Use an approach that contradicts the exam objective and ignores documented constraints.,C,MEDIUM,ccna|ip-connectivity|IC-3|medium|blueprint-seed,**Answer: C** — Configure OSPF and static routing. Review the official Cisco exam guide (200-301) and linked documentation. Objective: IC-3.,https://learningnetwork.cisco.com/s/ccna|https://www.cisco.com/c/en/us/training-events/training-certifications/exams/current-list/ccna-200-301.html
ccna,ip-connectivity,IC-3,200-301 — IC-3 (MEDIUM) #27,"During a project review, stakeholders ask how to Configure OSPF and static routing in the context of Cisco CCNA?",Mix controls from unrelated domains that do not address the stated objective.,Apply the official Network Access and IP Connectivity guidance: Configure OSPF and static routing — this aligns with exam blueprint expectations and vendor documentation.,Use an approach that contradicts the exam objective and ignores documented constraints.,"Deploy without monitoring, backup, or access controls required by the blueprint.",D,MEDIUM,ccna|ip-connectivity|IC-3|medium|blueprint-seed,**Answer: D** — Configure OSPF and static routing. Review the official Cisco exam guide (200-301) and linked documentation. Objective: IC-3.,https://learningnetwork.cisco.com/s/ccna|https://www.cisco.com/c/en/us/training-events/training-certifications/exams/current-list/ccna-200-301.html
ccna,ip-connectivity,IC-3,200-301 — IC-3 (MEDIUM) #28,Which configuration satisfies requirements for Configure OSPF and static routing in the context of Cisco CCNA?,"Follow the documented approach for Configure OSPF and static routing, using recommended services and controls per the exam guide.",Use an approach that contradicts the exam objective and ignores documented constraints.,"Deploy without monitoring, backup, or access controls required by the blueprint.",Mix controls from unrelated domains that do not address the stated objective.,A,MEDIUM,ccna|ip-connectivity|IC-3|medium|blueprint-seed,**Answer: A** — Configure OSPF and static routing. Review the official Cisco exam guide (200-301) and linked documentation. Objective: IC-3.,https://learningnetwork.cisco.com/s/ccna|https://www.cisco.com/c/en/us/training-events/training-certifications/exams/current-list/ccna-200-301.html
ccna,ip-connectivity,IC-3,200-301 — IC-3 (HARD) #29,A multi-team rollout must balance security and velocity for Configure OSPF and static routing for Network Access and IP Connectivity?,Use an approach that contradicts the exam objective and ignores documented constraints.,"Deploy without monitoring, backup, or access controls required by the blueprint.",Mix controls from unrelated domains that do not address the stated objective.,"Implement Configure OSPF and static routing using Cisco best practices for Network Access and IP Connectivity, including monitoring and least privilege.",B,HARD,ccna|ip-connectivity|IC-3|hard|blueprint-seed,**Answer: B** — Configure OSPF and static routing. Review the official Cisco exam guide (200-301) and linked documentation. Objective: IC-3.,https://learningnetwork.cisco.com/s/ccna|https://www.cisco.com/c/en/us/training-events/training-certifications/exams/current-list/ccna-200-301.html
ccna,ip-connectivity,IC-3,200-301 — IC-3 (HARD) #30,An enterprise requires zero-downtime architecture while Configure OSPF and static routing for Network Access and IP Connectivity?,"Deploy without monitoring, backup, or access controls required by the blueprint.",Mix controls from unrelated domains that do not address the stated objective.,Apply the official Network Access and IP Connectivity guidance: Configure OSPF and static routing — this aligns with exam blueprint expectations and vendor documentation.,Use an approach that contradicts the exam objective and ignores documented constraints.,C,HARD,ccna|ip-connectivity|IC-3|hard|blueprint-seed,**Answer: C** — Configure OSPF and static routing. Review the official Cisco exam guide (200-301) and linked documentation. Objective: IC-3.,https://learningnetwork.cisco.com/s/ccna|https://www.cisco.com/c/en/us/training-events/training-certifications/exams/current-list/ccna-200-301.html
ccna,ip-connectivity,IC-3,200-301 — IC-3 (HARD) #31,"Given strict compliance, auditability, and multi-region constraints, how should you Configure OSPF and static routing for Network Access and IP Connectivity?",Mix controls from unrelated domains that do not address the stated objective.,"Follow the documented approach for Configure OSPF and static routing, using recommended services and controls per the exam guide.",Use an approach that contradicts the exam objective and ignores documented constraints.,"Deploy without monitoring, backup, or access controls required by the blueprint.",D,HARD,ccna|ip-connectivity|IC-3|hard|blueprint-seed,**Answer: D** — Configure OSPF and static routing. Review the official Cisco exam guide (200-301) and linked documentation. Objective: IC-3.,https://learningnetwork.cisco.com/s/ccna|https://www.cisco.com/c/en/us/training-events/training-certifications/exams/current-list/ccna-200-301.html
ccna,ip-connectivity,IC-3,200-301 — IC-3 (HARD) #32,A production incident involves trade-offs between cost and resilience for Configure OSPF and static routing for Network Access and IP Connectivity?,"Implement Configure OSPF and static routing using Cisco best practices for Network Access and IP Connectivity, including monitoring and least privilege.",Use an approach that contradicts the exam objective and ignores documented constraints.,"Deploy without monitoring, backup, or access controls required by the blueprint.",Mix controls from unrelated domains that do not address the stated objective.,A,HARD,ccna|ip-connectivity|IC-3|hard|blueprint-seed,**Answer: A** — Configure OSPF and static routing. Review the official Cisco exam guide (200-301) and linked documentation. Objective: IC-3.,https://learningnetwork.cisco.com/s/ccna|https://www.cisco.com/c/en/us/training-events/training-certifications/exams/current-list/ccna-200-301.html
ccna,ip-connectivity,IC-3,200-301 — IC-3 (HARD) #33,Complex regulatory requirements demand that you Configure OSPF and static routing for Network Access and IP Connectivity?,Use an approach that contradicts the exam objective and ignores documented constraints.,"Deploy without monitoring, backup, or access controls required by the blueprint.",Mix controls from unrelated domains that do not address the stated objective.,Apply the official Network Access and IP Connectivity guidance: Configure OSPF and static routing — this aligns with exam blueprint expectations and vendor documentation.,B,HARD,ccna|ip-connectivity|IC-3|hard|blueprint-seed,**Answer: B** — Configure OSPF and static routing. Review the official Cisco exam guide (200-301) and linked documentation. Objective: IC-3.,https://learningnetwork.cisco.com/s/ccna|https://www.cisco.com/c/en/us/training-events/training-certifications/exams/current-list/ccna-200-301.html
ccna,ip-connectivity,IC-3,200-301 — IC-3 (HARD) #34,A multi-team rollout must balance security and velocity for Configure OSPF and static routing for Network Access and IP Connectivity?,"Deploy without monitoring, backup, or access controls required by the blueprint.",Mix controls from unrelated domains that do not address the stated objective.,"Follow the documented approach for Configure OSPF and static routing, using recommended services and controls per the exam guide.",Use an approach that contradicts the exam objective and ignores documented constraints.,C,HARD,ccna|ip-connectivity|IC-3|hard|blueprint-seed,**Answer: C** — Configure OSPF and static routing. Review the official Cisco exam guide (200-301) and linked documentation. Objective: IC-3.,https://learningnetwork.cisco.com/s/ccna|https://www.cisco.com/c/en/us/training-events/training-certifications/exams/current-list/ccna-200-301.html
ccna,ip-connectivity,IC-3,200-301 — IC-3 (HARD) #35,An enterprise requires zero-downtime architecture while Configure OSPF and static routing for Network Access and IP Connectivity?,Mix controls from unrelated domains that do not address the stated objective.,"Implement Configure OSPF and static routing using Cisco best practices for Network Access and IP Connectivity, including monitoring and least privilege.",Use an approach that contradicts the exam objective and ignores documented constraints.,"Deploy without monitoring, backup, or access controls required by the blueprint.",D,HARD,ccna|ip-connectivity|IC-3|hard|blueprint-seed,**Answer: D** — Configure OSPF and static routing. Review the official Cisco exam guide (200-301) and linked documentation. Objective: IC-3.,https://learningnetwork.cisco.com/s/ccna|https://www.cisco.com/c/en/us/training-events/training-certifications/exams/current-list/ccna-200-301.html
ccna,ip-connectivity,IC-3,200-301 — IC-3 (HARD) #36,"Given strict compliance, auditability, and multi-region constraints, how should you Configure OSPF and static routing for Network Access and IP Connectivity?",Apply the official Network Access and IP Connectivity guidance: Configure OSPF and static routing — this aligns with exam blueprint expectations and vendor documentation.,Use an approach that contradicts the exam objective and ignores documented constraints.,"Deploy without monitoring, backup, or access controls required by the blueprint.",Mix controls from unrelated domains that do not address the stated objective.,A,HARD,ccna|ip-connectivity|IC-3|hard|blueprint-seed,**Answer: A** — Configure OSPF and static routing. Review the official Cisco exam guide (200-301) and linked documentation. Objective: IC-3.,https://learningnetwork.cisco.com/s/ccna|https://www.cisco.com/c/en/us/training-events/training-certifications/exams/current-list/ccna-200-301.html
ccna,ip-connectivity,IC-3,200-301 — IC-3 (HARD) #37,A production incident involves trade-offs between cost and resilience for Configure OSPF and static routing for Network Access and IP Connectivity?,Use an approach that contradicts the exam objective and ignores documented constraints.,"Deploy without monitoring, backup, or access controls required by the blueprint.",Mix controls from unrelated domains that do not address the stated objective.,"Follow the documented approach for Configure OSPF and static routing, using recommended services and controls per the exam guide.",B,HARD,ccna|ip-connectivity|IC-3|hard|blueprint-seed,**Answer: B** — Configure OSPF and static routing. Review the official Cisco exam guide (200-301) and linked documentation. Objective: IC-3.,https://learningnetwork.cisco.com/s/ccna|https://www.cisco.com/c/en/us/training-events/training-certifications/exams/current-list/ccna-200-301.html
ccna,ip-connectivity,IC-3,200-301 — IC-3 (HARD) #38,Complex regulatory requirements demand that you Configure OSPF and static routing for Network Access and IP Connectivity?,"Deploy without monitoring, backup, or access controls required by the blueprint.",Mix controls from unrelated domains that do not address the stated objective.,"Implement Configure OSPF and static routing using Cisco best practices for Network Access and IP Connectivity, including monitoring and least privilege.",Use an approach that contradicts the exam objective and ignores documented constraints.,C,HARD,ccna|ip-connectivity|IC-3|hard|blueprint-seed,**Answer: C** — Configure OSPF and static routing. Review the official Cisco exam guide (200-301) and linked documentation. Objective: IC-3.,https://learningnetwork.cisco.com/s/ccna|https://www.cisco.com/c/en/us/training-events/training-certifications/exams/current-list/ccna-200-301.html
ccna,ip-connectivity,IC-3,200-301 — IC-3 (HARD) #39,A multi-team rollout must balance security and velocity for Configure OSPF and static routing for Network Access and IP Connectivity?,Mix controls from unrelated domains that do not address the stated objective.,Apply the official Network Access and IP Connectivity guidance: Configure OSPF and static routing — this aligns with exam blueprint expectations and vendor documentation.,Use an approach that contradicts the exam objective and ignores documented constraints.,"Deploy without monitoring, backup, or access controls required by the blueprint.",D,HARD,ccna|ip-connectivity|IC-3|hard|blueprint-seed,**Answer: D** — Configure OSPF and static routing. Review the official Cisco exam guide (200-301) and linked documentation. Objective: IC-3.,https://learningnetwork.cisco.com/s/ccna|https://www.cisco.com/c/en/us/training-events/training-certifications/exams/current-list/ccna-200-301.html
ccna,ip-connectivity,IC-3,200-301 — IC-3 (HARD) #40,An enterprise requires zero-downtime architecture while Configure OSPF and static routing for Network Access and IP Connectivity?,"Follow the documented approach for Configure OSPF and static routing, using recommended services and controls per the exam guide.",Use an approach that contradicts the exam objective and ignores documented constraints.,"Deploy without monitoring, backup, or access controls required by the blueprint.",Mix controls from unrelated domains that do not address the stated objective.,A,HARD,ccna|ip-connectivity|IC-3|hard|blueprint-seed,**Answer: A** — Configure OSPF and static routing. Review the official Cisco exam guide (200-301) and linked documentation. Objective: IC-3.,https://learningnetwork.cisco.com/s/ccna|https://www.cisco.com/c/en/us/training-events/training-certifications/exams/current-list/ccna-200-301.html
ccna,ip-connectivity,IC-3,200-301 — IC-3 (HARD) #41,"Given strict compliance, auditability, and multi-region constraints, how should you Configure OSPF and static routing for Network Access and IP Connectivity?",Use an approach that contradicts the exam objective and ignores documented constraints.,"Deploy without monitoring, backup, or access controls required by the blueprint.",Mix controls from unrelated domains that do not address the stated objective.,"Implement Configure OSPF and static routing using Cisco best practices for Network Access and IP Connectivity, including monitoring and least privilege.",B,HARD,ccna|ip-connectivity|IC-3|hard|blueprint-seed,**Answer: B** — Configure OSPF and static routing. Review the official Cisco exam guide (200-301) and linked documentation. Objective: IC-3.,https://learningnetwork.cisco.com/s/ccna|https://www.cisco.com/c/en/us/training-events/training-certifications/exams/current-list/ccna-200-301.html
ccna,ip-services,IS-1,200-301 — IS-1 (EASY) #1,What is the primary purpose of Configure NAT and NTP?,Use an approach that contradicts the exam objective and ignores documented constraints.,"Deploy without monitoring, backup, or access controls required by the blueprint.",Mix controls from unrelated domains that do not address the stated objective.,"Follow the documented approach for Configure NAT and NTP, using recommended services and controls per the exam guide.",B,EASY,ccna|ip-services|IS-1|easy|blueprint-seed,**Answer: B** — Configure NAT and NTP. Review the official Cisco exam guide (200-301) and linked documentation. Objective: IS-1.,https://learningnetwork.cisco.com/s/ccna|https://www.cisco.com/c/en/us/training-events/training-certifications/exams/current-list/ccna-200-301.html
ccna,ip-services,IS-1,200-301 — IS-1 (EASY) #2,Which concept is fundamental to Configure NAT and NTP?,"Deploy without monitoring, backup, or access controls required by the blueprint.",Mix controls from unrelated domains that do not address the stated objective.,"Implement Configure NAT and NTP using Cisco best practices for IP Services, including monitoring and least privilege.",Use an approach that contradicts the exam objective and ignores documented constraints.,C,EASY,ccna|ip-services|IS-1|easy|blueprint-seed,**Answer: C** — Configure NAT and NTP. Review the official Cisco exam guide (200-301) and linked documentation. Objective: IS-1.,https://learningnetwork.cisco.com/s/ccna|https://www.cisco.com/c/en/us/training-events/training-certifications/exams/current-list/ccna-200-301.html
ccna,ip-services,IS-1,200-301 — IS-1 (EASY) #3,Identify the core principle behind Configure NAT and NTP?,Mix controls from unrelated domains that do not address the stated objective.,Apply the official IP Services guidance: Configure NAT and NTP — this aligns with exam blueprint expectations and vendor documentation.,Use an approach that contradicts the exam objective and ignores documented constraints.,"Deploy without monitoring, backup, or access controls required by the blueprint.",D,EASY,ccna|ip-services|IS-1|easy|blueprint-seed,**Answer: D** — Configure NAT and NTP. Review the official Cisco exam guide (200-301) and linked documentation. Objective: IS-1.,https://learningnetwork.cisco.com/s/ccna|https://www.cisco.com/c/en/us/training-events/training-certifications/exams/current-list/ccna-200-301.html
ccna,ip-services,IS-1,200-301 — IS-1 (EASY) #4,Which description accurately reflects Configure NAT and NTP?,"Follow the documented approach for Configure NAT and NTP, using recommended services and controls per the exam guide.",Use an approach that contradicts the exam objective and ignores documented constraints.,"Deploy without monitoring, backup, or access controls required by the blueprint.",Mix controls from unrelated domains that do not address the stated objective.,A,EASY,ccna|ip-services|IS-1|easy|blueprint-seed,**Answer: A** — Configure NAT and NTP. Review the official Cisco exam guide (200-301) and linked documentation. Objective: IS-1.,https://learningnetwork.cisco.com/s/ccna|https://www.cisco.com/c/en/us/training-events/training-certifications/exams/current-list/ccna-200-301.html
ccna,ip-services,IS-1,200-301 — IS-1 (EASY) #5,Which statement best defines the scope of Configure NAT and NTP?,Use an approach that contradicts the exam objective and ignores documented constraints.,"Deploy without monitoring, backup, or access controls required by the blueprint.",Mix controls from unrelated domains that do not address the stated objective.,"Implement Configure NAT and NTP using Cisco best practices for IP Services, including monitoring and least privilege.",B,EASY,ccna|ip-services|IS-1|easy|blueprint-seed,**Answer: B** — Configure NAT and NTP. Review the official Cisco exam guide (200-301) and linked documentation. Objective: IS-1.,https://learningnetwork.cisco.com/s/ccna|https://www.cisco.com/c/en/us/training-events/training-certifications/exams/current-list/ccna-200-301.html
ccna,ip-services,IS-1,200-301 — IS-1 (EASY) #6,What is the primary purpose of Configure NAT and NTP?,"Deploy without monitoring, backup, or access controls required by the blueprint.",Mix controls from unrelated domains that do not address the stated objective.,Apply the official IP Services guidance: Configure NAT and NTP — this aligns with exam blueprint expectations and vendor documentation.,Use an approach that contradicts the exam objective and ignores documented constraints.,C,EASY,ccna|ip-services|IS-1|easy|blueprint-seed,**Answer: C** — Configure NAT and NTP. Review the official Cisco exam guide (200-301) and linked documentation. Objective: IS-1.,https://learningnetwork.cisco.com/s/ccna|https://www.cisco.com/c/en/us/training-events/training-certifications/exams/current-list/ccna-200-301.html
ccna,ip-services,IS-1,200-301 — IS-1 (EASY) #7,Which concept is fundamental to Configure NAT and NTP?,Mix controls from unrelated domains that do not address the stated objective.,"Follow the documented approach for Configure NAT and NTP, using recommended services and controls per the exam guide.",Use an approach that contradicts the exam objective and ignores documented constraints.,"Deploy without monitoring, backup, or access controls required by the blueprint.",D,EASY,ccna|ip-services|IS-1|easy|blueprint-seed,**Answer: D** — Configure NAT and NTP. Review the official Cisco exam guide (200-301) and linked documentation. Objective: IS-1.,https://learningnetwork.cisco.com/s/ccna|https://www.cisco.com/c/en/us/training-events/training-certifications/exams/current-list/ccna-200-301.html
ccna,ip-services,IS-1,200-301 — IS-1 (EASY) #8,Identify the core principle behind Configure NAT and NTP?,"Implement Configure NAT and NTP using Cisco best practices for IP Services, including monitoring and least privilege.",Use an approach that contradicts the exam objective and ignores documented constraints.,"Deploy without monitoring, backup, or access controls required by the blueprint.",Mix controls from unrelated domains that do not address the stated objective.,A,EASY,ccna|ip-services|IS-1|easy|blueprint-seed,**Answer: A** — Configure NAT and NTP. Review the official Cisco exam guide (200-301) and linked documentation. Objective: IS-1.,https://learningnetwork.cisco.com/s/ccna|https://www.cisco.com/c/en/us/training-events/training-certifications/exams/current-list/ccna-200-301.html
ccna,ip-services,IS-1,200-301 — IS-1 (EASY) #9,Which description accurately reflects Configure NAT and NTP?,Use an approach that contradicts the exam objective and ignores documented constraints.,"Deploy without monitoring, backup, or access controls required by the blueprint.",Mix controls from unrelated domains that do not address the stated objective.,Apply the official IP Services guidance: Configure NAT and NTP — this aligns with exam blueprint expectations and vendor documentation.,B,EASY,ccna|ip-services|IS-1|easy|blueprint-seed,**Answer: B** — Configure NAT and NTP. Review the official Cisco exam guide (200-301) and linked documentation. Objective: IS-1.,https://learningnetwork.cisco.com/s/ccna|https://www.cisco.com/c/en/us/training-events/training-certifications/exams/current-list/ccna-200-301.html
ccna,ip-services,IS-1,200-301 — IS-1 (EASY) #10,Which statement best defines the scope of Configure NAT and NTP?,"Deploy without monitoring, backup, or access controls required by the blueprint.",Mix controls from unrelated domains that do not address the stated objective.,"Follow the documented approach for Configure NAT and NTP, using recommended services and controls per the exam guide.",Use an approach that contradicts the exam objective and ignores documented constraints.,C,EASY,ccna|ip-services|IS-1|easy|blueprint-seed,**Answer: C** — Configure NAT and NTP. Review the official Cisco exam guide (200-301) and linked documentation. Objective: IS-1.,https://learningnetwork.cisco.com/s/ccna|https://www.cisco.com/c/en/us/training-events/training-certifications/exams/current-list/ccna-200-301.html
ccna,ip-services,IS-1,200-301 — IS-1 (EASY) #11,What is the primary purpose of Configure NAT and NTP?,Mix controls from unrelated domains that do not address the stated objective.,"Implement Configure NAT and NTP using Cisco best practices for IP Services, including monitoring and least privilege.",Use an approach that contradicts the exam objective and ignores documented constraints.,"Deploy without monitoring, backup, or access controls required by the blueprint.",D,EASY,ccna|ip-services|IS-1|easy|blueprint-seed,**Answer: D** — Configure NAT and NTP. Review the official Cisco exam guide (200-301) and linked documentation. Objective: IS-1.,https://learningnetwork.cisco.com/s/ccna|https://www.cisco.com/c/en/us/training-events/training-certifications/exams/current-list/ccna-200-301.html
ccna,ip-services,IS-1,200-301 — IS-1 (EASY) #12,Which concept is fundamental to Configure NAT and NTP?,Apply the official IP Services guidance: Configure NAT and NTP — this aligns with exam blueprint expectations and vendor documentation.,Use an approach that contradicts the exam objective and ignores documented constraints.,"Deploy without monitoring, backup, or access controls required by the blueprint.",Mix controls from unrelated domains that do not address the stated objective.,A,EASY,ccna|ip-services|IS-1|easy|blueprint-seed,**Answer: A** — Configure NAT and NTP. Review the official Cisco exam guide (200-301) and linked documentation. Objective: IS-1.,https://learningnetwork.cisco.com/s/ccna|https://www.cisco.com/c/en/us/training-events/training-certifications/exams/current-list/ccna-200-301.html
ccna,ip-services,IS-1,200-301 — IS-1 (EASY) #13,Identify the core principle behind Configure NAT and NTP?,Use an approach that contradicts the exam objective and ignores documented constraints.,"Deploy without monitoring, backup, or access controls required by the blueprint.",Mix controls from unrelated domains that do not address the stated objective.,"Follow the documented approach for Configure NAT and NTP, using recommended services and controls per the exam guide.",B,EASY,ccna|ip-services|IS-1|easy|blueprint-seed,**Answer: B** — Configure NAT and NTP. Review the official Cisco exam guide (200-301) and linked documentation. Objective: IS-1.,https://learningnetwork.cisco.com/s/ccna|https://www.cisco.com/c/en/us/training-events/training-certifications/exams/current-list/ccna-200-301.html
ccna,ip-services,IS-1,200-301 — IS-1 (MEDIUM) #14,What is the recommended design when applying Configure NAT and NTP in the context of Cisco CCNA?,"Deploy without monitoring, backup, or access controls required by the blueprint.",Mix controls from unrelated domains that do not address the stated objective.,"Implement Configure NAT and NTP using Cisco best practices for IP Services, including monitoring and least privilege.",Use an approach that contradicts the exam objective and ignores documented constraints.,C,MEDIUM,ccna|ip-services|IS-1|medium|blueprint-seed,**Answer: C** — Configure NAT and NTP. Review the official Cisco exam guide (200-301) and linked documentation. Objective: IS-1.,https://learningnetwork.cisco.com/s/ccna|https://www.cisco.com/c/en/us/training-events/training-certifications/exams/current-list/ccna-200-301.html
ccna,ip-services,IS-1,200-301 — IS-1 (MEDIUM) #15,A team must implement a solution for Configure NAT and NTP in the context of Cisco CCNA?,Mix controls from unrelated domains that do not address the stated objective.,Apply the official IP Services guidance: Configure NAT and NTP — this aligns with exam blueprint expectations and vendor documentation.,Use an approach that contradicts the exam objective and ignores documented constraints.,"Deploy without monitoring, backup, or access controls required by the blueprint.",D,MEDIUM,ccna|ip-services|IS-1|medium|blueprint-seed,**Answer: D** — Configure NAT and NTP. Review the official Cisco exam guide (200-301) and linked documentation. Objective: IS-1.,https://learningnetwork.cisco.com/s/ccna|https://www.cisco.com/c/en/us/training-events/training-certifications/exams/current-list/ccna-200-301.html
ccna,ip-services,IS-1,200-301 — IS-1 (MEDIUM) #16,Which approach aligns with best practices when Configure NAT and NTP in the context of Cisco CCNA?,"Follow the documented approach for Configure NAT and NTP, using recommended services and controls per the exam guide.",Use an approach that contradicts the exam objective and ignores documented constraints.,"Deploy without monitoring, backup, or access controls required by the blueprint.",Mix controls from unrelated domains that do not address the stated objective.,A,MEDIUM,ccna|ip-services|IS-1|medium|blueprint-seed,**Answer: A** — Configure NAT and NTP. Review the official Cisco exam guide (200-301) and linked documentation. Objective: IS-1.,https://learningnetwork.cisco.com/s/ccna|https://www.cisco.com/c/en/us/training-events/training-certifications/exams/current-list/ccna-200-301.html
ccna,ip-services,IS-1,200-301 — IS-1 (MEDIUM) #17,"During a project review, stakeholders ask how to Configure NAT and NTP in the context of Cisco CCNA?",Use an approach that contradicts the exam objective and ignores documented constraints.,"Deploy without monitoring, backup, or access controls required by the blueprint.",Mix controls from unrelated domains that do not address the stated objective.,"Implement Configure NAT and NTP using Cisco best practices for IP Services, including monitoring and least privilege.",B,MEDIUM,ccna|ip-services|IS-1|medium|blueprint-seed,**Answer: B** — Configure NAT and NTP. Review the official Cisco exam guide (200-301) and linked documentation. Objective: IS-1.,https://learningnetwork.cisco.com/s/ccna|https://www.cisco.com/c/en/us/training-events/training-certifications/exams/current-list/ccna-200-301.html
ccna,ip-services,IS-1,200-301 — IS-1 (MEDIUM) #18,Which configuration satisfies requirements for Configure NAT and NTP in the context of Cisco CCNA?,"Deploy without monitoring, backup, or access controls required by the blueprint.",Mix controls from unrelated domains that do not address the stated objective.,Apply the official IP Services guidance: Configure NAT and NTP — this aligns with exam blueprint expectations and vendor documentation.,Use an approach that contradicts the exam objective and ignores documented constraints.,C,MEDIUM,ccna|ip-services|IS-1|medium|blueprint-seed,**Answer: C** — Configure NAT and NTP. Review the official Cisco exam guide (200-301) and linked documentation. Objective: IS-1.,https://learningnetwork.cisco.com/s/ccna|https://www.cisco.com/c/en/us/training-events/training-certifications/exams/current-list/ccna-200-301.html
ccna,ip-services,IS-1,200-301 — IS-1 (MEDIUM) #19,What is the recommended design when applying Configure NAT and NTP in the context of Cisco CCNA?,Mix controls from unrelated domains that do not address the stated objective.,"Follow the documented approach for Configure NAT and NTP, using recommended services and controls per the exam guide.",Use an approach that contradicts the exam objective and ignores documented constraints.,"Deploy without monitoring, backup, or access controls required by the blueprint.",D,MEDIUM,ccna|ip-services|IS-1|medium|blueprint-seed,**Answer: D** — Configure NAT and NTP. Review the official Cisco exam guide (200-301) and linked documentation. Objective: IS-1.,https://learningnetwork.cisco.com/s/ccna|https://www.cisco.com/c/en/us/training-events/training-certifications/exams/current-list/ccna-200-301.html
ccna,ip-services,IS-1,200-301 — IS-1 (MEDIUM) #20,A team must implement a solution for Configure NAT and NTP in the context of Cisco CCNA?,"Implement Configure NAT and NTP using Cisco best practices for IP Services, including monitoring and least privilege.",Use an approach that contradicts the exam objective and ignores documented constraints.,"Deploy without monitoring, backup, or access controls required by the blueprint.",Mix controls from unrelated domains that do not address the stated objective.,A,MEDIUM,ccna|ip-services|IS-1|medium|blueprint-seed,**Answer: A** — Configure NAT and NTP. Review the official Cisco exam guide (200-301) and linked documentation. Objective: IS-1.,https://learningnetwork.cisco.com/s/ccna|https://www.cisco.com/c/en/us/training-events/training-certifications/exams/current-list/ccna-200-301.html
ccna,ip-services,IS-1,200-301 — IS-1 (MEDIUM) #21,Which approach aligns with best practices when Configure NAT and NTP in the context of Cisco CCNA?,Use an approach that contradicts the exam objective and ignores documented constraints.,"Deploy without monitoring, backup, or access controls required by the blueprint.",Mix controls from unrelated domains that do not address the stated objective.,Apply the official IP Services guidance: Configure NAT and NTP — this aligns with exam blueprint expectations and vendor documentation.,B,MEDIUM,ccna|ip-services|IS-1|medium|blueprint-seed,**Answer: B** — Configure NAT and NTP. Review the official Cisco exam guide (200-301) and linked documentation. Objective: IS-1.,https://learningnetwork.cisco.com/s/ccna|https://www.cisco.com/c/en/us/training-events/training-certifications/exams/current-list/ccna-200-301.html
ccna,ip-services,IS-1,200-301 — IS-1 (MEDIUM) #22,"During a project review, stakeholders ask how to Configure NAT and NTP in the context of Cisco CCNA?","Deploy without monitoring, backup, or access controls required by the blueprint.",Mix controls from unrelated domains that do not address the stated objective.,"Follow the documented approach for Configure NAT and NTP, using recommended services and controls per the exam guide.",Use an approach that contradicts the exam objective and ignores documented constraints.,C,MEDIUM,ccna|ip-services|IS-1|medium|blueprint-seed,**Answer: C** — Configure NAT and NTP. Review the official Cisco exam guide (200-301) and linked documentation. Objective: IS-1.,https://learningnetwork.cisco.com/s/ccna|https://www.cisco.com/c/en/us/training-events/training-certifications/exams/current-list/ccna-200-301.html
ccna,ip-services,IS-1,200-301 — IS-1 (MEDIUM) #23,Which configuration satisfies requirements for Configure NAT and NTP in the context of Cisco CCNA?,Mix controls from unrelated domains that do not address the stated objective.,"Implement Configure NAT and NTP using Cisco best practices for IP Services, including monitoring and least privilege.",Use an approach that contradicts the exam objective and ignores documented constraints.,"Deploy without monitoring, backup, or access controls required by the blueprint.",D,MEDIUM,ccna|ip-services|IS-1|medium|blueprint-seed,**Answer: D** — Configure NAT and NTP. Review the official Cisco exam guide (200-301) and linked documentation. Objective: IS-1.,https://learningnetwork.cisco.com/s/ccna|https://www.cisco.com/c/en/us/training-events/training-certifications/exams/current-list/ccna-200-301.html
ccna,ip-services,IS-1,200-301 — IS-1 (MEDIUM) #24,What is the recommended design when applying Configure NAT and NTP in the context of Cisco CCNA?,Apply the official IP Services guidance: Configure NAT and NTP — this aligns with exam blueprint expectations and vendor documentation.,Use an approach that contradicts the exam objective and ignores documented constraints.,"Deploy without monitoring, backup, or access controls required by the blueprint.",Mix controls from unrelated domains that do not address the stated objective.,A,MEDIUM,ccna|ip-services|IS-1|medium|blueprint-seed,**Answer: A** — Configure NAT and NTP. Review the official Cisco exam guide (200-301) and linked documentation. Objective: IS-1.,https://learningnetwork.cisco.com/s/ccna|https://www.cisco.com/c/en/us/training-events/training-certifications/exams/current-list/ccna-200-301.html
ccna,ip-services,IS-1,200-301 — IS-1 (MEDIUM) #25,A team must implement a solution for Configure NAT and NTP in the context of Cisco CCNA?,Use an approach that contradicts the exam objective and ignores documented constraints.,"Deploy without monitoring, backup, or access controls required by the blueprint.",Mix controls from unrelated domains that do not address the stated objective.,"Follow the documented approach for Configure NAT and NTP, using recommended services and controls per the exam guide.",B,MEDIUM,ccna|ip-services|IS-1|medium|blueprint-seed,**Answer: B** — Configure NAT and NTP. Review the official Cisco exam guide (200-301) and linked documentation. Objective: IS-1.,https://learningnetwork.cisco.com/s/ccna|https://www.cisco.com/c/en/us/training-events/training-certifications/exams/current-list/ccna-200-301.html
ccna,ip-services,IS-1,200-301 — IS-1 (MEDIUM) #26,Which approach aligns with best practices when Configure NAT and NTP in the context of Cisco CCNA?,"Deploy without monitoring, backup, or access controls required by the blueprint.",Mix controls from unrelated domains that do not address the stated objective.,"Implement Configure NAT and NTP using Cisco best practices for IP Services, including monitoring and least privilege.",Use an approach that contradicts the exam objective and ignores documented constraints.,C,MEDIUM,ccna|ip-services|IS-1|medium|blueprint-seed,**Answer: C** — Configure NAT and NTP. Review the official Cisco exam guide (200-301) and linked documentation. Objective: IS-1.,https://learningnetwork.cisco.com/s/ccna|https://www.cisco.com/c/en/us/training-events/training-certifications/exams/current-list/ccna-200-301.html
ccna,ip-services,IS-1,200-301 — IS-1 (MEDIUM) #27,"During a project review, stakeholders ask how to Configure NAT and NTP in the context of Cisco CCNA?",Mix controls from unrelated domains that do not address the stated objective.,Apply the official IP Services guidance: Configure NAT and NTP — this aligns with exam blueprint expectations and vendor documentation.,Use an approach that contradicts the exam objective and ignores documented constraints.,"Deploy without monitoring, backup, or access controls required by the blueprint.",D,MEDIUM,ccna|ip-services|IS-1|medium|blueprint-seed,**Answer: D** — Configure NAT and NTP. Review the official Cisco exam guide (200-301) and linked documentation. Objective: IS-1.,https://learningnetwork.cisco.com/s/ccna|https://www.cisco.com/c/en/us/training-events/training-certifications/exams/current-list/ccna-200-301.html
ccna,ip-services,IS-1,200-301 — IS-1 (MEDIUM) #28,Which configuration satisfies requirements for Configure NAT and NTP in the context of Cisco CCNA?,"Follow the documented approach for Configure NAT and NTP, using recommended services and controls per the exam guide.",Use an approach that contradicts the exam objective and ignores documented constraints.,"Deploy without monitoring, backup, or access controls required by the blueprint.",Mix controls from unrelated domains that do not address the stated objective.,A,MEDIUM,ccna|ip-services|IS-1|medium|blueprint-seed,**Answer: A** — Configure NAT and NTP. Review the official Cisco exam guide (200-301) and linked documentation. Objective: IS-1.,https://learningnetwork.cisco.com/s/ccna|https://www.cisco.com/c/en/us/training-events/training-certifications/exams/current-list/ccna-200-301.html
ccna,ip-services,IS-1,200-301 — IS-1 (MEDIUM) #29,What is the recommended design when applying Configure NAT and NTP in the context of Cisco CCNA?,Use an approach that contradicts the exam objective and ignores documented constraints.,"Deploy without monitoring, backup, or access controls required by the blueprint.",Mix controls from unrelated domains that do not address the stated objective.,"Implement Configure NAT and NTP using Cisco best practices for IP Services, including monitoring and least privilege.",B,MEDIUM,ccna|ip-services|IS-1|medium|blueprint-seed,**Answer: B** — Configure NAT and NTP. Review the official Cisco exam guide (200-301) and linked documentation. Objective: IS-1.,https://learningnetwork.cisco.com/s/ccna|https://www.cisco.com/c/en/us/training-events/training-certifications/exams/current-list/ccna-200-301.html
ccna,ip-services,IS-1,200-301 — IS-1 (MEDIUM) #30,A team must implement a solution for Configure NAT and NTP in the context of Cisco CCNA?,"Deploy without monitoring, backup, or access controls required by the blueprint.",Mix controls from unrelated domains that do not address the stated objective.,Apply the official IP Services guidance: Configure NAT and NTP — this aligns with exam blueprint expectations and vendor documentation.,Use an approach that contradicts the exam objective and ignores documented constraints.,C,MEDIUM,ccna|ip-services|IS-1|medium|blueprint-seed,**Answer: C** — Configure NAT and NTP. Review the official Cisco exam guide (200-301) and linked documentation. Objective: IS-1.,https://learningnetwork.cisco.com/s/ccna|https://www.cisco.com/c/en/us/training-events/training-certifications/exams/current-list/ccna-200-301.html
ccna,ip-services,IS-1,200-301 — IS-1 (HARD) #31,"Given strict compliance, auditability, and multi-region constraints, how should you Configure NAT and NTP for IP Services?",Mix controls from unrelated domains that do not address the stated objective.,"Follow the documented approach for Configure NAT and NTP, using recommended services and controls per the exam guide.",Use an approach that contradicts the exam objective and ignores documented constraints.,"Deploy without monitoring, backup, or access controls required by the blueprint.",D,HARD,ccna|ip-services|IS-1|hard|blueprint-seed,**Answer: D** — Configure NAT and NTP. Review the official Cisco exam guide (200-301) and linked documentation. Objective: IS-1.,https://learningnetwork.cisco.com/s/ccna|https://www.cisco.com/c/en/us/training-events/training-certifications/exams/current-list/ccna-200-301.html
ccna,ip-services,IS-1,200-301 — IS-1 (HARD) #32,A production incident involves trade-offs between cost and resilience for Configure NAT and NTP for IP Services?,"Implement Configure NAT and NTP using Cisco best practices for IP Services, including monitoring and least privilege.",Use an approach that contradicts the exam objective and ignores documented constraints.,"Deploy without monitoring, backup, or access controls required by the blueprint.",Mix controls from unrelated domains that do not address the stated objective.,A,HARD,ccna|ip-services|IS-1|hard|blueprint-seed,**Answer: A** — Configure NAT and NTP. Review the official Cisco exam guide (200-301) and linked documentation. Objective: IS-1.,https://learningnetwork.cisco.com/s/ccna|https://www.cisco.com/c/en/us/training-events/training-certifications/exams/current-list/ccna-200-301.html
ccna,ip-services,IS-1,200-301 — IS-1 (HARD) #33,Complex regulatory requirements demand that you Configure NAT and NTP for IP Services?,Use an approach that contradicts the exam objective and ignores documented constraints.,"Deploy without monitoring, backup, or access controls required by the blueprint.",Mix controls from unrelated domains that do not address the stated objective.,Apply the official IP Services guidance: Configure NAT and NTP — this aligns with exam blueprint expectations and vendor documentation.,B,HARD,ccna|ip-services|IS-1|hard|blueprint-seed,**Answer: B** — Configure NAT and NTP. Review the official Cisco exam guide (200-301) and linked documentation. Objective: IS-1.,https://learningnetwork.cisco.com/s/ccna|https://www.cisco.com/c/en/us/training-events/training-certifications/exams/current-list/ccna-200-301.html
ccna,ip-services,IS-1,200-301 — IS-1 (HARD) #34,A multi-team rollout must balance security and velocity for Configure NAT and NTP for IP Services?,"Deploy without monitoring, backup, or access controls required by the blueprint.",Mix controls from unrelated domains that do not address the stated objective.,"Follow the documented approach for Configure NAT and NTP, using recommended services and controls per the exam guide.",Use an approach that contradicts the exam objective and ignores documented constraints.,C,HARD,ccna|ip-services|IS-1|hard|blueprint-seed,**Answer: C** — Configure NAT and NTP. Review the official Cisco exam guide (200-301) and linked documentation. Objective: IS-1.,https://learningnetwork.cisco.com/s/ccna|https://www.cisco.com/c/en/us/training-events/training-certifications/exams/current-list/ccna-200-301.html
ccna,ip-services,IS-1,200-301 — IS-1 (HARD) #35,An enterprise requires zero-downtime architecture while Configure NAT and NTP for IP Services?,Mix controls from unrelated domains that do not address the stated objective.,"Implement Configure NAT and NTP using Cisco best practices for IP Services, including monitoring and least privilege.",Use an approach that contradicts the exam objective and ignores documented constraints.,"Deploy without monitoring, backup, or access controls required by the blueprint.",D,HARD,ccna|ip-services|IS-1|hard|blueprint-seed,**Answer: D** — Configure NAT and NTP. Review the official Cisco exam guide (200-301) and linked documentation. Objective: IS-1.,https://learningnetwork.cisco.com/s/ccna|https://www.cisco.com/c/en/us/training-events/training-certifications/exams/current-list/ccna-200-301.html
ccna,ip-services,IS-1,200-301 — IS-1 (HARD) #36,"Given strict compliance, auditability, and multi-region constraints, how should you Configure NAT and NTP for IP Services?",Apply the official IP Services guidance: Configure NAT and NTP — this aligns with exam blueprint expectations and vendor documentation.,Use an approach that contradicts the exam objective and ignores documented constraints.,"Deploy without monitoring, backup, or access controls required by the blueprint.",Mix controls from unrelated domains that do not address the stated objective.,A,HARD,ccna|ip-services|IS-1|hard|blueprint-seed,**Answer: A** — Configure NAT and NTP. Review the official Cisco exam guide (200-301) and linked documentation. Objective: IS-1.,https://learningnetwork.cisco.com/s/ccna|https://www.cisco.com/c/en/us/training-events/training-certifications/exams/current-list/ccna-200-301.html
ccna,ip-services,IS-1,200-301 — IS-1 (HARD) #37,A production incident involves trade-offs between cost and resilience for Configure NAT and NTP for IP Services?,Use an approach that contradicts the exam objective and ignores documented constraints.,"Deploy without monitoring, backup, or access controls required by the blueprint.",Mix controls from unrelated domains that do not address the stated objective.,"Follow the documented approach for Configure NAT and NTP, using recommended services and controls per the exam guide.",B,HARD,ccna|ip-services|IS-1|hard|blueprint-seed,**Answer: B** — Configure NAT and NTP. Review the official Cisco exam guide (200-301) and linked documentation. Objective: IS-1.,https://learningnetwork.cisco.com/s/ccna|https://www.cisco.com/c/en/us/training-events/training-certifications/exams/current-list/ccna-200-301.html
ccna,ip-services,IS-1,200-301 — IS-1 (HARD) #38,Complex regulatory requirements demand that you Configure NAT and NTP for IP Services?,"Deploy without monitoring, backup, or access controls required by the blueprint.",Mix controls from unrelated domains that do not address the stated objective.,"Implement Configure NAT and NTP using Cisco best practices for IP Services, including monitoring and least privilege.",Use an approach that contradicts the exam objective and ignores documented constraints.,C,HARD,ccna|ip-services|IS-1|hard|blueprint-seed,**Answer: C** — Configure NAT and NTP. Review the official Cisco exam guide (200-301) and linked documentation. Objective: IS-1.,https://learningnetwork.cisco.com/s/ccna|https://www.cisco.com/c/en/us/training-events/training-certifications/exams/current-list/ccna-200-301.html
ccna,ip-services,IS-1,200-301 — IS-1 (HARD) #39,A multi-team rollout must balance security and velocity for Configure NAT and NTP for IP Services?,Mix controls from unrelated domains that do not address the stated objective.,Apply the official IP Services guidance: Configure NAT and NTP — this aligns with exam blueprint expectations and vendor documentation.,Use an approach that contradicts the exam objective and ignores documented constraints.,"Deploy without monitoring, backup, or access controls required by the blueprint.",D,HARD,ccna|ip-services|IS-1|hard|blueprint-seed,**Answer: D** — Configure NAT and NTP. Review the official Cisco exam guide (200-301) and linked documentation. Objective: IS-1.,https://learningnetwork.cisco.com/s/ccna|https://www.cisco.com/c/en/us/training-events/training-certifications/exams/current-list/ccna-200-301.html
ccna,ip-services,IS-1,200-301 — IS-1 (HARD) #40,An enterprise requires zero-downtime architecture while Configure NAT and NTP for IP Services?,"Follow the documented approach for Configure NAT and NTP, using recommended services and controls per the exam guide.",Use an approach that contradicts the exam objective and ignores documented constraints.,"Deploy without monitoring, backup, or access controls required by the blueprint.",Mix controls from unrelated domains that do not address the stated objective.,A,HARD,ccna|ip-services|IS-1|hard|blueprint-seed,**Answer: A** — Configure NAT and NTP. Review the official Cisco exam guide (200-301) and linked documentation. Objective: IS-1.,https://learningnetwork.cisco.com/s/ccna|https://www.cisco.com/c/en/us/training-events/training-certifications/exams/current-list/ccna-200-301.html
ccna,ip-services,IS-1,200-301 — IS-1 (HARD) #41,"Given strict compliance, auditability, and multi-region constraints, how should you Configure NAT and NTP for IP Services?",Use an approach that contradicts the exam objective and ignores documented constraints.,"Deploy without monitoring, backup, or access controls required by the blueprint.",Mix controls from unrelated domains that do not address the stated objective.,"Implement Configure NAT and NTP using Cisco best practices for IP Services, including monitoring and least privilege.",B,HARD,ccna|ip-services|IS-1|hard|blueprint-seed,**Answer: B** — Configure NAT and NTP. Review the official Cisco exam guide (200-301) and linked documentation. Objective: IS-1.,https://learningnetwork.cisco.com/s/ccna|https://www.cisco.com/c/en/us/training-events/training-certifications/exams/current-list/ccna-200-301.html
ccna,ip-services,IS-1,200-301 — IS-1 (HARD) #42,A production incident involves trade-offs between cost and resilience for Configure NAT and NTP for IP Services?,"Deploy without monitoring, backup, or access controls required by the blueprint.",Mix controls from unrelated domains that do not address the stated objective.,Apply the official IP Services guidance: Configure NAT and NTP — this aligns with exam blueprint expectations and vendor documentation.,Use an approach that contradicts the exam objective and ignores documented constraints.,C,HARD,ccna|ip-services|IS-1|hard|blueprint-seed,**Answer: C** — Configure NAT and NTP. Review the official Cisco exam guide (200-301) and linked documentation. Objective: IS-1.,https://learningnetwork.cisco.com/s/ccna|https://www.cisco.com/c/en/us/training-events/training-certifications/exams/current-list/ccna-200-301.html
ccna,ip-services,IS-2,200-301 — IS-2 (EASY) #1,What is the primary purpose of Configure DHCP and DNS?,Use an approach that contradicts the exam objective and ignores documented constraints.,"Deploy without monitoring, backup, or access controls required by the blueprint.",Mix controls from unrelated domains that do not address the stated objective.,"Follow the documented approach for Configure DHCP and DNS, using recommended services and controls per the exam guide.",B,EASY,ccna|ip-services|IS-2|easy|blueprint-seed,**Answer: B** — Configure DHCP and DNS. Review the official Cisco exam guide (200-301) and linked documentation. Objective: IS-2.,https://learningnetwork.cisco.com/s/ccna|https://www.cisco.com/c/en/us/training-events/training-certifications/exams/current-list/ccna-200-301.html
ccna,ip-services,IS-2,200-301 — IS-2 (EASY) #2,Which concept is fundamental to Configure DHCP and DNS?,"Deploy without monitoring, backup, or access controls required by the blueprint.",Mix controls from unrelated domains that do not address the stated objective.,"Implement Configure DHCP and DNS using Cisco best practices for IP Services, including monitoring and least privilege.",Use an approach that contradicts the exam objective and ignores documented constraints.,C,EASY,ccna|ip-services|IS-2|easy|blueprint-seed,**Answer: C** — Configure DHCP and DNS. Review the official Cisco exam guide (200-301) and linked documentation. Objective: IS-2.,https://learningnetwork.cisco.com/s/ccna|https://www.cisco.com/c/en/us/training-events/training-certifications/exams/current-list/ccna-200-301.html
ccna,ip-services,IS-2,200-301 — IS-2 (EASY) #3,Identify the core principle behind Configure DHCP and DNS?,Mix controls from unrelated domains that do not address the stated objective.,Apply the official IP Services guidance: Configure DHCP and DNS — this aligns with exam blueprint expectations and vendor documentation.,Use an approach that contradicts the exam objective and ignores documented constraints.,"Deploy without monitoring, backup, or access controls required by the blueprint.",D,EASY,ccna|ip-services|IS-2|easy|blueprint-seed,**Answer: D** — Configure DHCP and DNS. Review the official Cisco exam guide (200-301) and linked documentation. Objective: IS-2.,https://learningnetwork.cisco.com/s/ccna|https://www.cisco.com/c/en/us/training-events/training-certifications/exams/current-list/ccna-200-301.html
ccna,ip-services,IS-2,200-301 — IS-2 (EASY) #4,Which description accurately reflects Configure DHCP and DNS?,"Follow the documented approach for Configure DHCP and DNS, using recommended services and controls per the exam guide.",Use an approach that contradicts the exam objective and ignores documented constraints.,"Deploy without monitoring, backup, or access controls required by the blueprint.",Mix controls from unrelated domains that do not address the stated objective.,A,EASY,ccna|ip-services|IS-2|easy|blueprint-seed,**Answer: A** — Configure DHCP and DNS. Review the official Cisco exam guide (200-301) and linked documentation. Objective: IS-2.,https://learningnetwork.cisco.com/s/ccna|https://www.cisco.com/c/en/us/training-events/training-certifications/exams/current-list/ccna-200-301.html
ccna,ip-services,IS-2,200-301 — IS-2 (EASY) #5,Which statement best defines the scope of Configure DHCP and DNS?,Use an approach that contradicts the exam objective and ignores documented constraints.,"Deploy without monitoring, backup, or access controls required by the blueprint.",Mix controls from unrelated domains that do not address the stated objective.,"Implement Configure DHCP and DNS using Cisco best practices for IP Services, including monitoring and least privilege.",B,EASY,ccna|ip-services|IS-2|easy|blueprint-seed,**Answer: B** — Configure DHCP and DNS. Review the official Cisco exam guide (200-301) and linked documentation. Objective: IS-2.,https://learningnetwork.cisco.com/s/ccna|https://www.cisco.com/c/en/us/training-events/training-certifications/exams/current-list/ccna-200-301.html
ccna,ip-services,IS-2,200-301 — IS-2 (EASY) #6,What is the primary purpose of Configure DHCP and DNS?,"Deploy without monitoring, backup, or access controls required by the blueprint.",Mix controls from unrelated domains that do not address the stated objective.,Apply the official IP Services guidance: Configure DHCP and DNS — this aligns with exam blueprint expectations and vendor documentation.,Use an approach that contradicts the exam objective and ignores documented constraints.,C,EASY,ccna|ip-services|IS-2|easy|blueprint-seed,**Answer: C** — Configure DHCP and DNS. Review the official Cisco exam guide (200-301) and linked documentation. Objective: IS-2.,https://learningnetwork.cisco.com/s/ccna|https://www.cisco.com/c/en/us/training-events/training-certifications/exams/current-list/ccna-200-301.html
ccna,ip-services,IS-2,200-301 — IS-2 (EASY) #7,Which concept is fundamental to Configure DHCP and DNS?,Mix controls from unrelated domains that do not address the stated objective.,"Follow the documented approach for Configure DHCP and DNS, using recommended services and controls per the exam guide.",Use an approach that contradicts the exam objective and ignores documented constraints.,"Deploy without monitoring, backup, or access controls required by the blueprint.",D,EASY,ccna|ip-services|IS-2|easy|blueprint-seed,**Answer: D** — Configure DHCP and DNS. Review the official Cisco exam guide (200-301) and linked documentation. Objective: IS-2.,https://learningnetwork.cisco.com/s/ccna|https://www.cisco.com/c/en/us/training-events/training-certifications/exams/current-list/ccna-200-301.html
ccna,ip-services,IS-2,200-301 — IS-2 (EASY) #8,Identify the core principle behind Configure DHCP and DNS?,"Implement Configure DHCP and DNS using Cisco best practices for IP Services, including monitoring and least privilege.",Use an approach that contradicts the exam objective and ignores documented constraints.,"Deploy without monitoring, backup, or access controls required by the blueprint.",Mix controls from unrelated domains that do not address the stated objective.,A,EASY,ccna|ip-services|IS-2|easy|blueprint-seed,**Answer: A** — Configure DHCP and DNS. Review the official Cisco exam guide (200-301) and linked documentation. Objective: IS-2.,https://learningnetwork.cisco.com/s/ccna|https://www.cisco.com/c/en/us/training-events/training-certifications/exams/current-list/ccna-200-301.html
ccna,ip-services,IS-2,200-301 — IS-2 (EASY) #9,Which description accurately reflects Configure DHCP and DNS?,Use an approach that contradicts the exam objective and ignores documented constraints.,"Deploy without monitoring, backup, or access controls required by the blueprint.",Mix controls from unrelated domains that do not address the stated objective.,Apply the official IP Services guidance: Configure DHCP and DNS — this aligns with exam blueprint expectations and vendor documentation.,B,EASY,ccna|ip-services|IS-2|easy|blueprint-seed,**Answer: B** — Configure DHCP and DNS. Review the official Cisco exam guide (200-301) and linked documentation. Objective: IS-2.,https://learningnetwork.cisco.com/s/ccna|https://www.cisco.com/c/en/us/training-events/training-certifications/exams/current-list/ccna-200-301.html
ccna,ip-services,IS-2,200-301 — IS-2 (EASY) #10,Which statement best defines the scope of Configure DHCP and DNS?,"Deploy without monitoring, backup, or access controls required by the blueprint.",Mix controls from unrelated domains that do not address the stated objective.,"Follow the documented approach for Configure DHCP and DNS, using recommended services and controls per the exam guide.",Use an approach that contradicts the exam objective and ignores documented constraints.,C,EASY,ccna|ip-services|IS-2|easy|blueprint-seed,**Answer: C** — Configure DHCP and DNS. Review the official Cisco exam guide (200-301) and linked documentation. Objective: IS-2.,https://learningnetwork.cisco.com/s/ccna|https://www.cisco.com/c/en/us/training-events/training-certifications/exams/current-list/ccna-200-301.html
ccna,ip-services,IS-2,200-301 — IS-2 (EASY) #11,What is the primary purpose of Configure DHCP and DNS?,Mix controls from unrelated domains that do not address the stated objective.,"Implement Configure DHCP and DNS using Cisco best practices for IP Services, including monitoring and least privilege.",Use an approach that contradicts the exam objective and ignores documented constraints.,"Deploy without monitoring, backup, or access controls required by the blueprint.",D,EASY,ccna|ip-services|IS-2|easy|blueprint-seed,**Answer: D** — Configure DHCP and DNS. Review the official Cisco exam guide (200-301) and linked documentation. Objective: IS-2.,https://learningnetwork.cisco.com/s/ccna|https://www.cisco.com/c/en/us/training-events/training-certifications/exams/current-list/ccna-200-301.html
ccna,ip-services,IS-2,200-301 — IS-2 (EASY) #12,Which concept is fundamental to Configure DHCP and DNS?,Apply the official IP Services guidance: Configure DHCP and DNS — this aligns with exam blueprint expectations and vendor documentation.,Use an approach that contradicts the exam objective and ignores documented constraints.,"Deploy without monitoring, backup, or access controls required by the blueprint.",Mix controls from unrelated domains that do not address the stated objective.,A,EASY,ccna|ip-services|IS-2|easy|blueprint-seed,**Answer: A** — Configure DHCP and DNS. Review the official Cisco exam guide (200-301) and linked documentation. Objective: IS-2.,https://learningnetwork.cisco.com/s/ccna|https://www.cisco.com/c/en/us/training-events/training-certifications/exams/current-list/ccna-200-301.html
ccna,ip-services,IS-2,200-301 — IS-2 (EASY) #13,Identify the core principle behind Configure DHCP and DNS?,Use an approach that contradicts the exam objective and ignores documented constraints.,"Deploy without monitoring, backup, or access controls required by the blueprint.",Mix controls from unrelated domains that do not address the stated objective.,"Follow the documented approach for Configure DHCP and DNS, using recommended services and controls per the exam guide.",B,EASY,ccna|ip-services|IS-2|easy|blueprint-seed,**Answer: B** — Configure DHCP and DNS. Review the official Cisco exam guide (200-301) and linked documentation. Objective: IS-2.,https://learningnetwork.cisco.com/s/ccna|https://www.cisco.com/c/en/us/training-events/training-certifications/exams/current-list/ccna-200-301.html
ccna,ip-services,IS-2,200-301 — IS-2 (MEDIUM) #14,What is the recommended design when applying Configure DHCP and DNS in the context of Cisco CCNA?,"Deploy without monitoring, backup, or access controls required by the blueprint.",Mix controls from unrelated domains that do not address the stated objective.,"Implement Configure DHCP and DNS using Cisco best practices for IP Services, including monitoring and least privilege.",Use an approach that contradicts the exam objective and ignores documented constraints.,C,MEDIUM,ccna|ip-services|IS-2|medium|blueprint-seed,**Answer: C** — Configure DHCP and DNS. Review the official Cisco exam guide (200-301) and linked documentation. Objective: IS-2.,https://learningnetwork.cisco.com/s/ccna|https://www.cisco.com/c/en/us/training-events/training-certifications/exams/current-list/ccna-200-301.html
ccna,ip-services,IS-2,200-301 — IS-2 (MEDIUM) #15,A team must implement a solution for Configure DHCP and DNS in the context of Cisco CCNA?,Mix controls from unrelated domains that do not address the stated objective.,Apply the official IP Services guidance: Configure DHCP and DNS — this aligns with exam blueprint expectations and vendor documentation.,Use an approach that contradicts the exam objective and ignores documented constraints.,"Deploy without monitoring, backup, or access controls required by the blueprint.",D,MEDIUM,ccna|ip-services|IS-2|medium|blueprint-seed,**Answer: D** — Configure DHCP and DNS. Review the official Cisco exam guide (200-301) and linked documentation. Objective: IS-2.,https://learningnetwork.cisco.com/s/ccna|https://www.cisco.com/c/en/us/training-events/training-certifications/exams/current-list/ccna-200-301.html
ccna,ip-services,IS-2,200-301 — IS-2 (MEDIUM) #16,Which approach aligns with best practices when Configure DHCP and DNS in the context of Cisco CCNA?,"Follow the documented approach for Configure DHCP and DNS, using recommended services and controls per the exam guide.",Use an approach that contradicts the exam objective and ignores documented constraints.,"Deploy without monitoring, backup, or access controls required by the blueprint.",Mix controls from unrelated domains that do not address the stated objective.,A,MEDIUM,ccna|ip-services|IS-2|medium|blueprint-seed,**Answer: A** — Configure DHCP and DNS. Review the official Cisco exam guide (200-301) and linked documentation. Objective: IS-2.,https://learningnetwork.cisco.com/s/ccna|https://www.cisco.com/c/en/us/training-events/training-certifications/exams/current-list/ccna-200-301.html
ccna,ip-services,IS-2,200-301 — IS-2 (MEDIUM) #17,"During a project review, stakeholders ask how to Configure DHCP and DNS in the context of Cisco CCNA?",Use an approach that contradicts the exam objective and ignores documented constraints.,"Deploy without monitoring, backup, or access controls required by the blueprint.",Mix controls from unrelated domains that do not address the stated objective.,"Implement Configure DHCP and DNS using Cisco best practices for IP Services, including monitoring and least privilege.",B,MEDIUM,ccna|ip-services|IS-2|medium|blueprint-seed,**Answer: B** — Configure DHCP and DNS. Review the official Cisco exam guide (200-301) and linked documentation. Objective: IS-2.,https://learningnetwork.cisco.com/s/ccna|https://www.cisco.com/c/en/us/training-events/training-certifications/exams/current-list/ccna-200-301.html
ccna,ip-services,IS-2,200-301 — IS-2 (MEDIUM) #18,Which configuration satisfies requirements for Configure DHCP and DNS in the context of Cisco CCNA?,"Deploy without monitoring, backup, or access controls required by the blueprint.",Mix controls from unrelated domains that do not address the stated objective.,Apply the official IP Services guidance: Configure DHCP and DNS — this aligns with exam blueprint expectations and vendor documentation.,Use an approach that contradicts the exam objective and ignores documented constraints.,C,MEDIUM,ccna|ip-services|IS-2|medium|blueprint-seed,**Answer: C** — Configure DHCP and DNS. Review the official Cisco exam guide (200-301) and linked documentation. Objective: IS-2.,https://learningnetwork.cisco.com/s/ccna|https://www.cisco.com/c/en/us/training-events/training-certifications/exams/current-list/ccna-200-301.html
ccna,ip-services,IS-2,200-301 — IS-2 (MEDIUM) #19,What is the recommended design when applying Configure DHCP and DNS in the context of Cisco CCNA?,Mix controls from unrelated domains that do not address the stated objective.,"Follow the documented approach for Configure DHCP and DNS, using recommended services and controls per the exam guide.",Use an approach that contradicts the exam objective and ignores documented constraints.,"Deploy without monitoring, backup, or access controls required by the blueprint.",D,MEDIUM,ccna|ip-services|IS-2|medium|blueprint-seed,**Answer: D** — Configure DHCP and DNS. Review the official Cisco exam guide (200-301) and linked documentation. Objective: IS-2.,https://learningnetwork.cisco.com/s/ccna|https://www.cisco.com/c/en/us/training-events/training-certifications/exams/current-list/ccna-200-301.html
ccna,ip-services,IS-2,200-301 — IS-2 (MEDIUM) #20,A team must implement a solution for Configure DHCP and DNS in the context of Cisco CCNA?,"Implement Configure DHCP and DNS using Cisco best practices for IP Services, including monitoring and least privilege.",Use an approach that contradicts the exam objective and ignores documented constraints.,"Deploy without monitoring, backup, or access controls required by the blueprint.",Mix controls from unrelated domains that do not address the stated objective.,A,MEDIUM,ccna|ip-services|IS-2|medium|blueprint-seed,**Answer: A** — Configure DHCP and DNS. Review the official Cisco exam guide (200-301) and linked documentation. Objective: IS-2.,https://learningnetwork.cisco.com/s/ccna|https://www.cisco.com/c/en/us/training-events/training-certifications/exams/current-list/ccna-200-301.html
ccna,ip-services,IS-2,200-301 — IS-2 (MEDIUM) #21,Which approach aligns with best practices when Configure DHCP and DNS in the context of Cisco CCNA?,Use an approach that contradicts the exam objective and ignores documented constraints.,"Deploy without monitoring, backup, or access controls required by the blueprint.",Mix controls from unrelated domains that do not address the stated objective.,Apply the official IP Services guidance: Configure DHCP and DNS — this aligns with exam blueprint expectations and vendor documentation.,B,MEDIUM,ccna|ip-services|IS-2|medium|blueprint-seed,**Answer: B** — Configure DHCP and DNS. Review the official Cisco exam guide (200-301) and linked documentation. Objective: IS-2.,https://learningnetwork.cisco.com/s/ccna|https://www.cisco.com/c/en/us/training-events/training-certifications/exams/current-list/ccna-200-301.html
ccna,ip-services,IS-2,200-301 — IS-2 (MEDIUM) #22,"During a project review, stakeholders ask how to Configure DHCP and DNS in the context of Cisco CCNA?","Deploy without monitoring, backup, or access controls required by the blueprint.",Mix controls from unrelated domains that do not address the stated objective.,"Follow the documented approach for Configure DHCP and DNS, using recommended services and controls per the exam guide.",Use an approach that contradicts the exam objective and ignores documented constraints.,C,MEDIUM,ccna|ip-services|IS-2|medium|blueprint-seed,**Answer: C** — Configure DHCP and DNS. Review the official Cisco exam guide (200-301) and linked documentation. Objective: IS-2.,https://learningnetwork.cisco.com/s/ccna|https://www.cisco.com/c/en/us/training-events/training-certifications/exams/current-list/ccna-200-301.html
ccna,ip-services,IS-2,200-301 — IS-2 (MEDIUM) #23,Which configuration satisfies requirements for Configure DHCP and DNS in the context of Cisco CCNA?,Mix controls from unrelated domains that do not address the stated objective.,"Implement Configure DHCP and DNS using Cisco best practices for IP Services, including monitoring and least privilege.",Use an approach that contradicts the exam objective and ignores documented constraints.,"Deploy without monitoring, backup, or access controls required by the blueprint.",D,MEDIUM,ccna|ip-services|IS-2|medium|blueprint-seed,**Answer: D** — Configure DHCP and DNS. Review the official Cisco exam guide (200-301) and linked documentation. Objective: IS-2.,https://learningnetwork.cisco.com/s/ccna|https://www.cisco.com/c/en/us/training-events/training-certifications/exams/current-list/ccna-200-301.html
ccna,ip-services,IS-2,200-301 — IS-2 (MEDIUM) #24,What is the recommended design when applying Configure DHCP and DNS in the context of Cisco CCNA?,Apply the official IP Services guidance: Configure DHCP and DNS — this aligns with exam blueprint expectations and vendor documentation.,Use an approach that contradicts the exam objective and ignores documented constraints.,"Deploy without monitoring, backup, or access controls required by the blueprint.",Mix controls from unrelated domains that do not address the stated objective.,A,MEDIUM,ccna|ip-services|IS-2|medium|blueprint-seed,**Answer: A** — Configure DHCP and DNS. Review the official Cisco exam guide (200-301) and linked documentation. Objective: IS-2.,https://learningnetwork.cisco.com/s/ccna|https://www.cisco.com/c/en/us/training-events/training-certifications/exams/current-list/ccna-200-301.html
ccna,ip-services,IS-2,200-301 — IS-2 (MEDIUM) #25,A team must implement a solution for Configure DHCP and DNS in the context of Cisco CCNA?,Use an approach that contradicts the exam objective and ignores documented constraints.,"Deploy without monitoring, backup, or access controls required by the blueprint.",Mix controls from unrelated domains that do not address the stated objective.,"Follow the documented approach for Configure DHCP and DNS, using recommended services and controls per the exam guide.",B,MEDIUM,ccna|ip-services|IS-2|medium|blueprint-seed,**Answer: B** — Configure DHCP and DNS. Review the official Cisco exam guide (200-301) and linked documentation. Objective: IS-2.,https://learningnetwork.cisco.com/s/ccna|https://www.cisco.com/c/en/us/training-events/training-certifications/exams/current-list/ccna-200-301.html
ccna,ip-services,IS-2,200-301 — IS-2 (MEDIUM) #26,Which approach aligns with best practices when Configure DHCP and DNS in the context of Cisco CCNA?,"Deploy without monitoring, backup, or access controls required by the blueprint.",Mix controls from unrelated domains that do not address the stated objective.,"Implement Configure DHCP and DNS using Cisco best practices for IP Services, including monitoring and least privilege.",Use an approach that contradicts the exam objective and ignores documented constraints.,C,MEDIUM,ccna|ip-services|IS-2|medium|blueprint-seed,**Answer: C** — Configure DHCP and DNS. Review the official Cisco exam guide (200-301) and linked documentation. Objective: IS-2.,https://learningnetwork.cisco.com/s/ccna|https://www.cisco.com/c/en/us/training-events/training-certifications/exams/current-list/ccna-200-301.html
ccna,ip-services,IS-2,200-301 — IS-2 (MEDIUM) #27,"During a project review, stakeholders ask how to Configure DHCP and DNS in the context of Cisco CCNA?",Mix controls from unrelated domains that do not address the stated objective.,Apply the official IP Services guidance: Configure DHCP and DNS — this aligns with exam blueprint expectations and vendor documentation.,Use an approach that contradicts the exam objective and ignores documented constraints.,"Deploy without monitoring, backup, or access controls required by the blueprint.",D,MEDIUM,ccna|ip-services|IS-2|medium|blueprint-seed,**Answer: D** — Configure DHCP and DNS. Review the official Cisco exam guide (200-301) and linked documentation. Objective: IS-2.,https://learningnetwork.cisco.com/s/ccna|https://www.cisco.com/c/en/us/training-events/training-certifications/exams/current-list/ccna-200-301.html
ccna,ip-services,IS-2,200-301 — IS-2 (MEDIUM) #28,Which configuration satisfies requirements for Configure DHCP and DNS in the context of Cisco CCNA?,"Follow the documented approach for Configure DHCP and DNS, using recommended services and controls per the exam guide.",Use an approach that contradicts the exam objective and ignores documented constraints.,"Deploy without monitoring, backup, or access controls required by the blueprint.",Mix controls from unrelated domains that do not address the stated objective.,A,MEDIUM,ccna|ip-services|IS-2|medium|blueprint-seed,**Answer: A** — Configure DHCP and DNS. Review the official Cisco exam guide (200-301) and linked documentation. Objective: IS-2.,https://learningnetwork.cisco.com/s/ccna|https://www.cisco.com/c/en/us/training-events/training-certifications/exams/current-list/ccna-200-301.html
ccna,ip-services,IS-2,200-301 — IS-2 (MEDIUM) #29,What is the recommended design when applying Configure DHCP and DNS in the context of Cisco CCNA?,Use an approach that contradicts the exam objective and ignores documented constraints.,"Deploy without monitoring, backup, or access controls required by the blueprint.",Mix controls from unrelated domains that do not address the stated objective.,"Implement Configure DHCP and DNS using Cisco best practices for IP Services, including monitoring and least privilege.",B,MEDIUM,ccna|ip-services|IS-2|medium|blueprint-seed,**Answer: B** — Configure DHCP and DNS. Review the official Cisco exam guide (200-301) and linked documentation. Objective: IS-2.,https://learningnetwork.cisco.com/s/ccna|https://www.cisco.com/c/en/us/training-events/training-certifications/exams/current-list/ccna-200-301.html
ccna,ip-services,IS-2,200-301 — IS-2 (MEDIUM) #30,A team must implement a solution for Configure DHCP and DNS in the context of Cisco CCNA?,"Deploy without monitoring, backup, or access controls required by the blueprint.",Mix controls from unrelated domains that do not address the stated objective.,Apply the official IP Services guidance: Configure DHCP and DNS — this aligns with exam blueprint expectations and vendor documentation.,Use an approach that contradicts the exam objective and ignores documented constraints.,C,MEDIUM,ccna|ip-services|IS-2|medium|blueprint-seed,**Answer: C** — Configure DHCP and DNS. Review the official Cisco exam guide (200-301) and linked documentation. Objective: IS-2.,https://learningnetwork.cisco.com/s/ccna|https://www.cisco.com/c/en/us/training-events/training-certifications/exams/current-list/ccna-200-301.html
ccna,ip-services,IS-2,200-301 — IS-2 (HARD) #31,"Given strict compliance, auditability, and multi-region constraints, how should you Configure DHCP and DNS for IP Services?",Mix controls from unrelated domains that do not address the stated objective.,"Follow the documented approach for Configure DHCP and DNS, using recommended services and controls per the exam guide.",Use an approach that contradicts the exam objective and ignores documented constraints.,"Deploy without monitoring, backup, or access controls required by the blueprint.",D,HARD,ccna|ip-services|IS-2|hard|blueprint-seed,**Answer: D** — Configure DHCP and DNS. Review the official Cisco exam guide (200-301) and linked documentation. Objective: IS-2.,https://learningnetwork.cisco.com/s/ccna|https://www.cisco.com/c/en/us/training-events/training-certifications/exams/current-list/ccna-200-301.html
ccna,ip-services,IS-2,200-301 — IS-2 (HARD) #32,A production incident involves trade-offs between cost and resilience for Configure DHCP and DNS for IP Services?,"Implement Configure DHCP and DNS using Cisco best practices for IP Services, including monitoring and least privilege.",Use an approach that contradicts the exam objective and ignores documented constraints.,"Deploy without monitoring, backup, or access controls required by the blueprint.",Mix controls from unrelated domains that do not address the stated objective.,A,HARD,ccna|ip-services|IS-2|hard|blueprint-seed,**Answer: A** — Configure DHCP and DNS. Review the official Cisco exam guide (200-301) and linked documentation. Objective: IS-2.,https://learningnetwork.cisco.com/s/ccna|https://www.cisco.com/c/en/us/training-events/training-certifications/exams/current-list/ccna-200-301.html
ccna,ip-services,IS-2,200-301 — IS-2 (HARD) #33,Complex regulatory requirements demand that you Configure DHCP and DNS for IP Services?,Use an approach that contradicts the exam objective and ignores documented constraints.,"Deploy without monitoring, backup, or access controls required by the blueprint.",Mix controls from unrelated domains that do not address the stated objective.,Apply the official IP Services guidance: Configure DHCP and DNS — this aligns with exam blueprint expectations and vendor documentation.,B,HARD,ccna|ip-services|IS-2|hard|blueprint-seed,**Answer: B** — Configure DHCP and DNS. Review the official Cisco exam guide (200-301) and linked documentation. Objective: IS-2.,https://learningnetwork.cisco.com/s/ccna|https://www.cisco.com/c/en/us/training-events/training-certifications/exams/current-list/ccna-200-301.html
ccna,ip-services,IS-2,200-301 — IS-2 (HARD) #34,A multi-team rollout must balance security and velocity for Configure DHCP and DNS for IP Services?,"Deploy without monitoring, backup, or access controls required by the blueprint.",Mix controls from unrelated domains that do not address the stated objective.,"Follow the documented approach for Configure DHCP and DNS, using recommended services and controls per the exam guide.",Use an approach that contradicts the exam objective and ignores documented constraints.,C,HARD,ccna|ip-services|IS-2|hard|blueprint-seed,**Answer: C** — Configure DHCP and DNS. Review the official Cisco exam guide (200-301) and linked documentation. Objective: IS-2.,https://learningnetwork.cisco.com/s/ccna|https://www.cisco.com/c/en/us/training-events/training-certifications/exams/current-list/ccna-200-301.html
ccna,ip-services,IS-2,200-301 — IS-2 (HARD) #35,An enterprise requires zero-downtime architecture while Configure DHCP and DNS for IP Services?,Mix controls from unrelated domains that do not address the stated objective.,"Implement Configure DHCP and DNS using Cisco best practices for IP Services, including monitoring and least privilege.",Use an approach that contradicts the exam objective and ignores documented constraints.,"Deploy without monitoring, backup, or access controls required by the blueprint.",D,HARD,ccna|ip-services|IS-2|hard|blueprint-seed,**Answer: D** — Configure DHCP and DNS. Review the official Cisco exam guide (200-301) and linked documentation. Objective: IS-2.,https://learningnetwork.cisco.com/s/ccna|https://www.cisco.com/c/en/us/training-events/training-certifications/exams/current-list/ccna-200-301.html
ccna,ip-services,IS-2,200-301 — IS-2 (HARD) #36,"Given strict compliance, auditability, and multi-region constraints, how should you Configure DHCP and DNS for IP Services?",Apply the official IP Services guidance: Configure DHCP and DNS — this aligns with exam blueprint expectations and vendor documentation.,Use an approach that contradicts the exam objective and ignores documented constraints.,"Deploy without monitoring, backup, or access controls required by the blueprint.",Mix controls from unrelated domains that do not address the stated objective.,A,HARD,ccna|ip-services|IS-2|hard|blueprint-seed,**Answer: A** — Configure DHCP and DNS. Review the official Cisco exam guide (200-301) and linked documentation. Objective: IS-2.,https://learningnetwork.cisco.com/s/ccna|https://www.cisco.com/c/en/us/training-events/training-certifications/exams/current-list/ccna-200-301.html
ccna,ip-services,IS-2,200-301 — IS-2 (HARD) #37,A production incident involves trade-offs between cost and resilience for Configure DHCP and DNS for IP Services?,Use an approach that contradicts the exam objective and ignores documented constraints.,"Deploy without monitoring, backup, or access controls required by the blueprint.",Mix controls from unrelated domains that do not address the stated objective.,"Follow the documented approach for Configure DHCP and DNS, using recommended services and controls per the exam guide.",B,HARD,ccna|ip-services|IS-2|hard|blueprint-seed,**Answer: B** — Configure DHCP and DNS. Review the official Cisco exam guide (200-301) and linked documentation. Objective: IS-2.,https://learningnetwork.cisco.com/s/ccna|https://www.cisco.com/c/en/us/training-events/training-certifications/exams/current-list/ccna-200-301.html
ccna,ip-services,IS-2,200-301 — IS-2 (HARD) #38,Complex regulatory requirements demand that you Configure DHCP and DNS for IP Services?,"Deploy without monitoring, backup, or access controls required by the blueprint.",Mix controls from unrelated domains that do not address the stated objective.,"Implement Configure DHCP and DNS using Cisco best practices for IP Services, including monitoring and least privilege.",Use an approach that contradicts the exam objective and ignores documented constraints.,C,HARD,ccna|ip-services|IS-2|hard|blueprint-seed,**Answer: C** — Configure DHCP and DNS. Review the official Cisco exam guide (200-301) and linked documentation. Objective: IS-2.,https://learningnetwork.cisco.com/s/ccna|https://www.cisco.com/c/en/us/training-events/training-certifications/exams/current-list/ccna-200-301.html
ccna,ip-services,IS-2,200-301 — IS-2 (HARD) #39,A multi-team rollout must balance security and velocity for Configure DHCP and DNS for IP Services?,Mix controls from unrelated domains that do not address the stated objective.,Apply the official IP Services guidance: Configure DHCP and DNS — this aligns with exam blueprint expectations and vendor documentation.,Use an approach that contradicts the exam objective and ignores documented constraints.,"Deploy without monitoring, backup, or access controls required by the blueprint.",D,HARD,ccna|ip-services|IS-2|hard|blueprint-seed,**Answer: D** — Configure DHCP and DNS. Review the official Cisco exam guide (200-301) and linked documentation. Objective: IS-2.,https://learningnetwork.cisco.com/s/ccna|https://www.cisco.com/c/en/us/training-events/training-certifications/exams/current-list/ccna-200-301.html
ccna,ip-services,IS-2,200-301 — IS-2 (HARD) #40,An enterprise requires zero-downtime architecture while Configure DHCP and DNS for IP Services?,"Follow the documented approach for Configure DHCP and DNS, using recommended services and controls per the exam guide.",Use an approach that contradicts the exam objective and ignores documented constraints.,"Deploy without monitoring, backup, or access controls required by the blueprint.",Mix controls from unrelated domains that do not address the stated objective.,A,HARD,ccna|ip-services|IS-2|hard|blueprint-seed,**Answer: A** — Configure DHCP and DNS. Review the official Cisco exam guide (200-301) and linked documentation. Objective: IS-2.,https://learningnetwork.cisco.com/s/ccna|https://www.cisco.com/c/en/us/training-events/training-certifications/exams/current-list/ccna-200-301.html
ccna,ip-services,IS-2,200-301 — IS-2 (HARD) #41,"Given strict compliance, auditability, and multi-region constraints, how should you Configure DHCP and DNS for IP Services?",Use an approach that contradicts the exam objective and ignores documented constraints.,"Deploy without monitoring, backup, or access controls required by the blueprint.",Mix controls from unrelated domains that do not address the stated objective.,"Implement Configure DHCP and DNS using Cisco best practices for IP Services, including monitoring and least privilege.",B,HARD,ccna|ip-services|IS-2|hard|blueprint-seed,**Answer: B** — Configure DHCP and DNS. Review the official Cisco exam guide (200-301) and linked documentation. Objective: IS-2.,https://learningnetwork.cisco.com/s/ccna|https://www.cisco.com/c/en/us/training-events/training-certifications/exams/current-list/ccna-200-301.html
ccna,ip-services,IS-2,200-301 — IS-2 (HARD) #42,A production incident involves trade-offs between cost and resilience for Configure DHCP and DNS for IP Services?,"Deploy without monitoring, backup, or access controls required by the blueprint.",Mix controls from unrelated domains that do not address the stated objective.,Apply the official IP Services guidance: Configure DHCP and DNS — this aligns with exam blueprint expectations and vendor documentation.,Use an approach that contradicts the exam objective and ignores documented constraints.,C,HARD,ccna|ip-services|IS-2|hard|blueprint-seed,**Answer: C** — Configure DHCP and DNS. Review the official Cisco exam guide (200-301) and linked documentation. Objective: IS-2.,https://learningnetwork.cisco.com/s/ccna|https://www.cisco.com/c/en/us/training-events/training-certifications/exams/current-list/ccna-200-301.html
ccna,ip-services,IS-3,200-301 — IS-3 (EASY) #1,"What is the primary purpose of Configure SNMP, syslog, and QoS basics?",Use an approach that contradicts the exam objective and ignores documented constraints.,"Deploy without monitoring, backup, or access controls required by the blueprint.",Mix controls from unrelated domains that do not address the stated objective.,"Follow the documented approach for Configure SNMP, syslog, and QoS basics, using recommended services and controls per the exam guide.",B,EASY,ccna|ip-services|IS-3|easy|blueprint-seed,"**Answer: B** — Configure SNMP, syslog, and QoS basics. Review the official Cisco exam guide (200-301) and linked documentation. Objective: IS-3.",https://learningnetwork.cisco.com/s/ccna|https://www.cisco.com/c/en/us/training-events/training-certifications/exams/current-list/ccna-200-301.html
ccna,ip-services,IS-3,200-301 — IS-3 (EASY) #2,"Which concept is fundamental to Configure SNMP, syslog, and QoS basics?","Deploy without monitoring, backup, or access controls required by the blueprint.",Mix controls from unrelated domains that do not address the stated objective.,"Implement Configure SNMP, syslog, and QoS basics using Cisco best practices for IP Services, including monitoring and least privilege.",Use an approach that contradicts the exam objective and ignores documented constraints.,C,EASY,ccna|ip-services|IS-3|easy|blueprint-seed,"**Answer: C** — Configure SNMP, syslog, and QoS basics. Review the official Cisco exam guide (200-301) and linked documentation. Objective: IS-3.",https://learningnetwork.cisco.com/s/ccna|https://www.cisco.com/c/en/us/training-events/training-certifications/exams/current-list/ccna-200-301.html
ccna,ip-services,IS-3,200-301 — IS-3 (EASY) #3,"Identify the core principle behind Configure SNMP, syslog, and QoS basics?",Mix controls from unrelated domains that do not address the stated objective.,"Apply the official IP Services guidance: Configure SNMP, syslog, and QoS basics — this aligns with exam blueprint expectations and vendor documentation.",Use an approach that contradicts the exam objective and ignores documented constraints.,"Deploy without monitoring, backup, or access controls required by the blueprint.",D,EASY,ccna|ip-services|IS-3|easy|blueprint-seed,"**Answer: D** — Configure SNMP, syslog, and QoS basics. Review the official Cisco exam guide (200-301) and linked documentation. Objective: IS-3.",https://learningnetwork.cisco.com/s/ccna|https://www.cisco.com/c/en/us/training-events/training-certifications/exams/current-list/ccna-200-301.html
ccna,ip-services,IS-3,200-301 — IS-3 (EASY) #4,"Which description accurately reflects Configure SNMP, syslog, and QoS basics?","Follow the documented approach for Configure SNMP, syslog, and QoS basics, using recommended services and controls per the exam guide.",Use an approach that contradicts the exam objective and ignores documented constraints.,"Deploy without monitoring, backup, or access controls required by the blueprint.",Mix controls from unrelated domains that do not address the stated objective.,A,EASY,ccna|ip-services|IS-3|easy|blueprint-seed,"**Answer: A** — Configure SNMP, syslog, and QoS basics. Review the official Cisco exam guide (200-301) and linked documentation. Objective: IS-3.",https://learningnetwork.cisco.com/s/ccna|https://www.cisco.com/c/en/us/training-events/training-certifications/exams/current-list/ccna-200-301.html
ccna,ip-services,IS-3,200-301 — IS-3 (EASY) #5,"Which statement best defines the scope of Configure SNMP, syslog, and QoS basics?",Use an approach that contradicts the exam objective and ignores documented constraints.,"Deploy without monitoring, backup, or access controls required by the blueprint.",Mix controls from unrelated domains that do not address the stated objective.,"Implement Configure SNMP, syslog, and QoS basics using Cisco best practices for IP Services, including monitoring and least privilege.",B,EASY,ccna|ip-services|IS-3|easy|blueprint-seed,"**Answer: B** — Configure SNMP, syslog, and QoS basics. Review the official Cisco exam guide (200-301) and linked documentation. Objective: IS-3.",https://learningnetwork.cisco.com/s/ccna|https://www.cisco.com/c/en/us/training-events/training-certifications/exams/current-list/ccna-200-301.html
ccna,ip-services,IS-3,200-301 — IS-3 (EASY) #6,"What is the primary purpose of Configure SNMP, syslog, and QoS basics?","Deploy without monitoring, backup, or access controls required by the blueprint.",Mix controls from unrelated domains that do not address the stated objective.,"Apply the official IP Services guidance: Configure SNMP, syslog, and QoS basics — this aligns with exam blueprint expectations and vendor documentation.",Use an approach that contradicts the exam objective and ignores documented constraints.,C,EASY,ccna|ip-services|IS-3|easy|blueprint-seed,"**Answer: C** — Configure SNMP, syslog, and QoS basics. Review the official Cisco exam guide (200-301) and linked documentation. Objective: IS-3.",https://learningnetwork.cisco.com/s/ccna|https://www.cisco.com/c/en/us/training-events/training-certifications/exams/current-list/ccna-200-301.html
ccna,ip-services,IS-3,200-301 — IS-3 (EASY) #7,"Which concept is fundamental to Configure SNMP, syslog, and QoS basics?",Mix controls from unrelated domains that do not address the stated objective.,"Follow the documented approach for Configure SNMP, syslog, and QoS basics, using recommended services and controls per the exam guide.",Use an approach that contradicts the exam objective and ignores documented constraints.,"Deploy without monitoring, backup, or access controls required by the blueprint.",D,EASY,ccna|ip-services|IS-3|easy|blueprint-seed,"**Answer: D** — Configure SNMP, syslog, and QoS basics. Review the official Cisco exam guide (200-301) and linked documentation. Objective: IS-3.",https://learningnetwork.cisco.com/s/ccna|https://www.cisco.com/c/en/us/training-events/training-certifications/exams/current-list/ccna-200-301.html
ccna,ip-services,IS-3,200-301 — IS-3 (EASY) #8,"Identify the core principle behind Configure SNMP, syslog, and QoS basics?","Implement Configure SNMP, syslog, and QoS basics using Cisco best practices for IP Services, including monitoring and least privilege.",Use an approach that contradicts the exam objective and ignores documented constraints.,"Deploy without monitoring, backup, or access controls required by the blueprint.",Mix controls from unrelated domains that do not address the stated objective.,A,EASY,ccna|ip-services|IS-3|easy|blueprint-seed,"**Answer: A** — Configure SNMP, syslog, and QoS basics. Review the official Cisco exam guide (200-301) and linked documentation. Objective: IS-3.",https://learningnetwork.cisco.com/s/ccna|https://www.cisco.com/c/en/us/training-events/training-certifications/exams/current-list/ccna-200-301.html
ccna,ip-services,IS-3,200-301 — IS-3 (EASY) #9,"Which description accurately reflects Configure SNMP, syslog, and QoS basics?",Use an approach that contradicts the exam objective and ignores documented constraints.,"Deploy without monitoring, backup, or access controls required by the blueprint.",Mix controls from unrelated domains that do not address the stated objective.,"Apply the official IP Services guidance: Configure SNMP, syslog, and QoS basics — this aligns with exam blueprint expectations and vendor documentation.",B,EASY,ccna|ip-services|IS-3|easy|blueprint-seed,"**Answer: B** — Configure SNMP, syslog, and QoS basics. Review the official Cisco exam guide (200-301) and linked documentation. Objective: IS-3.",https://learningnetwork.cisco.com/s/ccna|https://www.cisco.com/c/en/us/training-events/training-certifications/exams/current-list/ccna-200-301.html
ccna,ip-services,IS-3,200-301 — IS-3 (EASY) #10,"Which statement best defines the scope of Configure SNMP, syslog, and QoS basics?","Deploy without monitoring, backup, or access controls required by the blueprint.",Mix controls from unrelated domains that do not address the stated objective.,"Follow the documented approach for Configure SNMP, syslog, and QoS basics, using recommended services and controls per the exam guide.",Use an approach that contradicts the exam objective and ignores documented constraints.,C,EASY,ccna|ip-services|IS-3|easy|blueprint-seed,"**Answer: C** — Configure SNMP, syslog, and QoS basics. Review the official Cisco exam guide (200-301) and linked documentation. Objective: IS-3.",https://learningnetwork.cisco.com/s/ccna|https://www.cisco.com/c/en/us/training-events/training-certifications/exams/current-list/ccna-200-301.html
ccna,ip-services,IS-3,200-301 — IS-3 (EASY) #11,"What is the primary purpose of Configure SNMP, syslog, and QoS basics?",Mix controls from unrelated domains that do not address the stated objective.,"Implement Configure SNMP, syslog, and QoS basics using Cisco best practices for IP Services, including monitoring and least privilege.",Use an approach that contradicts the exam objective and ignores documented constraints.,"Deploy without monitoring, backup, or access controls required by the blueprint.",D,EASY,ccna|ip-services|IS-3|easy|blueprint-seed,"**Answer: D** — Configure SNMP, syslog, and QoS basics. Review the official Cisco exam guide (200-301) and linked documentation. Objective: IS-3.",https://learningnetwork.cisco.com/s/ccna|https://www.cisco.com/c/en/us/training-events/training-certifications/exams/current-list/ccna-200-301.html
ccna,ip-services,IS-3,200-301 — IS-3 (EASY) #12,"Which concept is fundamental to Configure SNMP, syslog, and QoS basics?","Apply the official IP Services guidance: Configure SNMP, syslog, and QoS basics — this aligns with exam blueprint expectations and vendor documentation.",Use an approach that contradicts the exam objective and ignores documented constraints.,"Deploy without monitoring, backup, or access controls required by the blueprint.",Mix controls from unrelated domains that do not address the stated objective.,A,EASY,ccna|ip-services|IS-3|easy|blueprint-seed,"**Answer: A** — Configure SNMP, syslog, and QoS basics. Review the official Cisco exam guide (200-301) and linked documentation. Objective: IS-3.",https://learningnetwork.cisco.com/s/ccna|https://www.cisco.com/c/en/us/training-events/training-certifications/exams/current-list/ccna-200-301.html
ccna,ip-services,IS-3,200-301 — IS-3 (MEDIUM) #13,"Which configuration satisfies requirements for Configure SNMP, syslog, and QoS basics in the context of Cisco CCNA?",Use an approach that contradicts the exam objective and ignores documented constraints.,"Deploy without monitoring, backup, or access controls required by the blueprint.",Mix controls from unrelated domains that do not address the stated objective.,"Follow the documented approach for Configure SNMP, syslog, and QoS basics, using recommended services and controls per the exam guide.",B,MEDIUM,ccna|ip-services|IS-3|medium|blueprint-seed,"**Answer: B** — Configure SNMP, syslog, and QoS basics. Review the official Cisco exam guide (200-301) and linked documentation. Objective: IS-3.",https://learningnetwork.cisco.com/s/ccna|https://www.cisco.com/c/en/us/training-events/training-certifications/exams/current-list/ccna-200-301.html
ccna,ip-services,IS-3,200-301 — IS-3 (MEDIUM) #14,"What is the recommended design when applying Configure SNMP, syslog, and QoS basics in the context of Cisco CCNA?","Deploy without monitoring, backup, or access controls required by the blueprint.",Mix controls from unrelated domains that do not address the stated objective.,"Implement Configure SNMP, syslog, and QoS basics using Cisco best practices for IP Services, including monitoring and least privilege.",Use an approach that contradicts the exam objective and ignores documented constraints.,C,MEDIUM,ccna|ip-services|IS-3|medium|blueprint-seed,"**Answer: C** — Configure SNMP, syslog, and QoS basics. Review the official Cisco exam guide (200-301) and linked documentation. Objective: IS-3.",https://learningnetwork.cisco.com/s/ccna|https://www.cisco.com/c/en/us/training-events/training-certifications/exams/current-list/ccna-200-301.html
ccna,ip-services,IS-3,200-301 — IS-3 (MEDIUM) #15,"A team must implement a solution for Configure SNMP, syslog, and QoS basics in the context of Cisco CCNA?",Mix controls from unrelated domains that do not address the stated objective.,"Apply the official IP Services guidance: Configure SNMP, syslog, and QoS basics — this aligns with exam blueprint expectations and vendor documentation.",Use an approach that contradicts the exam objective and ignores documented constraints.,"Deploy without monitoring, backup, or access controls required by the blueprint.",D,MEDIUM,ccna|ip-services|IS-3|medium|blueprint-seed,"**Answer: D** — Configure SNMP, syslog, and QoS basics. Review the official Cisco exam guide (200-301) and linked documentation. Objective: IS-3.",https://learningnetwork.cisco.com/s/ccna|https://www.cisco.com/c/en/us/training-events/training-certifications/exams/current-list/ccna-200-301.html
ccna,ip-services,IS-3,200-301 — IS-3 (MEDIUM) #16,"Which approach aligns with best practices when Configure SNMP, syslog, and QoS basics in the context of Cisco CCNA?","Follow the documented approach for Configure SNMP, syslog, and QoS basics, using recommended services and controls per the exam guide.",Use an approach that contradicts the exam objective and ignores documented constraints.,"Deploy without monitoring, backup, or access controls required by the blueprint.",Mix controls from unrelated domains that do not address the stated objective.,A,MEDIUM,ccna|ip-services|IS-3|medium|blueprint-seed,"**Answer: A** — Configure SNMP, syslog, and QoS basics. Review the official Cisco exam guide (200-301) and linked documentation. Objective: IS-3.",https://learningnetwork.cisco.com/s/ccna|https://www.cisco.com/c/en/us/training-events/training-certifications/exams/current-list/ccna-200-301.html
ccna,ip-services,IS-3,200-301 — IS-3 (MEDIUM) #17,"During a project review, stakeholders ask how to Configure SNMP, syslog, and QoS basics in the context of Cisco CCNA?",Use an approach that contradicts the exam objective and ignores documented constraints.,"Deploy without monitoring, backup, or access controls required by the blueprint.",Mix controls from unrelated domains that do not address the stated objective.,"Implement Configure SNMP, syslog, and QoS basics using Cisco best practices for IP Services, including monitoring and least privilege.",B,MEDIUM,ccna|ip-services|IS-3|medium|blueprint-seed,"**Answer: B** — Configure SNMP, syslog, and QoS basics. Review the official Cisco exam guide (200-301) and linked documentation. Objective: IS-3.",https://learningnetwork.cisco.com/s/ccna|https://www.cisco.com/c/en/us/training-events/training-certifications/exams/current-list/ccna-200-301.html
ccna,ip-services,IS-3,200-301 — IS-3 (MEDIUM) #18,"Which configuration satisfies requirements for Configure SNMP, syslog, and QoS basics in the context of Cisco CCNA?","Deploy without monitoring, backup, or access controls required by the blueprint.",Mix controls from unrelated domains that do not address the stated objective.,"Apply the official IP Services guidance: Configure SNMP, syslog, and QoS basics — this aligns with exam blueprint expectations and vendor documentation.",Use an approach that contradicts the exam objective and ignores documented constraints.,C,MEDIUM,ccna|ip-services|IS-3|medium|blueprint-seed,"**Answer: C** — Configure SNMP, syslog, and QoS basics. Review the official Cisco exam guide (200-301) and linked documentation. Objective: IS-3.",https://learningnetwork.cisco.com/s/ccna|https://www.cisco.com/c/en/us/training-events/training-certifications/exams/current-list/ccna-200-301.html
ccna,ip-services,IS-3,200-301 — IS-3 (MEDIUM) #19,"What is the recommended design when applying Configure SNMP, syslog, and QoS basics in the context of Cisco CCNA?",Mix controls from unrelated domains that do not address the stated objective.,"Follow the documented approach for Configure SNMP, syslog, and QoS basics, using recommended services and controls per the exam guide.",Use an approach that contradicts the exam objective and ignores documented constraints.,"Deploy without monitoring, backup, or access controls required by the blueprint.",D,MEDIUM,ccna|ip-services|IS-3|medium|blueprint-seed,"**Answer: D** — Configure SNMP, syslog, and QoS basics. Review the official Cisco exam guide (200-301) and linked documentation. Objective: IS-3.",https://learningnetwork.cisco.com/s/ccna|https://www.cisco.com/c/en/us/training-events/training-certifications/exams/current-list/ccna-200-301.html
ccna,ip-services,IS-3,200-301 — IS-3 (MEDIUM) #20,"A team must implement a solution for Configure SNMP, syslog, and QoS basics in the context of Cisco CCNA?","Implement Configure SNMP, syslog, and QoS basics using Cisco best practices for IP Services, including monitoring and least privilege.",Use an approach that contradicts the exam objective and ignores documented constraints.,"Deploy without monitoring, backup, or access controls required by the blueprint.",Mix controls from unrelated domains that do not address the stated objective.,A,MEDIUM,ccna|ip-services|IS-3|medium|blueprint-seed,"**Answer: A** — Configure SNMP, syslog, and QoS basics. Review the official Cisco exam guide (200-301) and linked documentation. Objective: IS-3.",https://learningnetwork.cisco.com/s/ccna|https://www.cisco.com/c/en/us/training-events/training-certifications/exams/current-list/ccna-200-301.html
ccna,ip-services,IS-3,200-301 — IS-3 (MEDIUM) #21,"Which approach aligns with best practices when Configure SNMP, syslog, and QoS basics in the context of Cisco CCNA?",Use an approach that contradicts the exam objective and ignores documented constraints.,"Deploy without monitoring, backup, or access controls required by the blueprint.",Mix controls from unrelated domains that do not address the stated objective.,"Apply the official IP Services guidance: Configure SNMP, syslog, and QoS basics — this aligns with exam blueprint expectations and vendor documentation.",B,MEDIUM,ccna|ip-services|IS-3|medium|blueprint-seed,"**Answer: B** — Configure SNMP, syslog, and QoS basics. Review the official Cisco exam guide (200-301) and linked documentation. Objective: IS-3.",https://learningnetwork.cisco.com/s/ccna|https://www.cisco.com/c/en/us/training-events/training-certifications/exams/current-list/ccna-200-301.html
ccna,ip-services,IS-3,200-301 — IS-3 (MEDIUM) #22,"During a project review, stakeholders ask how to Configure SNMP, syslog, and QoS basics in the context of Cisco CCNA?","Deploy without monitoring, backup, or access controls required by the blueprint.",Mix controls from unrelated domains that do not address the stated objective.,"Follow the documented approach for Configure SNMP, syslog, and QoS basics, using recommended services and controls per the exam guide.",Use an approach that contradicts the exam objective and ignores documented constraints.,C,MEDIUM,ccna|ip-services|IS-3|medium|blueprint-seed,"**Answer: C** — Configure SNMP, syslog, and QoS basics. Review the official Cisco exam guide (200-301) and linked documentation. Objective: IS-3.",https://learningnetwork.cisco.com/s/ccna|https://www.cisco.com/c/en/us/training-events/training-certifications/exams/current-list/ccna-200-301.html
ccna,ip-services,IS-3,200-301 — IS-3 (MEDIUM) #23,"Which configuration satisfies requirements for Configure SNMP, syslog, and QoS basics in the context of Cisco CCNA?",Mix controls from unrelated domains that do not address the stated objective.,"Implement Configure SNMP, syslog, and QoS basics using Cisco best practices for IP Services, including monitoring and least privilege.",Use an approach that contradicts the exam objective and ignores documented constraints.,"Deploy without monitoring, backup, or access controls required by the blueprint.",D,MEDIUM,ccna|ip-services|IS-3|medium|blueprint-seed,"**Answer: D** — Configure SNMP, syslog, and QoS basics. Review the official Cisco exam guide (200-301) and linked documentation. Objective: IS-3.",https://learningnetwork.cisco.com/s/ccna|https://www.cisco.com/c/en/us/training-events/training-certifications/exams/current-list/ccna-200-301.html
ccna,ip-services,IS-3,200-301 — IS-3 (MEDIUM) #24,"What is the recommended design when applying Configure SNMP, syslog, and QoS basics in the context of Cisco CCNA?","Apply the official IP Services guidance: Configure SNMP, syslog, and QoS basics — this aligns with exam blueprint expectations and vendor documentation.",Use an approach that contradicts the exam objective and ignores documented constraints.,"Deploy without monitoring, backup, or access controls required by the blueprint.",Mix controls from unrelated domains that do not address the stated objective.,A,MEDIUM,ccna|ip-services|IS-3|medium|blueprint-seed,"**Answer: A** — Configure SNMP, syslog, and QoS basics. Review the official Cisco exam guide (200-301) and linked documentation. Objective: IS-3.",https://learningnetwork.cisco.com/s/ccna|https://www.cisco.com/c/en/us/training-events/training-certifications/exams/current-list/ccna-200-301.html
ccna,ip-services,IS-3,200-301 — IS-3 (MEDIUM) #25,"A team must implement a solution for Configure SNMP, syslog, and QoS basics in the context of Cisco CCNA?",Use an approach that contradicts the exam objective and ignores documented constraints.,"Deploy without monitoring, backup, or access controls required by the blueprint.",Mix controls from unrelated domains that do not address the stated objective.,"Follow the documented approach for Configure SNMP, syslog, and QoS basics, using recommended services and controls per the exam guide.",B,MEDIUM,ccna|ip-services|IS-3|medium|blueprint-seed,"**Answer: B** — Configure SNMP, syslog, and QoS basics. Review the official Cisco exam guide (200-301) and linked documentation. Objective: IS-3.",https://learningnetwork.cisco.com/s/ccna|https://www.cisco.com/c/en/us/training-events/training-certifications/exams/current-list/ccna-200-301.html
ccna,ip-services,IS-3,200-301 — IS-3 (MEDIUM) #26,"Which approach aligns with best practices when Configure SNMP, syslog, and QoS basics in the context of Cisco CCNA?","Deploy without monitoring, backup, or access controls required by the blueprint.",Mix controls from unrelated domains that do not address the stated objective.,"Implement Configure SNMP, syslog, and QoS basics using Cisco best practices for IP Services, including monitoring and least privilege.",Use an approach that contradicts the exam objective and ignores documented constraints.,C,MEDIUM,ccna|ip-services|IS-3|medium|blueprint-seed,"**Answer: C** — Configure SNMP, syslog, and QoS basics. Review the official Cisco exam guide (200-301) and linked documentation. Objective: IS-3.",https://learningnetwork.cisco.com/s/ccna|https://www.cisco.com/c/en/us/training-events/training-certifications/exams/current-list/ccna-200-301.html
ccna,ip-services,IS-3,200-301 — IS-3 (MEDIUM) #27,"During a project review, stakeholders ask how to Configure SNMP, syslog, and QoS basics in the context of Cisco CCNA?",Mix controls from unrelated domains that do not address the stated objective.,"Apply the official IP Services guidance: Configure SNMP, syslog, and QoS basics — this aligns with exam blueprint expectations and vendor documentation.",Use an approach that contradicts the exam objective and ignores documented constraints.,"Deploy without monitoring, backup, or access controls required by the blueprint.",D,MEDIUM,ccna|ip-services|IS-3|medium|blueprint-seed,"**Answer: D** — Configure SNMP, syslog, and QoS basics. Review the official Cisco exam guide (200-301) and linked documentation. Objective: IS-3.",https://learningnetwork.cisco.com/s/ccna|https://www.cisco.com/c/en/us/training-events/training-certifications/exams/current-list/ccna-200-301.html
ccna,ip-services,IS-3,200-301 — IS-3 (MEDIUM) #28,"Which configuration satisfies requirements for Configure SNMP, syslog, and QoS basics in the context of Cisco CCNA?","Follow the documented approach for Configure SNMP, syslog, and QoS basics, using recommended services and controls per the exam guide.",Use an approach that contradicts the exam objective and ignores documented constraints.,"Deploy without monitoring, backup, or access controls required by the blueprint.",Mix controls from unrelated domains that do not address the stated objective.,A,MEDIUM,ccna|ip-services|IS-3|medium|blueprint-seed,"**Answer: A** — Configure SNMP, syslog, and QoS basics. Review the official Cisco exam guide (200-301) and linked documentation. Objective: IS-3.",https://learningnetwork.cisco.com/s/ccna|https://www.cisco.com/c/en/us/training-events/training-certifications/exams/current-list/ccna-200-301.html
ccna,ip-services,IS-3,200-301 — IS-3 (HARD) #29,"A multi-team rollout must balance security and velocity for Configure SNMP, syslog, and QoS basics for IP Services?",Use an approach that contradicts the exam objective and ignores documented constraints.,"Deploy without monitoring, backup, or access controls required by the blueprint.",Mix controls from unrelated domains that do not address the stated objective.,"Implement Configure SNMP, syslog, and QoS basics using Cisco best practices for IP Services, including monitoring and least privilege.",B,HARD,ccna|ip-services|IS-3|hard|blueprint-seed,"**Answer: B** — Configure SNMP, syslog, and QoS basics. Review the official Cisco exam guide (200-301) and linked documentation. Objective: IS-3.",https://learningnetwork.cisco.com/s/ccna|https://www.cisco.com/c/en/us/training-events/training-certifications/exams/current-list/ccna-200-301.html
ccna,ip-services,IS-3,200-301 — IS-3 (HARD) #30,"An enterprise requires zero-downtime architecture while Configure SNMP, syslog, and QoS basics for IP Services?","Deploy without monitoring, backup, or access controls required by the blueprint.",Mix controls from unrelated domains that do not address the stated objective.,"Apply the official IP Services guidance: Configure SNMP, syslog, and QoS basics — this aligns with exam blueprint expectations and vendor documentation.",Use an approach that contradicts the exam objective and ignores documented constraints.,C,HARD,ccna|ip-services|IS-3|hard|blueprint-seed,"**Answer: C** — Configure SNMP, syslog, and QoS basics. Review the official Cisco exam guide (200-301) and linked documentation. Objective: IS-3.",https://learningnetwork.cisco.com/s/ccna|https://www.cisco.com/c/en/us/training-events/training-certifications/exams/current-list/ccna-200-301.html
ccna,ip-services,IS-3,200-301 — IS-3 (HARD) #31,"Given strict compliance, auditability, and multi-region constraints, how should you Configure SNMP, syslog, and QoS basics for IP Services?",Mix controls from unrelated domains that do not address the stated objective.,"Follow the documented approach for Configure SNMP, syslog, and QoS basics, using recommended services and controls per the exam guide.",Use an approach that contradicts the exam objective and ignores documented constraints.,"Deploy without monitoring, backup, or access controls required by the blueprint.",D,HARD,ccna|ip-services|IS-3|hard|blueprint-seed,"**Answer: D** — Configure SNMP, syslog, and QoS basics. Review the official Cisco exam guide (200-301) and linked documentation. Objective: IS-3.",https://learningnetwork.cisco.com/s/ccna|https://www.cisco.com/c/en/us/training-events/training-certifications/exams/current-list/ccna-200-301.html
ccna,ip-services,IS-3,200-301 — IS-3 (HARD) #32,"A production incident involves trade-offs between cost and resilience for Configure SNMP, syslog, and QoS basics for IP Services?","Implement Configure SNMP, syslog, and QoS basics using Cisco best practices for IP Services, including monitoring and least privilege.",Use an approach that contradicts the exam objective and ignores documented constraints.,"Deploy without monitoring, backup, or access controls required by the blueprint.",Mix controls from unrelated domains that do not address the stated objective.,A,HARD,ccna|ip-services|IS-3|hard|blueprint-seed,"**Answer: A** — Configure SNMP, syslog, and QoS basics. Review the official Cisco exam guide (200-301) and linked documentation. Objective: IS-3.",https://learningnetwork.cisco.com/s/ccna|https://www.cisco.com/c/en/us/training-events/training-certifications/exams/current-list/ccna-200-301.html
ccna,ip-services,IS-3,200-301 — IS-3 (HARD) #33,"Complex regulatory requirements demand that you Configure SNMP, syslog, and QoS basics for IP Services?",Use an approach that contradicts the exam objective and ignores documented constraints.,"Deploy without monitoring, backup, or access controls required by the blueprint.",Mix controls from unrelated domains that do not address the stated objective.,"Apply the official IP Services guidance: Configure SNMP, syslog, and QoS basics — this aligns with exam blueprint expectations and vendor documentation.",B,HARD,ccna|ip-services|IS-3|hard|blueprint-seed,"**Answer: B** — Configure SNMP, syslog, and QoS basics. Review the official Cisco exam guide (200-301) and linked documentation. Objective: IS-3.",https://learningnetwork.cisco.com/s/ccna|https://www.cisco.com/c/en/us/training-events/training-certifications/exams/current-list/ccna-200-301.html
ccna,ip-services,IS-3,200-301 — IS-3 (HARD) #34,"A multi-team rollout must balance security and velocity for Configure SNMP, syslog, and QoS basics for IP Services?","Deploy without monitoring, backup, or access controls required by the blueprint.",Mix controls from unrelated domains that do not address the stated objective.,"Follow the documented approach for Configure SNMP, syslog, and QoS basics, using recommended services and controls per the exam guide.",Use an approach that contradicts the exam objective and ignores documented constraints.,C,HARD,ccna|ip-services|IS-3|hard|blueprint-seed,"**Answer: C** — Configure SNMP, syslog, and QoS basics. Review the official Cisco exam guide (200-301) and linked documentation. Objective: IS-3.",https://learningnetwork.cisco.com/s/ccna|https://www.cisco.com/c/en/us/training-events/training-certifications/exams/current-list/ccna-200-301.html
ccna,ip-services,IS-3,200-301 — IS-3 (HARD) #35,"An enterprise requires zero-downtime architecture while Configure SNMP, syslog, and QoS basics for IP Services?",Mix controls from unrelated domains that do not address the stated objective.,"Implement Configure SNMP, syslog, and QoS basics using Cisco best practices for IP Services, including monitoring and least privilege.",Use an approach that contradicts the exam objective and ignores documented constraints.,"Deploy without monitoring, backup, or access controls required by the blueprint.",D,HARD,ccna|ip-services|IS-3|hard|blueprint-seed,"**Answer: D** — Configure SNMP, syslog, and QoS basics. Review the official Cisco exam guide (200-301) and linked documentation. Objective: IS-3.",https://learningnetwork.cisco.com/s/ccna|https://www.cisco.com/c/en/us/training-events/training-certifications/exams/current-list/ccna-200-301.html
ccna,ip-services,IS-3,200-301 — IS-3 (HARD) #36,"Given strict compliance, auditability, and multi-region constraints, how should you Configure SNMP, syslog, and QoS basics for IP Services?","Apply the official IP Services guidance: Configure SNMP, syslog, and QoS basics — this aligns with exam blueprint expectations and vendor documentation.",Use an approach that contradicts the exam objective and ignores documented constraints.,"Deploy without monitoring, backup, or access controls required by the blueprint.",Mix controls from unrelated domains that do not address the stated objective.,A,HARD,ccna|ip-services|IS-3|hard|blueprint-seed,"**Answer: A** — Configure SNMP, syslog, and QoS basics. Review the official Cisco exam guide (200-301) and linked documentation. Objective: IS-3.",https://learningnetwork.cisco.com/s/ccna|https://www.cisco.com/c/en/us/training-events/training-certifications/exams/current-list/ccna-200-301.html
ccna,ip-services,IS-3,200-301 — IS-3 (HARD) #37,"A production incident involves trade-offs between cost and resilience for Configure SNMP, syslog, and QoS basics for IP Services?",Use an approach that contradicts the exam objective and ignores documented constraints.,"Deploy without monitoring, backup, or access controls required by the blueprint.",Mix controls from unrelated domains that do not address the stated objective.,"Follow the documented approach for Configure SNMP, syslog, and QoS basics, using recommended services and controls per the exam guide.",B,HARD,ccna|ip-services|IS-3|hard|blueprint-seed,"**Answer: B** — Configure SNMP, syslog, and QoS basics. Review the official Cisco exam guide (200-301) and linked documentation. Objective: IS-3.",https://learningnetwork.cisco.com/s/ccna|https://www.cisco.com/c/en/us/training-events/training-certifications/exams/current-list/ccna-200-301.html
ccna,ip-services,IS-3,200-301 — IS-3 (HARD) #38,"Complex regulatory requirements demand that you Configure SNMP, syslog, and QoS basics for IP Services?","Deploy without monitoring, backup, or access controls required by the blueprint.",Mix controls from unrelated domains that do not address the stated objective.,"Implement Configure SNMP, syslog, and QoS basics using Cisco best practices for IP Services, including monitoring and least privilege.",Use an approach that contradicts the exam objective and ignores documented constraints.,C,HARD,ccna|ip-services|IS-3|hard|blueprint-seed,"**Answer: C** — Configure SNMP, syslog, and QoS basics. Review the official Cisco exam guide (200-301) and linked documentation. Objective: IS-3.",https://learningnetwork.cisco.com/s/ccna|https://www.cisco.com/c/en/us/training-events/training-certifications/exams/current-list/ccna-200-301.html
ccna,ip-services,IS-3,200-301 — IS-3 (HARD) #39,"A multi-team rollout must balance security and velocity for Configure SNMP, syslog, and QoS basics for IP Services?",Mix controls from unrelated domains that do not address the stated objective.,"Apply the official IP Services guidance: Configure SNMP, syslog, and QoS basics — this aligns with exam blueprint expectations and vendor documentation.",Use an approach that contradicts the exam objective and ignores documented constraints.,"Deploy without monitoring, backup, or access controls required by the blueprint.",D,HARD,ccna|ip-services|IS-3|hard|blueprint-seed,"**Answer: D** — Configure SNMP, syslog, and QoS basics. Review the official Cisco exam guide (200-301) and linked documentation. Objective: IS-3.",https://learningnetwork.cisco.com/s/ccna|https://www.cisco.com/c/en/us/training-events/training-certifications/exams/current-list/ccna-200-301.html
ccna,ip-services,IS-3,200-301 — IS-3 (HARD) #40,"An enterprise requires zero-downtime architecture while Configure SNMP, syslog, and QoS basics for IP Services?","Follow the documented approach for Configure SNMP, syslog, and QoS basics, using recommended services and controls per the exam guide.",Use an approach that contradicts the exam objective and ignores documented constraints.,"Deploy without monitoring, backup, or access controls required by the blueprint.",Mix controls from unrelated domains that do not address the stated objective.,A,HARD,ccna|ip-services|IS-3|hard|blueprint-seed,"**Answer: A** — Configure SNMP, syslog, and QoS basics. Review the official Cisco exam guide (200-301) and linked documentation. Objective: IS-3.",https://learningnetwork.cisco.com/s/ccna|https://www.cisco.com/c/en/us/training-events/training-certifications/exams/current-list/ccna-200-301.html
ccna,ip-services,IS-3,200-301 — IS-3 (HARD) #41,"Given strict compliance, auditability, and multi-region constraints, how should you Configure SNMP, syslog, and QoS basics for IP Services?",Use an approach that contradicts the exam objective and ignores documented constraints.,"Deploy without monitoring, backup, or access controls required by the blueprint.",Mix controls from unrelated domains that do not address the stated objective.,"Implement Configure SNMP, syslog, and QoS basics using Cisco best practices for IP Services, including monitoring and least privilege.",B,HARD,ccna|ip-services|IS-3|hard|blueprint-seed,"**Answer: B** — Configure SNMP, syslog, and QoS basics. Review the official Cisco exam guide (200-301) and linked documentation. Objective: IS-3.",https://learningnetwork.cisco.com/s/ccna|https://www.cisco.com/c/en/us/training-events/training-certifications/exams/current-list/ccna-200-301.html
ccna,security-fundamentals,SF-1,200-301 — SF-1 (EASY) #1,What is the primary purpose of Configure ACLs and port security?,Use an approach that contradicts the exam objective and ignores documented constraints.,"Deploy without monitoring, backup, or access controls required by the blueprint.",Mix controls from unrelated domains that do not address the stated objective.,"Follow the documented approach for Configure ACLs and port security, using recommended services and controls per the exam guide.",B,EASY,ccna|security-fundamentals|SF-1|easy|blueprint-seed,**Answer: B** — Configure ACLs and port security. Review the official Cisco exam guide (200-301) and linked documentation. Objective: SF-1.,https://learningnetwork.cisco.com/s/ccna|https://www.cisco.com/c/en/us/training-events/training-certifications/exams/current-list/ccna-200-301.html
ccna,security-fundamentals,SF-1,200-301 — SF-1 (EASY) #2,Which concept is fundamental to Configure ACLs and port security?,"Deploy without monitoring, backup, or access controls required by the blueprint.",Mix controls from unrelated domains that do not address the stated objective.,"Implement Configure ACLs and port security using Cisco best practices for Security Fundamentals, including monitoring and least privilege.",Use an approach that contradicts the exam objective and ignores documented constraints.,C,EASY,ccna|security-fundamentals|SF-1|easy|blueprint-seed,**Answer: C** — Configure ACLs and port security. Review the official Cisco exam guide (200-301) and linked documentation. Objective: SF-1.,https://learningnetwork.cisco.com/s/ccna|https://www.cisco.com/c/en/us/training-events/training-certifications/exams/current-list/ccna-200-301.html
ccna,security-fundamentals,SF-1,200-301 — SF-1 (EASY) #3,Identify the core principle behind Configure ACLs and port security?,Mix controls from unrelated domains that do not address the stated objective.,Apply the official Security Fundamentals guidance: Configure ACLs and port security — this aligns with exam blueprint expectations and vendor documentation.,Use an approach that contradicts the exam objective and ignores documented constraints.,"Deploy without monitoring, backup, or access controls required by the blueprint.",D,EASY,ccna|security-fundamentals|SF-1|easy|blueprint-seed,**Answer: D** — Configure ACLs and port security. Review the official Cisco exam guide (200-301) and linked documentation. Objective: SF-1.,https://learningnetwork.cisco.com/s/ccna|https://www.cisco.com/c/en/us/training-events/training-certifications/exams/current-list/ccna-200-301.html
ccna,security-fundamentals,SF-1,200-301 — SF-1 (EASY) #4,Which description accurately reflects Configure ACLs and port security?,"Follow the documented approach for Configure ACLs and port security, using recommended services and controls per the exam guide.",Use an approach that contradicts the exam objective and ignores documented constraints.,"Deploy without monitoring, backup, or access controls required by the blueprint.",Mix controls from unrelated domains that do not address the stated objective.,A,EASY,ccna|security-fundamentals|SF-1|easy|blueprint-seed,**Answer: A** — Configure ACLs and port security. Review the official Cisco exam guide (200-301) and linked documentation. Objective: SF-1.,https://learningnetwork.cisco.com/s/ccna|https://www.cisco.com/c/en/us/training-events/training-certifications/exams/current-list/ccna-200-301.html
ccna,security-fundamentals,SF-1,200-301 — SF-1 (EASY) #5,Which statement best defines the scope of Configure ACLs and port security?,Use an approach that contradicts the exam objective and ignores documented constraints.,"Deploy without monitoring, backup, or access controls required by the blueprint.",Mix controls from unrelated domains that do not address the stated objective.,"Implement Configure ACLs and port security using Cisco best practices for Security Fundamentals, including monitoring and least privilege.",B,EASY,ccna|security-fundamentals|SF-1|easy|blueprint-seed,**Answer: B** — Configure ACLs and port security. Review the official Cisco exam guide (200-301) and linked documentation. Objective: SF-1.,https://learningnetwork.cisco.com/s/ccna|https://www.cisco.com/c/en/us/training-events/training-certifications/exams/current-list/ccna-200-301.html
ccna,security-fundamentals,SF-1,200-301 — SF-1 (EASY) #6,What is the primary purpose of Configure ACLs and port security?,"Deploy without monitoring, backup, or access controls required by the blueprint.",Mix controls from unrelated domains that do not address the stated objective.,Apply the official Security Fundamentals guidance: Configure ACLs and port security — this aligns with exam blueprint expectations and vendor documentation.,Use an approach that contradicts the exam objective and ignores documented constraints.,C,EASY,ccna|security-fundamentals|SF-1|easy|blueprint-seed,**Answer: C** — Configure ACLs and port security. Review the official Cisco exam guide (200-301) and linked documentation. Objective: SF-1.,https://learningnetwork.cisco.com/s/ccna|https://www.cisco.com/c/en/us/training-events/training-certifications/exams/current-list/ccna-200-301.html
ccna,security-fundamentals,SF-1,200-301 — SF-1 (EASY) #7,Which concept is fundamental to Configure ACLs and port security?,Mix controls from unrelated domains that do not address the stated objective.,"Follow the documented approach for Configure ACLs and port security, using recommended services and controls per the exam guide.",Use an approach that contradicts the exam objective and ignores documented constraints.,"Deploy without monitoring, backup, or access controls required by the blueprint.",D,EASY,ccna|security-fundamentals|SF-1|easy|blueprint-seed,**Answer: D** — Configure ACLs and port security. Review the official Cisco exam guide (200-301) and linked documentation. Objective: SF-1.,https://learningnetwork.cisco.com/s/ccna|https://www.cisco.com/c/en/us/training-events/training-certifications/exams/current-list/ccna-200-301.html
ccna,security-fundamentals,SF-1,200-301 — SF-1 (EASY) #8,Identify the core principle behind Configure ACLs and port security?,"Implement Configure ACLs and port security using Cisco best practices for Security Fundamentals, including monitoring and least privilege.",Use an approach that contradicts the exam objective and ignores documented constraints.,"Deploy without monitoring, backup, or access controls required by the blueprint.",Mix controls from unrelated domains that do not address the stated objective.,A,EASY,ccna|security-fundamentals|SF-1|easy|blueprint-seed,**Answer: A** — Configure ACLs and port security. Review the official Cisco exam guide (200-301) and linked documentation. Objective: SF-1.,https://learningnetwork.cisco.com/s/ccna|https://www.cisco.com/c/en/us/training-events/training-certifications/exams/current-list/ccna-200-301.html
ccna,security-fundamentals,SF-1,200-301 — SF-1 (EASY) #9,Which description accurately reflects Configure ACLs and port security?,Use an approach that contradicts the exam objective and ignores documented constraints.,"Deploy without monitoring, backup, or access controls required by the blueprint.",Mix controls from unrelated domains that do not address the stated objective.,Apply the official Security Fundamentals guidance: Configure ACLs and port security — this aligns with exam blueprint expectations and vendor documentation.,B,EASY,ccna|security-fundamentals|SF-1|easy|blueprint-seed,**Answer: B** — Configure ACLs and port security. Review the official Cisco exam guide (200-301) and linked documentation. Objective: SF-1.,https://learningnetwork.cisco.com/s/ccna|https://www.cisco.com/c/en/us/training-events/training-certifications/exams/current-list/ccna-200-301.html
ccna,security-fundamentals,SF-1,200-301 — SF-1 (EASY) #10,Which statement best defines the scope of Configure ACLs and port security?,"Deploy without monitoring, backup, or access controls required by the blueprint.",Mix controls from unrelated domains that do not address the stated objective.,"Follow the documented approach for Configure ACLs and port security, using recommended services and controls per the exam guide.",Use an approach that contradicts the exam objective and ignores documented constraints.,C,EASY,ccna|security-fundamentals|SF-1|easy|blueprint-seed,**Answer: C** — Configure ACLs and port security. Review the official Cisco exam guide (200-301) and linked documentation. Objective: SF-1.,https://learningnetwork.cisco.com/s/ccna|https://www.cisco.com/c/en/us/training-events/training-certifications/exams/current-list/ccna-200-301.html
ccna,security-fundamentals,SF-1,200-301 — SF-1 (EASY) #11,What is the primary purpose of Configure ACLs and port security?,Mix controls from unrelated domains that do not address the stated objective.,"Implement Configure ACLs and port security using Cisco best practices for Security Fundamentals, including monitoring and least privilege.",Use an approach that contradicts the exam objective and ignores documented constraints.,"Deploy without monitoring, backup, or access controls required by the blueprint.",D,EASY,ccna|security-fundamentals|SF-1|easy|blueprint-seed,**Answer: D** — Configure ACLs and port security. Review the official Cisco exam guide (200-301) and linked documentation. Objective: SF-1.,https://learningnetwork.cisco.com/s/ccna|https://www.cisco.com/c/en/us/training-events/training-certifications/exams/current-list/ccna-200-301.html
ccna,security-fundamentals,SF-1,200-301 — SF-1 (MEDIUM) #12,"During a project review, stakeholders ask how to Configure ACLs and port security in the context of Cisco CCNA?",Apply the official Security Fundamentals guidance: Configure ACLs and port security — this aligns with exam blueprint expectations and vendor documentation.,Use an approach that contradicts the exam objective and ignores documented constraints.,"Deploy without monitoring, backup, or access controls required by the blueprint.",Mix controls from unrelated domains that do not address the stated objective.,A,MEDIUM,ccna|security-fundamentals|SF-1|medium|blueprint-seed,**Answer: A** — Configure ACLs and port security. Review the official Cisco exam guide (200-301) and linked documentation. Objective: SF-1.,https://learningnetwork.cisco.com/s/ccna|https://www.cisco.com/c/en/us/training-events/training-certifications/exams/current-list/ccna-200-301.html
ccna,security-fundamentals,SF-1,200-301 — SF-1 (MEDIUM) #13,Which configuration satisfies requirements for Configure ACLs and port security in the context of Cisco CCNA?,Use an approach that contradicts the exam objective and ignores documented constraints.,"Deploy without monitoring, backup, or access controls required by the blueprint.",Mix controls from unrelated domains that do not address the stated objective.,"Follow the documented approach for Configure ACLs and port security, using recommended services and controls per the exam guide.",B,MEDIUM,ccna|security-fundamentals|SF-1|medium|blueprint-seed,**Answer: B** — Configure ACLs and port security. Review the official Cisco exam guide (200-301) and linked documentation. Objective: SF-1.,https://learningnetwork.cisco.com/s/ccna|https://www.cisco.com/c/en/us/training-events/training-certifications/exams/current-list/ccna-200-301.html
ccna,security-fundamentals,SF-1,200-301 — SF-1 (MEDIUM) #14,What is the recommended design when applying Configure ACLs and port security in the context of Cisco CCNA?,"Deploy without monitoring, backup, or access controls required by the blueprint.",Mix controls from unrelated domains that do not address the stated objective.,"Implement Configure ACLs and port security using Cisco best practices for Security Fundamentals, including monitoring and least privilege.",Use an approach that contradicts the exam objective and ignores documented constraints.,C,MEDIUM,ccna|security-fundamentals|SF-1|medium|blueprint-seed,**Answer: C** — Configure ACLs and port security. Review the official Cisco exam guide (200-301) and linked documentation. Objective: SF-1.,https://learningnetwork.cisco.com/s/ccna|https://www.cisco.com/c/en/us/training-events/training-certifications/exams/current-list/ccna-200-301.html
ccna,security-fundamentals,SF-1,200-301 — SF-1 (MEDIUM) #15,A team must implement a solution for Configure ACLs and port security in the context of Cisco CCNA?,Mix controls from unrelated domains that do not address the stated objective.,Apply the official Security Fundamentals guidance: Configure ACLs and port security — this aligns with exam blueprint expectations and vendor documentation.,Use an approach that contradicts the exam objective and ignores documented constraints.,"Deploy without monitoring, backup, or access controls required by the blueprint.",D,MEDIUM,ccna|security-fundamentals|SF-1|medium|blueprint-seed,**Answer: D** — Configure ACLs and port security. Review the official Cisco exam guide (200-301) and linked documentation. Objective: SF-1.,https://learningnetwork.cisco.com/s/ccna|https://www.cisco.com/c/en/us/training-events/training-certifications/exams/current-list/ccna-200-301.html
ccna,security-fundamentals,SF-1,200-301 — SF-1 (MEDIUM) #16,Which approach aligns with best practices when Configure ACLs and port security in the context of Cisco CCNA?,"Follow the documented approach for Configure ACLs and port security, using recommended services and controls per the exam guide.",Use an approach that contradicts the exam objective and ignores documented constraints.,"Deploy without monitoring, backup, or access controls required by the blueprint.",Mix controls from unrelated domains that do not address the stated objective.,A,MEDIUM,ccna|security-fundamentals|SF-1|medium|blueprint-seed,**Answer: A** — Configure ACLs and port security. Review the official Cisco exam guide (200-301) and linked documentation. Objective: SF-1.,https://learningnetwork.cisco.com/s/ccna|https://www.cisco.com/c/en/us/training-events/training-certifications/exams/current-list/ccna-200-301.html
ccna,security-fundamentals,SF-1,200-301 — SF-1 (MEDIUM) #17,"During a project review, stakeholders ask how to Configure ACLs and port security in the context of Cisco CCNA?",Use an approach that contradicts the exam objective and ignores documented constraints.,"Deploy without monitoring, backup, or access controls required by the blueprint.",Mix controls from unrelated domains that do not address the stated objective.,"Implement Configure ACLs and port security using Cisco best practices for Security Fundamentals, including monitoring and least privilege.",B,MEDIUM,ccna|security-fundamentals|SF-1|medium|blueprint-seed,**Answer: B** — Configure ACLs and port security. Review the official Cisco exam guide (200-301) and linked documentation. Objective: SF-1.,https://learningnetwork.cisco.com/s/ccna|https://www.cisco.com/c/en/us/training-events/training-certifications/exams/current-list/ccna-200-301.html
ccna,security-fundamentals,SF-1,200-301 — SF-1 (MEDIUM) #18,Which configuration satisfies requirements for Configure ACLs and port security in the context of Cisco CCNA?,"Deploy without monitoring, backup, or access controls required by the blueprint.",Mix controls from unrelated domains that do not address the stated objective.,Apply the official Security Fundamentals guidance: Configure ACLs and port security — this aligns with exam blueprint expectations and vendor documentation.,Use an approach that contradicts the exam objective and ignores documented constraints.,C,MEDIUM,ccna|security-fundamentals|SF-1|medium|blueprint-seed,**Answer: C** — Configure ACLs and port security. Review the official Cisco exam guide (200-301) and linked documentation. Objective: SF-1.,https://learningnetwork.cisco.com/s/ccna|https://www.cisco.com/c/en/us/training-events/training-certifications/exams/current-list/ccna-200-301.html
ccna,security-fundamentals,SF-1,200-301 — SF-1 (MEDIUM) #19,What is the recommended design when applying Configure ACLs and port security in the context of Cisco CCNA?,Mix controls from unrelated domains that do not address the stated objective.,"Follow the documented approach for Configure ACLs and port security, using recommended services and controls per the exam guide.",Use an approach that contradicts the exam objective and ignores documented constraints.,"Deploy without monitoring, backup, or access controls required by the blueprint.",D,MEDIUM,ccna|security-fundamentals|SF-1|medium|blueprint-seed,**Answer: D** — Configure ACLs and port security. Review the official Cisco exam guide (200-301) and linked documentation. Objective: SF-1.,https://learningnetwork.cisco.com/s/ccna|https://www.cisco.com/c/en/us/training-events/training-certifications/exams/current-list/ccna-200-301.html
ccna,security-fundamentals,SF-1,200-301 — SF-1 (MEDIUM) #20,A team must implement a solution for Configure ACLs and port security in the context of Cisco CCNA?,"Implement Configure ACLs and port security using Cisco best practices for Security Fundamentals, including monitoring and least privilege.",Use an approach that contradicts the exam objective and ignores documented constraints.,"Deploy without monitoring, backup, or access controls required by the blueprint.",Mix controls from unrelated domains that do not address the stated objective.,A,MEDIUM,ccna|security-fundamentals|SF-1|medium|blueprint-seed,**Answer: A** — Configure ACLs and port security. Review the official Cisco exam guide (200-301) and linked documentation. Objective: SF-1.,https://learningnetwork.cisco.com/s/ccna|https://www.cisco.com/c/en/us/training-events/training-certifications/exams/current-list/ccna-200-301.html
ccna,security-fundamentals,SF-1,200-301 — SF-1 (MEDIUM) #21,Which approach aligns with best practices when Configure ACLs and port security in the context of Cisco CCNA?,Use an approach that contradicts the exam objective and ignores documented constraints.,"Deploy without monitoring, backup, or access controls required by the blueprint.",Mix controls from unrelated domains that do not address the stated objective.,Apply the official Security Fundamentals guidance: Configure ACLs and port security — this aligns with exam blueprint expectations and vendor documentation.,B,MEDIUM,ccna|security-fundamentals|SF-1|medium|blueprint-seed,**Answer: B** — Configure ACLs and port security. Review the official Cisco exam guide (200-301) and linked documentation. Objective: SF-1.,https://learningnetwork.cisco.com/s/ccna|https://www.cisco.com/c/en/us/training-events/training-certifications/exams/current-list/ccna-200-301.html
ccna,security-fundamentals,SF-1,200-301 — SF-1 (MEDIUM) #22,"During a project review, stakeholders ask how to Configure ACLs and port security in the context of Cisco CCNA?","Deploy without monitoring, backup, or access controls required by the blueprint.",Mix controls from unrelated domains that do not address the stated objective.,"Follow the documented approach for Configure ACLs and port security, using recommended services and controls per the exam guide.",Use an approach that contradicts the exam objective and ignores documented constraints.,C,MEDIUM,ccna|security-fundamentals|SF-1|medium|blueprint-seed,**Answer: C** — Configure ACLs and port security. Review the official Cisco exam guide (200-301) and linked documentation. Objective: SF-1.,https://learningnetwork.cisco.com/s/ccna|https://www.cisco.com/c/en/us/training-events/training-certifications/exams/current-list/ccna-200-301.html
ccna,security-fundamentals,SF-1,200-301 — SF-1 (MEDIUM) #23,Which configuration satisfies requirements for Configure ACLs and port security in the context of Cisco CCNA?,Mix controls from unrelated domains that do not address the stated objective.,"Implement Configure ACLs and port security using Cisco best practices for Security Fundamentals, including monitoring and least privilege.",Use an approach that contradicts the exam objective and ignores documented constraints.,"Deploy without monitoring, backup, or access controls required by the blueprint.",D,MEDIUM,ccna|security-fundamentals|SF-1|medium|blueprint-seed,**Answer: D** — Configure ACLs and port security. Review the official Cisco exam guide (200-301) and linked documentation. Objective: SF-1.,https://learningnetwork.cisco.com/s/ccna|https://www.cisco.com/c/en/us/training-events/training-certifications/exams/current-list/ccna-200-301.html
ccna,security-fundamentals,SF-1,200-301 — SF-1 (MEDIUM) #24,What is the recommended design when applying Configure ACLs and port security in the context of Cisco CCNA?,Apply the official Security Fundamentals guidance: Configure ACLs and port security — this aligns with exam blueprint expectations and vendor documentation.,Use an approach that contradicts the exam objective and ignores documented constraints.,"Deploy without monitoring, backup, or access controls required by the blueprint.",Mix controls from unrelated domains that do not address the stated objective.,A,MEDIUM,ccna|security-fundamentals|SF-1|medium|blueprint-seed,**Answer: A** — Configure ACLs and port security. Review the official Cisco exam guide (200-301) and linked documentation. Objective: SF-1.,https://learningnetwork.cisco.com/s/ccna|https://www.cisco.com/c/en/us/training-events/training-certifications/exams/current-list/ccna-200-301.html
ccna,security-fundamentals,SF-1,200-301 — SF-1 (MEDIUM) #25,A team must implement a solution for Configure ACLs and port security in the context of Cisco CCNA?,Use an approach that contradicts the exam objective and ignores documented constraints.,"Deploy without monitoring, backup, or access controls required by the blueprint.",Mix controls from unrelated domains that do not address the stated objective.,"Follow the documented approach for Configure ACLs and port security, using recommended services and controls per the exam guide.",B,MEDIUM,ccna|security-fundamentals|SF-1|medium|blueprint-seed,**Answer: B** — Configure ACLs and port security. Review the official Cisco exam guide (200-301) and linked documentation. Objective: SF-1.,https://learningnetwork.cisco.com/s/ccna|https://www.cisco.com/c/en/us/training-events/training-certifications/exams/current-list/ccna-200-301.html
ccna,security-fundamentals,SF-1,200-301 — SF-1 (MEDIUM) #26,Which approach aligns with best practices when Configure ACLs and port security in the context of Cisco CCNA?,"Deploy without monitoring, backup, or access controls required by the blueprint.",Mix controls from unrelated domains that do not address the stated objective.,"Implement Configure ACLs and port security using Cisco best practices for Security Fundamentals, including monitoring and least privilege.",Use an approach that contradicts the exam objective and ignores documented constraints.,C,MEDIUM,ccna|security-fundamentals|SF-1|medium|blueprint-seed,**Answer: C** — Configure ACLs and port security. Review the official Cisco exam guide (200-301) and linked documentation. Objective: SF-1.,https://learningnetwork.cisco.com/s/ccna|https://www.cisco.com/c/en/us/training-events/training-certifications/exams/current-list/ccna-200-301.html
ccna,security-fundamentals,SF-1,200-301 — SF-1 (HARD) #27,A production incident involves trade-offs between cost and resilience for Configure ACLs and port security for Security Fundamentals?,Mix controls from unrelated domains that do not address the stated objective.,Apply the official Security Fundamentals guidance: Configure ACLs and port security — this aligns with exam blueprint expectations and vendor documentation.,Use an approach that contradicts the exam objective and ignores documented constraints.,"Deploy without monitoring, backup, or access controls required by the blueprint.",D,HARD,ccna|security-fundamentals|SF-1|hard|blueprint-seed,**Answer: D** — Configure ACLs and port security. Review the official Cisco exam guide (200-301) and linked documentation. Objective: SF-1.,https://learningnetwork.cisco.com/s/ccna|https://www.cisco.com/c/en/us/training-events/training-certifications/exams/current-list/ccna-200-301.html
ccna,security-fundamentals,SF-1,200-301 — SF-1 (HARD) #28,Complex regulatory requirements demand that you Configure ACLs and port security for Security Fundamentals?,"Follow the documented approach for Configure ACLs and port security, using recommended services and controls per the exam guide.",Use an approach that contradicts the exam objective and ignores documented constraints.,"Deploy without monitoring, backup, or access controls required by the blueprint.",Mix controls from unrelated domains that do not address the stated objective.,A,HARD,ccna|security-fundamentals|SF-1|hard|blueprint-seed,**Answer: A** — Configure ACLs and port security. Review the official Cisco exam guide (200-301) and linked documentation. Objective: SF-1.,https://learningnetwork.cisco.com/s/ccna|https://www.cisco.com/c/en/us/training-events/training-certifications/exams/current-list/ccna-200-301.html
ccna,security-fundamentals,SF-1,200-301 — SF-1 (HARD) #29,A multi-team rollout must balance security and velocity for Configure ACLs and port security for Security Fundamentals?,Use an approach that contradicts the exam objective and ignores documented constraints.,"Deploy without monitoring, backup, or access controls required by the blueprint.",Mix controls from unrelated domains that do not address the stated objective.,"Implement Configure ACLs and port security using Cisco best practices for Security Fundamentals, including monitoring and least privilege.",B,HARD,ccna|security-fundamentals|SF-1|hard|blueprint-seed,**Answer: B** — Configure ACLs and port security. Review the official Cisco exam guide (200-301) and linked documentation. Objective: SF-1.,https://learningnetwork.cisco.com/s/ccna|https://www.cisco.com/c/en/us/training-events/training-certifications/exams/current-list/ccna-200-301.html
ccna,security-fundamentals,SF-1,200-301 — SF-1 (HARD) #30,An enterprise requires zero-downtime architecture while Configure ACLs and port security for Security Fundamentals?,"Deploy without monitoring, backup, or access controls required by the blueprint.",Mix controls from unrelated domains that do not address the stated objective.,Apply the official Security Fundamentals guidance: Configure ACLs and port security — this aligns with exam blueprint expectations and vendor documentation.,Use an approach that contradicts the exam objective and ignores documented constraints.,C,HARD,ccna|security-fundamentals|SF-1|hard|blueprint-seed,**Answer: C** — Configure ACLs and port security. Review the official Cisco exam guide (200-301) and linked documentation. Objective: SF-1.,https://learningnetwork.cisco.com/s/ccna|https://www.cisco.com/c/en/us/training-events/training-certifications/exams/current-list/ccna-200-301.html
ccna,security-fundamentals,SF-1,200-301 — SF-1 (HARD) #31,"Given strict compliance, auditability, and multi-region constraints, how should you Configure ACLs and port security for Security Fundamentals?",Mix controls from unrelated domains that do not address the stated objective.,"Follow the documented approach for Configure ACLs and port security, using recommended services and controls per the exam guide.",Use an approach that contradicts the exam objective and ignores documented constraints.,"Deploy without monitoring, backup, or access controls required by the blueprint.",D,HARD,ccna|security-fundamentals|SF-1|hard|blueprint-seed,**Answer: D** — Configure ACLs and port security. Review the official Cisco exam guide (200-301) and linked documentation. Objective: SF-1.,https://learningnetwork.cisco.com/s/ccna|https://www.cisco.com/c/en/us/training-events/training-certifications/exams/current-list/ccna-200-301.html
ccna,security-fundamentals,SF-1,200-301 — SF-1 (HARD) #32,A production incident involves trade-offs between cost and resilience for Configure ACLs and port security for Security Fundamentals?,"Implement Configure ACLs and port security using Cisco best practices for Security Fundamentals, including monitoring and least privilege.",Use an approach that contradicts the exam objective and ignores documented constraints.,"Deploy without monitoring, backup, or access controls required by the blueprint.",Mix controls from unrelated domains that do not address the stated objective.,A,HARD,ccna|security-fundamentals|SF-1|hard|blueprint-seed,**Answer: A** — Configure ACLs and port security. Review the official Cisco exam guide (200-301) and linked documentation. Objective: SF-1.,https://learningnetwork.cisco.com/s/ccna|https://www.cisco.com/c/en/us/training-events/training-certifications/exams/current-list/ccna-200-301.html
ccna,security-fundamentals,SF-1,200-301 — SF-1 (HARD) #33,Complex regulatory requirements demand that you Configure ACLs and port security for Security Fundamentals?,Use an approach that contradicts the exam objective and ignores documented constraints.,"Deploy without monitoring, backup, or access controls required by the blueprint.",Mix controls from unrelated domains that do not address the stated objective.,Apply the official Security Fundamentals guidance: Configure ACLs and port security — this aligns with exam blueprint expectations and vendor documentation.,B,HARD,ccna|security-fundamentals|SF-1|hard|blueprint-seed,**Answer: B** — Configure ACLs and port security. Review the official Cisco exam guide (200-301) and linked documentation. Objective: SF-1.,https://learningnetwork.cisco.com/s/ccna|https://www.cisco.com/c/en/us/training-events/training-certifications/exams/current-list/ccna-200-301.html
ccna,security-fundamentals,SF-1,200-301 — SF-1 (HARD) #34,A multi-team rollout must balance security and velocity for Configure ACLs and port security for Security Fundamentals?,"Deploy without monitoring, backup, or access controls required by the blueprint.",Mix controls from unrelated domains that do not address the stated objective.,"Follow the documented approach for Configure ACLs and port security, using recommended services and controls per the exam guide.",Use an approach that contradicts the exam objective and ignores documented constraints.,C,HARD,ccna|security-fundamentals|SF-1|hard|blueprint-seed,**Answer: C** — Configure ACLs and port security. Review the official Cisco exam guide (200-301) and linked documentation. Objective: SF-1.,https://learningnetwork.cisco.com/s/ccna|https://www.cisco.com/c/en/us/training-events/training-certifications/exams/current-list/ccna-200-301.html
ccna,security-fundamentals,SF-1,200-301 — SF-1 (HARD) #35,An enterprise requires zero-downtime architecture while Configure ACLs and port security for Security Fundamentals?,Mix controls from unrelated domains that do not address the stated objective.,"Implement Configure ACLs and port security using Cisco best practices for Security Fundamentals, including monitoring and least privilege.",Use an approach that contradicts the exam objective and ignores documented constraints.,"Deploy without monitoring, backup, or access controls required by the blueprint.",D,HARD,ccna|security-fundamentals|SF-1|hard|blueprint-seed,**Answer: D** — Configure ACLs and port security. Review the official Cisco exam guide (200-301) and linked documentation. Objective: SF-1.,https://learningnetwork.cisco.com/s/ccna|https://www.cisco.com/c/en/us/training-events/training-certifications/exams/current-list/ccna-200-301.html
ccna,security-fundamentals,SF-1,200-301 — SF-1 (HARD) #36,"Given strict compliance, auditability, and multi-region constraints, how should you Configure ACLs and port security for Security Fundamentals?",Apply the official Security Fundamentals guidance: Configure ACLs and port security — this aligns with exam blueprint expectations and vendor documentation.,Use an approach that contradicts the exam objective and ignores documented constraints.,"Deploy without monitoring, backup, or access controls required by the blueprint.",Mix controls from unrelated domains that do not address the stated objective.,A,HARD,ccna|security-fundamentals|SF-1|hard|blueprint-seed,**Answer: A** — Configure ACLs and port security. Review the official Cisco exam guide (200-301) and linked documentation. Objective: SF-1.,https://learningnetwork.cisco.com/s/ccna|https://www.cisco.com/c/en/us/training-events/training-certifications/exams/current-list/ccna-200-301.html
ccna,security-fundamentals,SF-1,200-301 — SF-1 (HARD) #37,A production incident involves trade-offs between cost and resilience for Configure ACLs and port security for Security Fundamentals?,Use an approach that contradicts the exam objective and ignores documented constraints.,"Deploy without monitoring, backup, or access controls required by the blueprint.",Mix controls from unrelated domains that do not address the stated objective.,"Follow the documented approach for Configure ACLs and port security, using recommended services and controls per the exam guide.",B,HARD,ccna|security-fundamentals|SF-1|hard|blueprint-seed,**Answer: B** — Configure ACLs and port security. Review the official Cisco exam guide (200-301) and linked documentation. Objective: SF-1.,https://learningnetwork.cisco.com/s/ccna|https://www.cisco.com/c/en/us/training-events/training-certifications/exams/current-list/ccna-200-301.html
ccna,security-fundamentals,SF-1,200-301 — SF-1 (HARD) #38,Complex regulatory requirements demand that you Configure ACLs and port security for Security Fundamentals?,"Deploy without monitoring, backup, or access controls required by the blueprint.",Mix controls from unrelated domains that do not address the stated objective.,"Implement Configure ACLs and port security using Cisco best practices for Security Fundamentals, including monitoring and least privilege.",Use an approach that contradicts the exam objective and ignores documented constraints.,C,HARD,ccna|security-fundamentals|SF-1|hard|blueprint-seed,**Answer: C** — Configure ACLs and port security. Review the official Cisco exam guide (200-301) and linked documentation. Objective: SF-1.,https://learningnetwork.cisco.com/s/ccna|https://www.cisco.com/c/en/us/training-events/training-certifications/exams/current-list/ccna-200-301.html
ccna,security-fundamentals,SF-2,200-301 — SF-2 (EASY) #1,What is the primary purpose of Describe wireless security and VPN basics?,Use an approach that contradicts the exam objective and ignores documented constraints.,"Deploy without monitoring, backup, or access controls required by the blueprint.",Mix controls from unrelated domains that do not address the stated objective.,"Follow the documented approach for Describe wireless security and VPN basics, using recommended services and controls per the exam guide.",B,EASY,ccna|security-fundamentals|SF-2|easy|blueprint-seed,**Answer: B** — Describe wireless security and VPN basics. Review the official Cisco exam guide (200-301) and linked documentation. Objective: SF-2.,https://learningnetwork.cisco.com/s/ccna|https://www.cisco.com/c/en/us/training-events/training-certifications/exams/current-list/ccna-200-301.html
ccna,security-fundamentals,SF-2,200-301 — SF-2 (EASY) #2,Which concept is fundamental to Describe wireless security and VPN basics?,"Deploy without monitoring, backup, or access controls required by the blueprint.",Mix controls from unrelated domains that do not address the stated objective.,"Implement Describe wireless security and VPN basics using Cisco best practices for Security Fundamentals, including monitoring and least privilege.",Use an approach that contradicts the exam objective and ignores documented constraints.,C,EASY,ccna|security-fundamentals|SF-2|easy|blueprint-seed,**Answer: C** — Describe wireless security and VPN basics. Review the official Cisco exam guide (200-301) and linked documentation. Objective: SF-2.,https://learningnetwork.cisco.com/s/ccna|https://www.cisco.com/c/en/us/training-events/training-certifications/exams/current-list/ccna-200-301.html
ccna,security-fundamentals,SF-2,200-301 — SF-2 (EASY) #3,Identify the core principle behind Describe wireless security and VPN basics?,Mix controls from unrelated domains that do not address the stated objective.,Apply the official Security Fundamentals guidance: Describe wireless security and VPN basics — this aligns with exam blueprint expectations and vendor documentation.,Use an approach that contradicts the exam objective and ignores documented constraints.,"Deploy without monitoring, backup, or access controls required by the blueprint.",D,EASY,ccna|security-fundamentals|SF-2|easy|blueprint-seed,**Answer: D** — Describe wireless security and VPN basics. Review the official Cisco exam guide (200-301) and linked documentation. Objective: SF-2.,https://learningnetwork.cisco.com/s/ccna|https://www.cisco.com/c/en/us/training-events/training-certifications/exams/current-list/ccna-200-301.html
ccna,security-fundamentals,SF-2,200-301 — SF-2 (EASY) #4,Which description accurately reflects Describe wireless security and VPN basics?,"Follow the documented approach for Describe wireless security and VPN basics, using recommended services and controls per the exam guide.",Use an approach that contradicts the exam objective and ignores documented constraints.,"Deploy without monitoring, backup, or access controls required by the blueprint.",Mix controls from unrelated domains that do not address the stated objective.,A,EASY,ccna|security-fundamentals|SF-2|easy|blueprint-seed,**Answer: A** — Describe wireless security and VPN basics. Review the official Cisco exam guide (200-301) and linked documentation. Objective: SF-2.,https://learningnetwork.cisco.com/s/ccna|https://www.cisco.com/c/en/us/training-events/training-certifications/exams/current-list/ccna-200-301.html
ccna,security-fundamentals,SF-2,200-301 — SF-2 (EASY) #5,Which statement best defines the scope of Describe wireless security and VPN basics?,Use an approach that contradicts the exam objective and ignores documented constraints.,"Deploy without monitoring, backup, or access controls required by the blueprint.",Mix controls from unrelated domains that do not address the stated objective.,"Implement Describe wireless security and VPN basics using Cisco best practices for Security Fundamentals, including monitoring and least privilege.",B,EASY,ccna|security-fundamentals|SF-2|easy|blueprint-seed,**Answer: B** — Describe wireless security and VPN basics. Review the official Cisco exam guide (200-301) and linked documentation. Objective: SF-2.,https://learningnetwork.cisco.com/s/ccna|https://www.cisco.com/c/en/us/training-events/training-certifications/exams/current-list/ccna-200-301.html
ccna,security-fundamentals,SF-2,200-301 — SF-2 (EASY) #6,What is the primary purpose of Describe wireless security and VPN basics?,"Deploy without monitoring, backup, or access controls required by the blueprint.",Mix controls from unrelated domains that do not address the stated objective.,Apply the official Security Fundamentals guidance: Describe wireless security and VPN basics — this aligns with exam blueprint expectations and vendor documentation.,Use an approach that contradicts the exam objective and ignores documented constraints.,C,EASY,ccna|security-fundamentals|SF-2|easy|blueprint-seed,**Answer: C** — Describe wireless security and VPN basics. Review the official Cisco exam guide (200-301) and linked documentation. Objective: SF-2.,https://learningnetwork.cisco.com/s/ccna|https://www.cisco.com/c/en/us/training-events/training-certifications/exams/current-list/ccna-200-301.html
ccna,security-fundamentals,SF-2,200-301 — SF-2 (EASY) #7,Which concept is fundamental to Describe wireless security and VPN basics?,Mix controls from unrelated domains that do not address the stated objective.,"Follow the documented approach for Describe wireless security and VPN basics, using recommended services and controls per the exam guide.",Use an approach that contradicts the exam objective and ignores documented constraints.,"Deploy without monitoring, backup, or access controls required by the blueprint.",D,EASY,ccna|security-fundamentals|SF-2|easy|blueprint-seed,**Answer: D** — Describe wireless security and VPN basics. Review the official Cisco exam guide (200-301) and linked documentation. Objective: SF-2.,https://learningnetwork.cisco.com/s/ccna|https://www.cisco.com/c/en/us/training-events/training-certifications/exams/current-list/ccna-200-301.html
ccna,security-fundamentals,SF-2,200-301 — SF-2 (EASY) #8,Identify the core principle behind Describe wireless security and VPN basics?,"Implement Describe wireless security and VPN basics using Cisco best practices for Security Fundamentals, including monitoring and least privilege.",Use an approach that contradicts the exam objective and ignores documented constraints.,"Deploy without monitoring, backup, or access controls required by the blueprint.",Mix controls from unrelated domains that do not address the stated objective.,A,EASY,ccna|security-fundamentals|SF-2|easy|blueprint-seed,**Answer: A** — Describe wireless security and VPN basics. Review the official Cisco exam guide (200-301) and linked documentation. Objective: SF-2.,https://learningnetwork.cisco.com/s/ccna|https://www.cisco.com/c/en/us/training-events/training-certifications/exams/current-list/ccna-200-301.html
ccna,security-fundamentals,SF-2,200-301 — SF-2 (EASY) #9,Which description accurately reflects Describe wireless security and VPN basics?,Use an approach that contradicts the exam objective and ignores documented constraints.,"Deploy without monitoring, backup, or access controls required by the blueprint.",Mix controls from unrelated domains that do not address the stated objective.,Apply the official Security Fundamentals guidance: Describe wireless security and VPN basics — this aligns with exam blueprint expectations and vendor documentation.,B,EASY,ccna|security-fundamentals|SF-2|easy|blueprint-seed,**Answer: B** — Describe wireless security and VPN basics. Review the official Cisco exam guide (200-301) and linked documentation. Objective: SF-2.,https://learningnetwork.cisco.com/s/ccna|https://www.cisco.com/c/en/us/training-events/training-certifications/exams/current-list/ccna-200-301.html
ccna,security-fundamentals,SF-2,200-301 — SF-2 (EASY) #10,Which statement best defines the scope of Describe wireless security and VPN basics?,"Deploy without monitoring, backup, or access controls required by the blueprint.",Mix controls from unrelated domains that do not address the stated objective.,"Follow the documented approach for Describe wireless security and VPN basics, using recommended services and controls per the exam guide.",Use an approach that contradicts the exam objective and ignores documented constraints.,C,EASY,ccna|security-fundamentals|SF-2|easy|blueprint-seed,**Answer: C** — Describe wireless security and VPN basics. Review the official Cisco exam guide (200-301) and linked documentation. Objective: SF-2.,https://learningnetwork.cisco.com/s/ccna|https://www.cisco.com/c/en/us/training-events/training-certifications/exams/current-list/ccna-200-301.html
ccna,security-fundamentals,SF-2,200-301 — SF-2 (EASY) #11,What is the primary purpose of Describe wireless security and VPN basics?,Mix controls from unrelated domains that do not address the stated objective.,"Implement Describe wireless security and VPN basics using Cisco best practices for Security Fundamentals, including monitoring and least privilege.",Use an approach that contradicts the exam objective and ignores documented constraints.,"Deploy without monitoring, backup, or access controls required by the blueprint.",D,EASY,ccna|security-fundamentals|SF-2|easy|blueprint-seed,**Answer: D** — Describe wireless security and VPN basics. Review the official Cisco exam guide (200-301) and linked documentation. Objective: SF-2.,https://learningnetwork.cisco.com/s/ccna|https://www.cisco.com/c/en/us/training-events/training-certifications/exams/current-list/ccna-200-301.html
ccna,security-fundamentals,SF-2,200-301 — SF-2 (MEDIUM) #12,"During a project review, stakeholders ask how to Describe wireless security and VPN basics in the context of Cisco CCNA?",Apply the official Security Fundamentals guidance: Describe wireless security and VPN basics — this aligns with exam blueprint expectations and vendor documentation.,Use an approach that contradicts the exam objective and ignores documented constraints.,"Deploy without monitoring, backup, or access controls required by the blueprint.",Mix controls from unrelated domains that do not address the stated objective.,A,MEDIUM,ccna|security-fundamentals|SF-2|medium|blueprint-seed,**Answer: A** — Describe wireless security and VPN basics. Review the official Cisco exam guide (200-301) and linked documentation. Objective: SF-2.,https://learningnetwork.cisco.com/s/ccna|https://www.cisco.com/c/en/us/training-events/training-certifications/exams/current-list/ccna-200-301.html
ccna,security-fundamentals,SF-2,200-301 — SF-2 (MEDIUM) #13,Which configuration satisfies requirements for Describe wireless security and VPN basics in the context of Cisco CCNA?,Use an approach that contradicts the exam objective and ignores documented constraints.,"Deploy without monitoring, backup, or access controls required by the blueprint.",Mix controls from unrelated domains that do not address the stated objective.,"Follow the documented approach for Describe wireless security and VPN basics, using recommended services and controls per the exam guide.",B,MEDIUM,ccna|security-fundamentals|SF-2|medium|blueprint-seed,**Answer: B** — Describe wireless security and VPN basics. Review the official Cisco exam guide (200-301) and linked documentation. Objective: SF-2.,https://learningnetwork.cisco.com/s/ccna|https://www.cisco.com/c/en/us/training-events/training-certifications/exams/current-list/ccna-200-301.html
ccna,security-fundamentals,SF-2,200-301 — SF-2 (MEDIUM) #14,What is the recommended design when applying Describe wireless security and VPN basics in the context of Cisco CCNA?,"Deploy without monitoring, backup, or access controls required by the blueprint.",Mix controls from unrelated domains that do not address the stated objective.,"Implement Describe wireless security and VPN basics using Cisco best practices for Security Fundamentals, including monitoring and least privilege.",Use an approach that contradicts the exam objective and ignores documented constraints.,C,MEDIUM,ccna|security-fundamentals|SF-2|medium|blueprint-seed,**Answer: C** — Describe wireless security and VPN basics. Review the official Cisco exam guide (200-301) and linked documentation. Objective: SF-2.,https://learningnetwork.cisco.com/s/ccna|https://www.cisco.com/c/en/us/training-events/training-certifications/exams/current-list/ccna-200-301.html
ccna,security-fundamentals,SF-2,200-301 — SF-2 (MEDIUM) #15,A team must implement a solution for Describe wireless security and VPN basics in the context of Cisco CCNA?,Mix controls from unrelated domains that do not address the stated objective.,Apply the official Security Fundamentals guidance: Describe wireless security and VPN basics — this aligns with exam blueprint expectations and vendor documentation.,Use an approach that contradicts the exam objective and ignores documented constraints.,"Deploy without monitoring, backup, or access controls required by the blueprint.",D,MEDIUM,ccna|security-fundamentals|SF-2|medium|blueprint-seed,**Answer: D** — Describe wireless security and VPN basics. Review the official Cisco exam guide (200-301) and linked documentation. Objective: SF-2.,https://learningnetwork.cisco.com/s/ccna|https://www.cisco.com/c/en/us/training-events/training-certifications/exams/current-list/ccna-200-301.html
ccna,security-fundamentals,SF-2,200-301 — SF-2 (MEDIUM) #16,Which approach aligns with best practices when Describe wireless security and VPN basics in the context of Cisco CCNA?,"Follow the documented approach for Describe wireless security and VPN basics, using recommended services and controls per the exam guide.",Use an approach that contradicts the exam objective and ignores documented constraints.,"Deploy without monitoring, backup, or access controls required by the blueprint.",Mix controls from unrelated domains that do not address the stated objective.,A,MEDIUM,ccna|security-fundamentals|SF-2|medium|blueprint-seed,**Answer: A** — Describe wireless security and VPN basics. Review the official Cisco exam guide (200-301) and linked documentation. Objective: SF-2.,https://learningnetwork.cisco.com/s/ccna|https://www.cisco.com/c/en/us/training-events/training-certifications/exams/current-list/ccna-200-301.html
ccna,security-fundamentals,SF-2,200-301 — SF-2 (MEDIUM) #17,"During a project review, stakeholders ask how to Describe wireless security and VPN basics in the context of Cisco CCNA?",Use an approach that contradicts the exam objective and ignores documented constraints.,"Deploy without monitoring, backup, or access controls required by the blueprint.",Mix controls from unrelated domains that do not address the stated objective.,"Implement Describe wireless security and VPN basics using Cisco best practices for Security Fundamentals, including monitoring and least privilege.",B,MEDIUM,ccna|security-fundamentals|SF-2|medium|blueprint-seed,**Answer: B** — Describe wireless security and VPN basics. Review the official Cisco exam guide (200-301) and linked documentation. Objective: SF-2.,https://learningnetwork.cisco.com/s/ccna|https://www.cisco.com/c/en/us/training-events/training-certifications/exams/current-list/ccna-200-301.html
ccna,security-fundamentals,SF-2,200-301 — SF-2 (MEDIUM) #18,Which configuration satisfies requirements for Describe wireless security and VPN basics in the context of Cisco CCNA?,"Deploy without monitoring, backup, or access controls required by the blueprint.",Mix controls from unrelated domains that do not address the stated objective.,Apply the official Security Fundamentals guidance: Describe wireless security and VPN basics — this aligns with exam blueprint expectations and vendor documentation.,Use an approach that contradicts the exam objective and ignores documented constraints.,C,MEDIUM,ccna|security-fundamentals|SF-2|medium|blueprint-seed,**Answer: C** — Describe wireless security and VPN basics. Review the official Cisco exam guide (200-301) and linked documentation. Objective: SF-2.,https://learningnetwork.cisco.com/s/ccna|https://www.cisco.com/c/en/us/training-events/training-certifications/exams/current-list/ccna-200-301.html
ccna,security-fundamentals,SF-2,200-301 — SF-2 (MEDIUM) #19,What is the recommended design when applying Describe wireless security and VPN basics in the context of Cisco CCNA?,Mix controls from unrelated domains that do not address the stated objective.,"Follow the documented approach for Describe wireless security and VPN basics, using recommended services and controls per the exam guide.",Use an approach that contradicts the exam objective and ignores documented constraints.,"Deploy without monitoring, backup, or access controls required by the blueprint.",D,MEDIUM,ccna|security-fundamentals|SF-2|medium|blueprint-seed,**Answer: D** — Describe wireless security and VPN basics. Review the official Cisco exam guide (200-301) and linked documentation. Objective: SF-2.,https://learningnetwork.cisco.com/s/ccna|https://www.cisco.com/c/en/us/training-events/training-certifications/exams/current-list/ccna-200-301.html
ccna,security-fundamentals,SF-2,200-301 — SF-2 (MEDIUM) #20,A team must implement a solution for Describe wireless security and VPN basics in the context of Cisco CCNA?,"Implement Describe wireless security and VPN basics using Cisco best practices for Security Fundamentals, including monitoring and least privilege.",Use an approach that contradicts the exam objective and ignores documented constraints.,"Deploy without monitoring, backup, or access controls required by the blueprint.",Mix controls from unrelated domains that do not address the stated objective.,A,MEDIUM,ccna|security-fundamentals|SF-2|medium|blueprint-seed,**Answer: A** — Describe wireless security and VPN basics. Review the official Cisco exam guide (200-301) and linked documentation. Objective: SF-2.,https://learningnetwork.cisco.com/s/ccna|https://www.cisco.com/c/en/us/training-events/training-certifications/exams/current-list/ccna-200-301.html
ccna,security-fundamentals,SF-2,200-301 — SF-2 (MEDIUM) #21,Which approach aligns with best practices when Describe wireless security and VPN basics in the context of Cisco CCNA?,Use an approach that contradicts the exam objective and ignores documented constraints.,"Deploy without monitoring, backup, or access controls required by the blueprint.",Mix controls from unrelated domains that do not address the stated objective.,Apply the official Security Fundamentals guidance: Describe wireless security and VPN basics — this aligns with exam blueprint expectations and vendor documentation.,B,MEDIUM,ccna|security-fundamentals|SF-2|medium|blueprint-seed,**Answer: B** — Describe wireless security and VPN basics. Review the official Cisco exam guide (200-301) and linked documentation. Objective: SF-2.,https://learningnetwork.cisco.com/s/ccna|https://www.cisco.com/c/en/us/training-events/training-certifications/exams/current-list/ccna-200-301.html
ccna,security-fundamentals,SF-2,200-301 — SF-2 (MEDIUM) #22,"During a project review, stakeholders ask how to Describe wireless security and VPN basics in the context of Cisco CCNA?","Deploy without monitoring, backup, or access controls required by the blueprint.",Mix controls from unrelated domains that do not address the stated objective.,"Follow the documented approach for Describe wireless security and VPN basics, using recommended services and controls per the exam guide.",Use an approach that contradicts the exam objective and ignores documented constraints.,C,MEDIUM,ccna|security-fundamentals|SF-2|medium|blueprint-seed,**Answer: C** — Describe wireless security and VPN basics. Review the official Cisco exam guide (200-301) and linked documentation. Objective: SF-2.,https://learningnetwork.cisco.com/s/ccna|https://www.cisco.com/c/en/us/training-events/training-certifications/exams/current-list/ccna-200-301.html
ccna,security-fundamentals,SF-2,200-301 — SF-2 (MEDIUM) #23,Which configuration satisfies requirements for Describe wireless security and VPN basics in the context of Cisco CCNA?,Mix controls from unrelated domains that do not address the stated objective.,"Implement Describe wireless security and VPN basics using Cisco best practices for Security Fundamentals, including monitoring and least privilege.",Use an approach that contradicts the exam objective and ignores documented constraints.,"Deploy without monitoring, backup, or access controls required by the blueprint.",D,MEDIUM,ccna|security-fundamentals|SF-2|medium|blueprint-seed,**Answer: D** — Describe wireless security and VPN basics. Review the official Cisco exam guide (200-301) and linked documentation. Objective: SF-2.,https://learningnetwork.cisco.com/s/ccna|https://www.cisco.com/c/en/us/training-events/training-certifications/exams/current-list/ccna-200-301.html
ccna,security-fundamentals,SF-2,200-301 — SF-2 (MEDIUM) #24,What is the recommended design when applying Describe wireless security and VPN basics in the context of Cisco CCNA?,Apply the official Security Fundamentals guidance: Describe wireless security and VPN basics — this aligns with exam blueprint expectations and vendor documentation.,Use an approach that contradicts the exam objective and ignores documented constraints.,"Deploy without monitoring, backup, or access controls required by the blueprint.",Mix controls from unrelated domains that do not address the stated objective.,A,MEDIUM,ccna|security-fundamentals|SF-2|medium|blueprint-seed,**Answer: A** — Describe wireless security and VPN basics. Review the official Cisco exam guide (200-301) and linked documentation. Objective: SF-2.,https://learningnetwork.cisco.com/s/ccna|https://www.cisco.com/c/en/us/training-events/training-certifications/exams/current-list/ccna-200-301.html
ccna,security-fundamentals,SF-2,200-301 — SF-2 (MEDIUM) #25,A team must implement a solution for Describe wireless security and VPN basics in the context of Cisco CCNA?,Use an approach that contradicts the exam objective and ignores documented constraints.,"Deploy without monitoring, backup, or access controls required by the blueprint.",Mix controls from unrelated domains that do not address the stated objective.,"Follow the documented approach for Describe wireless security and VPN basics, using recommended services and controls per the exam guide.",B,MEDIUM,ccna|security-fundamentals|SF-2|medium|blueprint-seed,**Answer: B** — Describe wireless security and VPN basics. Review the official Cisco exam guide (200-301) and linked documentation. Objective: SF-2.,https://learningnetwork.cisco.com/s/ccna|https://www.cisco.com/c/en/us/training-events/training-certifications/exams/current-list/ccna-200-301.html
ccna,security-fundamentals,SF-2,200-301 — SF-2 (MEDIUM) #26,Which approach aligns with best practices when Describe wireless security and VPN basics in the context of Cisco CCNA?,"Deploy without monitoring, backup, or access controls required by the blueprint.",Mix controls from unrelated domains that do not address the stated objective.,"Implement Describe wireless security and VPN basics using Cisco best practices for Security Fundamentals, including monitoring and least privilege.",Use an approach that contradicts the exam objective and ignores documented constraints.,C,MEDIUM,ccna|security-fundamentals|SF-2|medium|blueprint-seed,**Answer: C** — Describe wireless security and VPN basics. Review the official Cisco exam guide (200-301) and linked documentation. Objective: SF-2.,https://learningnetwork.cisco.com/s/ccna|https://www.cisco.com/c/en/us/training-events/training-certifications/exams/current-list/ccna-200-301.html
ccna,security-fundamentals,SF-2,200-301 — SF-2 (HARD) #27,A production incident involves trade-offs between cost and resilience for Describe wireless security and VPN basics for Security Fundamentals?,Mix controls from unrelated domains that do not address the stated objective.,Apply the official Security Fundamentals guidance: Describe wireless security and VPN basics — this aligns with exam blueprint expectations and vendor documentation.,Use an approach that contradicts the exam objective and ignores documented constraints.,"Deploy without monitoring, backup, or access controls required by the blueprint.",D,HARD,ccna|security-fundamentals|SF-2|hard|blueprint-seed,**Answer: D** — Describe wireless security and VPN basics. Review the official Cisco exam guide (200-301) and linked documentation. Objective: SF-2.,https://learningnetwork.cisco.com/s/ccna|https://www.cisco.com/c/en/us/training-events/training-certifications/exams/current-list/ccna-200-301.html
ccna,security-fundamentals,SF-2,200-301 — SF-2 (HARD) #28,Complex regulatory requirements demand that you Describe wireless security and VPN basics for Security Fundamentals?,"Follow the documented approach for Describe wireless security and VPN basics, using recommended services and controls per the exam guide.",Use an approach that contradicts the exam objective and ignores documented constraints.,"Deploy without monitoring, backup, or access controls required by the blueprint.",Mix controls from unrelated domains that do not address the stated objective.,A,HARD,ccna|security-fundamentals|SF-2|hard|blueprint-seed,**Answer: A** — Describe wireless security and VPN basics. Review the official Cisco exam guide (200-301) and linked documentation. Objective: SF-2.,https://learningnetwork.cisco.com/s/ccna|https://www.cisco.com/c/en/us/training-events/training-certifications/exams/current-list/ccna-200-301.html
ccna,security-fundamentals,SF-2,200-301 — SF-2 (HARD) #29,A multi-team rollout must balance security and velocity for Describe wireless security and VPN basics for Security Fundamentals?,Use an approach that contradicts the exam objective and ignores documented constraints.,"Deploy without monitoring, backup, or access controls required by the blueprint.",Mix controls from unrelated domains that do not address the stated objective.,"Implement Describe wireless security and VPN basics using Cisco best practices for Security Fundamentals, including monitoring and least privilege.",B,HARD,ccna|security-fundamentals|SF-2|hard|blueprint-seed,**Answer: B** — Describe wireless security and VPN basics. Review the official Cisco exam guide (200-301) and linked documentation. Objective: SF-2.,https://learningnetwork.cisco.com/s/ccna|https://www.cisco.com/c/en/us/training-events/training-certifications/exams/current-list/ccna-200-301.html
ccna,security-fundamentals,SF-2,200-301 — SF-2 (HARD) #30,An enterprise requires zero-downtime architecture while Describe wireless security and VPN basics for Security Fundamentals?,"Deploy without monitoring, backup, or access controls required by the blueprint.",Mix controls from unrelated domains that do not address the stated objective.,Apply the official Security Fundamentals guidance: Describe wireless security and VPN basics — this aligns with exam blueprint expectations and vendor documentation.,Use an approach that contradicts the exam objective and ignores documented constraints.,C,HARD,ccna|security-fundamentals|SF-2|hard|blueprint-seed,**Answer: C** — Describe wireless security and VPN basics. Review the official Cisco exam guide (200-301) and linked documentation. Objective: SF-2.,https://learningnetwork.cisco.com/s/ccna|https://www.cisco.com/c/en/us/training-events/training-certifications/exams/current-list/ccna-200-301.html
ccna,security-fundamentals,SF-2,200-301 — SF-2 (HARD) #31,"Given strict compliance, auditability, and multi-region constraints, how should you Describe wireless security and VPN basics for Security Fundamentals?",Mix controls from unrelated domains that do not address the stated objective.,"Follow the documented approach for Describe wireless security and VPN basics, using recommended services and controls per the exam guide.",Use an approach that contradicts the exam objective and ignores documented constraints.,"Deploy without monitoring, backup, or access controls required by the blueprint.",D,HARD,ccna|security-fundamentals|SF-2|hard|blueprint-seed,**Answer: D** — Describe wireless security and VPN basics. Review the official Cisco exam guide (200-301) and linked documentation. Objective: SF-2.,https://learningnetwork.cisco.com/s/ccna|https://www.cisco.com/c/en/us/training-events/training-certifications/exams/current-list/ccna-200-301.html
ccna,security-fundamentals,SF-2,200-301 — SF-2 (HARD) #32,A production incident involves trade-offs between cost and resilience for Describe wireless security and VPN basics for Security Fundamentals?,"Implement Describe wireless security and VPN basics using Cisco best practices for Security Fundamentals, including monitoring and least privilege.",Use an approach that contradicts the exam objective and ignores documented constraints.,"Deploy without monitoring, backup, or access controls required by the blueprint.",Mix controls from unrelated domains that do not address the stated objective.,A,HARD,ccna|security-fundamentals|SF-2|hard|blueprint-seed,**Answer: A** — Describe wireless security and VPN basics. Review the official Cisco exam guide (200-301) and linked documentation. Objective: SF-2.,https://learningnetwork.cisco.com/s/ccna|https://www.cisco.com/c/en/us/training-events/training-certifications/exams/current-list/ccna-200-301.html
ccna,security-fundamentals,SF-2,200-301 — SF-2 (HARD) #33,Complex regulatory requirements demand that you Describe wireless security and VPN basics for Security Fundamentals?,Use an approach that contradicts the exam objective and ignores documented constraints.,"Deploy without monitoring, backup, or access controls required by the blueprint.",Mix controls from unrelated domains that do not address the stated objective.,Apply the official Security Fundamentals guidance: Describe wireless security and VPN basics — this aligns with exam blueprint expectations and vendor documentation.,B,HARD,ccna|security-fundamentals|SF-2|hard|blueprint-seed,**Answer: B** — Describe wireless security and VPN basics. Review the official Cisco exam guide (200-301) and linked documentation. Objective: SF-2.,https://learningnetwork.cisco.com/s/ccna|https://www.cisco.com/c/en/us/training-events/training-certifications/exams/current-list/ccna-200-301.html
ccna,security-fundamentals,SF-2,200-301 — SF-2 (HARD) #34,A multi-team rollout must balance security and velocity for Describe wireless security and VPN basics for Security Fundamentals?,"Deploy without monitoring, backup, or access controls required by the blueprint.",Mix controls from unrelated domains that do not address the stated objective.,"Follow the documented approach for Describe wireless security and VPN basics, using recommended services and controls per the exam guide.",Use an approach that contradicts the exam objective and ignores documented constraints.,C,HARD,ccna|security-fundamentals|SF-2|hard|blueprint-seed,**Answer: C** — Describe wireless security and VPN basics. Review the official Cisco exam guide (200-301) and linked documentation. Objective: SF-2.,https://learningnetwork.cisco.com/s/ccna|https://www.cisco.com/c/en/us/training-events/training-certifications/exams/current-list/ccna-200-301.html
ccna,security-fundamentals,SF-2,200-301 — SF-2 (HARD) #35,An enterprise requires zero-downtime architecture while Describe wireless security and VPN basics for Security Fundamentals?,Mix controls from unrelated domains that do not address the stated objective.,"Implement Describe wireless security and VPN basics using Cisco best practices for Security Fundamentals, including monitoring and least privilege.",Use an approach that contradicts the exam objective and ignores documented constraints.,"Deploy without monitoring, backup, or access controls required by the blueprint.",D,HARD,ccna|security-fundamentals|SF-2|hard|blueprint-seed,**Answer: D** — Describe wireless security and VPN basics. Review the official Cisco exam guide (200-301) and linked documentation. Objective: SF-2.,https://learningnetwork.cisco.com/s/ccna|https://www.cisco.com/c/en/us/training-events/training-certifications/exams/current-list/ccna-200-301.html
ccna,security-fundamentals,SF-2,200-301 — SF-2 (HARD) #36,"Given strict compliance, auditability, and multi-region constraints, how should you Describe wireless security and VPN basics for Security Fundamentals?",Apply the official Security Fundamentals guidance: Describe wireless security and VPN basics — this aligns with exam blueprint expectations and vendor documentation.,Use an approach that contradicts the exam objective and ignores documented constraints.,"Deploy without monitoring, backup, or access controls required by the blueprint.",Mix controls from unrelated domains that do not address the stated objective.,A,HARD,ccna|security-fundamentals|SF-2|hard|blueprint-seed,**Answer: A** — Describe wireless security and VPN basics. Review the official Cisco exam guide (200-301) and linked documentation. Objective: SF-2.,https://learningnetwork.cisco.com/s/ccna|https://www.cisco.com/c/en/us/training-events/training-certifications/exams/current-list/ccna-200-301.html
ccna,security-fundamentals,SF-2,200-301 — SF-2 (HARD) #37,A production incident involves trade-offs between cost and resilience for Describe wireless security and VPN basics for Security Fundamentals?,Use an approach that contradicts the exam objective and ignores documented constraints.,"Deploy without monitoring, backup, or access controls required by the blueprint.",Mix controls from unrelated domains that do not address the stated objective.,"Follow the documented approach for Describe wireless security and VPN basics, using recommended services and controls per the exam guide.",B,HARD,ccna|security-fundamentals|SF-2|hard|blueprint-seed,**Answer: B** — Describe wireless security and VPN basics. Review the official Cisco exam guide (200-301) and linked documentation. Objective: SF-2.,https://learningnetwork.cisco.com/s/ccna|https://www.cisco.com/c/en/us/training-events/training-certifications/exams/current-list/ccna-200-301.html
ccna,automation,AU-1,200-301 — AU-1 (EASY) #1,What is the primary purpose of Compare controller-based networking?,Use an approach that contradicts the exam objective and ignores documented constraints.,"Deploy without monitoring, backup, or access controls required by the blueprint.",Mix controls from unrelated domains that do not address the stated objective.,"Follow the documented approach for Compare controller-based networking, using recommended services and controls per the exam guide.",B,EASY,ccna|automation|AU-1|easy|blueprint-seed,**Answer: B** — Compare controller-based networking. Review the official Cisco exam guide (200-301) and linked documentation. Objective: AU-1.,https://learningnetwork.cisco.com/s/ccna|https://www.cisco.com/c/en/us/training-events/training-certifications/exams/current-list/ccna-200-301.html
ccna,automation,AU-1,200-301 — AU-1 (EASY) #2,Which concept is fundamental to Compare controller-based networking?,"Deploy without monitoring, backup, or access controls required by the blueprint.",Mix controls from unrelated domains that do not address the stated objective.,"Implement Compare controller-based networking using Cisco best practices for Automation and Programmability, including monitoring and least privilege.",Use an approach that contradicts the exam objective and ignores documented constraints.,C,EASY,ccna|automation|AU-1|easy|blueprint-seed,**Answer: C** — Compare controller-based networking. Review the official Cisco exam guide (200-301) and linked documentation. Objective: AU-1.,https://learningnetwork.cisco.com/s/ccna|https://www.cisco.com/c/en/us/training-events/training-certifications/exams/current-list/ccna-200-301.html
ccna,automation,AU-1,200-301 — AU-1 (EASY) #3,Identify the core principle behind Compare controller-based networking?,Mix controls from unrelated domains that do not address the stated objective.,Apply the official Automation and Programmability guidance: Compare controller-based networking — this aligns with exam blueprint expectations and vendor documentation.,Use an approach that contradicts the exam objective and ignores documented constraints.,"Deploy without monitoring, backup, or access controls required by the blueprint.",D,EASY,ccna|automation|AU-1|easy|blueprint-seed,**Answer: D** — Compare controller-based networking. Review the official Cisco exam guide (200-301) and linked documentation. Objective: AU-1.,https://learningnetwork.cisco.com/s/ccna|https://www.cisco.com/c/en/us/training-events/training-certifications/exams/current-list/ccna-200-301.html
ccna,automation,AU-1,200-301 — AU-1 (EASY) #4,Which description accurately reflects Compare controller-based networking?,"Follow the documented approach for Compare controller-based networking, using recommended services and controls per the exam guide.",Use an approach that contradicts the exam objective and ignores documented constraints.,"Deploy without monitoring, backup, or access controls required by the blueprint.",Mix controls from unrelated domains that do not address the stated objective.,A,EASY,ccna|automation|AU-1|easy|blueprint-seed,**Answer: A** — Compare controller-based networking. Review the official Cisco exam guide (200-301) and linked documentation. Objective: AU-1.,https://learningnetwork.cisco.com/s/ccna|https://www.cisco.com/c/en/us/training-events/training-certifications/exams/current-list/ccna-200-301.html
ccna,automation,AU-1,200-301 — AU-1 (EASY) #5,Which statement best defines the scope of Compare controller-based networking?,Use an approach that contradicts the exam objective and ignores documented constraints.,"Deploy without monitoring, backup, or access controls required by the blueprint.",Mix controls from unrelated domains that do not address the stated objective.,"Implement Compare controller-based networking using Cisco best practices for Automation and Programmability, including monitoring and least privilege.",B,EASY,ccna|automation|AU-1|easy|blueprint-seed,**Answer: B** — Compare controller-based networking. Review the official Cisco exam guide (200-301) and linked documentation. Objective: AU-1.,https://learningnetwork.cisco.com/s/ccna|https://www.cisco.com/c/en/us/training-events/training-certifications/exams/current-list/ccna-200-301.html
ccna,automation,AU-1,200-301 — AU-1 (EASY) #6,What is the primary purpose of Compare controller-based networking?,"Deploy without monitoring, backup, or access controls required by the blueprint.",Mix controls from unrelated domains that do not address the stated objective.,Apply the official Automation and Programmability guidance: Compare controller-based networking — this aligns with exam blueprint expectations and vendor documentation.,Use an approach that contradicts the exam objective and ignores documented constraints.,C,EASY,ccna|automation|AU-1|easy|blueprint-seed,**Answer: C** — Compare controller-based networking. Review the official Cisco exam guide (200-301) and linked documentation. Objective: AU-1.,https://learningnetwork.cisco.com/s/ccna|https://www.cisco.com/c/en/us/training-events/training-certifications/exams/current-list/ccna-200-301.html
ccna,automation,AU-1,200-301 — AU-1 (EASY) #7,Which concept is fundamental to Compare controller-based networking?,Mix controls from unrelated domains that do not address the stated objective.,"Follow the documented approach for Compare controller-based networking, using recommended services and controls per the exam guide.",Use an approach that contradicts the exam objective and ignores documented constraints.,"Deploy without monitoring, backup, or access controls required by the blueprint.",D,EASY,ccna|automation|AU-1|easy|blueprint-seed,**Answer: D** — Compare controller-based networking. Review the official Cisco exam guide (200-301) and linked documentation. Objective: AU-1.,https://learningnetwork.cisco.com/s/ccna|https://www.cisco.com/c/en/us/training-events/training-certifications/exams/current-list/ccna-200-301.html
ccna,automation,AU-1,200-301 — AU-1 (EASY) #8,Identify the core principle behind Compare controller-based networking?,"Implement Compare controller-based networking using Cisco best practices for Automation and Programmability, including monitoring and least privilege.",Use an approach that contradicts the exam objective and ignores documented constraints.,"Deploy without monitoring, backup, or access controls required by the blueprint.",Mix controls from unrelated domains that do not address the stated objective.,A,EASY,ccna|automation|AU-1|easy|blueprint-seed,**Answer: A** — Compare controller-based networking. Review the official Cisco exam guide (200-301) and linked documentation. Objective: AU-1.,https://learningnetwork.cisco.com/s/ccna|https://www.cisco.com/c/en/us/training-events/training-certifications/exams/current-list/ccna-200-301.html
ccna,automation,AU-1,200-301 — AU-1 (MEDIUM) #9,What is the recommended design when applying Compare controller-based networking in the context of Cisco CCNA?,Use an approach that contradicts the exam objective and ignores documented constraints.,"Deploy without monitoring, backup, or access controls required by the blueprint.",Mix controls from unrelated domains that do not address the stated objective.,Apply the official Automation and Programmability guidance: Compare controller-based networking — this aligns with exam blueprint expectations and vendor documentation.,B,MEDIUM,ccna|automation|AU-1|medium|blueprint-seed,**Answer: B** — Compare controller-based networking. Review the official Cisco exam guide (200-301) and linked documentation. Objective: AU-1.,https://learningnetwork.cisco.com/s/ccna|https://www.cisco.com/c/en/us/training-events/training-certifications/exams/current-list/ccna-200-301.html
ccna,automation,AU-1,200-301 — AU-1 (MEDIUM) #10,A team must implement a solution for Compare controller-based networking in the context of Cisco CCNA?,"Deploy without monitoring, backup, or access controls required by the blueprint.",Mix controls from unrelated domains that do not address the stated objective.,"Follow the documented approach for Compare controller-based networking, using recommended services and controls per the exam guide.",Use an approach that contradicts the exam objective and ignores documented constraints.,C,MEDIUM,ccna|automation|AU-1|medium|blueprint-seed,**Answer: C** — Compare controller-based networking. Review the official Cisco exam guide (200-301) and linked documentation. Objective: AU-1.,https://learningnetwork.cisco.com/s/ccna|https://www.cisco.com/c/en/us/training-events/training-certifications/exams/current-list/ccna-200-301.html
ccna,automation,AU-1,200-301 — AU-1 (MEDIUM) #11,Which approach aligns with best practices when Compare controller-based networking in the context of Cisco CCNA?,Mix controls from unrelated domains that do not address the stated objective.,"Implement Compare controller-based networking using Cisco best practices for Automation and Programmability, including monitoring and least privilege.",Use an approach that contradicts the exam objective and ignores documented constraints.,"Deploy without monitoring, backup, or access controls required by the blueprint.",D,MEDIUM,ccna|automation|AU-1|medium|blueprint-seed,**Answer: D** — Compare controller-based networking. Review the official Cisco exam guide (200-301) and linked documentation. Objective: AU-1.,https://learningnetwork.cisco.com/s/ccna|https://www.cisco.com/c/en/us/training-events/training-certifications/exams/current-list/ccna-200-301.html
ccna,automation,AU-1,200-301 — AU-1 (MEDIUM) #12,"During a project review, stakeholders ask how to Compare controller-based networking in the context of Cisco CCNA?",Apply the official Automation and Programmability guidance: Compare controller-based networking — this aligns with exam blueprint expectations and vendor documentation.,Use an approach that contradicts the exam objective and ignores documented constraints.,"Deploy without monitoring, backup, or access controls required by the blueprint.",Mix controls from unrelated domains that do not address the stated objective.,A,MEDIUM,ccna|automation|AU-1|medium|blueprint-seed,**Answer: A** — Compare controller-based networking. Review the official Cisco exam guide (200-301) and linked documentation. Objective: AU-1.,https://learningnetwork.cisco.com/s/ccna|https://www.cisco.com/c/en/us/training-events/training-certifications/exams/current-list/ccna-200-301.html
ccna,automation,AU-1,200-301 — AU-1 (MEDIUM) #13,Which configuration satisfies requirements for Compare controller-based networking in the context of Cisco CCNA?,Use an approach that contradicts the exam objective and ignores documented constraints.,"Deploy without monitoring, backup, or access controls required by the blueprint.",Mix controls from unrelated domains that do not address the stated objective.,"Follow the documented approach for Compare controller-based networking, using recommended services and controls per the exam guide.",B,MEDIUM,ccna|automation|AU-1|medium|blueprint-seed,**Answer: B** — Compare controller-based networking. Review the official Cisco exam guide (200-301) and linked documentation. Objective: AU-1.,https://learningnetwork.cisco.com/s/ccna|https://www.cisco.com/c/en/us/training-events/training-certifications/exams/current-list/ccna-200-301.html
ccna,automation,AU-1,200-301 — AU-1 (MEDIUM) #14,What is the recommended design when applying Compare controller-based networking in the context of Cisco CCNA?,"Deploy without monitoring, backup, or access controls required by the blueprint.",Mix controls from unrelated domains that do not address the stated objective.,"Implement Compare controller-based networking using Cisco best practices for Automation and Programmability, including monitoring and least privilege.",Use an approach that contradicts the exam objective and ignores documented constraints.,C,MEDIUM,ccna|automation|AU-1|medium|blueprint-seed,**Answer: C** — Compare controller-based networking. Review the official Cisco exam guide (200-301) and linked documentation. Objective: AU-1.,https://learningnetwork.cisco.com/s/ccna|https://www.cisco.com/c/en/us/training-events/training-certifications/exams/current-list/ccna-200-301.html
ccna,automation,AU-1,200-301 — AU-1 (MEDIUM) #15,A team must implement a solution for Compare controller-based networking in the context of Cisco CCNA?,Mix controls from unrelated domains that do not address the stated objective.,Apply the official Automation and Programmability guidance: Compare controller-based networking — this aligns with exam blueprint expectations and vendor documentation.,Use an approach that contradicts the exam objective and ignores documented constraints.,"Deploy without monitoring, backup, or access controls required by the blueprint.",D,MEDIUM,ccna|automation|AU-1|medium|blueprint-seed,**Answer: D** — Compare controller-based networking. Review the official Cisco exam guide (200-301) and linked documentation. Objective: AU-1.,https://learningnetwork.cisco.com/s/ccna|https://www.cisco.com/c/en/us/training-events/training-certifications/exams/current-list/ccna-200-301.html
ccna,automation,AU-1,200-301 — AU-1 (MEDIUM) #16,Which approach aligns with best practices when Compare controller-based networking in the context of Cisco CCNA?,"Follow the documented approach for Compare controller-based networking, using recommended services and controls per the exam guide.",Use an approach that contradicts the exam objective and ignores documented constraints.,"Deploy without monitoring, backup, or access controls required by the blueprint.",Mix controls from unrelated domains that do not address the stated objective.,A,MEDIUM,ccna|automation|AU-1|medium|blueprint-seed,**Answer: A** — Compare controller-based networking. Review the official Cisco exam guide (200-301) and linked documentation. Objective: AU-1.,https://learningnetwork.cisco.com/s/ccna|https://www.cisco.com/c/en/us/training-events/training-certifications/exams/current-list/ccna-200-301.html
ccna,automation,AU-1,200-301 — AU-1 (MEDIUM) #17,"During a project review, stakeholders ask how to Compare controller-based networking in the context of Cisco CCNA?",Use an approach that contradicts the exam objective and ignores documented constraints.,"Deploy without monitoring, backup, or access controls required by the blueprint.",Mix controls from unrelated domains that do not address the stated objective.,"Implement Compare controller-based networking using Cisco best practices for Automation and Programmability, including monitoring and least privilege.",B,MEDIUM,ccna|automation|AU-1|medium|blueprint-seed,**Answer: B** — Compare controller-based networking. Review the official Cisco exam guide (200-301) and linked documentation. Objective: AU-1.,https://learningnetwork.cisco.com/s/ccna|https://www.cisco.com/c/en/us/training-events/training-certifications/exams/current-list/ccna-200-301.html
ccna,automation,AU-1,200-301 — AU-1 (MEDIUM) #18,Which configuration satisfies requirements for Compare controller-based networking in the context of Cisco CCNA?,"Deploy without monitoring, backup, or access controls required by the blueprint.",Mix controls from unrelated domains that do not address the stated objective.,Apply the official Automation and Programmability guidance: Compare controller-based networking — this aligns with exam blueprint expectations and vendor documentation.,Use an approach that contradicts the exam objective and ignores documented constraints.,C,MEDIUM,ccna|automation|AU-1|medium|blueprint-seed,**Answer: C** — Compare controller-based networking. Review the official Cisco exam guide (200-301) and linked documentation. Objective: AU-1.,https://learningnetwork.cisco.com/s/ccna|https://www.cisco.com/c/en/us/training-events/training-certifications/exams/current-list/ccna-200-301.html
ccna,automation,AU-1,200-301 — AU-1 (HARD) #19,A multi-team rollout must balance security and velocity for Compare controller-based networking for Automation and Programmability?,Mix controls from unrelated domains that do not address the stated objective.,"Follow the documented approach for Compare controller-based networking, using recommended services and controls per the exam guide.",Use an approach that contradicts the exam objective and ignores documented constraints.,"Deploy without monitoring, backup, or access controls required by the blueprint.",D,HARD,ccna|automation|AU-1|hard|blueprint-seed,**Answer: D** — Compare controller-based networking. Review the official Cisco exam guide (200-301) and linked documentation. Objective: AU-1.,https://learningnetwork.cisco.com/s/ccna|https://www.cisco.com/c/en/us/training-events/training-certifications/exams/current-list/ccna-200-301.html
ccna,automation,AU-1,200-301 — AU-1 (HARD) #20,An enterprise requires zero-downtime architecture while Compare controller-based networking for Automation and Programmability?,"Implement Compare controller-based networking using Cisco best practices for Automation and Programmability, including monitoring and least privilege.",Use an approach that contradicts the exam objective and ignores documented constraints.,"Deploy without monitoring, backup, or access controls required by the blueprint.",Mix controls from unrelated domains that do not address the stated objective.,A,HARD,ccna|automation|AU-1|hard|blueprint-seed,**Answer: A** — Compare controller-based networking. Review the official Cisco exam guide (200-301) and linked documentation. Objective: AU-1.,https://learningnetwork.cisco.com/s/ccna|https://www.cisco.com/c/en/us/training-events/training-certifications/exams/current-list/ccna-200-301.html
ccna,automation,AU-1,200-301 — AU-1 (HARD) #21,"Given strict compliance, auditability, and multi-region constraints, how should you Compare controller-based networking for Automation and Programmability?",Use an approach that contradicts the exam objective and ignores documented constraints.,"Deploy without monitoring, backup, or access controls required by the blueprint.",Mix controls from unrelated domains that do not address the stated objective.,Apply the official Automation and Programmability guidance: Compare controller-based networking — this aligns with exam blueprint expectations and vendor documentation.,B,HARD,ccna|automation|AU-1|hard|blueprint-seed,**Answer: B** — Compare controller-based networking. Review the official Cisco exam guide (200-301) and linked documentation. Objective: AU-1.,https://learningnetwork.cisco.com/s/ccna|https://www.cisco.com/c/en/us/training-events/training-certifications/exams/current-list/ccna-200-301.html
ccna,automation,AU-1,200-301 — AU-1 (HARD) #22,A production incident involves trade-offs between cost and resilience for Compare controller-based networking for Automation and Programmability?,"Deploy without monitoring, backup, or access controls required by the blueprint.",Mix controls from unrelated domains that do not address the stated objective.,"Follow the documented approach for Compare controller-based networking, using recommended services and controls per the exam guide.",Use an approach that contradicts the exam objective and ignores documented constraints.,C,HARD,ccna|automation|AU-1|hard|blueprint-seed,**Answer: C** — Compare controller-based networking. Review the official Cisco exam guide (200-301) and linked documentation. Objective: AU-1.,https://learningnetwork.cisco.com/s/ccna|https://www.cisco.com/c/en/us/training-events/training-certifications/exams/current-list/ccna-200-301.html
ccna,automation,AU-1,200-301 — AU-1 (HARD) #23,Complex regulatory requirements demand that you Compare controller-based networking for Automation and Programmability?,Mix controls from unrelated domains that do not address the stated objective.,"Implement Compare controller-based networking using Cisco best practices for Automation and Programmability, including monitoring and least privilege.",Use an approach that contradicts the exam objective and ignores documented constraints.,"Deploy without monitoring, backup, or access controls required by the blueprint.",D,HARD,ccna|automation|AU-1|hard|blueprint-seed,**Answer: D** — Compare controller-based networking. Review the official Cisco exam guide (200-301) and linked documentation. Objective: AU-1.,https://learningnetwork.cisco.com/s/ccna|https://www.cisco.com/c/en/us/training-events/training-certifications/exams/current-list/ccna-200-301.html
ccna,automation,AU-1,200-301 — AU-1 (HARD) #24,A multi-team rollout must balance security and velocity for Compare controller-based networking for Automation and Programmability?,Apply the official Automation and Programmability guidance: Compare controller-based networking — this aligns with exam blueprint expectations and vendor documentation.,Use an approach that contradicts the exam objective and ignores documented constraints.,"Deploy without monitoring, backup, or access controls required by the blueprint.",Mix controls from unrelated domains that do not address the stated objective.,A,HARD,ccna|automation|AU-1|hard|blueprint-seed,**Answer: A** — Compare controller-based networking. Review the official Cisco exam guide (200-301) and linked documentation. Objective: AU-1.,https://learningnetwork.cisco.com/s/ccna|https://www.cisco.com/c/en/us/training-events/training-certifications/exams/current-list/ccna-200-301.html
ccna,automation,AU-1,200-301 — AU-1 (HARD) #25,An enterprise requires zero-downtime architecture while Compare controller-based networking for Automation and Programmability?,Use an approach that contradicts the exam objective and ignores documented constraints.,"Deploy without monitoring, backup, or access controls required by the blueprint.",Mix controls from unrelated domains that do not address the stated objective.,"Follow the documented approach for Compare controller-based networking, using recommended services and controls per the exam guide.",B,HARD,ccna|automation|AU-1|hard|blueprint-seed,**Answer: B** — Compare controller-based networking. Review the official Cisco exam guide (200-301) and linked documentation. Objective: AU-1.,https://learningnetwork.cisco.com/s/ccna|https://www.cisco.com/c/en/us/training-events/training-certifications/exams/current-list/ccna-200-301.html
ccna,automation,AU-2,200-301 — AU-2 (EASY) #1,What is the primary purpose of Describe REST APIs and JSON/YAML?,Use an approach that contradicts the exam objective and ignores documented constraints.,"Deploy without monitoring, backup, or access controls required by the blueprint.",Mix controls from unrelated domains that do not address the stated objective.,"Follow the documented approach for Describe REST APIs and JSON/YAML, using recommended services and controls per the exam guide.",B,EASY,ccna|automation|AU-2|easy|blueprint-seed,**Answer: B** — Describe REST APIs and JSON/YAML. Review the official Cisco exam guide (200-301) and linked documentation. Objective: AU-2.,https://learningnetwork.cisco.com/s/ccna|https://www.cisco.com/c/en/us/training-events/training-certifications/exams/current-list/ccna-200-301.html
ccna,automation,AU-2,200-301 — AU-2 (EASY) #2,Which concept is fundamental to Describe REST APIs and JSON/YAML?,"Deploy without monitoring, backup, or access controls required by the blueprint.",Mix controls from unrelated domains that do not address the stated objective.,"Implement Describe REST APIs and JSON/YAML using Cisco best practices for Automation and Programmability, including monitoring and least privilege.",Use an approach that contradicts the exam objective and ignores documented constraints.,C,EASY,ccna|automation|AU-2|easy|blueprint-seed,**Answer: C** — Describe REST APIs and JSON/YAML. Review the official Cisco exam guide (200-301) and linked documentation. Objective: AU-2.,https://learningnetwork.cisco.com/s/ccna|https://www.cisco.com/c/en/us/training-events/training-certifications/exams/current-list/ccna-200-301.html
ccna,automation,AU-2,200-301 — AU-2 (EASY) #3,Identify the core principle behind Describe REST APIs and JSON/YAML?,Mix controls from unrelated domains that do not address the stated objective.,Apply the official Automation and Programmability guidance: Describe REST APIs and JSON/YAML — this aligns with exam blueprint expectations and vendor documentation.,Use an approach that contradicts the exam objective and ignores documented constraints.,"Deploy without monitoring, backup, or access controls required by the blueprint.",D,EASY,ccna|automation|AU-2|easy|blueprint-seed,**Answer: D** — Describe REST APIs and JSON/YAML. Review the official Cisco exam guide (200-301) and linked documentation. Objective: AU-2.,https://learningnetwork.cisco.com/s/ccna|https://www.cisco.com/c/en/us/training-events/training-certifications/exams/current-list/ccna-200-301.html
ccna,automation,AU-2,200-301 — AU-2 (EASY) #4,Which description accurately reflects Describe REST APIs and JSON/YAML?,"Follow the documented approach for Describe REST APIs and JSON/YAML, using recommended services and controls per the exam guide.",Use an approach that contradicts the exam objective and ignores documented constraints.,"Deploy without monitoring, backup, or access controls required by the blueprint.",Mix controls from unrelated domains that do not address the stated objective.,A,EASY,ccna|automation|AU-2|easy|blueprint-seed,**Answer: A** — Describe REST APIs and JSON/YAML. Review the official Cisco exam guide (200-301) and linked documentation. Objective: AU-2.,https://learningnetwork.cisco.com/s/ccna|https://www.cisco.com/c/en/us/training-events/training-certifications/exams/current-list/ccna-200-301.html
ccna,automation,AU-2,200-301 — AU-2 (EASY) #5,Which statement best defines the scope of Describe REST APIs and JSON/YAML?,Use an approach that contradicts the exam objective and ignores documented constraints.,"Deploy without monitoring, backup, or access controls required by the blueprint.",Mix controls from unrelated domains that do not address the stated objective.,"Implement Describe REST APIs and JSON/YAML using Cisco best practices for Automation and Programmability, including monitoring and least privilege.",B,EASY,ccna|automation|AU-2|easy|blueprint-seed,**Answer: B** — Describe REST APIs and JSON/YAML. Review the official Cisco exam guide (200-301) and linked documentation. Objective: AU-2.,https://learningnetwork.cisco.com/s/ccna|https://www.cisco.com/c/en/us/training-events/training-certifications/exams/current-list/ccna-200-301.html
ccna,automation,AU-2,200-301 — AU-2 (EASY) #6,What is the primary purpose of Describe REST APIs and JSON/YAML?,"Deploy without monitoring, backup, or access controls required by the blueprint.",Mix controls from unrelated domains that do not address the stated objective.,Apply the official Automation and Programmability guidance: Describe REST APIs and JSON/YAML — this aligns with exam blueprint expectations and vendor documentation.,Use an approach that contradicts the exam objective and ignores documented constraints.,C,EASY,ccna|automation|AU-2|easy|blueprint-seed,**Answer: C** — Describe REST APIs and JSON/YAML. Review the official Cisco exam guide (200-301) and linked documentation. Objective: AU-2.,https://learningnetwork.cisco.com/s/ccna|https://www.cisco.com/c/en/us/training-events/training-certifications/exams/current-list/ccna-200-301.html
ccna,automation,AU-2,200-301 — AU-2 (EASY) #7,Which concept is fundamental to Describe REST APIs and JSON/YAML?,Mix controls from unrelated domains that do not address the stated objective.,"Follow the documented approach for Describe REST APIs and JSON/YAML, using recommended services and controls per the exam guide.",Use an approach that contradicts the exam objective and ignores documented constraints.,"Deploy without monitoring, backup, or access controls required by the blueprint.",D,EASY,ccna|automation|AU-2|easy|blueprint-seed,**Answer: D** — Describe REST APIs and JSON/YAML. Review the official Cisco exam guide (200-301) and linked documentation. Objective: AU-2.,https://learningnetwork.cisco.com/s/ccna|https://www.cisco.com/c/en/us/training-events/training-certifications/exams/current-list/ccna-200-301.html
ccna,automation,AU-2,200-301 — AU-2 (EASY) #8,Identify the core principle behind Describe REST APIs and JSON/YAML?,"Implement Describe REST APIs and JSON/YAML using Cisco best practices for Automation and Programmability, including monitoring and least privilege.",Use an approach that contradicts the exam objective and ignores documented constraints.,"Deploy without monitoring, backup, or access controls required by the blueprint.",Mix controls from unrelated domains that do not address the stated objective.,A,EASY,ccna|automation|AU-2|easy|blueprint-seed,**Answer: A** — Describe REST APIs and JSON/YAML. Review the official Cisco exam guide (200-301) and linked documentation. Objective: AU-2.,https://learningnetwork.cisco.com/s/ccna|https://www.cisco.com/c/en/us/training-events/training-certifications/exams/current-list/ccna-200-301.html
ccna,automation,AU-2,200-301 — AU-2 (MEDIUM) #9,What is the recommended design when applying Describe REST APIs and JSON/YAML in the context of Cisco CCNA?,Use an approach that contradicts the exam objective and ignores documented constraints.,"Deploy without monitoring, backup, or access controls required by the blueprint.",Mix controls from unrelated domains that do not address the stated objective.,Apply the official Automation and Programmability guidance: Describe REST APIs and JSON/YAML — this aligns with exam blueprint expectations and vendor documentation.,B,MEDIUM,ccna|automation|AU-2|medium|blueprint-seed,**Answer: B** — Describe REST APIs and JSON/YAML. Review the official Cisco exam guide (200-301) and linked documentation. Objective: AU-2.,https://learningnetwork.cisco.com/s/ccna|https://www.cisco.com/c/en/us/training-events/training-certifications/exams/current-list/ccna-200-301.html
ccna,automation,AU-2,200-301 — AU-2 (MEDIUM) #10,A team must implement a solution for Describe REST APIs and JSON/YAML in the context of Cisco CCNA?,"Deploy without monitoring, backup, or access controls required by the blueprint.",Mix controls from unrelated domains that do not address the stated objective.,"Follow the documented approach for Describe REST APIs and JSON/YAML, using recommended services and controls per the exam guide.",Use an approach that contradicts the exam objective and ignores documented constraints.,C,MEDIUM,ccna|automation|AU-2|medium|blueprint-seed,**Answer: C** — Describe REST APIs and JSON/YAML. Review the official Cisco exam guide (200-301) and linked documentation. Objective: AU-2.,https://learningnetwork.cisco.com/s/ccna|https://www.cisco.com/c/en/us/training-events/training-certifications/exams/current-list/ccna-200-301.html
ccna,automation,AU-2,200-301 — AU-2 (MEDIUM) #11,Which approach aligns with best practices when Describe REST APIs and JSON/YAML in the context of Cisco CCNA?,Mix controls from unrelated domains that do not address the stated objective.,"Implement Describe REST APIs and JSON/YAML using Cisco best practices for Automation and Programmability, including monitoring and least privilege.",Use an approach that contradicts the exam objective and ignores documented constraints.,"Deploy without monitoring, backup, or access controls required by the blueprint.",D,MEDIUM,ccna|automation|AU-2|medium|blueprint-seed,**Answer: D** — Describe REST APIs and JSON/YAML. Review the official Cisco exam guide (200-301) and linked documentation. Objective: AU-2.,https://learningnetwork.cisco.com/s/ccna|https://www.cisco.com/c/en/us/training-events/training-certifications/exams/current-list/ccna-200-301.html
ccna,automation,AU-2,200-301 — AU-2 (MEDIUM) #12,"During a project review, stakeholders ask how to Describe REST APIs and JSON/YAML in the context of Cisco CCNA?",Apply the official Automation and Programmability guidance: Describe REST APIs and JSON/YAML — this aligns with exam blueprint expectations and vendor documentation.,Use an approach that contradicts the exam objective and ignores documented constraints.,"Deploy without monitoring, backup, or access controls required by the blueprint.",Mix controls from unrelated domains that do not address the stated objective.,A,MEDIUM,ccna|automation|AU-2|medium|blueprint-seed,**Answer: A** — Describe REST APIs and JSON/YAML. Review the official Cisco exam guide (200-301) and linked documentation. Objective: AU-2.,https://learningnetwork.cisco.com/s/ccna|https://www.cisco.com/c/en/us/training-events/training-certifications/exams/current-list/ccna-200-301.html
ccna,automation,AU-2,200-301 — AU-2 (MEDIUM) #13,Which configuration satisfies requirements for Describe REST APIs and JSON/YAML in the context of Cisco CCNA?,Use an approach that contradicts the exam objective and ignores documented constraints.,"Deploy without monitoring, backup, or access controls required by the blueprint.",Mix controls from unrelated domains that do not address the stated objective.,"Follow the documented approach for Describe REST APIs and JSON/YAML, using recommended services and controls per the exam guide.",B,MEDIUM,ccna|automation|AU-2|medium|blueprint-seed,**Answer: B** — Describe REST APIs and JSON/YAML. Review the official Cisco exam guide (200-301) and linked documentation. Objective: AU-2.,https://learningnetwork.cisco.com/s/ccna|https://www.cisco.com/c/en/us/training-events/training-certifications/exams/current-list/ccna-200-301.html
ccna,automation,AU-2,200-301 — AU-2 (MEDIUM) #14,What is the recommended design when applying Describe REST APIs and JSON/YAML in the context of Cisco CCNA?,"Deploy without monitoring, backup, or access controls required by the blueprint.",Mix controls from unrelated domains that do not address the stated objective.,"Implement Describe REST APIs and JSON/YAML using Cisco best practices for Automation and Programmability, including monitoring and least privilege.",Use an approach that contradicts the exam objective and ignores documented constraints.,C,MEDIUM,ccna|automation|AU-2|medium|blueprint-seed,**Answer: C** — Describe REST APIs and JSON/YAML. Review the official Cisco exam guide (200-301) and linked documentation. Objective: AU-2.,https://learningnetwork.cisco.com/s/ccna|https://www.cisco.com/c/en/us/training-events/training-certifications/exams/current-list/ccna-200-301.html
ccna,automation,AU-2,200-301 — AU-2 (MEDIUM) #15,A team must implement a solution for Describe REST APIs and JSON/YAML in the context of Cisco CCNA?,Mix controls from unrelated domains that do not address the stated objective.,Apply the official Automation and Programmability guidance: Describe REST APIs and JSON/YAML — this aligns with exam blueprint expectations and vendor documentation.,Use an approach that contradicts the exam objective and ignores documented constraints.,"Deploy without monitoring, backup, or access controls required by the blueprint.",D,MEDIUM,ccna|automation|AU-2|medium|blueprint-seed,**Answer: D** — Describe REST APIs and JSON/YAML. Review the official Cisco exam guide (200-301) and linked documentation. Objective: AU-2.,https://learningnetwork.cisco.com/s/ccna|https://www.cisco.com/c/en/us/training-events/training-certifications/exams/current-list/ccna-200-301.html
ccna,automation,AU-2,200-301 — AU-2 (MEDIUM) #16,Which approach aligns with best practices when Describe REST APIs and JSON/YAML in the context of Cisco CCNA?,"Follow the documented approach for Describe REST APIs and JSON/YAML, using recommended services and controls per the exam guide.",Use an approach that contradicts the exam objective and ignores documented constraints.,"Deploy without monitoring, backup, or access controls required by the blueprint.",Mix controls from unrelated domains that do not address the stated objective.,A,MEDIUM,ccna|automation|AU-2|medium|blueprint-seed,**Answer: A** — Describe REST APIs and JSON/YAML. Review the official Cisco exam guide (200-301) and linked documentation. Objective: AU-2.,https://learningnetwork.cisco.com/s/ccna|https://www.cisco.com/c/en/us/training-events/training-certifications/exams/current-list/ccna-200-301.html
ccna,automation,AU-2,200-301 — AU-2 (MEDIUM) #17,"During a project review, stakeholders ask how to Describe REST APIs and JSON/YAML in the context of Cisco CCNA?",Use an approach that contradicts the exam objective and ignores documented constraints.,"Deploy without monitoring, backup, or access controls required by the blueprint.",Mix controls from unrelated domains that do not address the stated objective.,"Implement Describe REST APIs and JSON/YAML using Cisco best practices for Automation and Programmability, including monitoring and least privilege.",B,MEDIUM,ccna|automation|AU-2|medium|blueprint-seed,**Answer: B** — Describe REST APIs and JSON/YAML. Review the official Cisco exam guide (200-301) and linked documentation. Objective: AU-2.,https://learningnetwork.cisco.com/s/ccna|https://www.cisco.com/c/en/us/training-events/training-certifications/exams/current-list/ccna-200-301.html
ccna,automation,AU-2,200-301 — AU-2 (MEDIUM) #18,Which configuration satisfies requirements for Describe REST APIs and JSON/YAML in the context of Cisco CCNA?,"Deploy without monitoring, backup, or access controls required by the blueprint.",Mix controls from unrelated domains that do not address the stated objective.,Apply the official Automation and Programmability guidance: Describe REST APIs and JSON/YAML — this aligns with exam blueprint expectations and vendor documentation.,Use an approach that contradicts the exam objective and ignores documented constraints.,C,MEDIUM,ccna|automation|AU-2|medium|blueprint-seed,**Answer: C** — Describe REST APIs and JSON/YAML. Review the official Cisco exam guide (200-301) and linked documentation. Objective: AU-2.,https://learningnetwork.cisco.com/s/ccna|https://www.cisco.com/c/en/us/training-events/training-certifications/exams/current-list/ccna-200-301.html
ccna,automation,AU-2,200-301 — AU-2 (HARD) #19,A multi-team rollout must balance security and velocity for Describe REST APIs and JSON/YAML for Automation and Programmability?,Mix controls from unrelated domains that do not address the stated objective.,"Follow the documented approach for Describe REST APIs and JSON/YAML, using recommended services and controls per the exam guide.",Use an approach that contradicts the exam objective and ignores documented constraints.,"Deploy without monitoring, backup, or access controls required by the blueprint.",D,HARD,ccna|automation|AU-2|hard|blueprint-seed,**Answer: D** — Describe REST APIs and JSON/YAML. Review the official Cisco exam guide (200-301) and linked documentation. Objective: AU-2.,https://learningnetwork.cisco.com/s/ccna|https://www.cisco.com/c/en/us/training-events/training-certifications/exams/current-list/ccna-200-301.html
ccna,automation,AU-2,200-301 — AU-2 (HARD) #20,An enterprise requires zero-downtime architecture while Describe REST APIs and JSON/YAML for Automation and Programmability?,"Implement Describe REST APIs and JSON/YAML using Cisco best practices for Automation and Programmability, including monitoring and least privilege.",Use an approach that contradicts the exam objective and ignores documented constraints.,"Deploy without monitoring, backup, or access controls required by the blueprint.",Mix controls from unrelated domains that do not address the stated objective.,A,HARD,ccna|automation|AU-2|hard|blueprint-seed,**Answer: A** — Describe REST APIs and JSON/YAML. Review the official Cisco exam guide (200-301) and linked documentation. Objective: AU-2.,https://learningnetwork.cisco.com/s/ccna|https://www.cisco.com/c/en/us/training-events/training-certifications/exams/current-list/ccna-200-301.html
ccna,automation,AU-2,200-301 — AU-2 (HARD) #21,"Given strict compliance, auditability, and multi-region constraints, how should you Describe REST APIs and JSON/YAML for Automation and Programmability?",Use an approach that contradicts the exam objective and ignores documented constraints.,"Deploy without monitoring, backup, or access controls required by the blueprint.",Mix controls from unrelated domains that do not address the stated objective.,Apply the official Automation and Programmability guidance: Describe REST APIs and JSON/YAML — this aligns with exam blueprint expectations and vendor documentation.,B,HARD,ccna|automation|AU-2|hard|blueprint-seed,**Answer: B** — Describe REST APIs and JSON/YAML. Review the official Cisco exam guide (200-301) and linked documentation. Objective: AU-2.,https://learningnetwork.cisco.com/s/ccna|https://www.cisco.com/c/en/us/training-events/training-certifications/exams/current-list/ccna-200-301.html
ccna,automation,AU-2,200-301 — AU-2 (HARD) #22,A production incident involves trade-offs between cost and resilience for Describe REST APIs and JSON/YAML for Automation and Programmability?,"Deploy without monitoring, backup, or access controls required by the blueprint.",Mix controls from unrelated domains that do not address the stated objective.,"Follow the documented approach for Describe REST APIs and JSON/YAML, using recommended services and controls per the exam guide.",Use an approach that contradicts the exam objective and ignores documented constraints.,C,HARD,ccna|automation|AU-2|hard|blueprint-seed,**Answer: C** — Describe REST APIs and JSON/YAML. Review the official Cisco exam guide (200-301) and linked documentation. Objective: AU-2.,https://learningnetwork.cisco.com/s/ccna|https://www.cisco.com/c/en/us/training-events/training-certifications/exams/current-list/ccna-200-301.html
ccna,automation,AU-2,200-301 — AU-2 (HARD) #23,Complex regulatory requirements demand that you Describe REST APIs and JSON/YAML for Automation and Programmability?,Mix controls from unrelated domains that do not address the stated objective.,"Implement Describe REST APIs and JSON/YAML using Cisco best practices for Automation and Programmability, including monitoring and least privilege.",Use an approach that contradicts the exam objective and ignores documented constraints.,"Deploy without monitoring, backup, or access controls required by the blueprint.",D,HARD,ccna|automation|AU-2|hard|blueprint-seed,**Answer: D** — Describe REST APIs and JSON/YAML. Review the official Cisco exam guide (200-301) and linked documentation. Objective: AU-2.,https://learningnetwork.cisco.com/s/ccna|https://www.cisco.com/c/en/us/training-events/training-certifications/exams/current-list/ccna-200-301.html
ccna,automation,AU-2,200-301 — AU-2 (HARD) #24,A multi-team rollout must balance security and velocity for Describe REST APIs and JSON/YAML for Automation and Programmability?,Apply the official Automation and Programmability guidance: Describe REST APIs and JSON/YAML — this aligns with exam blueprint expectations and vendor documentation.,Use an approach that contradicts the exam objective and ignores documented constraints.,"Deploy without monitoring, backup, or access controls required by the blueprint.",Mix controls from unrelated domains that do not address the stated objective.,A,HARD,ccna|automation|AU-2|hard|blueprint-seed,**Answer: A** — Describe REST APIs and JSON/YAML. Review the official Cisco exam guide (200-301) and linked documentation. Objective: AU-2.,https://learningnetwork.cisco.com/s/ccna|https://www.cisco.com/c/en/us/training-events/training-certifications/exams/current-list/ccna-200-301.html
ccna,automation,AU-2,200-301 — AU-2 (HARD) #25,An enterprise requires zero-downtime architecture while Describe REST APIs and JSON/YAML for Automation and Programmability?,Use an approach that contradicts the exam objective and ignores documented constraints.,"Deploy without monitoring, backup, or access controls required by the blueprint.",Mix controls from unrelated domains that do not address the stated objective.,"Follow the documented approach for Describe REST APIs and JSON/YAML, using recommended services and controls per the exam guide.",B,HARD,ccna|automation|AU-2|hard|blueprint-seed,**Answer: B** — Describe REST APIs and JSON/YAML. Review the official Cisco exam guide (200-301) and linked documentation. Objective: AU-2.,https://learningnetwork.cisco.com/s/ccna|https://www.cisco.com/c/en/us/training-events/training-certifications/exams/current-list/ccna-200-301.html
ccna,automation,AU-3,200-301 — AU-3 (EASY) #1,What is the primary purpose of Use Ansible and network automation tools?,Use an approach that contradicts the exam objective and ignores documented constraints.,"Deploy without monitoring, backup, or access controls required by the blueprint.",Mix controls from unrelated domains that do not address the stated objective.,"Follow the documented approach for Use Ansible and network automation tools, using recommended services and controls per the exam guide.",B,EASY,ccna|automation|AU-3|easy|blueprint-seed,**Answer: B** — Use Ansible and network automation tools. Review the official Cisco exam guide (200-301) and linked documentation. Objective: AU-3.,https://learningnetwork.cisco.com/s/ccna|https://www.cisco.com/c/en/us/training-events/training-certifications/exams/current-list/ccna-200-301.html
ccna,automation,AU-3,200-301 — AU-3 (EASY) #2,Which concept is fundamental to Use Ansible and network automation tools?,"Deploy without monitoring, backup, or access controls required by the blueprint.",Mix controls from unrelated domains that do not address the stated objective.,"Implement Use Ansible and network automation tools using Cisco best practices for Automation and Programmability, including monitoring and least privilege.",Use an approach that contradicts the exam objective and ignores documented constraints.,C,EASY,ccna|automation|AU-3|easy|blueprint-seed,**Answer: C** — Use Ansible and network automation tools. Review the official Cisco exam guide (200-301) and linked documentation. Objective: AU-3.,https://learningnetwork.cisco.com/s/ccna|https://www.cisco.com/c/en/us/training-events/training-certifications/exams/current-list/ccna-200-301.html
ccna,automation,AU-3,200-301 — AU-3 (EASY) #3,Identify the core principle behind Use Ansible and network automation tools?,Mix controls from unrelated domains that do not address the stated objective.,Apply the official Automation and Programmability guidance: Use Ansible and network automation tools — this aligns with exam blueprint expectations and vendor documentation.,Use an approach that contradicts the exam objective and ignores documented constraints.,"Deploy without monitoring, backup, or access controls required by the blueprint.",D,EASY,ccna|automation|AU-3|easy|blueprint-seed,**Answer: D** — Use Ansible and network automation tools. Review the official Cisco exam guide (200-301) and linked documentation. Objective: AU-3.,https://learningnetwork.cisco.com/s/ccna|https://www.cisco.com/c/en/us/training-events/training-certifications/exams/current-list/ccna-200-301.html
ccna,automation,AU-3,200-301 — AU-3 (EASY) #4,Which description accurately reflects Use Ansible and network automation tools?,"Follow the documented approach for Use Ansible and network automation tools, using recommended services and controls per the exam guide.",Use an approach that contradicts the exam objective and ignores documented constraints.,"Deploy without monitoring, backup, or access controls required by the blueprint.",Mix controls from unrelated domains that do not address the stated objective.,A,EASY,ccna|automation|AU-3|easy|blueprint-seed,**Answer: A** — Use Ansible and network automation tools. Review the official Cisco exam guide (200-301) and linked documentation. Objective: AU-3.,https://learningnetwork.cisco.com/s/ccna|https://www.cisco.com/c/en/us/training-events/training-certifications/exams/current-list/ccna-200-301.html
ccna,automation,AU-3,200-301 — AU-3 (EASY) #5,Which statement best defines the scope of Use Ansible and network automation tools?,Use an approach that contradicts the exam objective and ignores documented constraints.,"Deploy without monitoring, backup, or access controls required by the blueprint.",Mix controls from unrelated domains that do not address the stated objective.,"Implement Use Ansible and network automation tools using Cisco best practices for Automation and Programmability, including monitoring and least privilege.",B,EASY,ccna|automation|AU-3|easy|blueprint-seed,**Answer: B** — Use Ansible and network automation tools. Review the official Cisco exam guide (200-301) and linked documentation. Objective: AU-3.,https://learningnetwork.cisco.com/s/ccna|https://www.cisco.com/c/en/us/training-events/training-certifications/exams/current-list/ccna-200-301.html
ccna,automation,AU-3,200-301 — AU-3 (EASY) #6,What is the primary purpose of Use Ansible and network automation tools?,"Deploy without monitoring, backup, or access controls required by the blueprint.",Mix controls from unrelated domains that do not address the stated objective.,Apply the official Automation and Programmability guidance: Use Ansible and network automation tools — this aligns with exam blueprint expectations and vendor documentation.,Use an approach that contradicts the exam objective and ignores documented constraints.,C,EASY,ccna|automation|AU-3|easy|blueprint-seed,**Answer: C** — Use Ansible and network automation tools. Review the official Cisco exam guide (200-301) and linked documentation. Objective: AU-3.,https://learningnetwork.cisco.com/s/ccna|https://www.cisco.com/c/en/us/training-events/training-certifications/exams/current-list/ccna-200-301.html
ccna,automation,AU-3,200-301 — AU-3 (EASY) #7,Which concept is fundamental to Use Ansible and network automation tools?,Mix controls from unrelated domains that do not address the stated objective.,"Follow the documented approach for Use Ansible and network automation tools, using recommended services and controls per the exam guide.",Use an approach that contradicts the exam objective and ignores documented constraints.,"Deploy without monitoring, backup, or access controls required by the blueprint.",D,EASY,ccna|automation|AU-3|easy|blueprint-seed,**Answer: D** — Use Ansible and network automation tools. Review the official Cisco exam guide (200-301) and linked documentation. Objective: AU-3.,https://learningnetwork.cisco.com/s/ccna|https://www.cisco.com/c/en/us/training-events/training-certifications/exams/current-list/ccna-200-301.html
ccna,automation,AU-3,200-301 — AU-3 (EASY) #8,Identify the core principle behind Use Ansible and network automation tools?,"Implement Use Ansible and network automation tools using Cisco best practices for Automation and Programmability, including monitoring and least privilege.",Use an approach that contradicts the exam objective and ignores documented constraints.,"Deploy without monitoring, backup, or access controls required by the blueprint.",Mix controls from unrelated domains that do not address the stated objective.,A,EASY,ccna|automation|AU-3|easy|blueprint-seed,**Answer: A** — Use Ansible and network automation tools. Review the official Cisco exam guide (200-301) and linked documentation. Objective: AU-3.,https://learningnetwork.cisco.com/s/ccna|https://www.cisco.com/c/en/us/training-events/training-certifications/exams/current-list/ccna-200-301.html
ccna,automation,AU-3,200-301 — AU-3 (MEDIUM) #9,What is the recommended design when applying Use Ansible and network automation tools in the context of Cisco CCNA?,Use an approach that contradicts the exam objective and ignores documented constraints.,"Deploy without monitoring, backup, or access controls required by the blueprint.",Mix controls from unrelated domains that do not address the stated objective.,Apply the official Automation and Programmability guidance: Use Ansible and network automation tools — this aligns with exam blueprint expectations and vendor documentation.,B,MEDIUM,ccna|automation|AU-3|medium|blueprint-seed,**Answer: B** — Use Ansible and network automation tools. Review the official Cisco exam guide (200-301) and linked documentation. Objective: AU-3.,https://learningnetwork.cisco.com/s/ccna|https://www.cisco.com/c/en/us/training-events/training-certifications/exams/current-list/ccna-200-301.html
ccna,automation,AU-3,200-301 — AU-3 (MEDIUM) #10,A team must implement a solution for Use Ansible and network automation tools in the context of Cisco CCNA?,"Deploy without monitoring, backup, or access controls required by the blueprint.",Mix controls from unrelated domains that do not address the stated objective.,"Follow the documented approach for Use Ansible and network automation tools, using recommended services and controls per the exam guide.",Use an approach that contradicts the exam objective and ignores documented constraints.,C,MEDIUM,ccna|automation|AU-3|medium|blueprint-seed,**Answer: C** — Use Ansible and network automation tools. Review the official Cisco exam guide (200-301) and linked documentation. Objective: AU-3.,https://learningnetwork.cisco.com/s/ccna|https://www.cisco.com/c/en/us/training-events/training-certifications/exams/current-list/ccna-200-301.html
ccna,automation,AU-3,200-301 — AU-3 (MEDIUM) #11,Which approach aligns with best practices when Use Ansible and network automation tools in the context of Cisco CCNA?,Mix controls from unrelated domains that do not address the stated objective.,"Implement Use Ansible and network automation tools using Cisco best practices for Automation and Programmability, including monitoring and least privilege.",Use an approach that contradicts the exam objective and ignores documented constraints.,"Deploy without monitoring, backup, or access controls required by the blueprint.",D,MEDIUM,ccna|automation|AU-3|medium|blueprint-seed,**Answer: D** — Use Ansible and network automation tools. Review the official Cisco exam guide (200-301) and linked documentation. Objective: AU-3.,https://learningnetwork.cisco.com/s/ccna|https://www.cisco.com/c/en/us/training-events/training-certifications/exams/current-list/ccna-200-301.html
ccna,automation,AU-3,200-301 — AU-3 (MEDIUM) #12,"During a project review, stakeholders ask how to Use Ansible and network automation tools in the context of Cisco CCNA?",Apply the official Automation and Programmability guidance: Use Ansible and network automation tools — this aligns with exam blueprint expectations and vendor documentation.,Use an approach that contradicts the exam objective and ignores documented constraints.,"Deploy without monitoring, backup, or access controls required by the blueprint.",Mix controls from unrelated domains that do not address the stated objective.,A,MEDIUM,ccna|automation|AU-3|medium|blueprint-seed,**Answer: A** — Use Ansible and network automation tools. Review the official Cisco exam guide (200-301) and linked documentation. Objective: AU-3.,https://learningnetwork.cisco.com/s/ccna|https://www.cisco.com/c/en/us/training-events/training-certifications/exams/current-list/ccna-200-301.html
ccna,automation,AU-3,200-301 — AU-3 (MEDIUM) #13,Which configuration satisfies requirements for Use Ansible and network automation tools in the context of Cisco CCNA?,Use an approach that contradicts the exam objective and ignores documented constraints.,"Deploy without monitoring, backup, or access controls required by the blueprint.",Mix controls from unrelated domains that do not address the stated objective.,"Follow the documented approach for Use Ansible and network automation tools, using recommended services and controls per the exam guide.",B,MEDIUM,ccna|automation|AU-3|medium|blueprint-seed,**Answer: B** — Use Ansible and network automation tools. Review the official Cisco exam guide (200-301) and linked documentation. Objective: AU-3.,https://learningnetwork.cisco.com/s/ccna|https://www.cisco.com/c/en/us/training-events/training-certifications/exams/current-list/ccna-200-301.html
ccna,automation,AU-3,200-301 — AU-3 (MEDIUM) #14,What is the recommended design when applying Use Ansible and network automation tools in the context of Cisco CCNA?,"Deploy without monitoring, backup, or access controls required by the blueprint.",Mix controls from unrelated domains that do not address the stated objective.,"Implement Use Ansible and network automation tools using Cisco best practices for Automation and Programmability, including monitoring and least privilege.",Use an approach that contradicts the exam objective and ignores documented constraints.,C,MEDIUM,ccna|automation|AU-3|medium|blueprint-seed,**Answer: C** — Use Ansible and network automation tools. Review the official Cisco exam guide (200-301) and linked documentation. Objective: AU-3.,https://learningnetwork.cisco.com/s/ccna|https://www.cisco.com/c/en/us/training-events/training-certifications/exams/current-list/ccna-200-301.html
ccna,automation,AU-3,200-301 — AU-3 (MEDIUM) #15,A team must implement a solution for Use Ansible and network automation tools in the context of Cisco CCNA?,Mix controls from unrelated domains that do not address the stated objective.,Apply the official Automation and Programmability guidance: Use Ansible and network automation tools — this aligns with exam blueprint expectations and vendor documentation.,Use an approach that contradicts the exam objective and ignores documented constraints.,"Deploy without monitoring, backup, or access controls required by the blueprint.",D,MEDIUM,ccna|automation|AU-3|medium|blueprint-seed,**Answer: D** — Use Ansible and network automation tools. Review the official Cisco exam guide (200-301) and linked documentation. Objective: AU-3.,https://learningnetwork.cisco.com/s/ccna|https://www.cisco.com/c/en/us/training-events/training-certifications/exams/current-list/ccna-200-301.html
ccna,automation,AU-3,200-301 — AU-3 (MEDIUM) #16,Which approach aligns with best practices when Use Ansible and network automation tools in the context of Cisco CCNA?,"Follow the documented approach for Use Ansible and network automation tools, using recommended services and controls per the exam guide.",Use an approach that contradicts the exam objective and ignores documented constraints.,"Deploy without monitoring, backup, or access controls required by the blueprint.",Mix controls from unrelated domains that do not address the stated objective.,A,MEDIUM,ccna|automation|AU-3|medium|blueprint-seed,**Answer: A** — Use Ansible and network automation tools. Review the official Cisco exam guide (200-301) and linked documentation. Objective: AU-3.,https://learningnetwork.cisco.com/s/ccna|https://www.cisco.com/c/en/us/training-events/training-certifications/exams/current-list/ccna-200-301.html
ccna,automation,AU-3,200-301 — AU-3 (MEDIUM) #17,"During a project review, stakeholders ask how to Use Ansible and network automation tools in the context of Cisco CCNA?",Use an approach that contradicts the exam objective and ignores documented constraints.,"Deploy without monitoring, backup, or access controls required by the blueprint.",Mix controls from unrelated domains that do not address the stated objective.,"Implement Use Ansible and network automation tools using Cisco best practices for Automation and Programmability, including monitoring and least privilege.",B,MEDIUM,ccna|automation|AU-3|medium|blueprint-seed,**Answer: B** — Use Ansible and network automation tools. Review the official Cisco exam guide (200-301) and linked documentation. Objective: AU-3.,https://learningnetwork.cisco.com/s/ccna|https://www.cisco.com/c/en/us/training-events/training-certifications/exams/current-list/ccna-200-301.html
ccna,automation,AU-3,200-301 — AU-3 (MEDIUM) #18,Which configuration satisfies requirements for Use Ansible and network automation tools in the context of Cisco CCNA?,"Deploy without monitoring, backup, or access controls required by the blueprint.",Mix controls from unrelated domains that do not address the stated objective.,Apply the official Automation and Programmability guidance: Use Ansible and network automation tools — this aligns with exam blueprint expectations and vendor documentation.,Use an approach that contradicts the exam objective and ignores documented constraints.,C,MEDIUM,ccna|automation|AU-3|medium|blueprint-seed,**Answer: C** — Use Ansible and network automation tools. Review the official Cisco exam guide (200-301) and linked documentation. Objective: AU-3.,https://learningnetwork.cisco.com/s/ccna|https://www.cisco.com/c/en/us/training-events/training-certifications/exams/current-list/ccna-200-301.html
ccna,automation,AU-3,200-301 — AU-3 (HARD) #19,A multi-team rollout must balance security and velocity for Use Ansible and network automation tools for Automation and Programmability?,Mix controls from unrelated domains that do not address the stated objective.,"Follow the documented approach for Use Ansible and network automation tools, using recommended services and controls per the exam guide.",Use an approach that contradicts the exam objective and ignores documented constraints.,"Deploy without monitoring, backup, or access controls required by the blueprint.",D,HARD,ccna|automation|AU-3|hard|blueprint-seed,**Answer: D** — Use Ansible and network automation tools. Review the official Cisco exam guide (200-301) and linked documentation. Objective: AU-3.,https://learningnetwork.cisco.com/s/ccna|https://www.cisco.com/c/en/us/training-events/training-certifications/exams/current-list/ccna-200-301.html
ccna,automation,AU-3,200-301 — AU-3 (HARD) #20,An enterprise requires zero-downtime architecture while Use Ansible and network automation tools for Automation and Programmability?,"Implement Use Ansible and network automation tools using Cisco best practices for Automation and Programmability, including monitoring and least privilege.",Use an approach that contradicts the exam objective and ignores documented constraints.,"Deploy without monitoring, backup, or access controls required by the blueprint.",Mix controls from unrelated domains that do not address the stated objective.,A,HARD,ccna|automation|AU-3|hard|blueprint-seed,**Answer: A** — Use Ansible and network automation tools. Review the official Cisco exam guide (200-301) and linked documentation. Objective: AU-3.,https://learningnetwork.cisco.com/s/ccna|https://www.cisco.com/c/en/us/training-events/training-certifications/exams/current-list/ccna-200-301.html
ccna,automation,AU-3,200-301 — AU-3 (HARD) #21,"Given strict compliance, auditability, and multi-region constraints, how should you Use Ansible and network automation tools for Automation and Programmability?",Use an approach that contradicts the exam objective and ignores documented constraints.,"Deploy without monitoring, backup, or access controls required by the blueprint.",Mix controls from unrelated domains that do not address the stated objective.,Apply the official Automation and Programmability guidance: Use Ansible and network automation tools — this aligns with exam blueprint expectations and vendor documentation.,B,HARD,ccna|automation|AU-3|hard|blueprint-seed,**Answer: B** — Use Ansible and network automation tools. Review the official Cisco exam guide (200-301) and linked documentation. Objective: AU-3.,https://learningnetwork.cisco.com/s/ccna|https://www.cisco.com/c/en/us/training-events/training-certifications/exams/current-list/ccna-200-301.html
ccna,automation,AU-3,200-301 — AU-3 (HARD) #22,A production incident involves trade-offs between cost and resilience for Use Ansible and network automation tools for Automation and Programmability?,"Deploy without monitoring, backup, or access controls required by the blueprint.",Mix controls from unrelated domains that do not address the stated objective.,"Follow the documented approach for Use Ansible and network automation tools, using recommended services and controls per the exam guide.",Use an approach that contradicts the exam objective and ignores documented constraints.,C,HARD,ccna|automation|AU-3|hard|blueprint-seed,**Answer: C** — Use Ansible and network automation tools. Review the official Cisco exam guide (200-301) and linked documentation. Objective: AU-3.,https://learningnetwork.cisco.com/s/ccna|https://www.cisco.com/c/en/us/training-events/training-certifications/exams/current-list/ccna-200-301.html
ccna,automation,AU-3,200-301 — AU-3 (HARD) #23,Complex regulatory requirements demand that you Use Ansible and network automation tools for Automation and Programmability?,Mix controls from unrelated domains that do not address the stated objective.,"Implement Use Ansible and network automation tools using Cisco best practices for Automation and Programmability, including monitoring and least privilege.",Use an approach that contradicts the exam objective and ignores documented constraints.,"Deploy without monitoring, backup, or access controls required by the blueprint.",D,HARD,ccna|automation|AU-3|hard|blueprint-seed,**Answer: D** — Use Ansible and network automation tools. Review the official Cisco exam guide (200-301) and linked documentation. Objective: AU-3.,https://learningnetwork.cisco.com/s/ccna|https://www.cisco.com/c/en/us/training-events/training-certifications/exams/current-list/ccna-200-301.html
ccna,automation,AU-3,200-301 — AU-3 (HARD) #24,A multi-team rollout must balance security and velocity for Use Ansible and network automation tools for Automation and Programmability?,Apply the official Automation and Programmability guidance: Use Ansible and network automation tools — this aligns with exam blueprint expectations and vendor documentation.,Use an approach that contradicts the exam objective and ignores documented constraints.,"Deploy without monitoring, backup, or access controls required by the blueprint.",Mix controls from unrelated domains that do not address the stated objective.,A,HARD,ccna|automation|AU-3|hard|blueprint-seed,**Answer: A** — Use Ansible and network automation tools. Review the official Cisco exam guide (200-301) and linked documentation. Objective: AU-3.,https://learningnetwork.cisco.com/s/ccna|https://www.cisco.com/c/en/us/training-events/training-certifications/exams/current-list/ccna-200-301.html
ccna,automation,AU-3,200-301 — AU-3 (HARD) #25,An enterprise requires zero-downtime architecture while Use Ansible and network automation tools for Automation and Programmability?,Use an approach that contradicts the exam objective and ignores documented constraints.,"Deploy without monitoring, backup, or access controls required by the blueprint.",Mix controls from unrelated domains that do not address the stated objective.,"Follow the documented approach for Use Ansible and network automation tools, using recommended services and controls per the exam guide.",B,HARD,ccna|automation|AU-3|hard|blueprint-seed,**Answer: B** — Use Ansible and network automation tools. Review the official Cisco exam guide (200-301) and linked documentation. Objective: AU-3.,https://learningnetwork.cisco.com/s/ccna|https://www.cisco.com/c/en/us/training-events/training-certifications/exams/current-list/ccna-200-301.html