certification_slug,domain_slug,objective_id,title,description,option_a,option_b,option_c,option_d,correct_option,difficulty,tags,explanation,reference_urls
ceh,reconnaissance,RC-1,CEH v12 — RC-1 (EASY) #1,What is the primary purpose of Footprinting and reconnaissance techniques?,Use an approach that contradicts the exam objective and ignores documented constraints.,"Deploy without monitoring, backup, or access controls required by the blueprint.",Mix controls from unrelated domains that do not address the stated objective.,"Follow the documented approach for Footprinting and reconnaissance techniques, using recommended services and controls per the exam guide.",B,EASY,ceh|reconnaissance|RC-1|easy|blueprint-seed,**Answer: B** — Footprinting and reconnaissance techniques. Review the official EC-Council exam guide (CEH v12) and linked documentation. Objective: RC-1.,https://www.eccouncil.org/programs/certified-ethical-hacker-ceh/
ceh,reconnaissance,RC-1,CEH v12 — RC-1 (EASY) #2,Which concept is fundamental to Footprinting and reconnaissance techniques?,"Deploy without monitoring, backup, or access controls required by the blueprint.",Mix controls from unrelated domains that do not address the stated objective.,"Implement Footprinting and reconnaissance techniques using EC-Council best practices for Information Security and Ethical Hacking Overview, including monitoring and least privilege.",Use an approach that contradicts the exam objective and ignores documented constraints.,C,EASY,ceh|reconnaissance|RC-1|easy|blueprint-seed,**Answer: C** — Footprinting and reconnaissance techniques. Review the official EC-Council exam guide (CEH v12) and linked documentation. Objective: RC-1.,https://www.eccouncil.org/programs/certified-ethical-hacker-ceh/
ceh,reconnaissance,RC-1,CEH v12 — RC-1 (EASY) #3,Identify the core principle behind Footprinting and reconnaissance techniques?,Mix controls from unrelated domains that do not address the stated objective.,Apply the official Information Security and Ethical Hacking Overview guidance: Footprinting and reconnaissance techniques — this aligns with exam blueprint expectations and vendor documentation.,Use an approach that contradicts the exam objective and ignores documented constraints.,"Deploy without monitoring, backup, or access controls required by the blueprint.",D,EASY,ceh|reconnaissance|RC-1|easy|blueprint-seed,**Answer: D** — Footprinting and reconnaissance techniques. Review the official EC-Council exam guide (CEH v12) and linked documentation. Objective: RC-1.,https://www.eccouncil.org/programs/certified-ethical-hacker-ceh/
ceh,reconnaissance,RC-1,CEH v12 — RC-1 (EASY) #4,Which description accurately reflects Footprinting and reconnaissance techniques?,"Follow the documented approach for Footprinting and reconnaissance techniques, using recommended services and controls per the exam guide.",Use an approach that contradicts the exam objective and ignores documented constraints.,"Deploy without monitoring, backup, or access controls required by the blueprint.",Mix controls from unrelated domains that do not address the stated objective.,A,EASY,ceh|reconnaissance|RC-1|easy|blueprint-seed,**Answer: A** — Footprinting and reconnaissance techniques. Review the official EC-Council exam guide (CEH v12) and linked documentation. Objective: RC-1.,https://www.eccouncil.org/programs/certified-ethical-hacker-ceh/
ceh,reconnaissance,RC-1,CEH v12 — RC-1 (EASY) #5,Which statement best defines the scope of Footprinting and reconnaissance techniques?,Use an approach that contradicts the exam objective and ignores documented constraints.,"Deploy without monitoring, backup, or access controls required by the blueprint.",Mix controls from unrelated domains that do not address the stated objective.,"Implement Footprinting and reconnaissance techniques using EC-Council best practices for Information Security and Ethical Hacking Overview, including monitoring and least privilege.",B,EASY,ceh|reconnaissance|RC-1|easy|blueprint-seed,**Answer: B** — Footprinting and reconnaissance techniques. Review the official EC-Council exam guide (CEH v12) and linked documentation. Objective: RC-1.,https://www.eccouncil.org/programs/certified-ethical-hacker-ceh/
ceh,reconnaissance,RC-1,CEH v12 — RC-1 (EASY) #6,What is the primary purpose of Footprinting and reconnaissance techniques?,"Deploy without monitoring, backup, or access controls required by the blueprint.",Mix controls from unrelated domains that do not address the stated objective.,Apply the official Information Security and Ethical Hacking Overview guidance: Footprinting and reconnaissance techniques — this aligns with exam blueprint expectations and vendor documentation.,Use an approach that contradicts the exam objective and ignores documented constraints.,C,EASY,ceh|reconnaissance|RC-1|easy|blueprint-seed,**Answer: C** — Footprinting and reconnaissance techniques. Review the official EC-Council exam guide (CEH v12) and linked documentation. Objective: RC-1.,https://www.eccouncil.org/programs/certified-ethical-hacker-ceh/
ceh,reconnaissance,RC-1,CEH v12 — RC-1 (EASY) #7,Which concept is fundamental to Footprinting and reconnaissance techniques?,Mix controls from unrelated domains that do not address the stated objective.,"Follow the documented approach for Footprinting and reconnaissance techniques, using recommended services and controls per the exam guide.",Use an approach that contradicts the exam objective and ignores documented constraints.,"Deploy without monitoring, backup, or access controls required by the blueprint.",D,EASY,ceh|reconnaissance|RC-1|easy|blueprint-seed,**Answer: D** — Footprinting and reconnaissance techniques. Review the official EC-Council exam guide (CEH v12) and linked documentation. Objective: RC-1.,https://www.eccouncil.org/programs/certified-ethical-hacker-ceh/
ceh,reconnaissance,RC-1,CEH v12 — RC-1 (EASY) #8,Identify the core principle behind Footprinting and reconnaissance techniques?,"Implement Footprinting and reconnaissance techniques using EC-Council best practices for Information Security and Ethical Hacking Overview, including monitoring and least privilege.",Use an approach that contradicts the exam objective and ignores documented constraints.,"Deploy without monitoring, backup, or access controls required by the blueprint.",Mix controls from unrelated domains that do not address the stated objective.,A,EASY,ceh|reconnaissance|RC-1|easy|blueprint-seed,**Answer: A** — Footprinting and reconnaissance techniques. Review the official EC-Council exam guide (CEH v12) and linked documentation. Objective: RC-1.,https://www.eccouncil.org/programs/certified-ethical-hacker-ceh/
ceh,reconnaissance,RC-1,CEH v12 — RC-1 (EASY) #9,Which description accurately reflects Footprinting and reconnaissance techniques?,Use an approach that contradicts the exam objective and ignores documented constraints.,"Deploy without monitoring, backup, or access controls required by the blueprint.",Mix controls from unrelated domains that do not address the stated objective.,Apply the official Information Security and Ethical Hacking Overview guidance: Footprinting and reconnaissance techniques — this aligns with exam blueprint expectations and vendor documentation.,B,EASY,ceh|reconnaissance|RC-1|easy|blueprint-seed,**Answer: B** — Footprinting and reconnaissance techniques. Review the official EC-Council exam guide (CEH v12) and linked documentation. Objective: RC-1.,https://www.eccouncil.org/programs/certified-ethical-hacker-ceh/
ceh,reconnaissance,RC-1,CEH v12 — RC-1 (EASY) #10,Which statement best defines the scope of Footprinting and reconnaissance techniques?,"Deploy without monitoring, backup, or access controls required by the blueprint.",Mix controls from unrelated domains that do not address the stated objective.,"Follow the documented approach for Footprinting and reconnaissance techniques, using recommended services and controls per the exam guide.",Use an approach that contradicts the exam objective and ignores documented constraints.,C,EASY,ceh|reconnaissance|RC-1|easy|blueprint-seed,**Answer: C** — Footprinting and reconnaissance techniques. Review the official EC-Council exam guide (CEH v12) and linked documentation. Objective: RC-1.,https://www.eccouncil.org/programs/certified-ethical-hacker-ceh/
ceh,reconnaissance,RC-1,CEH v12 — RC-1 (MEDIUM) #11,Which approach aligns with best practices when Footprinting and reconnaissance techniques in the context of Certified Ethical Hacker?,Mix controls from unrelated domains that do not address the stated objective.,"Implement Footprinting and reconnaissance techniques using EC-Council best practices for Information Security and Ethical Hacking Overview, including monitoring and least privilege.",Use an approach that contradicts the exam objective and ignores documented constraints.,"Deploy without monitoring, backup, or access controls required by the blueprint.",D,MEDIUM,ceh|reconnaissance|RC-1|medium|blueprint-seed,**Answer: D** — Footprinting and reconnaissance techniques. Review the official EC-Council exam guide (CEH v12) and linked documentation. Objective: RC-1.,https://www.eccouncil.org/programs/certified-ethical-hacker-ceh/
ceh,reconnaissance,RC-1,CEH v12 — RC-1 (MEDIUM) #12,"During a project review, stakeholders ask how to Footprinting and reconnaissance techniques in the context of Certified Ethical Hacker?",Apply the official Information Security and Ethical Hacking Overview guidance: Footprinting and reconnaissance techniques — this aligns with exam blueprint expectations and vendor documentation.,Use an approach that contradicts the exam objective and ignores documented constraints.,"Deploy without monitoring, backup, or access controls required by the blueprint.",Mix controls from unrelated domains that do not address the stated objective.,A,MEDIUM,ceh|reconnaissance|RC-1|medium|blueprint-seed,**Answer: A** — Footprinting and reconnaissance techniques. Review the official EC-Council exam guide (CEH v12) and linked documentation. Objective: RC-1.,https://www.eccouncil.org/programs/certified-ethical-hacker-ceh/
ceh,reconnaissance,RC-1,CEH v12 — RC-1 (MEDIUM) #13,Which configuration satisfies requirements for Footprinting and reconnaissance techniques in the context of Certified Ethical Hacker?,Use an approach that contradicts the exam objective and ignores documented constraints.,"Deploy without monitoring, backup, or access controls required by the blueprint.",Mix controls from unrelated domains that do not address the stated objective.,"Follow the documented approach for Footprinting and reconnaissance techniques, using recommended services and controls per the exam guide.",B,MEDIUM,ceh|reconnaissance|RC-1|medium|blueprint-seed,**Answer: B** — Footprinting and reconnaissance techniques. Review the official EC-Council exam guide (CEH v12) and linked documentation. Objective: RC-1.,https://www.eccouncil.org/programs/certified-ethical-hacker-ceh/
ceh,reconnaissance,RC-1,CEH v12 — RC-1 (MEDIUM) #14,What is the recommended design when applying Footprinting and reconnaissance techniques in the context of Certified Ethical Hacker?,"Deploy without monitoring, backup, or access controls required by the blueprint.",Mix controls from unrelated domains that do not address the stated objective.,"Implement Footprinting and reconnaissance techniques using EC-Council best practices for Information Security and Ethical Hacking Overview, including monitoring and least privilege.",Use an approach that contradicts the exam objective and ignores documented constraints.,C,MEDIUM,ceh|reconnaissance|RC-1|medium|blueprint-seed,**Answer: C** — Footprinting and reconnaissance techniques. Review the official EC-Council exam guide (CEH v12) and linked documentation. Objective: RC-1.,https://www.eccouncil.org/programs/certified-ethical-hacker-ceh/
ceh,reconnaissance,RC-1,CEH v12 — RC-1 (MEDIUM) #15,A team must implement a solution for Footprinting and reconnaissance techniques in the context of Certified Ethical Hacker?,Mix controls from unrelated domains that do not address the stated objective.,Apply the official Information Security and Ethical Hacking Overview guidance: Footprinting and reconnaissance techniques — this aligns with exam blueprint expectations and vendor documentation.,Use an approach that contradicts the exam objective and ignores documented constraints.,"Deploy without monitoring, backup, or access controls required by the blueprint.",D,MEDIUM,ceh|reconnaissance|RC-1|medium|blueprint-seed,**Answer: D** — Footprinting and reconnaissance techniques. Review the official EC-Council exam guide (CEH v12) and linked documentation. Objective: RC-1.,https://www.eccouncil.org/programs/certified-ethical-hacker-ceh/
ceh,reconnaissance,RC-1,CEH v12 — RC-1 (MEDIUM) #16,Which approach aligns with best practices when Footprinting and reconnaissance techniques in the context of Certified Ethical Hacker?,"Follow the documented approach for Footprinting and reconnaissance techniques, using recommended services and controls per the exam guide.",Use an approach that contradicts the exam objective and ignores documented constraints.,"Deploy without monitoring, backup, or access controls required by the blueprint.",Mix controls from unrelated domains that do not address the stated objective.,A,MEDIUM,ceh|reconnaissance|RC-1|medium|blueprint-seed,**Answer: A** — Footprinting and reconnaissance techniques. Review the official EC-Council exam guide (CEH v12) and linked documentation. Objective: RC-1.,https://www.eccouncil.org/programs/certified-ethical-hacker-ceh/
ceh,reconnaissance,RC-1,CEH v12 — RC-1 (MEDIUM) #17,"During a project review, stakeholders ask how to Footprinting and reconnaissance techniques in the context of Certified Ethical Hacker?",Use an approach that contradicts the exam objective and ignores documented constraints.,"Deploy without monitoring, backup, or access controls required by the blueprint.",Mix controls from unrelated domains that do not address the stated objective.,"Implement Footprinting and reconnaissance techniques using EC-Council best practices for Information Security and Ethical Hacking Overview, including monitoring and least privilege.",B,MEDIUM,ceh|reconnaissance|RC-1|medium|blueprint-seed,**Answer: B** — Footprinting and reconnaissance techniques. Review the official EC-Council exam guide (CEH v12) and linked documentation. Objective: RC-1.,https://www.eccouncil.org/programs/certified-ethical-hacker-ceh/
ceh,reconnaissance,RC-1,CEH v12 — RC-1 (MEDIUM) #18,Which configuration satisfies requirements for Footprinting and reconnaissance techniques in the context of Certified Ethical Hacker?,"Deploy without monitoring, backup, or access controls required by the blueprint.",Mix controls from unrelated domains that do not address the stated objective.,Apply the official Information Security and Ethical Hacking Overview guidance: Footprinting and reconnaissance techniques — this aligns with exam blueprint expectations and vendor documentation.,Use an approach that contradicts the exam objective and ignores documented constraints.,C,MEDIUM,ceh|reconnaissance|RC-1|medium|blueprint-seed,**Answer: C** — Footprinting and reconnaissance techniques. Review the official EC-Council exam guide (CEH v12) and linked documentation. Objective: RC-1.,https://www.eccouncil.org/programs/certified-ethical-hacker-ceh/
ceh,reconnaissance,RC-1,CEH v12 — RC-1 (MEDIUM) #19,What is the recommended design when applying Footprinting and reconnaissance techniques in the context of Certified Ethical Hacker?,Mix controls from unrelated domains that do not address the stated objective.,"Follow the documented approach for Footprinting and reconnaissance techniques, using recommended services and controls per the exam guide.",Use an approach that contradicts the exam objective and ignores documented constraints.,"Deploy without monitoring, backup, or access controls required by the blueprint.",D,MEDIUM,ceh|reconnaissance|RC-1|medium|blueprint-seed,**Answer: D** — Footprinting and reconnaissance techniques. Review the official EC-Council exam guide (CEH v12) and linked documentation. Objective: RC-1.,https://www.eccouncil.org/programs/certified-ethical-hacker-ceh/
ceh,reconnaissance,RC-1,CEH v12 — RC-1 (MEDIUM) #20,A team must implement a solution for Footprinting and reconnaissance techniques in the context of Certified Ethical Hacker?,"Implement Footprinting and reconnaissance techniques using EC-Council best practices for Information Security and Ethical Hacking Overview, including monitoring and least privilege.",Use an approach that contradicts the exam objective and ignores documented constraints.,"Deploy without monitoring, backup, or access controls required by the blueprint.",Mix controls from unrelated domains that do not address the stated objective.,A,MEDIUM,ceh|reconnaissance|RC-1|medium|blueprint-seed,**Answer: A** — Footprinting and reconnaissance techniques. Review the official EC-Council exam guide (CEH v12) and linked documentation. Objective: RC-1.,https://www.eccouncil.org/programs/certified-ethical-hacker-ceh/
ceh,reconnaissance,RC-1,CEH v12 — RC-1 (MEDIUM) #21,Which approach aligns with best practices when Footprinting and reconnaissance techniques in the context of Certified Ethical Hacker?,Use an approach that contradicts the exam objective and ignores documented constraints.,"Deploy without monitoring, backup, or access controls required by the blueprint.",Mix controls from unrelated domains that do not address the stated objective.,Apply the official Information Security and Ethical Hacking Overview guidance: Footprinting and reconnaissance techniques — this aligns with exam blueprint expectations and vendor documentation.,B,MEDIUM,ceh|reconnaissance|RC-1|medium|blueprint-seed,**Answer: B** — Footprinting and reconnaissance techniques. Review the official EC-Council exam guide (CEH v12) and linked documentation. Objective: RC-1.,https://www.eccouncil.org/programs/certified-ethical-hacker-ceh/
ceh,reconnaissance,RC-1,CEH v12 — RC-1 (MEDIUM) #22,"During a project review, stakeholders ask how to Footprinting and reconnaissance techniques in the context of Certified Ethical Hacker?","Deploy without monitoring, backup, or access controls required by the blueprint.",Mix controls from unrelated domains that do not address the stated objective.,"Follow the documented approach for Footprinting and reconnaissance techniques, using recommended services and controls per the exam guide.",Use an approach that contradicts the exam objective and ignores documented constraints.,C,MEDIUM,ceh|reconnaissance|RC-1|medium|blueprint-seed,**Answer: C** — Footprinting and reconnaissance techniques. Review the official EC-Council exam guide (CEH v12) and linked documentation. Objective: RC-1.,https://www.eccouncil.org/programs/certified-ethical-hacker-ceh/
ceh,reconnaissance,RC-1,CEH v12 — RC-1 (MEDIUM) #23,Which configuration satisfies requirements for Footprinting and reconnaissance techniques in the context of Certified Ethical Hacker?,Mix controls from unrelated domains that do not address the stated objective.,"Implement Footprinting and reconnaissance techniques using EC-Council best practices for Information Security and Ethical Hacking Overview, including monitoring and least privilege.",Use an approach that contradicts the exam objective and ignores documented constraints.,"Deploy without monitoring, backup, or access controls required by the blueprint.",D,MEDIUM,ceh|reconnaissance|RC-1|medium|blueprint-seed,**Answer: D** — Footprinting and reconnaissance techniques. Review the official EC-Council exam guide (CEH v12) and linked documentation. Objective: RC-1.,https://www.eccouncil.org/programs/certified-ethical-hacker-ceh/
ceh,reconnaissance,RC-1,CEH v12 — RC-1 (MEDIUM) #24,What is the recommended design when applying Footprinting and reconnaissance techniques in the context of Certified Ethical Hacker?,Apply the official Information Security and Ethical Hacking Overview guidance: Footprinting and reconnaissance techniques — this aligns with exam blueprint expectations and vendor documentation.,Use an approach that contradicts the exam objective and ignores documented constraints.,"Deploy without monitoring, backup, or access controls required by the blueprint.",Mix controls from unrelated domains that do not address the stated objective.,A,MEDIUM,ceh|reconnaissance|RC-1|medium|blueprint-seed,**Answer: A** — Footprinting and reconnaissance techniques. Review the official EC-Council exam guide (CEH v12) and linked documentation. Objective: RC-1.,https://www.eccouncil.org/programs/certified-ethical-hacker-ceh/
ceh,reconnaissance,RC-1,CEH v12 — RC-1 (HARD) #25,An enterprise requires zero-downtime architecture while Footprinting and reconnaissance techniques for Information Security and Ethical Hacking Overview?,Use an approach that contradicts the exam objective and ignores documented constraints.,"Deploy without monitoring, backup, or access controls required by the blueprint.",Mix controls from unrelated domains that do not address the stated objective.,"Follow the documented approach for Footprinting and reconnaissance techniques, using recommended services and controls per the exam guide.",B,HARD,ceh|reconnaissance|RC-1|hard|blueprint-seed,**Answer: B** — Footprinting and reconnaissance techniques. Review the official EC-Council exam guide (CEH v12) and linked documentation. Objective: RC-1.,https://www.eccouncil.org/programs/certified-ethical-hacker-ceh/
ceh,reconnaissance,RC-1,CEH v12 — RC-1 (HARD) #26,"Given strict compliance, auditability, and multi-region constraints, how should you Footprinting and reconnaissance techniques for Information Security and Ethical Hacking Overview?","Deploy without monitoring, backup, or access controls required by the blueprint.",Mix controls from unrelated domains that do not address the stated objective.,"Implement Footprinting and reconnaissance techniques using EC-Council best practices for Information Security and Ethical Hacking Overview, including monitoring and least privilege.",Use an approach that contradicts the exam objective and ignores documented constraints.,C,HARD,ceh|reconnaissance|RC-1|hard|blueprint-seed,**Answer: C** — Footprinting and reconnaissance techniques. Review the official EC-Council exam guide (CEH v12) and linked documentation. Objective: RC-1.,https://www.eccouncil.org/programs/certified-ethical-hacker-ceh/
ceh,reconnaissance,RC-1,CEH v12 — RC-1 (HARD) #27,A production incident involves trade-offs between cost and resilience for Footprinting and reconnaissance techniques for Information Security and Ethical Hacking Overview?,Mix controls from unrelated domains that do not address the stated objective.,Apply the official Information Security and Ethical Hacking Overview guidance: Footprinting and reconnaissance techniques — this aligns with exam blueprint expectations and vendor documentation.,Use an approach that contradicts the exam objective and ignores documented constraints.,"Deploy without monitoring, backup, or access controls required by the blueprint.",D,HARD,ceh|reconnaissance|RC-1|hard|blueprint-seed,**Answer: D** — Footprinting and reconnaissance techniques. Review the official EC-Council exam guide (CEH v12) and linked documentation. Objective: RC-1.,https://www.eccouncil.org/programs/certified-ethical-hacker-ceh/
ceh,reconnaissance,RC-1,CEH v12 — RC-1 (HARD) #28,Complex regulatory requirements demand that you Footprinting and reconnaissance techniques for Information Security and Ethical Hacking Overview?,"Follow the documented approach for Footprinting and reconnaissance techniques, using recommended services and controls per the exam guide.",Use an approach that contradicts the exam objective and ignores documented constraints.,"Deploy without monitoring, backup, or access controls required by the blueprint.",Mix controls from unrelated domains that do not address the stated objective.,A,HARD,ceh|reconnaissance|RC-1|hard|blueprint-seed,**Answer: A** — Footprinting and reconnaissance techniques. Review the official EC-Council exam guide (CEH v12) and linked documentation. Objective: RC-1.,https://www.eccouncil.org/programs/certified-ethical-hacker-ceh/
ceh,reconnaissance,RC-1,CEH v12 — RC-1 (HARD) #29,A multi-team rollout must balance security and velocity for Footprinting and reconnaissance techniques for Information Security and Ethical Hacking Overview?,Use an approach that contradicts the exam objective and ignores documented constraints.,"Deploy without monitoring, backup, or access controls required by the blueprint.",Mix controls from unrelated domains that do not address the stated objective.,"Implement Footprinting and reconnaissance techniques using EC-Council best practices for Information Security and Ethical Hacking Overview, including monitoring and least privilege.",B,HARD,ceh|reconnaissance|RC-1|hard|blueprint-seed,**Answer: B** — Footprinting and reconnaissance techniques. Review the official EC-Council exam guide (CEH v12) and linked documentation. Objective: RC-1.,https://www.eccouncil.org/programs/certified-ethical-hacker-ceh/
ceh,reconnaissance,RC-1,CEH v12 — RC-1 (HARD) #30,An enterprise requires zero-downtime architecture while Footprinting and reconnaissance techniques for Information Security and Ethical Hacking Overview?,"Deploy without monitoring, backup, or access controls required by the blueprint.",Mix controls from unrelated domains that do not address the stated objective.,Apply the official Information Security and Ethical Hacking Overview guidance: Footprinting and reconnaissance techniques — this aligns with exam blueprint expectations and vendor documentation.,Use an approach that contradicts the exam objective and ignores documented constraints.,C,HARD,ceh|reconnaissance|RC-1|hard|blueprint-seed,**Answer: C** — Footprinting and reconnaissance techniques. Review the official EC-Council exam guide (CEH v12) and linked documentation. Objective: RC-1.,https://www.eccouncil.org/programs/certified-ethical-hacker-ceh/
ceh,reconnaissance,RC-1,CEH v12 — RC-1 (HARD) #31,"Given strict compliance, auditability, and multi-region constraints, how should you Footprinting and reconnaissance techniques for Information Security and Ethical Hacking Overview?",Mix controls from unrelated domains that do not address the stated objective.,"Follow the documented approach for Footprinting and reconnaissance techniques, using recommended services and controls per the exam guide.",Use an approach that contradicts the exam objective and ignores documented constraints.,"Deploy without monitoring, backup, or access controls required by the blueprint.",D,HARD,ceh|reconnaissance|RC-1|hard|blueprint-seed,**Answer: D** — Footprinting and reconnaissance techniques. Review the official EC-Council exam guide (CEH v12) and linked documentation. Objective: RC-1.,https://www.eccouncil.org/programs/certified-ethical-hacker-ceh/
ceh,reconnaissance,RC-1,CEH v12 — RC-1 (HARD) #32,A production incident involves trade-offs between cost and resilience for Footprinting and reconnaissance techniques for Information Security and Ethical Hacking Overview?,"Implement Footprinting and reconnaissance techniques using EC-Council best practices for Information Security and Ethical Hacking Overview, including monitoring and least privilege.",Use an approach that contradicts the exam objective and ignores documented constraints.,"Deploy without monitoring, backup, or access controls required by the blueprint.",Mix controls from unrelated domains that do not address the stated objective.,A,HARD,ceh|reconnaissance|RC-1|hard|blueprint-seed,**Answer: A** — Footprinting and reconnaissance techniques. Review the official EC-Council exam guide (CEH v12) and linked documentation. Objective: RC-1.,https://www.eccouncil.org/programs/certified-ethical-hacker-ceh/
ceh,reconnaissance,RC-1,CEH v12 — RC-1 (HARD) #33,Complex regulatory requirements demand that you Footprinting and reconnaissance techniques for Information Security and Ethical Hacking Overview?,Use an approach that contradicts the exam objective and ignores documented constraints.,"Deploy without monitoring, backup, or access controls required by the blueprint.",Mix controls from unrelated domains that do not address the stated objective.,Apply the official Information Security and Ethical Hacking Overview guidance: Footprinting and reconnaissance techniques — this aligns with exam blueprint expectations and vendor documentation.,B,HARD,ceh|reconnaissance|RC-1|hard|blueprint-seed,**Answer: B** — Footprinting and reconnaissance techniques. Review the official EC-Council exam guide (CEH v12) and linked documentation. Objective: RC-1.,https://www.eccouncil.org/programs/certified-ethical-hacker-ceh/
ceh,reconnaissance,RC-1,CEH v12 — RC-1 (HARD) #34,A multi-team rollout must balance security and velocity for Footprinting and reconnaissance techniques for Information Security and Ethical Hacking Overview?,"Deploy without monitoring, backup, or access controls required by the blueprint.",Mix controls from unrelated domains that do not address the stated objective.,"Follow the documented approach for Footprinting and reconnaissance techniques, using recommended services and controls per the exam guide.",Use an approach that contradicts the exam objective and ignores documented constraints.,C,HARD,ceh|reconnaissance|RC-1|hard|blueprint-seed,**Answer: C** — Footprinting and reconnaissance techniques. Review the official EC-Council exam guide (CEH v12) and linked documentation. Objective: RC-1.,https://www.eccouncil.org/programs/certified-ethical-hacker-ceh/
ceh,reconnaissance,RC-2,CEH v12 — RC-2 (EASY) #1,What is the primary purpose of Scanning networks and enumeration?,Use an approach that contradicts the exam objective and ignores documented constraints.,"Deploy without monitoring, backup, or access controls required by the blueprint.",Mix controls from unrelated domains that do not address the stated objective.,"Follow the documented approach for Scanning networks and enumeration, using recommended services and controls per the exam guide.",B,EASY,ceh|reconnaissance|RC-2|easy|blueprint-seed,**Answer: B** — Scanning networks and enumeration. Review the official EC-Council exam guide (CEH v12) and linked documentation. Objective: RC-2.,https://www.eccouncil.org/programs/certified-ethical-hacker-ceh/
ceh,reconnaissance,RC-2,CEH v12 — RC-2 (EASY) #2,Which concept is fundamental to Scanning networks and enumeration?,"Deploy without monitoring, backup, or access controls required by the blueprint.",Mix controls from unrelated domains that do not address the stated objective.,"Implement Scanning networks and enumeration using EC-Council best practices for Information Security and Ethical Hacking Overview, including monitoring and least privilege.",Use an approach that contradicts the exam objective and ignores documented constraints.,C,EASY,ceh|reconnaissance|RC-2|easy|blueprint-seed,**Answer: C** — Scanning networks and enumeration. Review the official EC-Council exam guide (CEH v12) and linked documentation. Objective: RC-2.,https://www.eccouncil.org/programs/certified-ethical-hacker-ceh/
ceh,reconnaissance,RC-2,CEH v12 — RC-2 (EASY) #3,Identify the core principle behind Scanning networks and enumeration?,Mix controls from unrelated domains that do not address the stated objective.,Apply the official Information Security and Ethical Hacking Overview guidance: Scanning networks and enumeration — this aligns with exam blueprint expectations and vendor documentation.,Use an approach that contradicts the exam objective and ignores documented constraints.,"Deploy without monitoring, backup, or access controls required by the blueprint.",D,EASY,ceh|reconnaissance|RC-2|easy|blueprint-seed,**Answer: D** — Scanning networks and enumeration. Review the official EC-Council exam guide (CEH v12) and linked documentation. Objective: RC-2.,https://www.eccouncil.org/programs/certified-ethical-hacker-ceh/
ceh,reconnaissance,RC-2,CEH v12 — RC-2 (EASY) #4,Which description accurately reflects Scanning networks and enumeration?,"Follow the documented approach for Scanning networks and enumeration, using recommended services and controls per the exam guide.",Use an approach that contradicts the exam objective and ignores documented constraints.,"Deploy without monitoring, backup, or access controls required by the blueprint.",Mix controls from unrelated domains that do not address the stated objective.,A,EASY,ceh|reconnaissance|RC-2|easy|blueprint-seed,**Answer: A** — Scanning networks and enumeration. Review the official EC-Council exam guide (CEH v12) and linked documentation. Objective: RC-2.,https://www.eccouncil.org/programs/certified-ethical-hacker-ceh/
ceh,reconnaissance,RC-2,CEH v12 — RC-2 (EASY) #5,Which statement best defines the scope of Scanning networks and enumeration?,Use an approach that contradicts the exam objective and ignores documented constraints.,"Deploy without monitoring, backup, or access controls required by the blueprint.",Mix controls from unrelated domains that do not address the stated objective.,"Implement Scanning networks and enumeration using EC-Council best practices for Information Security and Ethical Hacking Overview, including monitoring and least privilege.",B,EASY,ceh|reconnaissance|RC-2|easy|blueprint-seed,**Answer: B** — Scanning networks and enumeration. Review the official EC-Council exam guide (CEH v12) and linked documentation. Objective: RC-2.,https://www.eccouncil.org/programs/certified-ethical-hacker-ceh/
ceh,reconnaissance,RC-2,CEH v12 — RC-2 (EASY) #6,What is the primary purpose of Scanning networks and enumeration?,"Deploy without monitoring, backup, or access controls required by the blueprint.",Mix controls from unrelated domains that do not address the stated objective.,Apply the official Information Security and Ethical Hacking Overview guidance: Scanning networks and enumeration — this aligns with exam blueprint expectations and vendor documentation.,Use an approach that contradicts the exam objective and ignores documented constraints.,C,EASY,ceh|reconnaissance|RC-2|easy|blueprint-seed,**Answer: C** — Scanning networks and enumeration. Review the official EC-Council exam guide (CEH v12) and linked documentation. Objective: RC-2.,https://www.eccouncil.org/programs/certified-ethical-hacker-ceh/
ceh,reconnaissance,RC-2,CEH v12 — RC-2 (EASY) #7,Which concept is fundamental to Scanning networks and enumeration?,Mix controls from unrelated domains that do not address the stated objective.,"Follow the documented approach for Scanning networks and enumeration, using recommended services and controls per the exam guide.",Use an approach that contradicts the exam objective and ignores documented constraints.,"Deploy without monitoring, backup, or access controls required by the blueprint.",D,EASY,ceh|reconnaissance|RC-2|easy|blueprint-seed,**Answer: D** — Scanning networks and enumeration. Review the official EC-Council exam guide (CEH v12) and linked documentation. Objective: RC-2.,https://www.eccouncil.org/programs/certified-ethical-hacker-ceh/
ceh,reconnaissance,RC-2,CEH v12 — RC-2 (EASY) #8,Identify the core principle behind Scanning networks and enumeration?,"Implement Scanning networks and enumeration using EC-Council best practices for Information Security and Ethical Hacking Overview, including monitoring and least privilege.",Use an approach that contradicts the exam objective and ignores documented constraints.,"Deploy without monitoring, backup, or access controls required by the blueprint.",Mix controls from unrelated domains that do not address the stated objective.,A,EASY,ceh|reconnaissance|RC-2|easy|blueprint-seed,**Answer: A** — Scanning networks and enumeration. Review the official EC-Council exam guide (CEH v12) and linked documentation. Objective: RC-2.,https://www.eccouncil.org/programs/certified-ethical-hacker-ceh/
ceh,reconnaissance,RC-2,CEH v12 — RC-2 (EASY) #9,Which description accurately reflects Scanning networks and enumeration?,Use an approach that contradicts the exam objective and ignores documented constraints.,"Deploy without monitoring, backup, or access controls required by the blueprint.",Mix controls from unrelated domains that do not address the stated objective.,Apply the official Information Security and Ethical Hacking Overview guidance: Scanning networks and enumeration — this aligns with exam blueprint expectations and vendor documentation.,B,EASY,ceh|reconnaissance|RC-2|easy|blueprint-seed,**Answer: B** — Scanning networks and enumeration. Review the official EC-Council exam guide (CEH v12) and linked documentation. Objective: RC-2.,https://www.eccouncil.org/programs/certified-ethical-hacker-ceh/
ceh,reconnaissance,RC-2,CEH v12 — RC-2 (EASY) #10,Which statement best defines the scope of Scanning networks and enumeration?,"Deploy without monitoring, backup, or access controls required by the blueprint.",Mix controls from unrelated domains that do not address the stated objective.,"Follow the documented approach for Scanning networks and enumeration, using recommended services and controls per the exam guide.",Use an approach that contradicts the exam objective and ignores documented constraints.,C,EASY,ceh|reconnaissance|RC-2|easy|blueprint-seed,**Answer: C** — Scanning networks and enumeration. Review the official EC-Council exam guide (CEH v12) and linked documentation. Objective: RC-2.,https://www.eccouncil.org/programs/certified-ethical-hacker-ceh/
ceh,reconnaissance,RC-2,CEH v12 — RC-2 (MEDIUM) #11,Which approach aligns with best practices when Scanning networks and enumeration in the context of Certified Ethical Hacker?,Mix controls from unrelated domains that do not address the stated objective.,"Implement Scanning networks and enumeration using EC-Council best practices for Information Security and Ethical Hacking Overview, including monitoring and least privilege.",Use an approach that contradicts the exam objective and ignores documented constraints.,"Deploy without monitoring, backup, or access controls required by the blueprint.",D,MEDIUM,ceh|reconnaissance|RC-2|medium|blueprint-seed,**Answer: D** — Scanning networks and enumeration. Review the official EC-Council exam guide (CEH v12) and linked documentation. Objective: RC-2.,https://www.eccouncil.org/programs/certified-ethical-hacker-ceh/
ceh,reconnaissance,RC-2,CEH v12 — RC-2 (MEDIUM) #12,"During a project review, stakeholders ask how to Scanning networks and enumeration in the context of Certified Ethical Hacker?",Apply the official Information Security and Ethical Hacking Overview guidance: Scanning networks and enumeration — this aligns with exam blueprint expectations and vendor documentation.,Use an approach that contradicts the exam objective and ignores documented constraints.,"Deploy without monitoring, backup, or access controls required by the blueprint.",Mix controls from unrelated domains that do not address the stated objective.,A,MEDIUM,ceh|reconnaissance|RC-2|medium|blueprint-seed,**Answer: A** — Scanning networks and enumeration. Review the official EC-Council exam guide (CEH v12) and linked documentation. Objective: RC-2.,https://www.eccouncil.org/programs/certified-ethical-hacker-ceh/
ceh,reconnaissance,RC-2,CEH v12 — RC-2 (MEDIUM) #13,Which configuration satisfies requirements for Scanning networks and enumeration in the context of Certified Ethical Hacker?,Use an approach that contradicts the exam objective and ignores documented constraints.,"Deploy without monitoring, backup, or access controls required by the blueprint.",Mix controls from unrelated domains that do not address the stated objective.,"Follow the documented approach for Scanning networks and enumeration, using recommended services and controls per the exam guide.",B,MEDIUM,ceh|reconnaissance|RC-2|medium|blueprint-seed,**Answer: B** — Scanning networks and enumeration. Review the official EC-Council exam guide (CEH v12) and linked documentation. Objective: RC-2.,https://www.eccouncil.org/programs/certified-ethical-hacker-ceh/
ceh,reconnaissance,RC-2,CEH v12 — RC-2 (MEDIUM) #14,What is the recommended design when applying Scanning networks and enumeration in the context of Certified Ethical Hacker?,"Deploy without monitoring, backup, or access controls required by the blueprint.",Mix controls from unrelated domains that do not address the stated objective.,"Implement Scanning networks and enumeration using EC-Council best practices for Information Security and Ethical Hacking Overview, including monitoring and least privilege.",Use an approach that contradicts the exam objective and ignores documented constraints.,C,MEDIUM,ceh|reconnaissance|RC-2|medium|blueprint-seed,**Answer: C** — Scanning networks and enumeration. Review the official EC-Council exam guide (CEH v12) and linked documentation. Objective: RC-2.,https://www.eccouncil.org/programs/certified-ethical-hacker-ceh/
ceh,reconnaissance,RC-2,CEH v12 — RC-2 (MEDIUM) #15,A team must implement a solution for Scanning networks and enumeration in the context of Certified Ethical Hacker?,Mix controls from unrelated domains that do not address the stated objective.,Apply the official Information Security and Ethical Hacking Overview guidance: Scanning networks and enumeration — this aligns with exam blueprint expectations and vendor documentation.,Use an approach that contradicts the exam objective and ignores documented constraints.,"Deploy without monitoring, backup, or access controls required by the blueprint.",D,MEDIUM,ceh|reconnaissance|RC-2|medium|blueprint-seed,**Answer: D** — Scanning networks and enumeration. Review the official EC-Council exam guide (CEH v12) and linked documentation. Objective: RC-2.,https://www.eccouncil.org/programs/certified-ethical-hacker-ceh/
ceh,reconnaissance,RC-2,CEH v12 — RC-2 (MEDIUM) #16,Which approach aligns with best practices when Scanning networks and enumeration in the context of Certified Ethical Hacker?,"Follow the documented approach for Scanning networks and enumeration, using recommended services and controls per the exam guide.",Use an approach that contradicts the exam objective and ignores documented constraints.,"Deploy without monitoring, backup, or access controls required by the blueprint.",Mix controls from unrelated domains that do not address the stated objective.,A,MEDIUM,ceh|reconnaissance|RC-2|medium|blueprint-seed,**Answer: A** — Scanning networks and enumeration. Review the official EC-Council exam guide (CEH v12) and linked documentation. Objective: RC-2.,https://www.eccouncil.org/programs/certified-ethical-hacker-ceh/
ceh,reconnaissance,RC-2,CEH v12 — RC-2 (MEDIUM) #17,"During a project review, stakeholders ask how to Scanning networks and enumeration in the context of Certified Ethical Hacker?",Use an approach that contradicts the exam objective and ignores documented constraints.,"Deploy without monitoring, backup, or access controls required by the blueprint.",Mix controls from unrelated domains that do not address the stated objective.,"Implement Scanning networks and enumeration using EC-Council best practices for Information Security and Ethical Hacking Overview, including monitoring and least privilege.",B,MEDIUM,ceh|reconnaissance|RC-2|medium|blueprint-seed,**Answer: B** — Scanning networks and enumeration. Review the official EC-Council exam guide (CEH v12) and linked documentation. Objective: RC-2.,https://www.eccouncil.org/programs/certified-ethical-hacker-ceh/
ceh,reconnaissance,RC-2,CEH v12 — RC-2 (MEDIUM) #18,Which configuration satisfies requirements for Scanning networks and enumeration in the context of Certified Ethical Hacker?,"Deploy without monitoring, backup, or access controls required by the blueprint.",Mix controls from unrelated domains that do not address the stated objective.,Apply the official Information Security and Ethical Hacking Overview guidance: Scanning networks and enumeration — this aligns with exam blueprint expectations and vendor documentation.,Use an approach that contradicts the exam objective and ignores documented constraints.,C,MEDIUM,ceh|reconnaissance|RC-2|medium|blueprint-seed,**Answer: C** — Scanning networks and enumeration. Review the official EC-Council exam guide (CEH v12) and linked documentation. Objective: RC-2.,https://www.eccouncil.org/programs/certified-ethical-hacker-ceh/
ceh,reconnaissance,RC-2,CEH v12 — RC-2 (MEDIUM) #19,What is the recommended design when applying Scanning networks and enumeration in the context of Certified Ethical Hacker?,Mix controls from unrelated domains that do not address the stated objective.,"Follow the documented approach for Scanning networks and enumeration, using recommended services and controls per the exam guide.",Use an approach that contradicts the exam objective and ignores documented constraints.,"Deploy without monitoring, backup, or access controls required by the blueprint.",D,MEDIUM,ceh|reconnaissance|RC-2|medium|blueprint-seed,**Answer: D** — Scanning networks and enumeration. Review the official EC-Council exam guide (CEH v12) and linked documentation. Objective: RC-2.,https://www.eccouncil.org/programs/certified-ethical-hacker-ceh/
ceh,reconnaissance,RC-2,CEH v12 — RC-2 (MEDIUM) #20,A team must implement a solution for Scanning networks and enumeration in the context of Certified Ethical Hacker?,"Implement Scanning networks and enumeration using EC-Council best practices for Information Security and Ethical Hacking Overview, including monitoring and least privilege.",Use an approach that contradicts the exam objective and ignores documented constraints.,"Deploy without monitoring, backup, or access controls required by the blueprint.",Mix controls from unrelated domains that do not address the stated objective.,A,MEDIUM,ceh|reconnaissance|RC-2|medium|blueprint-seed,**Answer: A** — Scanning networks and enumeration. Review the official EC-Council exam guide (CEH v12) and linked documentation. Objective: RC-2.,https://www.eccouncil.org/programs/certified-ethical-hacker-ceh/
ceh,reconnaissance,RC-2,CEH v12 — RC-2 (MEDIUM) #21,Which approach aligns with best practices when Scanning networks and enumeration in the context of Certified Ethical Hacker?,Use an approach that contradicts the exam objective and ignores documented constraints.,"Deploy without monitoring, backup, or access controls required by the blueprint.",Mix controls from unrelated domains that do not address the stated objective.,Apply the official Information Security and Ethical Hacking Overview guidance: Scanning networks and enumeration — this aligns with exam blueprint expectations and vendor documentation.,B,MEDIUM,ceh|reconnaissance|RC-2|medium|blueprint-seed,**Answer: B** — Scanning networks and enumeration. Review the official EC-Council exam guide (CEH v12) and linked documentation. Objective: RC-2.,https://www.eccouncil.org/programs/certified-ethical-hacker-ceh/
ceh,reconnaissance,RC-2,CEH v12 — RC-2 (MEDIUM) #22,"During a project review, stakeholders ask how to Scanning networks and enumeration in the context of Certified Ethical Hacker?","Deploy without monitoring, backup, or access controls required by the blueprint.",Mix controls from unrelated domains that do not address the stated objective.,"Follow the documented approach for Scanning networks and enumeration, using recommended services and controls per the exam guide.",Use an approach that contradicts the exam objective and ignores documented constraints.,C,MEDIUM,ceh|reconnaissance|RC-2|medium|blueprint-seed,**Answer: C** — Scanning networks and enumeration. Review the official EC-Council exam guide (CEH v12) and linked documentation. Objective: RC-2.,https://www.eccouncil.org/programs/certified-ethical-hacker-ceh/
ceh,reconnaissance,RC-2,CEH v12 — RC-2 (MEDIUM) #23,Which configuration satisfies requirements for Scanning networks and enumeration in the context of Certified Ethical Hacker?,Mix controls from unrelated domains that do not address the stated objective.,"Implement Scanning networks and enumeration using EC-Council best practices for Information Security and Ethical Hacking Overview, including monitoring and least privilege.",Use an approach that contradicts the exam objective and ignores documented constraints.,"Deploy without monitoring, backup, or access controls required by the blueprint.",D,MEDIUM,ceh|reconnaissance|RC-2|medium|blueprint-seed,**Answer: D** — Scanning networks and enumeration. Review the official EC-Council exam guide (CEH v12) and linked documentation. Objective: RC-2.,https://www.eccouncil.org/programs/certified-ethical-hacker-ceh/
ceh,reconnaissance,RC-2,CEH v12 — RC-2 (MEDIUM) #24,What is the recommended design when applying Scanning networks and enumeration in the context of Certified Ethical Hacker?,Apply the official Information Security and Ethical Hacking Overview guidance: Scanning networks and enumeration — this aligns with exam blueprint expectations and vendor documentation.,Use an approach that contradicts the exam objective and ignores documented constraints.,"Deploy without monitoring, backup, or access controls required by the blueprint.",Mix controls from unrelated domains that do not address the stated objective.,A,MEDIUM,ceh|reconnaissance|RC-2|medium|blueprint-seed,**Answer: A** — Scanning networks and enumeration. Review the official EC-Council exam guide (CEH v12) and linked documentation. Objective: RC-2.,https://www.eccouncil.org/programs/certified-ethical-hacker-ceh/
ceh,reconnaissance,RC-2,CEH v12 — RC-2 (HARD) #25,An enterprise requires zero-downtime architecture while Scanning networks and enumeration for Information Security and Ethical Hacking Overview?,Use an approach that contradicts the exam objective and ignores documented constraints.,"Deploy without monitoring, backup, or access controls required by the blueprint.",Mix controls from unrelated domains that do not address the stated objective.,"Follow the documented approach for Scanning networks and enumeration, using recommended services and controls per the exam guide.",B,HARD,ceh|reconnaissance|RC-2|hard|blueprint-seed,**Answer: B** — Scanning networks and enumeration. Review the official EC-Council exam guide (CEH v12) and linked documentation. Objective: RC-2.,https://www.eccouncil.org/programs/certified-ethical-hacker-ceh/
ceh,reconnaissance,RC-2,CEH v12 — RC-2 (HARD) #26,"Given strict compliance, auditability, and multi-region constraints, how should you Scanning networks and enumeration for Information Security and Ethical Hacking Overview?","Deploy without monitoring, backup, or access controls required by the blueprint.",Mix controls from unrelated domains that do not address the stated objective.,"Implement Scanning networks and enumeration using EC-Council best practices for Information Security and Ethical Hacking Overview, including monitoring and least privilege.",Use an approach that contradicts the exam objective and ignores documented constraints.,C,HARD,ceh|reconnaissance|RC-2|hard|blueprint-seed,**Answer: C** — Scanning networks and enumeration. Review the official EC-Council exam guide (CEH v12) and linked documentation. Objective: RC-2.,https://www.eccouncil.org/programs/certified-ethical-hacker-ceh/
ceh,reconnaissance,RC-2,CEH v12 — RC-2 (HARD) #27,A production incident involves trade-offs between cost and resilience for Scanning networks and enumeration for Information Security and Ethical Hacking Overview?,Mix controls from unrelated domains that do not address the stated objective.,Apply the official Information Security and Ethical Hacking Overview guidance: Scanning networks and enumeration — this aligns with exam blueprint expectations and vendor documentation.,Use an approach that contradicts the exam objective and ignores documented constraints.,"Deploy without monitoring, backup, or access controls required by the blueprint.",D,HARD,ceh|reconnaissance|RC-2|hard|blueprint-seed,**Answer: D** — Scanning networks and enumeration. Review the official EC-Council exam guide (CEH v12) and linked documentation. Objective: RC-2.,https://www.eccouncil.org/programs/certified-ethical-hacker-ceh/
ceh,reconnaissance,RC-2,CEH v12 — RC-2 (HARD) #28,Complex regulatory requirements demand that you Scanning networks and enumeration for Information Security and Ethical Hacking Overview?,"Follow the documented approach for Scanning networks and enumeration, using recommended services and controls per the exam guide.",Use an approach that contradicts the exam objective and ignores documented constraints.,"Deploy without monitoring, backup, or access controls required by the blueprint.",Mix controls from unrelated domains that do not address the stated objective.,A,HARD,ceh|reconnaissance|RC-2|hard|blueprint-seed,**Answer: A** — Scanning networks and enumeration. Review the official EC-Council exam guide (CEH v12) and linked documentation. Objective: RC-2.,https://www.eccouncil.org/programs/certified-ethical-hacker-ceh/
ceh,reconnaissance,RC-2,CEH v12 — RC-2 (HARD) #29,A multi-team rollout must balance security and velocity for Scanning networks and enumeration for Information Security and Ethical Hacking Overview?,Use an approach that contradicts the exam objective and ignores documented constraints.,"Deploy without monitoring, backup, or access controls required by the blueprint.",Mix controls from unrelated domains that do not address the stated objective.,"Implement Scanning networks and enumeration using EC-Council best practices for Information Security and Ethical Hacking Overview, including monitoring and least privilege.",B,HARD,ceh|reconnaissance|RC-2|hard|blueprint-seed,**Answer: B** — Scanning networks and enumeration. Review the official EC-Council exam guide (CEH v12) and linked documentation. Objective: RC-2.,https://www.eccouncil.org/programs/certified-ethical-hacker-ceh/
ceh,reconnaissance,RC-2,CEH v12 — RC-2 (HARD) #30,An enterprise requires zero-downtime architecture while Scanning networks and enumeration for Information Security and Ethical Hacking Overview?,"Deploy without monitoring, backup, or access controls required by the blueprint.",Mix controls from unrelated domains that do not address the stated objective.,Apply the official Information Security and Ethical Hacking Overview guidance: Scanning networks and enumeration — this aligns with exam blueprint expectations and vendor documentation.,Use an approach that contradicts the exam objective and ignores documented constraints.,C,HARD,ceh|reconnaissance|RC-2|hard|blueprint-seed,**Answer: C** — Scanning networks and enumeration. Review the official EC-Council exam guide (CEH v12) and linked documentation. Objective: RC-2.,https://www.eccouncil.org/programs/certified-ethical-hacker-ceh/
ceh,reconnaissance,RC-2,CEH v12 — RC-2 (HARD) #31,"Given strict compliance, auditability, and multi-region constraints, how should you Scanning networks and enumeration for Information Security and Ethical Hacking Overview?",Mix controls from unrelated domains that do not address the stated objective.,"Follow the documented approach for Scanning networks and enumeration, using recommended services and controls per the exam guide.",Use an approach that contradicts the exam objective and ignores documented constraints.,"Deploy without monitoring, backup, or access controls required by the blueprint.",D,HARD,ceh|reconnaissance|RC-2|hard|blueprint-seed,**Answer: D** — Scanning networks and enumeration. Review the official EC-Council exam guide (CEH v12) and linked documentation. Objective: RC-2.,https://www.eccouncil.org/programs/certified-ethical-hacker-ceh/
ceh,reconnaissance,RC-2,CEH v12 — RC-2 (HARD) #32,A production incident involves trade-offs between cost and resilience for Scanning networks and enumeration for Information Security and Ethical Hacking Overview?,"Implement Scanning networks and enumeration using EC-Council best practices for Information Security and Ethical Hacking Overview, including monitoring and least privilege.",Use an approach that contradicts the exam objective and ignores documented constraints.,"Deploy without monitoring, backup, or access controls required by the blueprint.",Mix controls from unrelated domains that do not address the stated objective.,A,HARD,ceh|reconnaissance|RC-2|hard|blueprint-seed,**Answer: A** — Scanning networks and enumeration. Review the official EC-Council exam guide (CEH v12) and linked documentation. Objective: RC-2.,https://www.eccouncil.org/programs/certified-ethical-hacker-ceh/
ceh,reconnaissance,RC-2,CEH v12 — RC-2 (HARD) #33,Complex regulatory requirements demand that you Scanning networks and enumeration for Information Security and Ethical Hacking Overview?,Use an approach that contradicts the exam objective and ignores documented constraints.,"Deploy without monitoring, backup, or access controls required by the blueprint.",Mix controls from unrelated domains that do not address the stated objective.,Apply the official Information Security and Ethical Hacking Overview guidance: Scanning networks and enumeration — this aligns with exam blueprint expectations and vendor documentation.,B,HARD,ceh|reconnaissance|RC-2|hard|blueprint-seed,**Answer: B** — Scanning networks and enumeration. Review the official EC-Council exam guide (CEH v12) and linked documentation. Objective: RC-2.,https://www.eccouncil.org/programs/certified-ethical-hacker-ceh/
ceh,reconnaissance,RC-2,CEH v12 — RC-2 (HARD) #34,A multi-team rollout must balance security and velocity for Scanning networks and enumeration for Information Security and Ethical Hacking Overview?,"Deploy without monitoring, backup, or access controls required by the blueprint.",Mix controls from unrelated domains that do not address the stated objective.,"Follow the documented approach for Scanning networks and enumeration, using recommended services and controls per the exam guide.",Use an approach that contradicts the exam objective and ignores documented constraints.,C,HARD,ceh|reconnaissance|RC-2|hard|blueprint-seed,**Answer: C** — Scanning networks and enumeration. Review the official EC-Council exam guide (CEH v12) and linked documentation. Objective: RC-2.,https://www.eccouncil.org/programs/certified-ethical-hacker-ceh/
ceh,reconnaissance,RC-3,CEH v12 — RC-3 (EASY) #1,What is the primary purpose of Vulnerability analysis methodology?,Use an approach that contradicts the exam objective and ignores documented constraints.,"Deploy without monitoring, backup, or access controls required by the blueprint.",Mix controls from unrelated domains that do not address the stated objective.,"Follow the documented approach for Vulnerability analysis methodology, using recommended services and controls per the exam guide.",B,EASY,ceh|reconnaissance|RC-3|easy|blueprint-seed,**Answer: B** — Vulnerability analysis methodology. Review the official EC-Council exam guide (CEH v12) and linked documentation. Objective: RC-3.,https://www.eccouncil.org/programs/certified-ethical-hacker-ceh/
ceh,reconnaissance,RC-3,CEH v12 — RC-3 (EASY) #2,Which concept is fundamental to Vulnerability analysis methodology?,"Deploy without monitoring, backup, or access controls required by the blueprint.",Mix controls from unrelated domains that do not address the stated objective.,"Implement Vulnerability analysis methodology using EC-Council best practices for Information Security and Ethical Hacking Overview, including monitoring and least privilege.",Use an approach that contradicts the exam objective and ignores documented constraints.,C,EASY,ceh|reconnaissance|RC-3|easy|blueprint-seed,**Answer: C** — Vulnerability analysis methodology. Review the official EC-Council exam guide (CEH v12) and linked documentation. Objective: RC-3.,https://www.eccouncil.org/programs/certified-ethical-hacker-ceh/
ceh,reconnaissance,RC-3,CEH v12 — RC-3 (EASY) #3,Identify the core principle behind Vulnerability analysis methodology?,Mix controls from unrelated domains that do not address the stated objective.,Apply the official Information Security and Ethical Hacking Overview guidance: Vulnerability analysis methodology — this aligns with exam blueprint expectations and vendor documentation.,Use an approach that contradicts the exam objective and ignores documented constraints.,"Deploy without monitoring, backup, or access controls required by the blueprint.",D,EASY,ceh|reconnaissance|RC-3|easy|blueprint-seed,**Answer: D** — Vulnerability analysis methodology. Review the official EC-Council exam guide (CEH v12) and linked documentation. Objective: RC-3.,https://www.eccouncil.org/programs/certified-ethical-hacker-ceh/
ceh,reconnaissance,RC-3,CEH v12 — RC-3 (EASY) #4,Which description accurately reflects Vulnerability analysis methodology?,"Follow the documented approach for Vulnerability analysis methodology, using recommended services and controls per the exam guide.",Use an approach that contradicts the exam objective and ignores documented constraints.,"Deploy without monitoring, backup, or access controls required by the blueprint.",Mix controls from unrelated domains that do not address the stated objective.,A,EASY,ceh|reconnaissance|RC-3|easy|blueprint-seed,**Answer: A** — Vulnerability analysis methodology. Review the official EC-Council exam guide (CEH v12) and linked documentation. Objective: RC-3.,https://www.eccouncil.org/programs/certified-ethical-hacker-ceh/
ceh,reconnaissance,RC-3,CEH v12 — RC-3 (EASY) #5,Which statement best defines the scope of Vulnerability analysis methodology?,Use an approach that contradicts the exam objective and ignores documented constraints.,"Deploy without monitoring, backup, or access controls required by the blueprint.",Mix controls from unrelated domains that do not address the stated objective.,"Implement Vulnerability analysis methodology using EC-Council best practices for Information Security and Ethical Hacking Overview, including monitoring and least privilege.",B,EASY,ceh|reconnaissance|RC-3|easy|blueprint-seed,**Answer: B** — Vulnerability analysis methodology. Review the official EC-Council exam guide (CEH v12) and linked documentation. Objective: RC-3.,https://www.eccouncil.org/programs/certified-ethical-hacker-ceh/
ceh,reconnaissance,RC-3,CEH v12 — RC-3 (EASY) #6,What is the primary purpose of Vulnerability analysis methodology?,"Deploy without monitoring, backup, or access controls required by the blueprint.",Mix controls from unrelated domains that do not address the stated objective.,Apply the official Information Security and Ethical Hacking Overview guidance: Vulnerability analysis methodology — this aligns with exam blueprint expectations and vendor documentation.,Use an approach that contradicts the exam objective and ignores documented constraints.,C,EASY,ceh|reconnaissance|RC-3|easy|blueprint-seed,**Answer: C** — Vulnerability analysis methodology. Review the official EC-Council exam guide (CEH v12) and linked documentation. Objective: RC-3.,https://www.eccouncil.org/programs/certified-ethical-hacker-ceh/
ceh,reconnaissance,RC-3,CEH v12 — RC-3 (EASY) #7,Which concept is fundamental to Vulnerability analysis methodology?,Mix controls from unrelated domains that do not address the stated objective.,"Follow the documented approach for Vulnerability analysis methodology, using recommended services and controls per the exam guide.",Use an approach that contradicts the exam objective and ignores documented constraints.,"Deploy without monitoring, backup, or access controls required by the blueprint.",D,EASY,ceh|reconnaissance|RC-3|easy|blueprint-seed,**Answer: D** — Vulnerability analysis methodology. Review the official EC-Council exam guide (CEH v12) and linked documentation. Objective: RC-3.,https://www.eccouncil.org/programs/certified-ethical-hacker-ceh/
ceh,reconnaissance,RC-3,CEH v12 — RC-3 (EASY) #8,Identify the core principle behind Vulnerability analysis methodology?,"Implement Vulnerability analysis methodology using EC-Council best practices for Information Security and Ethical Hacking Overview, including monitoring and least privilege.",Use an approach that contradicts the exam objective and ignores documented constraints.,"Deploy without monitoring, backup, or access controls required by the blueprint.",Mix controls from unrelated domains that do not address the stated objective.,A,EASY,ceh|reconnaissance|RC-3|easy|blueprint-seed,**Answer: A** — Vulnerability analysis methodology. Review the official EC-Council exam guide (CEH v12) and linked documentation. Objective: RC-3.,https://www.eccouncil.org/programs/certified-ethical-hacker-ceh/
ceh,reconnaissance,RC-3,CEH v12 — RC-3 (EASY) #9,Which description accurately reflects Vulnerability analysis methodology?,Use an approach that contradicts the exam objective and ignores documented constraints.,"Deploy without monitoring, backup, or access controls required by the blueprint.",Mix controls from unrelated domains that do not address the stated objective.,Apply the official Information Security and Ethical Hacking Overview guidance: Vulnerability analysis methodology — this aligns with exam blueprint expectations and vendor documentation.,B,EASY,ceh|reconnaissance|RC-3|easy|blueprint-seed,**Answer: B** — Vulnerability analysis methodology. Review the official EC-Council exam guide (CEH v12) and linked documentation. Objective: RC-3.,https://www.eccouncil.org/programs/certified-ethical-hacker-ceh/
ceh,reconnaissance,RC-3,CEH v12 — RC-3 (EASY) #10,Which statement best defines the scope of Vulnerability analysis methodology?,"Deploy without monitoring, backup, or access controls required by the blueprint.",Mix controls from unrelated domains that do not address the stated objective.,"Follow the documented approach for Vulnerability analysis methodology, using recommended services and controls per the exam guide.",Use an approach that contradicts the exam objective and ignores documented constraints.,C,EASY,ceh|reconnaissance|RC-3|easy|blueprint-seed,**Answer: C** — Vulnerability analysis methodology. Review the official EC-Council exam guide (CEH v12) and linked documentation. Objective: RC-3.,https://www.eccouncil.org/programs/certified-ethical-hacker-ceh/
ceh,reconnaissance,RC-3,CEH v12 — RC-3 (MEDIUM) #11,Which approach aligns with best practices when Vulnerability analysis methodology in the context of Certified Ethical Hacker?,Mix controls from unrelated domains that do not address the stated objective.,"Implement Vulnerability analysis methodology using EC-Council best practices for Information Security and Ethical Hacking Overview, including monitoring and least privilege.",Use an approach that contradicts the exam objective and ignores documented constraints.,"Deploy without monitoring, backup, or access controls required by the blueprint.",D,MEDIUM,ceh|reconnaissance|RC-3|medium|blueprint-seed,**Answer: D** — Vulnerability analysis methodology. Review the official EC-Council exam guide (CEH v12) and linked documentation. Objective: RC-3.,https://www.eccouncil.org/programs/certified-ethical-hacker-ceh/
ceh,reconnaissance,RC-3,CEH v12 — RC-3 (MEDIUM) #12,"During a project review, stakeholders ask how to Vulnerability analysis methodology in the context of Certified Ethical Hacker?",Apply the official Information Security and Ethical Hacking Overview guidance: Vulnerability analysis methodology — this aligns with exam blueprint expectations and vendor documentation.,Use an approach that contradicts the exam objective and ignores documented constraints.,"Deploy without monitoring, backup, or access controls required by the blueprint.",Mix controls from unrelated domains that do not address the stated objective.,A,MEDIUM,ceh|reconnaissance|RC-3|medium|blueprint-seed,**Answer: A** — Vulnerability analysis methodology. Review the official EC-Council exam guide (CEH v12) and linked documentation. Objective: RC-3.,https://www.eccouncil.org/programs/certified-ethical-hacker-ceh/
ceh,reconnaissance,RC-3,CEH v12 — RC-3 (MEDIUM) #13,Which configuration satisfies requirements for Vulnerability analysis methodology in the context of Certified Ethical Hacker?,Use an approach that contradicts the exam objective and ignores documented constraints.,"Deploy without monitoring, backup, or access controls required by the blueprint.",Mix controls from unrelated domains that do not address the stated objective.,"Follow the documented approach for Vulnerability analysis methodology, using recommended services and controls per the exam guide.",B,MEDIUM,ceh|reconnaissance|RC-3|medium|blueprint-seed,**Answer: B** — Vulnerability analysis methodology. Review the official EC-Council exam guide (CEH v12) and linked documentation. Objective: RC-3.,https://www.eccouncil.org/programs/certified-ethical-hacker-ceh/
ceh,reconnaissance,RC-3,CEH v12 — RC-3 (MEDIUM) #14,What is the recommended design when applying Vulnerability analysis methodology in the context of Certified Ethical Hacker?,"Deploy without monitoring, backup, or access controls required by the blueprint.",Mix controls from unrelated domains that do not address the stated objective.,"Implement Vulnerability analysis methodology using EC-Council best practices for Information Security and Ethical Hacking Overview, including monitoring and least privilege.",Use an approach that contradicts the exam objective and ignores documented constraints.,C,MEDIUM,ceh|reconnaissance|RC-3|medium|blueprint-seed,**Answer: C** — Vulnerability analysis methodology. Review the official EC-Council exam guide (CEH v12) and linked documentation. Objective: RC-3.,https://www.eccouncil.org/programs/certified-ethical-hacker-ceh/
ceh,reconnaissance,RC-3,CEH v12 — RC-3 (MEDIUM) #15,A team must implement a solution for Vulnerability analysis methodology in the context of Certified Ethical Hacker?,Mix controls from unrelated domains that do not address the stated objective.,Apply the official Information Security and Ethical Hacking Overview guidance: Vulnerability analysis methodology — this aligns with exam blueprint expectations and vendor documentation.,Use an approach that contradicts the exam objective and ignores documented constraints.,"Deploy without monitoring, backup, or access controls required by the blueprint.",D,MEDIUM,ceh|reconnaissance|RC-3|medium|blueprint-seed,**Answer: D** — Vulnerability analysis methodology. Review the official EC-Council exam guide (CEH v12) and linked documentation. Objective: RC-3.,https://www.eccouncil.org/programs/certified-ethical-hacker-ceh/
ceh,reconnaissance,RC-3,CEH v12 — RC-3 (MEDIUM) #16,Which approach aligns with best practices when Vulnerability analysis methodology in the context of Certified Ethical Hacker?,"Follow the documented approach for Vulnerability analysis methodology, using recommended services and controls per the exam guide.",Use an approach that contradicts the exam objective and ignores documented constraints.,"Deploy without monitoring, backup, or access controls required by the blueprint.",Mix controls from unrelated domains that do not address the stated objective.,A,MEDIUM,ceh|reconnaissance|RC-3|medium|blueprint-seed,**Answer: A** — Vulnerability analysis methodology. Review the official EC-Council exam guide (CEH v12) and linked documentation. Objective: RC-3.,https://www.eccouncil.org/programs/certified-ethical-hacker-ceh/
ceh,reconnaissance,RC-3,CEH v12 — RC-3 (MEDIUM) #17,"During a project review, stakeholders ask how to Vulnerability analysis methodology in the context of Certified Ethical Hacker?",Use an approach that contradicts the exam objective and ignores documented constraints.,"Deploy without monitoring, backup, or access controls required by the blueprint.",Mix controls from unrelated domains that do not address the stated objective.,"Implement Vulnerability analysis methodology using EC-Council best practices for Information Security and Ethical Hacking Overview, including monitoring and least privilege.",B,MEDIUM,ceh|reconnaissance|RC-3|medium|blueprint-seed,**Answer: B** — Vulnerability analysis methodology. Review the official EC-Council exam guide (CEH v12) and linked documentation. Objective: RC-3.,https://www.eccouncil.org/programs/certified-ethical-hacker-ceh/
ceh,reconnaissance,RC-3,CEH v12 — RC-3 (MEDIUM) #18,Which configuration satisfies requirements for Vulnerability analysis methodology in the context of Certified Ethical Hacker?,"Deploy without monitoring, backup, or access controls required by the blueprint.",Mix controls from unrelated domains that do not address the stated objective.,Apply the official Information Security and Ethical Hacking Overview guidance: Vulnerability analysis methodology — this aligns with exam blueprint expectations and vendor documentation.,Use an approach that contradicts the exam objective and ignores documented constraints.,C,MEDIUM,ceh|reconnaissance|RC-3|medium|blueprint-seed,**Answer: C** — Vulnerability analysis methodology. Review the official EC-Council exam guide (CEH v12) and linked documentation. Objective: RC-3.,https://www.eccouncil.org/programs/certified-ethical-hacker-ceh/
ceh,reconnaissance,RC-3,CEH v12 — RC-3 (MEDIUM) #19,What is the recommended design when applying Vulnerability analysis methodology in the context of Certified Ethical Hacker?,Mix controls from unrelated domains that do not address the stated objective.,"Follow the documented approach for Vulnerability analysis methodology, using recommended services and controls per the exam guide.",Use an approach that contradicts the exam objective and ignores documented constraints.,"Deploy without monitoring, backup, or access controls required by the blueprint.",D,MEDIUM,ceh|reconnaissance|RC-3|medium|blueprint-seed,**Answer: D** — Vulnerability analysis methodology. Review the official EC-Council exam guide (CEH v12) and linked documentation. Objective: RC-3.,https://www.eccouncil.org/programs/certified-ethical-hacker-ceh/
ceh,reconnaissance,RC-3,CEH v12 — RC-3 (MEDIUM) #20,A team must implement a solution for Vulnerability analysis methodology in the context of Certified Ethical Hacker?,"Implement Vulnerability analysis methodology using EC-Council best practices for Information Security and Ethical Hacking Overview, including monitoring and least privilege.",Use an approach that contradicts the exam objective and ignores documented constraints.,"Deploy without monitoring, backup, or access controls required by the blueprint.",Mix controls from unrelated domains that do not address the stated objective.,A,MEDIUM,ceh|reconnaissance|RC-3|medium|blueprint-seed,**Answer: A** — Vulnerability analysis methodology. Review the official EC-Council exam guide (CEH v12) and linked documentation. Objective: RC-3.,https://www.eccouncil.org/programs/certified-ethical-hacker-ceh/
ceh,reconnaissance,RC-3,CEH v12 — RC-3 (MEDIUM) #21,Which approach aligns with best practices when Vulnerability analysis methodology in the context of Certified Ethical Hacker?,Use an approach that contradicts the exam objective and ignores documented constraints.,"Deploy without monitoring, backup, or access controls required by the blueprint.",Mix controls from unrelated domains that do not address the stated objective.,Apply the official Information Security and Ethical Hacking Overview guidance: Vulnerability analysis methodology — this aligns with exam blueprint expectations and vendor documentation.,B,MEDIUM,ceh|reconnaissance|RC-3|medium|blueprint-seed,**Answer: B** — Vulnerability analysis methodology. Review the official EC-Council exam guide (CEH v12) and linked documentation. Objective: RC-3.,https://www.eccouncil.org/programs/certified-ethical-hacker-ceh/
ceh,reconnaissance,RC-3,CEH v12 — RC-3 (MEDIUM) #22,"During a project review, stakeholders ask how to Vulnerability analysis methodology in the context of Certified Ethical Hacker?","Deploy without monitoring, backup, or access controls required by the blueprint.",Mix controls from unrelated domains that do not address the stated objective.,"Follow the documented approach for Vulnerability analysis methodology, using recommended services and controls per the exam guide.",Use an approach that contradicts the exam objective and ignores documented constraints.,C,MEDIUM,ceh|reconnaissance|RC-3|medium|blueprint-seed,**Answer: C** — Vulnerability analysis methodology. Review the official EC-Council exam guide (CEH v12) and linked documentation. Objective: RC-3.,https://www.eccouncil.org/programs/certified-ethical-hacker-ceh/
ceh,reconnaissance,RC-3,CEH v12 — RC-3 (MEDIUM) #23,Which configuration satisfies requirements for Vulnerability analysis methodology in the context of Certified Ethical Hacker?,Mix controls from unrelated domains that do not address the stated objective.,"Implement Vulnerability analysis methodology using EC-Council best practices for Information Security and Ethical Hacking Overview, including monitoring and least privilege.",Use an approach that contradicts the exam objective and ignores documented constraints.,"Deploy without monitoring, backup, or access controls required by the blueprint.",D,MEDIUM,ceh|reconnaissance|RC-3|medium|blueprint-seed,**Answer: D** — Vulnerability analysis methodology. Review the official EC-Council exam guide (CEH v12) and linked documentation. Objective: RC-3.,https://www.eccouncil.org/programs/certified-ethical-hacker-ceh/
ceh,reconnaissance,RC-3,CEH v12 — RC-3 (HARD) #24,A multi-team rollout must balance security and velocity for Vulnerability analysis methodology for Information Security and Ethical Hacking Overview?,Apply the official Information Security and Ethical Hacking Overview guidance: Vulnerability analysis methodology — this aligns with exam blueprint expectations and vendor documentation.,Use an approach that contradicts the exam objective and ignores documented constraints.,"Deploy without monitoring, backup, or access controls required by the blueprint.",Mix controls from unrelated domains that do not address the stated objective.,A,HARD,ceh|reconnaissance|RC-3|hard|blueprint-seed,**Answer: A** — Vulnerability analysis methodology. Review the official EC-Council exam guide (CEH v12) and linked documentation. Objective: RC-3.,https://www.eccouncil.org/programs/certified-ethical-hacker-ceh/
ceh,reconnaissance,RC-3,CEH v12 — RC-3 (HARD) #25,An enterprise requires zero-downtime architecture while Vulnerability analysis methodology for Information Security and Ethical Hacking Overview?,Use an approach that contradicts the exam objective and ignores documented constraints.,"Deploy without monitoring, backup, or access controls required by the blueprint.",Mix controls from unrelated domains that do not address the stated objective.,"Follow the documented approach for Vulnerability analysis methodology, using recommended services and controls per the exam guide.",B,HARD,ceh|reconnaissance|RC-3|hard|blueprint-seed,**Answer: B** — Vulnerability analysis methodology. Review the official EC-Council exam guide (CEH v12) and linked documentation. Objective: RC-3.,https://www.eccouncil.org/programs/certified-ethical-hacker-ceh/
ceh,reconnaissance,RC-3,CEH v12 — RC-3 (HARD) #26,"Given strict compliance, auditability, and multi-region constraints, how should you Vulnerability analysis methodology for Information Security and Ethical Hacking Overview?","Deploy without monitoring, backup, or access controls required by the blueprint.",Mix controls from unrelated domains that do not address the stated objective.,"Implement Vulnerability analysis methodology using EC-Council best practices for Information Security and Ethical Hacking Overview, including monitoring and least privilege.",Use an approach that contradicts the exam objective and ignores documented constraints.,C,HARD,ceh|reconnaissance|RC-3|hard|blueprint-seed,**Answer: C** — Vulnerability analysis methodology. Review the official EC-Council exam guide (CEH v12) and linked documentation. Objective: RC-3.,https://www.eccouncil.org/programs/certified-ethical-hacker-ceh/
ceh,reconnaissance,RC-3,CEH v12 — RC-3 (HARD) #27,A production incident involves trade-offs between cost and resilience for Vulnerability analysis methodology for Information Security and Ethical Hacking Overview?,Mix controls from unrelated domains that do not address the stated objective.,Apply the official Information Security and Ethical Hacking Overview guidance: Vulnerability analysis methodology — this aligns with exam blueprint expectations and vendor documentation.,Use an approach that contradicts the exam objective and ignores documented constraints.,"Deploy without monitoring, backup, or access controls required by the blueprint.",D,HARD,ceh|reconnaissance|RC-3|hard|blueprint-seed,**Answer: D** — Vulnerability analysis methodology. Review the official EC-Council exam guide (CEH v12) and linked documentation. Objective: RC-3.,https://www.eccouncil.org/programs/certified-ethical-hacker-ceh/
ceh,reconnaissance,RC-3,CEH v12 — RC-3 (HARD) #28,Complex regulatory requirements demand that you Vulnerability analysis methodology for Information Security and Ethical Hacking Overview?,"Follow the documented approach for Vulnerability analysis methodology, using recommended services and controls per the exam guide.",Use an approach that contradicts the exam objective and ignores documented constraints.,"Deploy without monitoring, backup, or access controls required by the blueprint.",Mix controls from unrelated domains that do not address the stated objective.,A,HARD,ceh|reconnaissance|RC-3|hard|blueprint-seed,**Answer: A** — Vulnerability analysis methodology. Review the official EC-Council exam guide (CEH v12) and linked documentation. Objective: RC-3.,https://www.eccouncil.org/programs/certified-ethical-hacker-ceh/
ceh,reconnaissance,RC-3,CEH v12 — RC-3 (HARD) #29,A multi-team rollout must balance security and velocity for Vulnerability analysis methodology for Information Security and Ethical Hacking Overview?,Use an approach that contradicts the exam objective and ignores documented constraints.,"Deploy without monitoring, backup, or access controls required by the blueprint.",Mix controls from unrelated domains that do not address the stated objective.,"Implement Vulnerability analysis methodology using EC-Council best practices for Information Security and Ethical Hacking Overview, including monitoring and least privilege.",B,HARD,ceh|reconnaissance|RC-3|hard|blueprint-seed,**Answer: B** — Vulnerability analysis methodology. Review the official EC-Council exam guide (CEH v12) and linked documentation. Objective: RC-3.,https://www.eccouncil.org/programs/certified-ethical-hacker-ceh/
ceh,reconnaissance,RC-3,CEH v12 — RC-3 (HARD) #30,An enterprise requires zero-downtime architecture while Vulnerability analysis methodology for Information Security and Ethical Hacking Overview?,"Deploy without monitoring, backup, or access controls required by the blueprint.",Mix controls from unrelated domains that do not address the stated objective.,Apply the official Information Security and Ethical Hacking Overview guidance: Vulnerability analysis methodology — this aligns with exam blueprint expectations and vendor documentation.,Use an approach that contradicts the exam objective and ignores documented constraints.,C,HARD,ceh|reconnaissance|RC-3|hard|blueprint-seed,**Answer: C** — Vulnerability analysis methodology. Review the official EC-Council exam guide (CEH v12) and linked documentation. Objective: RC-3.,https://www.eccouncil.org/programs/certified-ethical-hacker-ceh/
ceh,reconnaissance,RC-3,CEH v12 — RC-3 (HARD) #31,"Given strict compliance, auditability, and multi-region constraints, how should you Vulnerability analysis methodology for Information Security and Ethical Hacking Overview?",Mix controls from unrelated domains that do not address the stated objective.,"Follow the documented approach for Vulnerability analysis methodology, using recommended services and controls per the exam guide.",Use an approach that contradicts the exam objective and ignores documented constraints.,"Deploy without monitoring, backup, or access controls required by the blueprint.",D,HARD,ceh|reconnaissance|RC-3|hard|blueprint-seed,**Answer: D** — Vulnerability analysis methodology. Review the official EC-Council exam guide (CEH v12) and linked documentation. Objective: RC-3.,https://www.eccouncil.org/programs/certified-ethical-hacker-ceh/
ceh,reconnaissance,RC-3,CEH v12 — RC-3 (HARD) #32,A production incident involves trade-offs between cost and resilience for Vulnerability analysis methodology for Information Security and Ethical Hacking Overview?,"Implement Vulnerability analysis methodology using EC-Council best practices for Information Security and Ethical Hacking Overview, including monitoring and least privilege.",Use an approach that contradicts the exam objective and ignores documented constraints.,"Deploy without monitoring, backup, or access controls required by the blueprint.",Mix controls from unrelated domains that do not address the stated objective.,A,HARD,ceh|reconnaissance|RC-3|hard|blueprint-seed,**Answer: A** — Vulnerability analysis methodology. Review the official EC-Council exam guide (CEH v12) and linked documentation. Objective: RC-3.,https://www.eccouncil.org/programs/certified-ethical-hacker-ceh/
ceh,system-hacking,SH-1,CEH v12 — SH-1 (EASY) #1,What is the primary purpose of Gaining access and escalating privileges?,Use an approach that contradicts the exam objective and ignores documented constraints.,"Deploy without monitoring, backup, or access controls required by the blueprint.",Mix controls from unrelated domains that do not address the stated objective.,"Follow the documented approach for Gaining access and escalating privileges, using recommended services and controls per the exam guide.",B,EASY,ceh|system-hacking|SH-1|easy|blueprint-seed,**Answer: B** — Gaining access and escalating privileges. Review the official EC-Council exam guide (CEH v12) and linked documentation. Objective: SH-1.,https://www.eccouncil.org/programs/certified-ethical-hacker-ceh/
ceh,system-hacking,SH-1,CEH v12 — SH-1 (EASY) #2,Which concept is fundamental to Gaining access and escalating privileges?,"Deploy without monitoring, backup, or access controls required by the blueprint.",Mix controls from unrelated domains that do not address the stated objective.,"Implement Gaining access and escalating privileges using EC-Council best practices for System Hacking Phases, including monitoring and least privilege.",Use an approach that contradicts the exam objective and ignores documented constraints.,C,EASY,ceh|system-hacking|SH-1|easy|blueprint-seed,**Answer: C** — Gaining access and escalating privileges. Review the official EC-Council exam guide (CEH v12) and linked documentation. Objective: SH-1.,https://www.eccouncil.org/programs/certified-ethical-hacker-ceh/
ceh,system-hacking,SH-1,CEH v12 — SH-1 (EASY) #3,Identify the core principle behind Gaining access and escalating privileges?,Mix controls from unrelated domains that do not address the stated objective.,Apply the official System Hacking Phases guidance: Gaining access and escalating privileges — this aligns with exam blueprint expectations and vendor documentation.,Use an approach that contradicts the exam objective and ignores documented constraints.,"Deploy without monitoring, backup, or access controls required by the blueprint.",D,EASY,ceh|system-hacking|SH-1|easy|blueprint-seed,**Answer: D** — Gaining access and escalating privileges. Review the official EC-Council exam guide (CEH v12) and linked documentation. Objective: SH-1.,https://www.eccouncil.org/programs/certified-ethical-hacker-ceh/
ceh,system-hacking,SH-1,CEH v12 — SH-1 (EASY) #4,Which description accurately reflects Gaining access and escalating privileges?,"Follow the documented approach for Gaining access and escalating privileges, using recommended services and controls per the exam guide.",Use an approach that contradicts the exam objective and ignores documented constraints.,"Deploy without monitoring, backup, or access controls required by the blueprint.",Mix controls from unrelated domains that do not address the stated objective.,A,EASY,ceh|system-hacking|SH-1|easy|blueprint-seed,**Answer: A** — Gaining access and escalating privileges. Review the official EC-Council exam guide (CEH v12) and linked documentation. Objective: SH-1.,https://www.eccouncil.org/programs/certified-ethical-hacker-ceh/
ceh,system-hacking,SH-1,CEH v12 — SH-1 (EASY) #5,Which statement best defines the scope of Gaining access and escalating privileges?,Use an approach that contradicts the exam objective and ignores documented constraints.,"Deploy without monitoring, backup, or access controls required by the blueprint.",Mix controls from unrelated domains that do not address the stated objective.,"Implement Gaining access and escalating privileges using EC-Council best practices for System Hacking Phases, including monitoring and least privilege.",B,EASY,ceh|system-hacking|SH-1|easy|blueprint-seed,**Answer: B** — Gaining access and escalating privileges. Review the official EC-Council exam guide (CEH v12) and linked documentation. Objective: SH-1.,https://www.eccouncil.org/programs/certified-ethical-hacker-ceh/
ceh,system-hacking,SH-1,CEH v12 — SH-1 (EASY) #6,What is the primary purpose of Gaining access and escalating privileges?,"Deploy without monitoring, backup, or access controls required by the blueprint.",Mix controls from unrelated domains that do not address the stated objective.,Apply the official System Hacking Phases guidance: Gaining access and escalating privileges — this aligns with exam blueprint expectations and vendor documentation.,Use an approach that contradicts the exam objective and ignores documented constraints.,C,EASY,ceh|system-hacking|SH-1|easy|blueprint-seed,**Answer: C** — Gaining access and escalating privileges. Review the official EC-Council exam guide (CEH v12) and linked documentation. Objective: SH-1.,https://www.eccouncil.org/programs/certified-ethical-hacker-ceh/
ceh,system-hacking,SH-1,CEH v12 — SH-1 (EASY) #7,Which concept is fundamental to Gaining access and escalating privileges?,Mix controls from unrelated domains that do not address the stated objective.,"Follow the documented approach for Gaining access and escalating privileges, using recommended services and controls per the exam guide.",Use an approach that contradicts the exam objective and ignores documented constraints.,"Deploy without monitoring, backup, or access controls required by the blueprint.",D,EASY,ceh|system-hacking|SH-1|easy|blueprint-seed,**Answer: D** — Gaining access and escalating privileges. Review the official EC-Council exam guide (CEH v12) and linked documentation. Objective: SH-1.,https://www.eccouncil.org/programs/certified-ethical-hacker-ceh/
ceh,system-hacking,SH-1,CEH v12 — SH-1 (EASY) #8,Identify the core principle behind Gaining access and escalating privileges?,"Implement Gaining access and escalating privileges using EC-Council best practices for System Hacking Phases, including monitoring and least privilege.",Use an approach that contradicts the exam objective and ignores documented constraints.,"Deploy without monitoring, backup, or access controls required by the blueprint.",Mix controls from unrelated domains that do not address the stated objective.,A,EASY,ceh|system-hacking|SH-1|easy|blueprint-seed,**Answer: A** — Gaining access and escalating privileges. Review the official EC-Council exam guide (CEH v12) and linked documentation. Objective: SH-1.,https://www.eccouncil.org/programs/certified-ethical-hacker-ceh/
ceh,system-hacking,SH-1,CEH v12 — SH-1 (EASY) #9,Which description accurately reflects Gaining access and escalating privileges?,Use an approach that contradicts the exam objective and ignores documented constraints.,"Deploy without monitoring, backup, or access controls required by the blueprint.",Mix controls from unrelated domains that do not address the stated objective.,Apply the official System Hacking Phases guidance: Gaining access and escalating privileges — this aligns with exam blueprint expectations and vendor documentation.,B,EASY,ceh|system-hacking|SH-1|easy|blueprint-seed,**Answer: B** — Gaining access and escalating privileges. Review the official EC-Council exam guide (CEH v12) and linked documentation. Objective: SH-1.,https://www.eccouncil.org/programs/certified-ethical-hacker-ceh/
ceh,system-hacking,SH-1,CEH v12 — SH-1 (EASY) #10,Which statement best defines the scope of Gaining access and escalating privileges?,"Deploy without monitoring, backup, or access controls required by the blueprint.",Mix controls from unrelated domains that do not address the stated objective.,"Follow the documented approach for Gaining access and escalating privileges, using recommended services and controls per the exam guide.",Use an approach that contradicts the exam objective and ignores documented constraints.,C,EASY,ceh|system-hacking|SH-1|easy|blueprint-seed,**Answer: C** — Gaining access and escalating privileges. Review the official EC-Council exam guide (CEH v12) and linked documentation. Objective: SH-1.,https://www.eccouncil.org/programs/certified-ethical-hacker-ceh/
ceh,system-hacking,SH-1,CEH v12 — SH-1 (EASY) #11,What is the primary purpose of Gaining access and escalating privileges?,Mix controls from unrelated domains that do not address the stated objective.,"Implement Gaining access and escalating privileges using EC-Council best practices for System Hacking Phases, including monitoring and least privilege.",Use an approach that contradicts the exam objective and ignores documented constraints.,"Deploy without monitoring, backup, or access controls required by the blueprint.",D,EASY,ceh|system-hacking|SH-1|easy|blueprint-seed,**Answer: D** — Gaining access and escalating privileges. Review the official EC-Council exam guide (CEH v12) and linked documentation. Objective: SH-1.,https://www.eccouncil.org/programs/certified-ethical-hacker-ceh/
ceh,system-hacking,SH-1,CEH v12 — SH-1 (EASY) #12,Which concept is fundamental to Gaining access and escalating privileges?,Apply the official System Hacking Phases guidance: Gaining access and escalating privileges — this aligns with exam blueprint expectations and vendor documentation.,Use an approach that contradicts the exam objective and ignores documented constraints.,"Deploy without monitoring, backup, or access controls required by the blueprint.",Mix controls from unrelated domains that do not address the stated objective.,A,EASY,ceh|system-hacking|SH-1|easy|blueprint-seed,**Answer: A** — Gaining access and escalating privileges. Review the official EC-Council exam guide (CEH v12) and linked documentation. Objective: SH-1.,https://www.eccouncil.org/programs/certified-ethical-hacker-ceh/
ceh,system-hacking,SH-1,CEH v12 — SH-1 (EASY) #13,Identify the core principle behind Gaining access and escalating privileges?,Use an approach that contradicts the exam objective and ignores documented constraints.,"Deploy without monitoring, backup, or access controls required by the blueprint.",Mix controls from unrelated domains that do not address the stated objective.,"Follow the documented approach for Gaining access and escalating privileges, using recommended services and controls per the exam guide.",B,EASY,ceh|system-hacking|SH-1|easy|blueprint-seed,**Answer: B** — Gaining access and escalating privileges. Review the official EC-Council exam guide (CEH v12) and linked documentation. Objective: SH-1.,https://www.eccouncil.org/programs/certified-ethical-hacker-ceh/
ceh,system-hacking,SH-1,CEH v12 — SH-1 (MEDIUM) #14,What is the recommended design when applying Gaining access and escalating privileges in the context of Certified Ethical Hacker?,"Deploy without monitoring, backup, or access controls required by the blueprint.",Mix controls from unrelated domains that do not address the stated objective.,"Implement Gaining access and escalating privileges using EC-Council best practices for System Hacking Phases, including monitoring and least privilege.",Use an approach that contradicts the exam objective and ignores documented constraints.,C,MEDIUM,ceh|system-hacking|SH-1|medium|blueprint-seed,**Answer: C** — Gaining access and escalating privileges. Review the official EC-Council exam guide (CEH v12) and linked documentation. Objective: SH-1.,https://www.eccouncil.org/programs/certified-ethical-hacker-ceh/
ceh,system-hacking,SH-1,CEH v12 — SH-1 (MEDIUM) #15,A team must implement a solution for Gaining access and escalating privileges in the context of Certified Ethical Hacker?,Mix controls from unrelated domains that do not address the stated objective.,Apply the official System Hacking Phases guidance: Gaining access and escalating privileges — this aligns with exam blueprint expectations and vendor documentation.,Use an approach that contradicts the exam objective and ignores documented constraints.,"Deploy without monitoring, backup, or access controls required by the blueprint.",D,MEDIUM,ceh|system-hacking|SH-1|medium|blueprint-seed,**Answer: D** — Gaining access and escalating privileges. Review the official EC-Council exam guide (CEH v12) and linked documentation. Objective: SH-1.,https://www.eccouncil.org/programs/certified-ethical-hacker-ceh/
ceh,system-hacking,SH-1,CEH v12 — SH-1 (MEDIUM) #16,Which approach aligns with best practices when Gaining access and escalating privileges in the context of Certified Ethical Hacker?,"Follow the documented approach for Gaining access and escalating privileges, using recommended services and controls per the exam guide.",Use an approach that contradicts the exam objective and ignores documented constraints.,"Deploy without monitoring, backup, or access controls required by the blueprint.",Mix controls from unrelated domains that do not address the stated objective.,A,MEDIUM,ceh|system-hacking|SH-1|medium|blueprint-seed,**Answer: A** — Gaining access and escalating privileges. Review the official EC-Council exam guide (CEH v12) and linked documentation. Objective: SH-1.,https://www.eccouncil.org/programs/certified-ethical-hacker-ceh/
ceh,system-hacking,SH-1,CEH v12 — SH-1 (MEDIUM) #17,"During a project review, stakeholders ask how to Gaining access and escalating privileges in the context of Certified Ethical Hacker?",Use an approach that contradicts the exam objective and ignores documented constraints.,"Deploy without monitoring, backup, or access controls required by the blueprint.",Mix controls from unrelated domains that do not address the stated objective.,"Implement Gaining access and escalating privileges using EC-Council best practices for System Hacking Phases, including monitoring and least privilege.",B,MEDIUM,ceh|system-hacking|SH-1|medium|blueprint-seed,**Answer: B** — Gaining access and escalating privileges. Review the official EC-Council exam guide (CEH v12) and linked documentation. Objective: SH-1.,https://www.eccouncil.org/programs/certified-ethical-hacker-ceh/
ceh,system-hacking,SH-1,CEH v12 — SH-1 (MEDIUM) #18,Which configuration satisfies requirements for Gaining access and escalating privileges in the context of Certified Ethical Hacker?,"Deploy without monitoring, backup, or access controls required by the blueprint.",Mix controls from unrelated domains that do not address the stated objective.,Apply the official System Hacking Phases guidance: Gaining access and escalating privileges — this aligns with exam blueprint expectations and vendor documentation.,Use an approach that contradicts the exam objective and ignores documented constraints.,C,MEDIUM,ceh|system-hacking|SH-1|medium|blueprint-seed,**Answer: C** — Gaining access and escalating privileges. Review the official EC-Council exam guide (CEH v12) and linked documentation. Objective: SH-1.,https://www.eccouncil.org/programs/certified-ethical-hacker-ceh/
ceh,system-hacking,SH-1,CEH v12 — SH-1 (MEDIUM) #19,What is the recommended design when applying Gaining access and escalating privileges in the context of Certified Ethical Hacker?,Mix controls from unrelated domains that do not address the stated objective.,"Follow the documented approach for Gaining access and escalating privileges, using recommended services and controls per the exam guide.",Use an approach that contradicts the exam objective and ignores documented constraints.,"Deploy without monitoring, backup, or access controls required by the blueprint.",D,MEDIUM,ceh|system-hacking|SH-1|medium|blueprint-seed,**Answer: D** — Gaining access and escalating privileges. Review the official EC-Council exam guide (CEH v12) and linked documentation. Objective: SH-1.,https://www.eccouncil.org/programs/certified-ethical-hacker-ceh/
ceh,system-hacking,SH-1,CEH v12 — SH-1 (MEDIUM) #20,A team must implement a solution for Gaining access and escalating privileges in the context of Certified Ethical Hacker?,"Implement Gaining access and escalating privileges using EC-Council best practices for System Hacking Phases, including monitoring and least privilege.",Use an approach that contradicts the exam objective and ignores documented constraints.,"Deploy without monitoring, backup, or access controls required by the blueprint.",Mix controls from unrelated domains that do not address the stated objective.,A,MEDIUM,ceh|system-hacking|SH-1|medium|blueprint-seed,**Answer: A** — Gaining access and escalating privileges. Review the official EC-Council exam guide (CEH v12) and linked documentation. Objective: SH-1.,https://www.eccouncil.org/programs/certified-ethical-hacker-ceh/
ceh,system-hacking,SH-1,CEH v12 — SH-1 (MEDIUM) #21,Which approach aligns with best practices when Gaining access and escalating privileges in the context of Certified Ethical Hacker?,Use an approach that contradicts the exam objective and ignores documented constraints.,"Deploy without monitoring, backup, or access controls required by the blueprint.",Mix controls from unrelated domains that do not address the stated objective.,Apply the official System Hacking Phases guidance: Gaining access and escalating privileges — this aligns with exam blueprint expectations and vendor documentation.,B,MEDIUM,ceh|system-hacking|SH-1|medium|blueprint-seed,**Answer: B** — Gaining access and escalating privileges. Review the official EC-Council exam guide (CEH v12) and linked documentation. Objective: SH-1.,https://www.eccouncil.org/programs/certified-ethical-hacker-ceh/
ceh,system-hacking,SH-1,CEH v12 — SH-1 (MEDIUM) #22,"During a project review, stakeholders ask how to Gaining access and escalating privileges in the context of Certified Ethical Hacker?","Deploy without monitoring, backup, or access controls required by the blueprint.",Mix controls from unrelated domains that do not address the stated objective.,"Follow the documented approach for Gaining access and escalating privileges, using recommended services and controls per the exam guide.",Use an approach that contradicts the exam objective and ignores documented constraints.,C,MEDIUM,ceh|system-hacking|SH-1|medium|blueprint-seed,**Answer: C** — Gaining access and escalating privileges. Review the official EC-Council exam guide (CEH v12) and linked documentation. Objective: SH-1.,https://www.eccouncil.org/programs/certified-ethical-hacker-ceh/
ceh,system-hacking,SH-1,CEH v12 — SH-1 (MEDIUM) #23,Which configuration satisfies requirements for Gaining access and escalating privileges in the context of Certified Ethical Hacker?,Mix controls from unrelated domains that do not address the stated objective.,"Implement Gaining access and escalating privileges using EC-Council best practices for System Hacking Phases, including monitoring and least privilege.",Use an approach that contradicts the exam objective and ignores documented constraints.,"Deploy without monitoring, backup, or access controls required by the blueprint.",D,MEDIUM,ceh|system-hacking|SH-1|medium|blueprint-seed,**Answer: D** — Gaining access and escalating privileges. Review the official EC-Council exam guide (CEH v12) and linked documentation. Objective: SH-1.,https://www.eccouncil.org/programs/certified-ethical-hacker-ceh/
ceh,system-hacking,SH-1,CEH v12 — SH-1 (MEDIUM) #24,What is the recommended design when applying Gaining access and escalating privileges in the context of Certified Ethical Hacker?,Apply the official System Hacking Phases guidance: Gaining access and escalating privileges — this aligns with exam blueprint expectations and vendor documentation.,Use an approach that contradicts the exam objective and ignores documented constraints.,"Deploy without monitoring, backup, or access controls required by the blueprint.",Mix controls from unrelated domains that do not address the stated objective.,A,MEDIUM,ceh|system-hacking|SH-1|medium|blueprint-seed,**Answer: A** — Gaining access and escalating privileges. Review the official EC-Council exam guide (CEH v12) and linked documentation. Objective: SH-1.,https://www.eccouncil.org/programs/certified-ethical-hacker-ceh/
ceh,system-hacking,SH-1,CEH v12 — SH-1 (MEDIUM) #25,A team must implement a solution for Gaining access and escalating privileges in the context of Certified Ethical Hacker?,Use an approach that contradicts the exam objective and ignores documented constraints.,"Deploy without monitoring, backup, or access controls required by the blueprint.",Mix controls from unrelated domains that do not address the stated objective.,"Follow the documented approach for Gaining access and escalating privileges, using recommended services and controls per the exam guide.",B,MEDIUM,ceh|system-hacking|SH-1|medium|blueprint-seed,**Answer: B** — Gaining access and escalating privileges. Review the official EC-Council exam guide (CEH v12) and linked documentation. Objective: SH-1.,https://www.eccouncil.org/programs/certified-ethical-hacker-ceh/
ceh,system-hacking,SH-1,CEH v12 — SH-1 (MEDIUM) #26,Which approach aligns with best practices when Gaining access and escalating privileges in the context of Certified Ethical Hacker?,"Deploy without monitoring, backup, or access controls required by the blueprint.",Mix controls from unrelated domains that do not address the stated objective.,"Implement Gaining access and escalating privileges using EC-Council best practices for System Hacking Phases, including monitoring and least privilege.",Use an approach that contradicts the exam objective and ignores documented constraints.,C,MEDIUM,ceh|system-hacking|SH-1|medium|blueprint-seed,**Answer: C** — Gaining access and escalating privileges. Review the official EC-Council exam guide (CEH v12) and linked documentation. Objective: SH-1.,https://www.eccouncil.org/programs/certified-ethical-hacker-ceh/
ceh,system-hacking,SH-1,CEH v12 — SH-1 (MEDIUM) #27,"During a project review, stakeholders ask how to Gaining access and escalating privileges in the context of Certified Ethical Hacker?",Mix controls from unrelated domains that do not address the stated objective.,Apply the official System Hacking Phases guidance: Gaining access and escalating privileges — this aligns with exam blueprint expectations and vendor documentation.,Use an approach that contradicts the exam objective and ignores documented constraints.,"Deploy without monitoring, backup, or access controls required by the blueprint.",D,MEDIUM,ceh|system-hacking|SH-1|medium|blueprint-seed,**Answer: D** — Gaining access and escalating privileges. Review the official EC-Council exam guide (CEH v12) and linked documentation. Objective: SH-1.,https://www.eccouncil.org/programs/certified-ethical-hacker-ceh/
ceh,system-hacking,SH-1,CEH v12 — SH-1 (MEDIUM) #28,Which configuration satisfies requirements for Gaining access and escalating privileges in the context of Certified Ethical Hacker?,"Follow the documented approach for Gaining access and escalating privileges, using recommended services and controls per the exam guide.",Use an approach that contradicts the exam objective and ignores documented constraints.,"Deploy without monitoring, backup, or access controls required by the blueprint.",Mix controls from unrelated domains that do not address the stated objective.,A,MEDIUM,ceh|system-hacking|SH-1|medium|blueprint-seed,**Answer: A** — Gaining access and escalating privileges. Review the official EC-Council exam guide (CEH v12) and linked documentation. Objective: SH-1.,https://www.eccouncil.org/programs/certified-ethical-hacker-ceh/
ceh,system-hacking,SH-1,CEH v12 — SH-1 (MEDIUM) #29,What is the recommended design when applying Gaining access and escalating privileges in the context of Certified Ethical Hacker?,Use an approach that contradicts the exam objective and ignores documented constraints.,"Deploy without monitoring, backup, or access controls required by the blueprint.",Mix controls from unrelated domains that do not address the stated objective.,"Implement Gaining access and escalating privileges using EC-Council best practices for System Hacking Phases, including monitoring and least privilege.",B,MEDIUM,ceh|system-hacking|SH-1|medium|blueprint-seed,**Answer: B** — Gaining access and escalating privileges. Review the official EC-Council exam guide (CEH v12) and linked documentation. Objective: SH-1.,https://www.eccouncil.org/programs/certified-ethical-hacker-ceh/
ceh,system-hacking,SH-1,CEH v12 — SH-1 (MEDIUM) #30,A team must implement a solution for Gaining access and escalating privileges in the context of Certified Ethical Hacker?,"Deploy without monitoring, backup, or access controls required by the blueprint.",Mix controls from unrelated domains that do not address the stated objective.,Apply the official System Hacking Phases guidance: Gaining access and escalating privileges — this aligns with exam blueprint expectations and vendor documentation.,Use an approach that contradicts the exam objective and ignores documented constraints.,C,MEDIUM,ceh|system-hacking|SH-1|medium|blueprint-seed,**Answer: C** — Gaining access and escalating privileges. Review the official EC-Council exam guide (CEH v12) and linked documentation. Objective: SH-1.,https://www.eccouncil.org/programs/certified-ethical-hacker-ceh/
ceh,system-hacking,SH-1,CEH v12 — SH-1 (HARD) #31,"Given strict compliance, auditability, and multi-region constraints, how should you Gaining access and escalating privileges for System Hacking Phases?",Mix controls from unrelated domains that do not address the stated objective.,"Follow the documented approach for Gaining access and escalating privileges, using recommended services and controls per the exam guide.",Use an approach that contradicts the exam objective and ignores documented constraints.,"Deploy without monitoring, backup, or access controls required by the blueprint.",D,HARD,ceh|system-hacking|SH-1|hard|blueprint-seed,**Answer: D** — Gaining access and escalating privileges. Review the official EC-Council exam guide (CEH v12) and linked documentation. Objective: SH-1.,https://www.eccouncil.org/programs/certified-ethical-hacker-ceh/
ceh,system-hacking,SH-1,CEH v12 — SH-1 (HARD) #32,A production incident involves trade-offs between cost and resilience for Gaining access and escalating privileges for System Hacking Phases?,"Implement Gaining access and escalating privileges using EC-Council best practices for System Hacking Phases, including monitoring and least privilege.",Use an approach that contradicts the exam objective and ignores documented constraints.,"Deploy without monitoring, backup, or access controls required by the blueprint.",Mix controls from unrelated domains that do not address the stated objective.,A,HARD,ceh|system-hacking|SH-1|hard|blueprint-seed,**Answer: A** — Gaining access and escalating privileges. Review the official EC-Council exam guide (CEH v12) and linked documentation. Objective: SH-1.,https://www.eccouncil.org/programs/certified-ethical-hacker-ceh/
ceh,system-hacking,SH-1,CEH v12 — SH-1 (HARD) #33,Complex regulatory requirements demand that you Gaining access and escalating privileges for System Hacking Phases?,Use an approach that contradicts the exam objective and ignores documented constraints.,"Deploy without monitoring, backup, or access controls required by the blueprint.",Mix controls from unrelated domains that do not address the stated objective.,Apply the official System Hacking Phases guidance: Gaining access and escalating privileges — this aligns with exam blueprint expectations and vendor documentation.,B,HARD,ceh|system-hacking|SH-1|hard|blueprint-seed,**Answer: B** — Gaining access and escalating privileges. Review the official EC-Council exam guide (CEH v12) and linked documentation. Objective: SH-1.,https://www.eccouncil.org/programs/certified-ethical-hacker-ceh/
ceh,system-hacking,SH-1,CEH v12 — SH-1 (HARD) #34,A multi-team rollout must balance security and velocity for Gaining access and escalating privileges for System Hacking Phases?,"Deploy without monitoring, backup, or access controls required by the blueprint.",Mix controls from unrelated domains that do not address the stated objective.,"Follow the documented approach for Gaining access and escalating privileges, using recommended services and controls per the exam guide.",Use an approach that contradicts the exam objective and ignores documented constraints.,C,HARD,ceh|system-hacking|SH-1|hard|blueprint-seed,**Answer: C** — Gaining access and escalating privileges. Review the official EC-Council exam guide (CEH v12) and linked documentation. Objective: SH-1.,https://www.eccouncil.org/programs/certified-ethical-hacker-ceh/
ceh,system-hacking,SH-1,CEH v12 — SH-1 (HARD) #35,An enterprise requires zero-downtime architecture while Gaining access and escalating privileges for System Hacking Phases?,Mix controls from unrelated domains that do not address the stated objective.,"Implement Gaining access and escalating privileges using EC-Council best practices for System Hacking Phases, including monitoring and least privilege.",Use an approach that contradicts the exam objective and ignores documented constraints.,"Deploy without monitoring, backup, or access controls required by the blueprint.",D,HARD,ceh|system-hacking|SH-1|hard|blueprint-seed,**Answer: D** — Gaining access and escalating privileges. Review the official EC-Council exam guide (CEH v12) and linked documentation. Objective: SH-1.,https://www.eccouncil.org/programs/certified-ethical-hacker-ceh/
ceh,system-hacking,SH-1,CEH v12 — SH-1 (HARD) #36,"Given strict compliance, auditability, and multi-region constraints, how should you Gaining access and escalating privileges for System Hacking Phases?",Apply the official System Hacking Phases guidance: Gaining access and escalating privileges — this aligns with exam blueprint expectations and vendor documentation.,Use an approach that contradicts the exam objective and ignores documented constraints.,"Deploy without monitoring, backup, or access controls required by the blueprint.",Mix controls from unrelated domains that do not address the stated objective.,A,HARD,ceh|system-hacking|SH-1|hard|blueprint-seed,**Answer: A** — Gaining access and escalating privileges. Review the official EC-Council exam guide (CEH v12) and linked documentation. Objective: SH-1.,https://www.eccouncil.org/programs/certified-ethical-hacker-ceh/
ceh,system-hacking,SH-1,CEH v12 — SH-1 (HARD) #37,A production incident involves trade-offs between cost and resilience for Gaining access and escalating privileges for System Hacking Phases?,Use an approach that contradicts the exam objective and ignores documented constraints.,"Deploy without monitoring, backup, or access controls required by the blueprint.",Mix controls from unrelated domains that do not address the stated objective.,"Follow the documented approach for Gaining access and escalating privileges, using recommended services and controls per the exam guide.",B,HARD,ceh|system-hacking|SH-1|hard|blueprint-seed,**Answer: B** — Gaining access and escalating privileges. Review the official EC-Council exam guide (CEH v12) and linked documentation. Objective: SH-1.,https://www.eccouncil.org/programs/certified-ethical-hacker-ceh/
ceh,system-hacking,SH-1,CEH v12 — SH-1 (HARD) #38,Complex regulatory requirements demand that you Gaining access and escalating privileges for System Hacking Phases?,"Deploy without monitoring, backup, or access controls required by the blueprint.",Mix controls from unrelated domains that do not address the stated objective.,"Implement Gaining access and escalating privileges using EC-Council best practices for System Hacking Phases, including monitoring and least privilege.",Use an approach that contradicts the exam objective and ignores documented constraints.,C,HARD,ceh|system-hacking|SH-1|hard|blueprint-seed,**Answer: C** — Gaining access and escalating privileges. Review the official EC-Council exam guide (CEH v12) and linked documentation. Objective: SH-1.,https://www.eccouncil.org/programs/certified-ethical-hacker-ceh/
ceh,system-hacking,SH-1,CEH v12 — SH-1 (HARD) #39,A multi-team rollout must balance security and velocity for Gaining access and escalating privileges for System Hacking Phases?,Mix controls from unrelated domains that do not address the stated objective.,Apply the official System Hacking Phases guidance: Gaining access and escalating privileges — this aligns with exam blueprint expectations and vendor documentation.,Use an approach that contradicts the exam objective and ignores documented constraints.,"Deploy without monitoring, backup, or access controls required by the blueprint.",D,HARD,ceh|system-hacking|SH-1|hard|blueprint-seed,**Answer: D** — Gaining access and escalating privileges. Review the official EC-Council exam guide (CEH v12) and linked documentation. Objective: SH-1.,https://www.eccouncil.org/programs/certified-ethical-hacker-ceh/
ceh,system-hacking,SH-1,CEH v12 — SH-1 (HARD) #40,An enterprise requires zero-downtime architecture while Gaining access and escalating privileges for System Hacking Phases?,"Follow the documented approach for Gaining access and escalating privileges, using recommended services and controls per the exam guide.",Use an approach that contradicts the exam objective and ignores documented constraints.,"Deploy without monitoring, backup, or access controls required by the blueprint.",Mix controls from unrelated domains that do not address the stated objective.,A,HARD,ceh|system-hacking|SH-1|hard|blueprint-seed,**Answer: A** — Gaining access and escalating privileges. Review the official EC-Council exam guide (CEH v12) and linked documentation. Objective: SH-1.,https://www.eccouncil.org/programs/certified-ethical-hacker-ceh/
ceh,system-hacking,SH-1,CEH v12 — SH-1 (HARD) #41,"Given strict compliance, auditability, and multi-region constraints, how should you Gaining access and escalating privileges for System Hacking Phases?",Use an approach that contradicts the exam objective and ignores documented constraints.,"Deploy without monitoring, backup, or access controls required by the blueprint.",Mix controls from unrelated domains that do not address the stated objective.,"Implement Gaining access and escalating privileges using EC-Council best practices for System Hacking Phases, including monitoring and least privilege.",B,HARD,ceh|system-hacking|SH-1|hard|blueprint-seed,**Answer: B** — Gaining access and escalating privileges. Review the official EC-Council exam guide (CEH v12) and linked documentation. Objective: SH-1.,https://www.eccouncil.org/programs/certified-ethical-hacker-ceh/
ceh,system-hacking,SH-1,CEH v12 — SH-1 (HARD) #42,A production incident involves trade-offs between cost and resilience for Gaining access and escalating privileges for System Hacking Phases?,"Deploy without monitoring, backup, or access controls required by the blueprint.",Mix controls from unrelated domains that do not address the stated objective.,Apply the official System Hacking Phases guidance: Gaining access and escalating privileges — this aligns with exam blueprint expectations and vendor documentation.,Use an approach that contradicts the exam objective and ignores documented constraints.,C,HARD,ceh|system-hacking|SH-1|hard|blueprint-seed,**Answer: C** — Gaining access and escalating privileges. Review the official EC-Council exam guide (CEH v12) and linked documentation. Objective: SH-1.,https://www.eccouncil.org/programs/certified-ethical-hacker-ceh/
ceh,system-hacking,SH-2,CEH v12 — SH-2 (EASY) #1,What is the primary purpose of Maintaining access and covering tracks?,Use an approach that contradicts the exam objective and ignores documented constraints.,"Deploy without monitoring, backup, or access controls required by the blueprint.",Mix controls from unrelated domains that do not address the stated objective.,"Follow the documented approach for Maintaining access and covering tracks, using recommended services and controls per the exam guide.",B,EASY,ceh|system-hacking|SH-2|easy|blueprint-seed,**Answer: B** — Maintaining access and covering tracks. Review the official EC-Council exam guide (CEH v12) and linked documentation. Objective: SH-2.,https://www.eccouncil.org/programs/certified-ethical-hacker-ceh/
ceh,system-hacking,SH-2,CEH v12 — SH-2 (EASY) #2,Which concept is fundamental to Maintaining access and covering tracks?,"Deploy without monitoring, backup, or access controls required by the blueprint.",Mix controls from unrelated domains that do not address the stated objective.,"Implement Maintaining access and covering tracks using EC-Council best practices for System Hacking Phases, including monitoring and least privilege.",Use an approach that contradicts the exam objective and ignores documented constraints.,C,EASY,ceh|system-hacking|SH-2|easy|blueprint-seed,**Answer: C** — Maintaining access and covering tracks. Review the official EC-Council exam guide (CEH v12) and linked documentation. Objective: SH-2.,https://www.eccouncil.org/programs/certified-ethical-hacker-ceh/
ceh,system-hacking,SH-2,CEH v12 — SH-2 (EASY) #3,Identify the core principle behind Maintaining access and covering tracks?,Mix controls from unrelated domains that do not address the stated objective.,Apply the official System Hacking Phases guidance: Maintaining access and covering tracks — this aligns with exam blueprint expectations and vendor documentation.,Use an approach that contradicts the exam objective and ignores documented constraints.,"Deploy without monitoring, backup, or access controls required by the blueprint.",D,EASY,ceh|system-hacking|SH-2|easy|blueprint-seed,**Answer: D** — Maintaining access and covering tracks. Review the official EC-Council exam guide (CEH v12) and linked documentation. Objective: SH-2.,https://www.eccouncil.org/programs/certified-ethical-hacker-ceh/
ceh,system-hacking,SH-2,CEH v12 — SH-2 (EASY) #4,Which description accurately reflects Maintaining access and covering tracks?,"Follow the documented approach for Maintaining access and covering tracks, using recommended services and controls per the exam guide.",Use an approach that contradicts the exam objective and ignores documented constraints.,"Deploy without monitoring, backup, or access controls required by the blueprint.",Mix controls from unrelated domains that do not address the stated objective.,A,EASY,ceh|system-hacking|SH-2|easy|blueprint-seed,**Answer: A** — Maintaining access and covering tracks. Review the official EC-Council exam guide (CEH v12) and linked documentation. Objective: SH-2.,https://www.eccouncil.org/programs/certified-ethical-hacker-ceh/
ceh,system-hacking,SH-2,CEH v12 — SH-2 (EASY) #5,Which statement best defines the scope of Maintaining access and covering tracks?,Use an approach that contradicts the exam objective and ignores documented constraints.,"Deploy without monitoring, backup, or access controls required by the blueprint.",Mix controls from unrelated domains that do not address the stated objective.,"Implement Maintaining access and covering tracks using EC-Council best practices for System Hacking Phases, including monitoring and least privilege.",B,EASY,ceh|system-hacking|SH-2|easy|blueprint-seed,**Answer: B** — Maintaining access and covering tracks. Review the official EC-Council exam guide (CEH v12) and linked documentation. Objective: SH-2.,https://www.eccouncil.org/programs/certified-ethical-hacker-ceh/
ceh,system-hacking,SH-2,CEH v12 — SH-2 (EASY) #6,What is the primary purpose of Maintaining access and covering tracks?,"Deploy without monitoring, backup, or access controls required by the blueprint.",Mix controls from unrelated domains that do not address the stated objective.,Apply the official System Hacking Phases guidance: Maintaining access and covering tracks — this aligns with exam blueprint expectations and vendor documentation.,Use an approach that contradicts the exam objective and ignores documented constraints.,C,EASY,ceh|system-hacking|SH-2|easy|blueprint-seed,**Answer: C** — Maintaining access and covering tracks. Review the official EC-Council exam guide (CEH v12) and linked documentation. Objective: SH-2.,https://www.eccouncil.org/programs/certified-ethical-hacker-ceh/
ceh,system-hacking,SH-2,CEH v12 — SH-2 (EASY) #7,Which concept is fundamental to Maintaining access and covering tracks?,Mix controls from unrelated domains that do not address the stated objective.,"Follow the documented approach for Maintaining access and covering tracks, using recommended services and controls per the exam guide.",Use an approach that contradicts the exam objective and ignores documented constraints.,"Deploy without monitoring, backup, or access controls required by the blueprint.",D,EASY,ceh|system-hacking|SH-2|easy|blueprint-seed,**Answer: D** — Maintaining access and covering tracks. Review the official EC-Council exam guide (CEH v12) and linked documentation. Objective: SH-2.,https://www.eccouncil.org/programs/certified-ethical-hacker-ceh/
ceh,system-hacking,SH-2,CEH v12 — SH-2 (EASY) #8,Identify the core principle behind Maintaining access and covering tracks?,"Implement Maintaining access and covering tracks using EC-Council best practices for System Hacking Phases, including monitoring and least privilege.",Use an approach that contradicts the exam objective and ignores documented constraints.,"Deploy without monitoring, backup, or access controls required by the blueprint.",Mix controls from unrelated domains that do not address the stated objective.,A,EASY,ceh|system-hacking|SH-2|easy|blueprint-seed,**Answer: A** — Maintaining access and covering tracks. Review the official EC-Council exam guide (CEH v12) and linked documentation. Objective: SH-2.,https://www.eccouncil.org/programs/certified-ethical-hacker-ceh/
ceh,system-hacking,SH-2,CEH v12 — SH-2 (EASY) #9,Which description accurately reflects Maintaining access and covering tracks?,Use an approach that contradicts the exam objective and ignores documented constraints.,"Deploy without monitoring, backup, or access controls required by the blueprint.",Mix controls from unrelated domains that do not address the stated objective.,Apply the official System Hacking Phases guidance: Maintaining access and covering tracks — this aligns with exam blueprint expectations and vendor documentation.,B,EASY,ceh|system-hacking|SH-2|easy|blueprint-seed,**Answer: B** — Maintaining access and covering tracks. Review the official EC-Council exam guide (CEH v12) and linked documentation. Objective: SH-2.,https://www.eccouncil.org/programs/certified-ethical-hacker-ceh/
ceh,system-hacking,SH-2,CEH v12 — SH-2 (EASY) #10,Which statement best defines the scope of Maintaining access and covering tracks?,"Deploy without monitoring, backup, or access controls required by the blueprint.",Mix controls from unrelated domains that do not address the stated objective.,"Follow the documented approach for Maintaining access and covering tracks, using recommended services and controls per the exam guide.",Use an approach that contradicts the exam objective and ignores documented constraints.,C,EASY,ceh|system-hacking|SH-2|easy|blueprint-seed,**Answer: C** — Maintaining access and covering tracks. Review the official EC-Council exam guide (CEH v12) and linked documentation. Objective: SH-2.,https://www.eccouncil.org/programs/certified-ethical-hacker-ceh/
ceh,system-hacking,SH-2,CEH v12 — SH-2 (EASY) #11,What is the primary purpose of Maintaining access and covering tracks?,Mix controls from unrelated domains that do not address the stated objective.,"Implement Maintaining access and covering tracks using EC-Council best practices for System Hacking Phases, including monitoring and least privilege.",Use an approach that contradicts the exam objective and ignores documented constraints.,"Deploy without monitoring, backup, or access controls required by the blueprint.",D,EASY,ceh|system-hacking|SH-2|easy|blueprint-seed,**Answer: D** — Maintaining access and covering tracks. Review the official EC-Council exam guide (CEH v12) and linked documentation. Objective: SH-2.,https://www.eccouncil.org/programs/certified-ethical-hacker-ceh/
ceh,system-hacking,SH-2,CEH v12 — SH-2 (EASY) #12,Which concept is fundamental to Maintaining access and covering tracks?,Apply the official System Hacking Phases guidance: Maintaining access and covering tracks — this aligns with exam blueprint expectations and vendor documentation.,Use an approach that contradicts the exam objective and ignores documented constraints.,"Deploy without monitoring, backup, or access controls required by the blueprint.",Mix controls from unrelated domains that do not address the stated objective.,A,EASY,ceh|system-hacking|SH-2|easy|blueprint-seed,**Answer: A** — Maintaining access and covering tracks. Review the official EC-Council exam guide (CEH v12) and linked documentation. Objective: SH-2.,https://www.eccouncil.org/programs/certified-ethical-hacker-ceh/
ceh,system-hacking,SH-2,CEH v12 — SH-2 (EASY) #13,Identify the core principle behind Maintaining access and covering tracks?,Use an approach that contradicts the exam objective and ignores documented constraints.,"Deploy without monitoring, backup, or access controls required by the blueprint.",Mix controls from unrelated domains that do not address the stated objective.,"Follow the documented approach for Maintaining access and covering tracks, using recommended services and controls per the exam guide.",B,EASY,ceh|system-hacking|SH-2|easy|blueprint-seed,**Answer: B** — Maintaining access and covering tracks. Review the official EC-Council exam guide (CEH v12) and linked documentation. Objective: SH-2.,https://www.eccouncil.org/programs/certified-ethical-hacker-ceh/
ceh,system-hacking,SH-2,CEH v12 — SH-2 (MEDIUM) #14,What is the recommended design when applying Maintaining access and covering tracks in the context of Certified Ethical Hacker?,"Deploy without monitoring, backup, or access controls required by the blueprint.",Mix controls from unrelated domains that do not address the stated objective.,"Implement Maintaining access and covering tracks using EC-Council best practices for System Hacking Phases, including monitoring and least privilege.",Use an approach that contradicts the exam objective and ignores documented constraints.,C,MEDIUM,ceh|system-hacking|SH-2|medium|blueprint-seed,**Answer: C** — Maintaining access and covering tracks. Review the official EC-Council exam guide (CEH v12) and linked documentation. Objective: SH-2.,https://www.eccouncil.org/programs/certified-ethical-hacker-ceh/
ceh,system-hacking,SH-2,CEH v12 — SH-2 (MEDIUM) #15,A team must implement a solution for Maintaining access and covering tracks in the context of Certified Ethical Hacker?,Mix controls from unrelated domains that do not address the stated objective.,Apply the official System Hacking Phases guidance: Maintaining access and covering tracks — this aligns with exam blueprint expectations and vendor documentation.,Use an approach that contradicts the exam objective and ignores documented constraints.,"Deploy without monitoring, backup, or access controls required by the blueprint.",D,MEDIUM,ceh|system-hacking|SH-2|medium|blueprint-seed,**Answer: D** — Maintaining access and covering tracks. Review the official EC-Council exam guide (CEH v12) and linked documentation. Objective: SH-2.,https://www.eccouncil.org/programs/certified-ethical-hacker-ceh/
ceh,system-hacking,SH-2,CEH v12 — SH-2 (MEDIUM) #16,Which approach aligns with best practices when Maintaining access and covering tracks in the context of Certified Ethical Hacker?,"Follow the documented approach for Maintaining access and covering tracks, using recommended services and controls per the exam guide.",Use an approach that contradicts the exam objective and ignores documented constraints.,"Deploy without monitoring, backup, or access controls required by the blueprint.",Mix controls from unrelated domains that do not address the stated objective.,A,MEDIUM,ceh|system-hacking|SH-2|medium|blueprint-seed,**Answer: A** — Maintaining access and covering tracks. Review the official EC-Council exam guide (CEH v12) and linked documentation. Objective: SH-2.,https://www.eccouncil.org/programs/certified-ethical-hacker-ceh/
ceh,system-hacking,SH-2,CEH v12 — SH-2 (MEDIUM) #17,"During a project review, stakeholders ask how to Maintaining access and covering tracks in the context of Certified Ethical Hacker?",Use an approach that contradicts the exam objective and ignores documented constraints.,"Deploy without monitoring, backup, or access controls required by the blueprint.",Mix controls from unrelated domains that do not address the stated objective.,"Implement Maintaining access and covering tracks using EC-Council best practices for System Hacking Phases, including monitoring and least privilege.",B,MEDIUM,ceh|system-hacking|SH-2|medium|blueprint-seed,**Answer: B** — Maintaining access and covering tracks. Review the official EC-Council exam guide (CEH v12) and linked documentation. Objective: SH-2.,https://www.eccouncil.org/programs/certified-ethical-hacker-ceh/
ceh,system-hacking,SH-2,CEH v12 — SH-2 (MEDIUM) #18,Which configuration satisfies requirements for Maintaining access and covering tracks in the context of Certified Ethical Hacker?,"Deploy without monitoring, backup, or access controls required by the blueprint.",Mix controls from unrelated domains that do not address the stated objective.,Apply the official System Hacking Phases guidance: Maintaining access and covering tracks — this aligns with exam blueprint expectations and vendor documentation.,Use an approach that contradicts the exam objective and ignores documented constraints.,C,MEDIUM,ceh|system-hacking|SH-2|medium|blueprint-seed,**Answer: C** — Maintaining access and covering tracks. Review the official EC-Council exam guide (CEH v12) and linked documentation. Objective: SH-2.,https://www.eccouncil.org/programs/certified-ethical-hacker-ceh/
ceh,system-hacking,SH-2,CEH v12 — SH-2 (MEDIUM) #19,What is the recommended design when applying Maintaining access and covering tracks in the context of Certified Ethical Hacker?,Mix controls from unrelated domains that do not address the stated objective.,"Follow the documented approach for Maintaining access and covering tracks, using recommended services and controls per the exam guide.",Use an approach that contradicts the exam objective and ignores documented constraints.,"Deploy without monitoring, backup, or access controls required by the blueprint.",D,MEDIUM,ceh|system-hacking|SH-2|medium|blueprint-seed,**Answer: D** — Maintaining access and covering tracks. Review the official EC-Council exam guide (CEH v12) and linked documentation. Objective: SH-2.,https://www.eccouncil.org/programs/certified-ethical-hacker-ceh/
ceh,system-hacking,SH-2,CEH v12 — SH-2 (MEDIUM) #20,A team must implement a solution for Maintaining access and covering tracks in the context of Certified Ethical Hacker?,"Implement Maintaining access and covering tracks using EC-Council best practices for System Hacking Phases, including monitoring and least privilege.",Use an approach that contradicts the exam objective and ignores documented constraints.,"Deploy without monitoring, backup, or access controls required by the blueprint.",Mix controls from unrelated domains that do not address the stated objective.,A,MEDIUM,ceh|system-hacking|SH-2|medium|blueprint-seed,**Answer: A** — Maintaining access and covering tracks. Review the official EC-Council exam guide (CEH v12) and linked documentation. Objective: SH-2.,https://www.eccouncil.org/programs/certified-ethical-hacker-ceh/
ceh,system-hacking,SH-2,CEH v12 — SH-2 (MEDIUM) #21,Which approach aligns with best practices when Maintaining access and covering tracks in the context of Certified Ethical Hacker?,Use an approach that contradicts the exam objective and ignores documented constraints.,"Deploy without monitoring, backup, or access controls required by the blueprint.",Mix controls from unrelated domains that do not address the stated objective.,Apply the official System Hacking Phases guidance: Maintaining access and covering tracks — this aligns with exam blueprint expectations and vendor documentation.,B,MEDIUM,ceh|system-hacking|SH-2|medium|blueprint-seed,**Answer: B** — Maintaining access and covering tracks. Review the official EC-Council exam guide (CEH v12) and linked documentation. Objective: SH-2.,https://www.eccouncil.org/programs/certified-ethical-hacker-ceh/
ceh,system-hacking,SH-2,CEH v12 — SH-2 (MEDIUM) #22,"During a project review, stakeholders ask how to Maintaining access and covering tracks in the context of Certified Ethical Hacker?","Deploy without monitoring, backup, or access controls required by the blueprint.",Mix controls from unrelated domains that do not address the stated objective.,"Follow the documented approach for Maintaining access and covering tracks, using recommended services and controls per the exam guide.",Use an approach that contradicts the exam objective and ignores documented constraints.,C,MEDIUM,ceh|system-hacking|SH-2|medium|blueprint-seed,**Answer: C** — Maintaining access and covering tracks. Review the official EC-Council exam guide (CEH v12) and linked documentation. Objective: SH-2.,https://www.eccouncil.org/programs/certified-ethical-hacker-ceh/
ceh,system-hacking,SH-2,CEH v12 — SH-2 (MEDIUM) #23,Which configuration satisfies requirements for Maintaining access and covering tracks in the context of Certified Ethical Hacker?,Mix controls from unrelated domains that do not address the stated objective.,"Implement Maintaining access and covering tracks using EC-Council best practices for System Hacking Phases, including monitoring and least privilege.",Use an approach that contradicts the exam objective and ignores documented constraints.,"Deploy without monitoring, backup, or access controls required by the blueprint.",D,MEDIUM,ceh|system-hacking|SH-2|medium|blueprint-seed,**Answer: D** — Maintaining access and covering tracks. Review the official EC-Council exam guide (CEH v12) and linked documentation. Objective: SH-2.,https://www.eccouncil.org/programs/certified-ethical-hacker-ceh/
ceh,system-hacking,SH-2,CEH v12 — SH-2 (MEDIUM) #24,What is the recommended design when applying Maintaining access and covering tracks in the context of Certified Ethical Hacker?,Apply the official System Hacking Phases guidance: Maintaining access and covering tracks — this aligns with exam blueprint expectations and vendor documentation.,Use an approach that contradicts the exam objective and ignores documented constraints.,"Deploy without monitoring, backup, or access controls required by the blueprint.",Mix controls from unrelated domains that do not address the stated objective.,A,MEDIUM,ceh|system-hacking|SH-2|medium|blueprint-seed,**Answer: A** — Maintaining access and covering tracks. Review the official EC-Council exam guide (CEH v12) and linked documentation. Objective: SH-2.,https://www.eccouncil.org/programs/certified-ethical-hacker-ceh/
ceh,system-hacking,SH-2,CEH v12 — SH-2 (MEDIUM) #25,A team must implement a solution for Maintaining access and covering tracks in the context of Certified Ethical Hacker?,Use an approach that contradicts the exam objective and ignores documented constraints.,"Deploy without monitoring, backup, or access controls required by the blueprint.",Mix controls from unrelated domains that do not address the stated objective.,"Follow the documented approach for Maintaining access and covering tracks, using recommended services and controls per the exam guide.",B,MEDIUM,ceh|system-hacking|SH-2|medium|blueprint-seed,**Answer: B** — Maintaining access and covering tracks. Review the official EC-Council exam guide (CEH v12) and linked documentation. Objective: SH-2.,https://www.eccouncil.org/programs/certified-ethical-hacker-ceh/
ceh,system-hacking,SH-2,CEH v12 — SH-2 (MEDIUM) #26,Which approach aligns with best practices when Maintaining access and covering tracks in the context of Certified Ethical Hacker?,"Deploy without monitoring, backup, or access controls required by the blueprint.",Mix controls from unrelated domains that do not address the stated objective.,"Implement Maintaining access and covering tracks using EC-Council best practices for System Hacking Phases, including monitoring and least privilege.",Use an approach that contradicts the exam objective and ignores documented constraints.,C,MEDIUM,ceh|system-hacking|SH-2|medium|blueprint-seed,**Answer: C** — Maintaining access and covering tracks. Review the official EC-Council exam guide (CEH v12) and linked documentation. Objective: SH-2.,https://www.eccouncil.org/programs/certified-ethical-hacker-ceh/
ceh,system-hacking,SH-2,CEH v12 — SH-2 (MEDIUM) #27,"During a project review, stakeholders ask how to Maintaining access and covering tracks in the context of Certified Ethical Hacker?",Mix controls from unrelated domains that do not address the stated objective.,Apply the official System Hacking Phases guidance: Maintaining access and covering tracks — this aligns with exam blueprint expectations and vendor documentation.,Use an approach that contradicts the exam objective and ignores documented constraints.,"Deploy without monitoring, backup, or access controls required by the blueprint.",D,MEDIUM,ceh|system-hacking|SH-2|medium|blueprint-seed,**Answer: D** — Maintaining access and covering tracks. Review the official EC-Council exam guide (CEH v12) and linked documentation. Objective: SH-2.,https://www.eccouncil.org/programs/certified-ethical-hacker-ceh/
ceh,system-hacking,SH-2,CEH v12 — SH-2 (MEDIUM) #28,Which configuration satisfies requirements for Maintaining access and covering tracks in the context of Certified Ethical Hacker?,"Follow the documented approach for Maintaining access and covering tracks, using recommended services and controls per the exam guide.",Use an approach that contradicts the exam objective and ignores documented constraints.,"Deploy without monitoring, backup, or access controls required by the blueprint.",Mix controls from unrelated domains that do not address the stated objective.,A,MEDIUM,ceh|system-hacking|SH-2|medium|blueprint-seed,**Answer: A** — Maintaining access and covering tracks. Review the official EC-Council exam guide (CEH v12) and linked documentation. Objective: SH-2.,https://www.eccouncil.org/programs/certified-ethical-hacker-ceh/
ceh,system-hacking,SH-2,CEH v12 — SH-2 (MEDIUM) #29,What is the recommended design when applying Maintaining access and covering tracks in the context of Certified Ethical Hacker?,Use an approach that contradicts the exam objective and ignores documented constraints.,"Deploy without monitoring, backup, or access controls required by the blueprint.",Mix controls from unrelated domains that do not address the stated objective.,"Implement Maintaining access and covering tracks using EC-Council best practices for System Hacking Phases, including monitoring and least privilege.",B,MEDIUM,ceh|system-hacking|SH-2|medium|blueprint-seed,**Answer: B** — Maintaining access and covering tracks. Review the official EC-Council exam guide (CEH v12) and linked documentation. Objective: SH-2.,https://www.eccouncil.org/programs/certified-ethical-hacker-ceh/
ceh,system-hacking,SH-2,CEH v12 — SH-2 (MEDIUM) #30,A team must implement a solution for Maintaining access and covering tracks in the context of Certified Ethical Hacker?,"Deploy without monitoring, backup, or access controls required by the blueprint.",Mix controls from unrelated domains that do not address the stated objective.,Apply the official System Hacking Phases guidance: Maintaining access and covering tracks — this aligns with exam blueprint expectations and vendor documentation.,Use an approach that contradicts the exam objective and ignores documented constraints.,C,MEDIUM,ceh|system-hacking|SH-2|medium|blueprint-seed,**Answer: C** — Maintaining access and covering tracks. Review the official EC-Council exam guide (CEH v12) and linked documentation. Objective: SH-2.,https://www.eccouncil.org/programs/certified-ethical-hacker-ceh/
ceh,system-hacking,SH-2,CEH v12 — SH-2 (HARD) #31,"Given strict compliance, auditability, and multi-region constraints, how should you Maintaining access and covering tracks for System Hacking Phases?",Mix controls from unrelated domains that do not address the stated objective.,"Follow the documented approach for Maintaining access and covering tracks, using recommended services and controls per the exam guide.",Use an approach that contradicts the exam objective and ignores documented constraints.,"Deploy without monitoring, backup, or access controls required by the blueprint.",D,HARD,ceh|system-hacking|SH-2|hard|blueprint-seed,**Answer: D** — Maintaining access and covering tracks. Review the official EC-Council exam guide (CEH v12) and linked documentation. Objective: SH-2.,https://www.eccouncil.org/programs/certified-ethical-hacker-ceh/
ceh,system-hacking,SH-2,CEH v12 — SH-2 (HARD) #32,A production incident involves trade-offs between cost and resilience for Maintaining access and covering tracks for System Hacking Phases?,"Implement Maintaining access and covering tracks using EC-Council best practices for System Hacking Phases, including monitoring and least privilege.",Use an approach that contradicts the exam objective and ignores documented constraints.,"Deploy without monitoring, backup, or access controls required by the blueprint.",Mix controls from unrelated domains that do not address the stated objective.,A,HARD,ceh|system-hacking|SH-2|hard|blueprint-seed,**Answer: A** — Maintaining access and covering tracks. Review the official EC-Council exam guide (CEH v12) and linked documentation. Objective: SH-2.,https://www.eccouncil.org/programs/certified-ethical-hacker-ceh/
ceh,system-hacking,SH-2,CEH v12 — SH-2 (HARD) #33,Complex regulatory requirements demand that you Maintaining access and covering tracks for System Hacking Phases?,Use an approach that contradicts the exam objective and ignores documented constraints.,"Deploy without monitoring, backup, or access controls required by the blueprint.",Mix controls from unrelated domains that do not address the stated objective.,Apply the official System Hacking Phases guidance: Maintaining access and covering tracks — this aligns with exam blueprint expectations and vendor documentation.,B,HARD,ceh|system-hacking|SH-2|hard|blueprint-seed,**Answer: B** — Maintaining access and covering tracks. Review the official EC-Council exam guide (CEH v12) and linked documentation. Objective: SH-2.,https://www.eccouncil.org/programs/certified-ethical-hacker-ceh/
ceh,system-hacking,SH-2,CEH v12 — SH-2 (HARD) #34,A multi-team rollout must balance security and velocity for Maintaining access and covering tracks for System Hacking Phases?,"Deploy without monitoring, backup, or access controls required by the blueprint.",Mix controls from unrelated domains that do not address the stated objective.,"Follow the documented approach for Maintaining access and covering tracks, using recommended services and controls per the exam guide.",Use an approach that contradicts the exam objective and ignores documented constraints.,C,HARD,ceh|system-hacking|SH-2|hard|blueprint-seed,**Answer: C** — Maintaining access and covering tracks. Review the official EC-Council exam guide (CEH v12) and linked documentation. Objective: SH-2.,https://www.eccouncil.org/programs/certified-ethical-hacker-ceh/
ceh,system-hacking,SH-2,CEH v12 — SH-2 (HARD) #35,An enterprise requires zero-downtime architecture while Maintaining access and covering tracks for System Hacking Phases?,Mix controls from unrelated domains that do not address the stated objective.,"Implement Maintaining access and covering tracks using EC-Council best practices for System Hacking Phases, including monitoring and least privilege.",Use an approach that contradicts the exam objective and ignores documented constraints.,"Deploy without monitoring, backup, or access controls required by the blueprint.",D,HARD,ceh|system-hacking|SH-2|hard|blueprint-seed,**Answer: D** — Maintaining access and covering tracks. Review the official EC-Council exam guide (CEH v12) and linked documentation. Objective: SH-2.,https://www.eccouncil.org/programs/certified-ethical-hacker-ceh/
ceh,system-hacking,SH-2,CEH v12 — SH-2 (HARD) #36,"Given strict compliance, auditability, and multi-region constraints, how should you Maintaining access and covering tracks for System Hacking Phases?",Apply the official System Hacking Phases guidance: Maintaining access and covering tracks — this aligns with exam blueprint expectations and vendor documentation.,Use an approach that contradicts the exam objective and ignores documented constraints.,"Deploy without monitoring, backup, or access controls required by the blueprint.",Mix controls from unrelated domains that do not address the stated objective.,A,HARD,ceh|system-hacking|SH-2|hard|blueprint-seed,**Answer: A** — Maintaining access and covering tracks. Review the official EC-Council exam guide (CEH v12) and linked documentation. Objective: SH-2.,https://www.eccouncil.org/programs/certified-ethical-hacker-ceh/
ceh,system-hacking,SH-2,CEH v12 — SH-2 (HARD) #37,A production incident involves trade-offs between cost and resilience for Maintaining access and covering tracks for System Hacking Phases?,Use an approach that contradicts the exam objective and ignores documented constraints.,"Deploy without monitoring, backup, or access controls required by the blueprint.",Mix controls from unrelated domains that do not address the stated objective.,"Follow the documented approach for Maintaining access and covering tracks, using recommended services and controls per the exam guide.",B,HARD,ceh|system-hacking|SH-2|hard|blueprint-seed,**Answer: B** — Maintaining access and covering tracks. Review the official EC-Council exam guide (CEH v12) and linked documentation. Objective: SH-2.,https://www.eccouncil.org/programs/certified-ethical-hacker-ceh/
ceh,system-hacking,SH-2,CEH v12 — SH-2 (HARD) #38,Complex regulatory requirements demand that you Maintaining access and covering tracks for System Hacking Phases?,"Deploy without monitoring, backup, or access controls required by the blueprint.",Mix controls from unrelated domains that do not address the stated objective.,"Implement Maintaining access and covering tracks using EC-Council best practices for System Hacking Phases, including monitoring and least privilege.",Use an approach that contradicts the exam objective and ignores documented constraints.,C,HARD,ceh|system-hacking|SH-2|hard|blueprint-seed,**Answer: C** — Maintaining access and covering tracks. Review the official EC-Council exam guide (CEH v12) and linked documentation. Objective: SH-2.,https://www.eccouncil.org/programs/certified-ethical-hacker-ceh/
ceh,system-hacking,SH-2,CEH v12 — SH-2 (HARD) #39,A multi-team rollout must balance security and velocity for Maintaining access and covering tracks for System Hacking Phases?,Mix controls from unrelated domains that do not address the stated objective.,Apply the official System Hacking Phases guidance: Maintaining access and covering tracks — this aligns with exam blueprint expectations and vendor documentation.,Use an approach that contradicts the exam objective and ignores documented constraints.,"Deploy without monitoring, backup, or access controls required by the blueprint.",D,HARD,ceh|system-hacking|SH-2|hard|blueprint-seed,**Answer: D** — Maintaining access and covering tracks. Review the official EC-Council exam guide (CEH v12) and linked documentation. Objective: SH-2.,https://www.eccouncil.org/programs/certified-ethical-hacker-ceh/
ceh,system-hacking,SH-2,CEH v12 — SH-2 (HARD) #40,An enterprise requires zero-downtime architecture while Maintaining access and covering tracks for System Hacking Phases?,"Follow the documented approach for Maintaining access and covering tracks, using recommended services and controls per the exam guide.",Use an approach that contradicts the exam objective and ignores documented constraints.,"Deploy without monitoring, backup, or access controls required by the blueprint.",Mix controls from unrelated domains that do not address the stated objective.,A,HARD,ceh|system-hacking|SH-2|hard|blueprint-seed,**Answer: A** — Maintaining access and covering tracks. Review the official EC-Council exam guide (CEH v12) and linked documentation. Objective: SH-2.,https://www.eccouncil.org/programs/certified-ethical-hacker-ceh/
ceh,system-hacking,SH-2,CEH v12 — SH-2 (HARD) #41,"Given strict compliance, auditability, and multi-region constraints, how should you Maintaining access and covering tracks for System Hacking Phases?",Use an approach that contradicts the exam objective and ignores documented constraints.,"Deploy without monitoring, backup, or access controls required by the blueprint.",Mix controls from unrelated domains that do not address the stated objective.,"Implement Maintaining access and covering tracks using EC-Council best practices for System Hacking Phases, including monitoring and least privilege.",B,HARD,ceh|system-hacking|SH-2|hard|blueprint-seed,**Answer: B** — Maintaining access and covering tracks. Review the official EC-Council exam guide (CEH v12) and linked documentation. Objective: SH-2.,https://www.eccouncil.org/programs/certified-ethical-hacker-ceh/
ceh,system-hacking,SH-2,CEH v12 — SH-2 (HARD) #42,A production incident involves trade-offs between cost and resilience for Maintaining access and covering tracks for System Hacking Phases?,"Deploy without monitoring, backup, or access controls required by the blueprint.",Mix controls from unrelated domains that do not address the stated objective.,Apply the official System Hacking Phases guidance: Maintaining access and covering tracks — this aligns with exam blueprint expectations and vendor documentation.,Use an approach that contradicts the exam objective and ignores documented constraints.,C,HARD,ceh|system-hacking|SH-2|hard|blueprint-seed,**Answer: C** — Maintaining access and covering tracks. Review the official EC-Council exam guide (CEH v12) and linked documentation. Objective: SH-2.,https://www.eccouncil.org/programs/certified-ethical-hacker-ceh/
ceh,system-hacking,SH-3,CEH v12 — SH-3 (EASY) #1,What is the primary purpose of Malware threats and countermeasures?,Use an approach that contradicts the exam objective and ignores documented constraints.,"Deploy without monitoring, backup, or access controls required by the blueprint.",Mix controls from unrelated domains that do not address the stated objective.,"Follow the documented approach for Malware threats and countermeasures, using recommended services and controls per the exam guide.",B,EASY,ceh|system-hacking|SH-3|easy|blueprint-seed,**Answer: B** — Malware threats and countermeasures. Review the official EC-Council exam guide (CEH v12) and linked documentation. Objective: SH-3.,https://www.eccouncil.org/programs/certified-ethical-hacker-ceh/
ceh,system-hacking,SH-3,CEH v12 — SH-3 (EASY) #2,Which concept is fundamental to Malware threats and countermeasures?,"Deploy without monitoring, backup, or access controls required by the blueprint.",Mix controls from unrelated domains that do not address the stated objective.,"Implement Malware threats and countermeasures using EC-Council best practices for System Hacking Phases, including monitoring and least privilege.",Use an approach that contradicts the exam objective and ignores documented constraints.,C,EASY,ceh|system-hacking|SH-3|easy|blueprint-seed,**Answer: C** — Malware threats and countermeasures. Review the official EC-Council exam guide (CEH v12) and linked documentation. Objective: SH-3.,https://www.eccouncil.org/programs/certified-ethical-hacker-ceh/
ceh,system-hacking,SH-3,CEH v12 — SH-3 (EASY) #3,Identify the core principle behind Malware threats and countermeasures?,Mix controls from unrelated domains that do not address the stated objective.,Apply the official System Hacking Phases guidance: Malware threats and countermeasures — this aligns with exam blueprint expectations and vendor documentation.,Use an approach that contradicts the exam objective and ignores documented constraints.,"Deploy without monitoring, backup, or access controls required by the blueprint.",D,EASY,ceh|system-hacking|SH-3|easy|blueprint-seed,**Answer: D** — Malware threats and countermeasures. Review the official EC-Council exam guide (CEH v12) and linked documentation. Objective: SH-3.,https://www.eccouncil.org/programs/certified-ethical-hacker-ceh/
ceh,system-hacking,SH-3,CEH v12 — SH-3 (EASY) #4,Which description accurately reflects Malware threats and countermeasures?,"Follow the documented approach for Malware threats and countermeasures, using recommended services and controls per the exam guide.",Use an approach that contradicts the exam objective and ignores documented constraints.,"Deploy without monitoring, backup, or access controls required by the blueprint.",Mix controls from unrelated domains that do not address the stated objective.,A,EASY,ceh|system-hacking|SH-3|easy|blueprint-seed,**Answer: A** — Malware threats and countermeasures. Review the official EC-Council exam guide (CEH v12) and linked documentation. Objective: SH-3.,https://www.eccouncil.org/programs/certified-ethical-hacker-ceh/
ceh,system-hacking,SH-3,CEH v12 — SH-3 (EASY) #5,Which statement best defines the scope of Malware threats and countermeasures?,Use an approach that contradicts the exam objective and ignores documented constraints.,"Deploy without monitoring, backup, or access controls required by the blueprint.",Mix controls from unrelated domains that do not address the stated objective.,"Implement Malware threats and countermeasures using EC-Council best practices for System Hacking Phases, including monitoring and least privilege.",B,EASY,ceh|system-hacking|SH-3|easy|blueprint-seed,**Answer: B** — Malware threats and countermeasures. Review the official EC-Council exam guide (CEH v12) and linked documentation. Objective: SH-3.,https://www.eccouncil.org/programs/certified-ethical-hacker-ceh/
ceh,system-hacking,SH-3,CEH v12 — SH-3 (EASY) #6,What is the primary purpose of Malware threats and countermeasures?,"Deploy without monitoring, backup, or access controls required by the blueprint.",Mix controls from unrelated domains that do not address the stated objective.,Apply the official System Hacking Phases guidance: Malware threats and countermeasures — this aligns with exam blueprint expectations and vendor documentation.,Use an approach that contradicts the exam objective and ignores documented constraints.,C,EASY,ceh|system-hacking|SH-3|easy|blueprint-seed,**Answer: C** — Malware threats and countermeasures. Review the official EC-Council exam guide (CEH v12) and linked documentation. Objective: SH-3.,https://www.eccouncil.org/programs/certified-ethical-hacker-ceh/
ceh,system-hacking,SH-3,CEH v12 — SH-3 (EASY) #7,Which concept is fundamental to Malware threats and countermeasures?,Mix controls from unrelated domains that do not address the stated objective.,"Follow the documented approach for Malware threats and countermeasures, using recommended services and controls per the exam guide.",Use an approach that contradicts the exam objective and ignores documented constraints.,"Deploy without monitoring, backup, or access controls required by the blueprint.",D,EASY,ceh|system-hacking|SH-3|easy|blueprint-seed,**Answer: D** — Malware threats and countermeasures. Review the official EC-Council exam guide (CEH v12) and linked documentation. Objective: SH-3.,https://www.eccouncil.org/programs/certified-ethical-hacker-ceh/
ceh,system-hacking,SH-3,CEH v12 — SH-3 (EASY) #8,Identify the core principle behind Malware threats and countermeasures?,"Implement Malware threats and countermeasures using EC-Council best practices for System Hacking Phases, including monitoring and least privilege.",Use an approach that contradicts the exam objective and ignores documented constraints.,"Deploy without monitoring, backup, or access controls required by the blueprint.",Mix controls from unrelated domains that do not address the stated objective.,A,EASY,ceh|system-hacking|SH-3|easy|blueprint-seed,**Answer: A** — Malware threats and countermeasures. Review the official EC-Council exam guide (CEH v12) and linked documentation. Objective: SH-3.,https://www.eccouncil.org/programs/certified-ethical-hacker-ceh/
ceh,system-hacking,SH-3,CEH v12 — SH-3 (EASY) #9,Which description accurately reflects Malware threats and countermeasures?,Use an approach that contradicts the exam objective and ignores documented constraints.,"Deploy without monitoring, backup, or access controls required by the blueprint.",Mix controls from unrelated domains that do not address the stated objective.,Apply the official System Hacking Phases guidance: Malware threats and countermeasures — this aligns with exam blueprint expectations and vendor documentation.,B,EASY,ceh|system-hacking|SH-3|easy|blueprint-seed,**Answer: B** — Malware threats and countermeasures. Review the official EC-Council exam guide (CEH v12) and linked documentation. Objective: SH-3.,https://www.eccouncil.org/programs/certified-ethical-hacker-ceh/
ceh,system-hacking,SH-3,CEH v12 — SH-3 (EASY) #10,Which statement best defines the scope of Malware threats and countermeasures?,"Deploy without monitoring, backup, or access controls required by the blueprint.",Mix controls from unrelated domains that do not address the stated objective.,"Follow the documented approach for Malware threats and countermeasures, using recommended services and controls per the exam guide.",Use an approach that contradicts the exam objective and ignores documented constraints.,C,EASY,ceh|system-hacking|SH-3|easy|blueprint-seed,**Answer: C** — Malware threats and countermeasures. Review the official EC-Council exam guide (CEH v12) and linked documentation. Objective: SH-3.,https://www.eccouncil.org/programs/certified-ethical-hacker-ceh/
ceh,system-hacking,SH-3,CEH v12 — SH-3 (EASY) #11,What is the primary purpose of Malware threats and countermeasures?,Mix controls from unrelated domains that do not address the stated objective.,"Implement Malware threats and countermeasures using EC-Council best practices for System Hacking Phases, including monitoring and least privilege.",Use an approach that contradicts the exam objective and ignores documented constraints.,"Deploy without monitoring, backup, or access controls required by the blueprint.",D,EASY,ceh|system-hacking|SH-3|easy|blueprint-seed,**Answer: D** — Malware threats and countermeasures. Review the official EC-Council exam guide (CEH v12) and linked documentation. Objective: SH-3.,https://www.eccouncil.org/programs/certified-ethical-hacker-ceh/
ceh,system-hacking,SH-3,CEH v12 — SH-3 (EASY) #12,Which concept is fundamental to Malware threats and countermeasures?,Apply the official System Hacking Phases guidance: Malware threats and countermeasures — this aligns with exam blueprint expectations and vendor documentation.,Use an approach that contradicts the exam objective and ignores documented constraints.,"Deploy without monitoring, backup, or access controls required by the blueprint.",Mix controls from unrelated domains that do not address the stated objective.,A,EASY,ceh|system-hacking|SH-3|easy|blueprint-seed,**Answer: A** — Malware threats and countermeasures. Review the official EC-Council exam guide (CEH v12) and linked documentation. Objective: SH-3.,https://www.eccouncil.org/programs/certified-ethical-hacker-ceh/
ceh,system-hacking,SH-3,CEH v12 — SH-3 (MEDIUM) #13,Which configuration satisfies requirements for Malware threats and countermeasures in the context of Certified Ethical Hacker?,Use an approach that contradicts the exam objective and ignores documented constraints.,"Deploy without monitoring, backup, or access controls required by the blueprint.",Mix controls from unrelated domains that do not address the stated objective.,"Follow the documented approach for Malware threats and countermeasures, using recommended services and controls per the exam guide.",B,MEDIUM,ceh|system-hacking|SH-3|medium|blueprint-seed,**Answer: B** — Malware threats and countermeasures. Review the official EC-Council exam guide (CEH v12) and linked documentation. Objective: SH-3.,https://www.eccouncil.org/programs/certified-ethical-hacker-ceh/
ceh,system-hacking,SH-3,CEH v12 — SH-3 (MEDIUM) #14,What is the recommended design when applying Malware threats and countermeasures in the context of Certified Ethical Hacker?,"Deploy without monitoring, backup, or access controls required by the blueprint.",Mix controls from unrelated domains that do not address the stated objective.,"Implement Malware threats and countermeasures using EC-Council best practices for System Hacking Phases, including monitoring and least privilege.",Use an approach that contradicts the exam objective and ignores documented constraints.,C,MEDIUM,ceh|system-hacking|SH-3|medium|blueprint-seed,**Answer: C** — Malware threats and countermeasures. Review the official EC-Council exam guide (CEH v12) and linked documentation. Objective: SH-3.,https://www.eccouncil.org/programs/certified-ethical-hacker-ceh/
ceh,system-hacking,SH-3,CEH v12 — SH-3 (MEDIUM) #15,A team must implement a solution for Malware threats and countermeasures in the context of Certified Ethical Hacker?,Mix controls from unrelated domains that do not address the stated objective.,Apply the official System Hacking Phases guidance: Malware threats and countermeasures — this aligns with exam blueprint expectations and vendor documentation.,Use an approach that contradicts the exam objective and ignores documented constraints.,"Deploy without monitoring, backup, or access controls required by the blueprint.",D,MEDIUM,ceh|system-hacking|SH-3|medium|blueprint-seed,**Answer: D** — Malware threats and countermeasures. Review the official EC-Council exam guide (CEH v12) and linked documentation. Objective: SH-3.,https://www.eccouncil.org/programs/certified-ethical-hacker-ceh/
ceh,system-hacking,SH-3,CEH v12 — SH-3 (MEDIUM) #16,Which approach aligns with best practices when Malware threats and countermeasures in the context of Certified Ethical Hacker?,"Follow the documented approach for Malware threats and countermeasures, using recommended services and controls per the exam guide.",Use an approach that contradicts the exam objective and ignores documented constraints.,"Deploy without monitoring, backup, or access controls required by the blueprint.",Mix controls from unrelated domains that do not address the stated objective.,A,MEDIUM,ceh|system-hacking|SH-3|medium|blueprint-seed,**Answer: A** — Malware threats and countermeasures. Review the official EC-Council exam guide (CEH v12) and linked documentation. Objective: SH-3.,https://www.eccouncil.org/programs/certified-ethical-hacker-ceh/
ceh,system-hacking,SH-3,CEH v12 — SH-3 (MEDIUM) #17,"During a project review, stakeholders ask how to Malware threats and countermeasures in the context of Certified Ethical Hacker?",Use an approach that contradicts the exam objective and ignores documented constraints.,"Deploy without monitoring, backup, or access controls required by the blueprint.",Mix controls from unrelated domains that do not address the stated objective.,"Implement Malware threats and countermeasures using EC-Council best practices for System Hacking Phases, including monitoring and least privilege.",B,MEDIUM,ceh|system-hacking|SH-3|medium|blueprint-seed,**Answer: B** — Malware threats and countermeasures. Review the official EC-Council exam guide (CEH v12) and linked documentation. Objective: SH-3.,https://www.eccouncil.org/programs/certified-ethical-hacker-ceh/
ceh,system-hacking,SH-3,CEH v12 — SH-3 (MEDIUM) #18,Which configuration satisfies requirements for Malware threats and countermeasures in the context of Certified Ethical Hacker?,"Deploy without monitoring, backup, or access controls required by the blueprint.",Mix controls from unrelated domains that do not address the stated objective.,Apply the official System Hacking Phases guidance: Malware threats and countermeasures — this aligns with exam blueprint expectations and vendor documentation.,Use an approach that contradicts the exam objective and ignores documented constraints.,C,MEDIUM,ceh|system-hacking|SH-3|medium|blueprint-seed,**Answer: C** — Malware threats and countermeasures. Review the official EC-Council exam guide (CEH v12) and linked documentation. Objective: SH-3.,https://www.eccouncil.org/programs/certified-ethical-hacker-ceh/
ceh,system-hacking,SH-3,CEH v12 — SH-3 (MEDIUM) #19,What is the recommended design when applying Malware threats and countermeasures in the context of Certified Ethical Hacker?,Mix controls from unrelated domains that do not address the stated objective.,"Follow the documented approach for Malware threats and countermeasures, using recommended services and controls per the exam guide.",Use an approach that contradicts the exam objective and ignores documented constraints.,"Deploy without monitoring, backup, or access controls required by the blueprint.",D,MEDIUM,ceh|system-hacking|SH-3|medium|blueprint-seed,**Answer: D** — Malware threats and countermeasures. Review the official EC-Council exam guide (CEH v12) and linked documentation. Objective: SH-3.,https://www.eccouncil.org/programs/certified-ethical-hacker-ceh/
ceh,system-hacking,SH-3,CEH v12 — SH-3 (MEDIUM) #20,A team must implement a solution for Malware threats and countermeasures in the context of Certified Ethical Hacker?,"Implement Malware threats and countermeasures using EC-Council best practices for System Hacking Phases, including monitoring and least privilege.",Use an approach that contradicts the exam objective and ignores documented constraints.,"Deploy without monitoring, backup, or access controls required by the blueprint.",Mix controls from unrelated domains that do not address the stated objective.,A,MEDIUM,ceh|system-hacking|SH-3|medium|blueprint-seed,**Answer: A** — Malware threats and countermeasures. Review the official EC-Council exam guide (CEH v12) and linked documentation. Objective: SH-3.,https://www.eccouncil.org/programs/certified-ethical-hacker-ceh/
ceh,system-hacking,SH-3,CEH v12 — SH-3 (MEDIUM) #21,Which approach aligns with best practices when Malware threats and countermeasures in the context of Certified Ethical Hacker?,Use an approach that contradicts the exam objective and ignores documented constraints.,"Deploy without monitoring, backup, or access controls required by the blueprint.",Mix controls from unrelated domains that do not address the stated objective.,Apply the official System Hacking Phases guidance: Malware threats and countermeasures — this aligns with exam blueprint expectations and vendor documentation.,B,MEDIUM,ceh|system-hacking|SH-3|medium|blueprint-seed,**Answer: B** — Malware threats and countermeasures. Review the official EC-Council exam guide (CEH v12) and linked documentation. Objective: SH-3.,https://www.eccouncil.org/programs/certified-ethical-hacker-ceh/
ceh,system-hacking,SH-3,CEH v12 — SH-3 (MEDIUM) #22,"During a project review, stakeholders ask how to Malware threats and countermeasures in the context of Certified Ethical Hacker?","Deploy without monitoring, backup, or access controls required by the blueprint.",Mix controls from unrelated domains that do not address the stated objective.,"Follow the documented approach for Malware threats and countermeasures, using recommended services and controls per the exam guide.",Use an approach that contradicts the exam objective and ignores documented constraints.,C,MEDIUM,ceh|system-hacking|SH-3|medium|blueprint-seed,**Answer: C** — Malware threats and countermeasures. Review the official EC-Council exam guide (CEH v12) and linked documentation. Objective: SH-3.,https://www.eccouncil.org/programs/certified-ethical-hacker-ceh/
ceh,system-hacking,SH-3,CEH v12 — SH-3 (MEDIUM) #23,Which configuration satisfies requirements for Malware threats and countermeasures in the context of Certified Ethical Hacker?,Mix controls from unrelated domains that do not address the stated objective.,"Implement Malware threats and countermeasures using EC-Council best practices for System Hacking Phases, including monitoring and least privilege.",Use an approach that contradicts the exam objective and ignores documented constraints.,"Deploy without monitoring, backup, or access controls required by the blueprint.",D,MEDIUM,ceh|system-hacking|SH-3|medium|blueprint-seed,**Answer: D** — Malware threats and countermeasures. Review the official EC-Council exam guide (CEH v12) and linked documentation. Objective: SH-3.,https://www.eccouncil.org/programs/certified-ethical-hacker-ceh/
ceh,system-hacking,SH-3,CEH v12 — SH-3 (MEDIUM) #24,What is the recommended design when applying Malware threats and countermeasures in the context of Certified Ethical Hacker?,Apply the official System Hacking Phases guidance: Malware threats and countermeasures — this aligns with exam blueprint expectations and vendor documentation.,Use an approach that contradicts the exam objective and ignores documented constraints.,"Deploy without monitoring, backup, or access controls required by the blueprint.",Mix controls from unrelated domains that do not address the stated objective.,A,MEDIUM,ceh|system-hacking|SH-3|medium|blueprint-seed,**Answer: A** — Malware threats and countermeasures. Review the official EC-Council exam guide (CEH v12) and linked documentation. Objective: SH-3.,https://www.eccouncil.org/programs/certified-ethical-hacker-ceh/
ceh,system-hacking,SH-3,CEH v12 — SH-3 (MEDIUM) #25,A team must implement a solution for Malware threats and countermeasures in the context of Certified Ethical Hacker?,Use an approach that contradicts the exam objective and ignores documented constraints.,"Deploy without monitoring, backup, or access controls required by the blueprint.",Mix controls from unrelated domains that do not address the stated objective.,"Follow the documented approach for Malware threats and countermeasures, using recommended services and controls per the exam guide.",B,MEDIUM,ceh|system-hacking|SH-3|medium|blueprint-seed,**Answer: B** — Malware threats and countermeasures. Review the official EC-Council exam guide (CEH v12) and linked documentation. Objective: SH-3.,https://www.eccouncil.org/programs/certified-ethical-hacker-ceh/
ceh,system-hacking,SH-3,CEH v12 — SH-3 (MEDIUM) #26,Which approach aligns with best practices when Malware threats and countermeasures in the context of Certified Ethical Hacker?,"Deploy without monitoring, backup, or access controls required by the blueprint.",Mix controls from unrelated domains that do not address the stated objective.,"Implement Malware threats and countermeasures using EC-Council best practices for System Hacking Phases, including monitoring and least privilege.",Use an approach that contradicts the exam objective and ignores documented constraints.,C,MEDIUM,ceh|system-hacking|SH-3|medium|blueprint-seed,**Answer: C** — Malware threats and countermeasures. Review the official EC-Council exam guide (CEH v12) and linked documentation. Objective: SH-3.,https://www.eccouncil.org/programs/certified-ethical-hacker-ceh/
ceh,system-hacking,SH-3,CEH v12 — SH-3 (MEDIUM) #27,"During a project review, stakeholders ask how to Malware threats and countermeasures in the context of Certified Ethical Hacker?",Mix controls from unrelated domains that do not address the stated objective.,Apply the official System Hacking Phases guidance: Malware threats and countermeasures — this aligns with exam blueprint expectations and vendor documentation.,Use an approach that contradicts the exam objective and ignores documented constraints.,"Deploy without monitoring, backup, or access controls required by the blueprint.",D,MEDIUM,ceh|system-hacking|SH-3|medium|blueprint-seed,**Answer: D** — Malware threats and countermeasures. Review the official EC-Council exam guide (CEH v12) and linked documentation. Objective: SH-3.,https://www.eccouncil.org/programs/certified-ethical-hacker-ceh/
ceh,system-hacking,SH-3,CEH v12 — SH-3 (MEDIUM) #28,Which configuration satisfies requirements for Malware threats and countermeasures in the context of Certified Ethical Hacker?,"Follow the documented approach for Malware threats and countermeasures, using recommended services and controls per the exam guide.",Use an approach that contradicts the exam objective and ignores documented constraints.,"Deploy without monitoring, backup, or access controls required by the blueprint.",Mix controls from unrelated domains that do not address the stated objective.,A,MEDIUM,ceh|system-hacking|SH-3|medium|blueprint-seed,**Answer: A** — Malware threats and countermeasures. Review the official EC-Council exam guide (CEH v12) and linked documentation. Objective: SH-3.,https://www.eccouncil.org/programs/certified-ethical-hacker-ceh/
ceh,system-hacking,SH-3,CEH v12 — SH-3 (HARD) #29,A multi-team rollout must balance security and velocity for Malware threats and countermeasures for System Hacking Phases?,Use an approach that contradicts the exam objective and ignores documented constraints.,"Deploy without monitoring, backup, or access controls required by the blueprint.",Mix controls from unrelated domains that do not address the stated objective.,"Implement Malware threats and countermeasures using EC-Council best practices for System Hacking Phases, including monitoring and least privilege.",B,HARD,ceh|system-hacking|SH-3|hard|blueprint-seed,**Answer: B** — Malware threats and countermeasures. Review the official EC-Council exam guide (CEH v12) and linked documentation. Objective: SH-3.,https://www.eccouncil.org/programs/certified-ethical-hacker-ceh/
ceh,system-hacking,SH-3,CEH v12 — SH-3 (HARD) #30,An enterprise requires zero-downtime architecture while Malware threats and countermeasures for System Hacking Phases?,"Deploy without monitoring, backup, or access controls required by the blueprint.",Mix controls from unrelated domains that do not address the stated objective.,Apply the official System Hacking Phases guidance: Malware threats and countermeasures — this aligns with exam blueprint expectations and vendor documentation.,Use an approach that contradicts the exam objective and ignores documented constraints.,C,HARD,ceh|system-hacking|SH-3|hard|blueprint-seed,**Answer: C** — Malware threats and countermeasures. Review the official EC-Council exam guide (CEH v12) and linked documentation. Objective: SH-3.,https://www.eccouncil.org/programs/certified-ethical-hacker-ceh/
ceh,system-hacking,SH-3,CEH v12 — SH-3 (HARD) #31,"Given strict compliance, auditability, and multi-region constraints, how should you Malware threats and countermeasures for System Hacking Phases?",Mix controls from unrelated domains that do not address the stated objective.,"Follow the documented approach for Malware threats and countermeasures, using recommended services and controls per the exam guide.",Use an approach that contradicts the exam objective and ignores documented constraints.,"Deploy without monitoring, backup, or access controls required by the blueprint.",D,HARD,ceh|system-hacking|SH-3|hard|blueprint-seed,**Answer: D** — Malware threats and countermeasures. Review the official EC-Council exam guide (CEH v12) and linked documentation. Objective: SH-3.,https://www.eccouncil.org/programs/certified-ethical-hacker-ceh/
ceh,system-hacking,SH-3,CEH v12 — SH-3 (HARD) #32,A production incident involves trade-offs between cost and resilience for Malware threats and countermeasures for System Hacking Phases?,"Implement Malware threats and countermeasures using EC-Council best practices for System Hacking Phases, including monitoring and least privilege.",Use an approach that contradicts the exam objective and ignores documented constraints.,"Deploy without monitoring, backup, or access controls required by the blueprint.",Mix controls from unrelated domains that do not address the stated objective.,A,HARD,ceh|system-hacking|SH-3|hard|blueprint-seed,**Answer: A** — Malware threats and countermeasures. Review the official EC-Council exam guide (CEH v12) and linked documentation. Objective: SH-3.,https://www.eccouncil.org/programs/certified-ethical-hacker-ceh/
ceh,system-hacking,SH-3,CEH v12 — SH-3 (HARD) #33,Complex regulatory requirements demand that you Malware threats and countermeasures for System Hacking Phases?,Use an approach that contradicts the exam objective and ignores documented constraints.,"Deploy without monitoring, backup, or access controls required by the blueprint.",Mix controls from unrelated domains that do not address the stated objective.,Apply the official System Hacking Phases guidance: Malware threats and countermeasures — this aligns with exam blueprint expectations and vendor documentation.,B,HARD,ceh|system-hacking|SH-3|hard|blueprint-seed,**Answer: B** — Malware threats and countermeasures. Review the official EC-Council exam guide (CEH v12) and linked documentation. Objective: SH-3.,https://www.eccouncil.org/programs/certified-ethical-hacker-ceh/
ceh,system-hacking,SH-3,CEH v12 — SH-3 (HARD) #34,A multi-team rollout must balance security and velocity for Malware threats and countermeasures for System Hacking Phases?,"Deploy without monitoring, backup, or access controls required by the blueprint.",Mix controls from unrelated domains that do not address the stated objective.,"Follow the documented approach for Malware threats and countermeasures, using recommended services and controls per the exam guide.",Use an approach that contradicts the exam objective and ignores documented constraints.,C,HARD,ceh|system-hacking|SH-3|hard|blueprint-seed,**Answer: C** — Malware threats and countermeasures. Review the official EC-Council exam guide (CEH v12) and linked documentation. Objective: SH-3.,https://www.eccouncil.org/programs/certified-ethical-hacker-ceh/
ceh,system-hacking,SH-3,CEH v12 — SH-3 (HARD) #35,An enterprise requires zero-downtime architecture while Malware threats and countermeasures for System Hacking Phases?,Mix controls from unrelated domains that do not address the stated objective.,"Implement Malware threats and countermeasures using EC-Council best practices for System Hacking Phases, including monitoring and least privilege.",Use an approach that contradicts the exam objective and ignores documented constraints.,"Deploy without monitoring, backup, or access controls required by the blueprint.",D,HARD,ceh|system-hacking|SH-3|hard|blueprint-seed,**Answer: D** — Malware threats and countermeasures. Review the official EC-Council exam guide (CEH v12) and linked documentation. Objective: SH-3.,https://www.eccouncil.org/programs/certified-ethical-hacker-ceh/
ceh,system-hacking,SH-3,CEH v12 — SH-3 (HARD) #36,"Given strict compliance, auditability, and multi-region constraints, how should you Malware threats and countermeasures for System Hacking Phases?",Apply the official System Hacking Phases guidance: Malware threats and countermeasures — this aligns with exam blueprint expectations and vendor documentation.,Use an approach that contradicts the exam objective and ignores documented constraints.,"Deploy without monitoring, backup, or access controls required by the blueprint.",Mix controls from unrelated domains that do not address the stated objective.,A,HARD,ceh|system-hacking|SH-3|hard|blueprint-seed,**Answer: A** — Malware threats and countermeasures. Review the official EC-Council exam guide (CEH v12) and linked documentation. Objective: SH-3.,https://www.eccouncil.org/programs/certified-ethical-hacker-ceh/
ceh,system-hacking,SH-3,CEH v12 — SH-3 (HARD) #37,A production incident involves trade-offs between cost and resilience for Malware threats and countermeasures for System Hacking Phases?,Use an approach that contradicts the exam objective and ignores documented constraints.,"Deploy without monitoring, backup, or access controls required by the blueprint.",Mix controls from unrelated domains that do not address the stated objective.,"Follow the documented approach for Malware threats and countermeasures, using recommended services and controls per the exam guide.",B,HARD,ceh|system-hacking|SH-3|hard|blueprint-seed,**Answer: B** — Malware threats and countermeasures. Review the official EC-Council exam guide (CEH v12) and linked documentation. Objective: SH-3.,https://www.eccouncil.org/programs/certified-ethical-hacker-ceh/
ceh,system-hacking,SH-3,CEH v12 — SH-3 (HARD) #38,Complex regulatory requirements demand that you Malware threats and countermeasures for System Hacking Phases?,"Deploy without monitoring, backup, or access controls required by the blueprint.",Mix controls from unrelated domains that do not address the stated objective.,"Implement Malware threats and countermeasures using EC-Council best practices for System Hacking Phases, including monitoring and least privilege.",Use an approach that contradicts the exam objective and ignores documented constraints.,C,HARD,ceh|system-hacking|SH-3|hard|blueprint-seed,**Answer: C** — Malware threats and countermeasures. Review the official EC-Council exam guide (CEH v12) and linked documentation. Objective: SH-3.,https://www.eccouncil.org/programs/certified-ethical-hacker-ceh/
ceh,system-hacking,SH-3,CEH v12 — SH-3 (HARD) #39,A multi-team rollout must balance security and velocity for Malware threats and countermeasures for System Hacking Phases?,Mix controls from unrelated domains that do not address the stated objective.,Apply the official System Hacking Phases guidance: Malware threats and countermeasures — this aligns with exam blueprint expectations and vendor documentation.,Use an approach that contradicts the exam objective and ignores documented constraints.,"Deploy without monitoring, backup, or access controls required by the blueprint.",D,HARD,ceh|system-hacking|SH-3|hard|blueprint-seed,**Answer: D** — Malware threats and countermeasures. Review the official EC-Council exam guide (CEH v12) and linked documentation. Objective: SH-3.,https://www.eccouncil.org/programs/certified-ethical-hacker-ceh/
ceh,system-hacking,SH-3,CEH v12 — SH-3 (HARD) #40,An enterprise requires zero-downtime architecture while Malware threats and countermeasures for System Hacking Phases?,"Follow the documented approach for Malware threats and countermeasures, using recommended services and controls per the exam guide.",Use an approach that contradicts the exam objective and ignores documented constraints.,"Deploy without monitoring, backup, or access controls required by the blueprint.",Mix controls from unrelated domains that do not address the stated objective.,A,HARD,ceh|system-hacking|SH-3|hard|blueprint-seed,**Answer: A** — Malware threats and countermeasures. Review the official EC-Council exam guide (CEH v12) and linked documentation. Objective: SH-3.,https://www.eccouncil.org/programs/certified-ethical-hacker-ceh/
ceh,system-hacking,SH-3,CEH v12 — SH-3 (HARD) #41,"Given strict compliance, auditability, and multi-region constraints, how should you Malware threats and countermeasures for System Hacking Phases?",Use an approach that contradicts the exam objective and ignores documented constraints.,"Deploy without monitoring, backup, or access controls required by the blueprint.",Mix controls from unrelated domains that do not address the stated objective.,"Implement Malware threats and countermeasures using EC-Council best practices for System Hacking Phases, including monitoring and least privilege.",B,HARD,ceh|system-hacking|SH-3|hard|blueprint-seed,**Answer: B** — Malware threats and countermeasures. Review the official EC-Council exam guide (CEH v12) and linked documentation. Objective: SH-3.,https://www.eccouncil.org/programs/certified-ethical-hacker-ceh/
ceh,network-attacks,NA-1,CEH v12 — NA-1 (EASY) #1,What is the primary purpose of Sniffing and session hijacking?,Use an approach that contradicts the exam objective and ignores documented constraints.,"Deploy without monitoring, backup, or access controls required by the blueprint.",Mix controls from unrelated domains that do not address the stated objective.,"Follow the documented approach for Sniffing and session hijacking, using recommended services and controls per the exam guide.",B,EASY,ceh|network-attacks|NA-1|easy|blueprint-seed,**Answer: B** — Sniffing and session hijacking. Review the official EC-Council exam guide (CEH v12) and linked documentation. Objective: NA-1.,https://www.eccouncil.org/programs/certified-ethical-hacker-ceh/
ceh,network-attacks,NA-1,CEH v12 — NA-1 (EASY) #2,Which concept is fundamental to Sniffing and session hijacking?,"Deploy without monitoring, backup, or access controls required by the blueprint.",Mix controls from unrelated domains that do not address the stated objective.,"Implement Sniffing and session hijacking using EC-Council best practices for Network and Perimeter Hacking, including monitoring and least privilege.",Use an approach that contradicts the exam objective and ignores documented constraints.,C,EASY,ceh|network-attacks|NA-1|easy|blueprint-seed,**Answer: C** — Sniffing and session hijacking. Review the official EC-Council exam guide (CEH v12) and linked documentation. Objective: NA-1.,https://www.eccouncil.org/programs/certified-ethical-hacker-ceh/
ceh,network-attacks,NA-1,CEH v12 — NA-1 (EASY) #3,Identify the core principle behind Sniffing and session hijacking?,Mix controls from unrelated domains that do not address the stated objective.,Apply the official Network and Perimeter Hacking guidance: Sniffing and session hijacking — this aligns with exam blueprint expectations and vendor documentation.,Use an approach that contradicts the exam objective and ignores documented constraints.,"Deploy without monitoring, backup, or access controls required by the blueprint.",D,EASY,ceh|network-attacks|NA-1|easy|blueprint-seed,**Answer: D** — Sniffing and session hijacking. Review the official EC-Council exam guide (CEH v12) and linked documentation. Objective: NA-1.,https://www.eccouncil.org/programs/certified-ethical-hacker-ceh/
ceh,network-attacks,NA-1,CEH v12 — NA-1 (EASY) #4,Which description accurately reflects Sniffing and session hijacking?,"Follow the documented approach for Sniffing and session hijacking, using recommended services and controls per the exam guide.",Use an approach that contradicts the exam objective and ignores documented constraints.,"Deploy without monitoring, backup, or access controls required by the blueprint.",Mix controls from unrelated domains that do not address the stated objective.,A,EASY,ceh|network-attacks|NA-1|easy|blueprint-seed,**Answer: A** — Sniffing and session hijacking. Review the official EC-Council exam guide (CEH v12) and linked documentation. Objective: NA-1.,https://www.eccouncil.org/programs/certified-ethical-hacker-ceh/
ceh,network-attacks,NA-1,CEH v12 — NA-1 (EASY) #5,Which statement best defines the scope of Sniffing and session hijacking?,Use an approach that contradicts the exam objective and ignores documented constraints.,"Deploy without monitoring, backup, or access controls required by the blueprint.",Mix controls from unrelated domains that do not address the stated objective.,"Implement Sniffing and session hijacking using EC-Council best practices for Network and Perimeter Hacking, including monitoring and least privilege.",B,EASY,ceh|network-attacks|NA-1|easy|blueprint-seed,**Answer: B** — Sniffing and session hijacking. Review the official EC-Council exam guide (CEH v12) and linked documentation. Objective: NA-1.,https://www.eccouncil.org/programs/certified-ethical-hacker-ceh/
ceh,network-attacks,NA-1,CEH v12 — NA-1 (EASY) #6,What is the primary purpose of Sniffing and session hijacking?,"Deploy without monitoring, backup, or access controls required by the blueprint.",Mix controls from unrelated domains that do not address the stated objective.,Apply the official Network and Perimeter Hacking guidance: Sniffing and session hijacking — this aligns with exam blueprint expectations and vendor documentation.,Use an approach that contradicts the exam objective and ignores documented constraints.,C,EASY,ceh|network-attacks|NA-1|easy|blueprint-seed,**Answer: C** — Sniffing and session hijacking. Review the official EC-Council exam guide (CEH v12) and linked documentation. Objective: NA-1.,https://www.eccouncil.org/programs/certified-ethical-hacker-ceh/
ceh,network-attacks,NA-1,CEH v12 — NA-1 (EASY) #7,Which concept is fundamental to Sniffing and session hijacking?,Mix controls from unrelated domains that do not address the stated objective.,"Follow the documented approach for Sniffing and session hijacking, using recommended services and controls per the exam guide.",Use an approach that contradicts the exam objective and ignores documented constraints.,"Deploy without monitoring, backup, or access controls required by the blueprint.",D,EASY,ceh|network-attacks|NA-1|easy|blueprint-seed,**Answer: D** — Sniffing and session hijacking. Review the official EC-Council exam guide (CEH v12) and linked documentation. Objective: NA-1.,https://www.eccouncil.org/programs/certified-ethical-hacker-ceh/
ceh,network-attacks,NA-1,CEH v12 — NA-1 (EASY) #8,Identify the core principle behind Sniffing and session hijacking?,"Implement Sniffing and session hijacking using EC-Council best practices for Network and Perimeter Hacking, including monitoring and least privilege.",Use an approach that contradicts the exam objective and ignores documented constraints.,"Deploy without monitoring, backup, or access controls required by the blueprint.",Mix controls from unrelated domains that do not address the stated objective.,A,EASY,ceh|network-attacks|NA-1|easy|blueprint-seed,**Answer: A** — Sniffing and session hijacking. Review the official EC-Council exam guide (CEH v12) and linked documentation. Objective: NA-1.,https://www.eccouncil.org/programs/certified-ethical-hacker-ceh/
ceh,network-attacks,NA-1,CEH v12 — NA-1 (EASY) #9,Which description accurately reflects Sniffing and session hijacking?,Use an approach that contradicts the exam objective and ignores documented constraints.,"Deploy without monitoring, backup, or access controls required by the blueprint.",Mix controls from unrelated domains that do not address the stated objective.,Apply the official Network and Perimeter Hacking guidance: Sniffing and session hijacking — this aligns with exam blueprint expectations and vendor documentation.,B,EASY,ceh|network-attacks|NA-1|easy|blueprint-seed,**Answer: B** — Sniffing and session hijacking. Review the official EC-Council exam guide (CEH v12) and linked documentation. Objective: NA-1.,https://www.eccouncil.org/programs/certified-ethical-hacker-ceh/
ceh,network-attacks,NA-1,CEH v12 — NA-1 (EASY) #10,Which statement best defines the scope of Sniffing and session hijacking?,"Deploy without monitoring, backup, or access controls required by the blueprint.",Mix controls from unrelated domains that do not address the stated objective.,"Follow the documented approach for Sniffing and session hijacking, using recommended services and controls per the exam guide.",Use an approach that contradicts the exam objective and ignores documented constraints.,C,EASY,ceh|network-attacks|NA-1|easy|blueprint-seed,**Answer: C** — Sniffing and session hijacking. Review the official EC-Council exam guide (CEH v12) and linked documentation. Objective: NA-1.,https://www.eccouncil.org/programs/certified-ethical-hacker-ceh/
ceh,network-attacks,NA-1,CEH v12 — NA-1 (EASY) #11,What is the primary purpose of Sniffing and session hijacking?,Mix controls from unrelated domains that do not address the stated objective.,"Implement Sniffing and session hijacking using EC-Council best practices for Network and Perimeter Hacking, including monitoring and least privilege.",Use an approach that contradicts the exam objective and ignores documented constraints.,"Deploy without monitoring, backup, or access controls required by the blueprint.",D,EASY,ceh|network-attacks|NA-1|easy|blueprint-seed,**Answer: D** — Sniffing and session hijacking. Review the official EC-Council exam guide (CEH v12) and linked documentation. Objective: NA-1.,https://www.eccouncil.org/programs/certified-ethical-hacker-ceh/
ceh,network-attacks,NA-1,CEH v12 — NA-1 (EASY) #12,Which concept is fundamental to Sniffing and session hijacking?,Apply the official Network and Perimeter Hacking guidance: Sniffing and session hijacking — this aligns with exam blueprint expectations and vendor documentation.,Use an approach that contradicts the exam objective and ignores documented constraints.,"Deploy without monitoring, backup, or access controls required by the blueprint.",Mix controls from unrelated domains that do not address the stated objective.,A,EASY,ceh|network-attacks|NA-1|easy|blueprint-seed,**Answer: A** — Sniffing and session hijacking. Review the official EC-Council exam guide (CEH v12) and linked documentation. Objective: NA-1.,https://www.eccouncil.org/programs/certified-ethical-hacker-ceh/
ceh,network-attacks,NA-1,CEH v12 — NA-1 (EASY) #13,Identify the core principle behind Sniffing and session hijacking?,Use an approach that contradicts the exam objective and ignores documented constraints.,"Deploy without monitoring, backup, or access controls required by the blueprint.",Mix controls from unrelated domains that do not address the stated objective.,"Follow the documented approach for Sniffing and session hijacking, using recommended services and controls per the exam guide.",B,EASY,ceh|network-attacks|NA-1|easy|blueprint-seed,**Answer: B** — Sniffing and session hijacking. Review the official EC-Council exam guide (CEH v12) and linked documentation. Objective: NA-1.,https://www.eccouncil.org/programs/certified-ethical-hacker-ceh/
ceh,network-attacks,NA-1,CEH v12 — NA-1 (MEDIUM) #14,What is the recommended design when applying Sniffing and session hijacking in the context of Certified Ethical Hacker?,"Deploy without monitoring, backup, or access controls required by the blueprint.",Mix controls from unrelated domains that do not address the stated objective.,"Implement Sniffing and session hijacking using EC-Council best practices for Network and Perimeter Hacking, including monitoring and least privilege.",Use an approach that contradicts the exam objective and ignores documented constraints.,C,MEDIUM,ceh|network-attacks|NA-1|medium|blueprint-seed,**Answer: C** — Sniffing and session hijacking. Review the official EC-Council exam guide (CEH v12) and linked documentation. Objective: NA-1.,https://www.eccouncil.org/programs/certified-ethical-hacker-ceh/
ceh,network-attacks,NA-1,CEH v12 — NA-1 (MEDIUM) #15,A team must implement a solution for Sniffing and session hijacking in the context of Certified Ethical Hacker?,Mix controls from unrelated domains that do not address the stated objective.,Apply the official Network and Perimeter Hacking guidance: Sniffing and session hijacking — this aligns with exam blueprint expectations and vendor documentation.,Use an approach that contradicts the exam objective and ignores documented constraints.,"Deploy without monitoring, backup, or access controls required by the blueprint.",D,MEDIUM,ceh|network-attacks|NA-1|medium|blueprint-seed,**Answer: D** — Sniffing and session hijacking. Review the official EC-Council exam guide (CEH v12) and linked documentation. Objective: NA-1.,https://www.eccouncil.org/programs/certified-ethical-hacker-ceh/
ceh,network-attacks,NA-1,CEH v12 — NA-1 (MEDIUM) #16,Which approach aligns with best practices when Sniffing and session hijacking in the context of Certified Ethical Hacker?,"Follow the documented approach for Sniffing and session hijacking, using recommended services and controls per the exam guide.",Use an approach that contradicts the exam objective and ignores documented constraints.,"Deploy without monitoring, backup, or access controls required by the blueprint.",Mix controls from unrelated domains that do not address the stated objective.,A,MEDIUM,ceh|network-attacks|NA-1|medium|blueprint-seed,**Answer: A** — Sniffing and session hijacking. Review the official EC-Council exam guide (CEH v12) and linked documentation. Objective: NA-1.,https://www.eccouncil.org/programs/certified-ethical-hacker-ceh/
ceh,network-attacks,NA-1,CEH v12 — NA-1 (MEDIUM) #17,"During a project review, stakeholders ask how to Sniffing and session hijacking in the context of Certified Ethical Hacker?",Use an approach that contradicts the exam objective and ignores documented constraints.,"Deploy without monitoring, backup, or access controls required by the blueprint.",Mix controls from unrelated domains that do not address the stated objective.,"Implement Sniffing and session hijacking using EC-Council best practices for Network and Perimeter Hacking, including monitoring and least privilege.",B,MEDIUM,ceh|network-attacks|NA-1|medium|blueprint-seed,**Answer: B** — Sniffing and session hijacking. Review the official EC-Council exam guide (CEH v12) and linked documentation. Objective: NA-1.,https://www.eccouncil.org/programs/certified-ethical-hacker-ceh/
ceh,network-attacks,NA-1,CEH v12 — NA-1 (MEDIUM) #18,Which configuration satisfies requirements for Sniffing and session hijacking in the context of Certified Ethical Hacker?,"Deploy without monitoring, backup, or access controls required by the blueprint.",Mix controls from unrelated domains that do not address the stated objective.,Apply the official Network and Perimeter Hacking guidance: Sniffing and session hijacking — this aligns with exam blueprint expectations and vendor documentation.,Use an approach that contradicts the exam objective and ignores documented constraints.,C,MEDIUM,ceh|network-attacks|NA-1|medium|blueprint-seed,**Answer: C** — Sniffing and session hijacking. Review the official EC-Council exam guide (CEH v12) and linked documentation. Objective: NA-1.,https://www.eccouncil.org/programs/certified-ethical-hacker-ceh/
ceh,network-attacks,NA-1,CEH v12 — NA-1 (MEDIUM) #19,What is the recommended design when applying Sniffing and session hijacking in the context of Certified Ethical Hacker?,Mix controls from unrelated domains that do not address the stated objective.,"Follow the documented approach for Sniffing and session hijacking, using recommended services and controls per the exam guide.",Use an approach that contradicts the exam objective and ignores documented constraints.,"Deploy without monitoring, backup, or access controls required by the blueprint.",D,MEDIUM,ceh|network-attacks|NA-1|medium|blueprint-seed,**Answer: D** — Sniffing and session hijacking. Review the official EC-Council exam guide (CEH v12) and linked documentation. Objective: NA-1.,https://www.eccouncil.org/programs/certified-ethical-hacker-ceh/
ceh,network-attacks,NA-1,CEH v12 — NA-1 (MEDIUM) #20,A team must implement a solution for Sniffing and session hijacking in the context of Certified Ethical Hacker?,"Implement Sniffing and session hijacking using EC-Council best practices for Network and Perimeter Hacking, including monitoring and least privilege.",Use an approach that contradicts the exam objective and ignores documented constraints.,"Deploy without monitoring, backup, or access controls required by the blueprint.",Mix controls from unrelated domains that do not address the stated objective.,A,MEDIUM,ceh|network-attacks|NA-1|medium|blueprint-seed,**Answer: A** — Sniffing and session hijacking. Review the official EC-Council exam guide (CEH v12) and linked documentation. Objective: NA-1.,https://www.eccouncil.org/programs/certified-ethical-hacker-ceh/
ceh,network-attacks,NA-1,CEH v12 — NA-1 (MEDIUM) #21,Which approach aligns with best practices when Sniffing and session hijacking in the context of Certified Ethical Hacker?,Use an approach that contradicts the exam objective and ignores documented constraints.,"Deploy without monitoring, backup, or access controls required by the blueprint.",Mix controls from unrelated domains that do not address the stated objective.,Apply the official Network and Perimeter Hacking guidance: Sniffing and session hijacking — this aligns with exam blueprint expectations and vendor documentation.,B,MEDIUM,ceh|network-attacks|NA-1|medium|blueprint-seed,**Answer: B** — Sniffing and session hijacking. Review the official EC-Council exam guide (CEH v12) and linked documentation. Objective: NA-1.,https://www.eccouncil.org/programs/certified-ethical-hacker-ceh/
ceh,network-attacks,NA-1,CEH v12 — NA-1 (MEDIUM) #22,"During a project review, stakeholders ask how to Sniffing and session hijacking in the context of Certified Ethical Hacker?","Deploy without monitoring, backup, or access controls required by the blueprint.",Mix controls from unrelated domains that do not address the stated objective.,"Follow the documented approach for Sniffing and session hijacking, using recommended services and controls per the exam guide.",Use an approach that contradicts the exam objective and ignores documented constraints.,C,MEDIUM,ceh|network-attacks|NA-1|medium|blueprint-seed,**Answer: C** — Sniffing and session hijacking. Review the official EC-Council exam guide (CEH v12) and linked documentation. Objective: NA-1.,https://www.eccouncil.org/programs/certified-ethical-hacker-ceh/
ceh,network-attacks,NA-1,CEH v12 — NA-1 (MEDIUM) #23,Which configuration satisfies requirements for Sniffing and session hijacking in the context of Certified Ethical Hacker?,Mix controls from unrelated domains that do not address the stated objective.,"Implement Sniffing and session hijacking using EC-Council best practices for Network and Perimeter Hacking, including monitoring and least privilege.",Use an approach that contradicts the exam objective and ignores documented constraints.,"Deploy without monitoring, backup, or access controls required by the blueprint.",D,MEDIUM,ceh|network-attacks|NA-1|medium|blueprint-seed,**Answer: D** — Sniffing and session hijacking. Review the official EC-Council exam guide (CEH v12) and linked documentation. Objective: NA-1.,https://www.eccouncil.org/programs/certified-ethical-hacker-ceh/
ceh,network-attacks,NA-1,CEH v12 — NA-1 (MEDIUM) #24,What is the recommended design when applying Sniffing and session hijacking in the context of Certified Ethical Hacker?,Apply the official Network and Perimeter Hacking guidance: Sniffing and session hijacking — this aligns with exam blueprint expectations and vendor documentation.,Use an approach that contradicts the exam objective and ignores documented constraints.,"Deploy without monitoring, backup, or access controls required by the blueprint.",Mix controls from unrelated domains that do not address the stated objective.,A,MEDIUM,ceh|network-attacks|NA-1|medium|blueprint-seed,**Answer: A** — Sniffing and session hijacking. Review the official EC-Council exam guide (CEH v12) and linked documentation. Objective: NA-1.,https://www.eccouncil.org/programs/certified-ethical-hacker-ceh/
ceh,network-attacks,NA-1,CEH v12 — NA-1 (MEDIUM) #25,A team must implement a solution for Sniffing and session hijacking in the context of Certified Ethical Hacker?,Use an approach that contradicts the exam objective and ignores documented constraints.,"Deploy without monitoring, backup, or access controls required by the blueprint.",Mix controls from unrelated domains that do not address the stated objective.,"Follow the documented approach for Sniffing and session hijacking, using recommended services and controls per the exam guide.",B,MEDIUM,ceh|network-attacks|NA-1|medium|blueprint-seed,**Answer: B** — Sniffing and session hijacking. Review the official EC-Council exam guide (CEH v12) and linked documentation. Objective: NA-1.,https://www.eccouncil.org/programs/certified-ethical-hacker-ceh/
ceh,network-attacks,NA-1,CEH v12 — NA-1 (MEDIUM) #26,Which approach aligns with best practices when Sniffing and session hijacking in the context of Certified Ethical Hacker?,"Deploy without monitoring, backup, or access controls required by the blueprint.",Mix controls from unrelated domains that do not address the stated objective.,"Implement Sniffing and session hijacking using EC-Council best practices for Network and Perimeter Hacking, including monitoring and least privilege.",Use an approach that contradicts the exam objective and ignores documented constraints.,C,MEDIUM,ceh|network-attacks|NA-1|medium|blueprint-seed,**Answer: C** — Sniffing and session hijacking. Review the official EC-Council exam guide (CEH v12) and linked documentation. Objective: NA-1.,https://www.eccouncil.org/programs/certified-ethical-hacker-ceh/
ceh,network-attacks,NA-1,CEH v12 — NA-1 (MEDIUM) #27,"During a project review, stakeholders ask how to Sniffing and session hijacking in the context of Certified Ethical Hacker?",Mix controls from unrelated domains that do not address the stated objective.,Apply the official Network and Perimeter Hacking guidance: Sniffing and session hijacking — this aligns with exam blueprint expectations and vendor documentation.,Use an approach that contradicts the exam objective and ignores documented constraints.,"Deploy without monitoring, backup, or access controls required by the blueprint.",D,MEDIUM,ceh|network-attacks|NA-1|medium|blueprint-seed,**Answer: D** — Sniffing and session hijacking. Review the official EC-Council exam guide (CEH v12) and linked documentation. Objective: NA-1.,https://www.eccouncil.org/programs/certified-ethical-hacker-ceh/
ceh,network-attacks,NA-1,CEH v12 — NA-1 (MEDIUM) #28,Which configuration satisfies requirements for Sniffing and session hijacking in the context of Certified Ethical Hacker?,"Follow the documented approach for Sniffing and session hijacking, using recommended services and controls per the exam guide.",Use an approach that contradicts the exam objective and ignores documented constraints.,"Deploy without monitoring, backup, or access controls required by the blueprint.",Mix controls from unrelated domains that do not address the stated objective.,A,MEDIUM,ceh|network-attacks|NA-1|medium|blueprint-seed,**Answer: A** — Sniffing and session hijacking. Review the official EC-Council exam guide (CEH v12) and linked documentation. Objective: NA-1.,https://www.eccouncil.org/programs/certified-ethical-hacker-ceh/
ceh,network-attacks,NA-1,CEH v12 — NA-1 (MEDIUM) #29,What is the recommended design when applying Sniffing and session hijacking in the context of Certified Ethical Hacker?,Use an approach that contradicts the exam objective and ignores documented constraints.,"Deploy without monitoring, backup, or access controls required by the blueprint.",Mix controls from unrelated domains that do not address the stated objective.,"Implement Sniffing and session hijacking using EC-Council best practices for Network and Perimeter Hacking, including monitoring and least privilege.",B,MEDIUM,ceh|network-attacks|NA-1|medium|blueprint-seed,**Answer: B** — Sniffing and session hijacking. Review the official EC-Council exam guide (CEH v12) and linked documentation. Objective: NA-1.,https://www.eccouncil.org/programs/certified-ethical-hacker-ceh/
ceh,network-attacks,NA-1,CEH v12 — NA-1 (MEDIUM) #30,A team must implement a solution for Sniffing and session hijacking in the context of Certified Ethical Hacker?,"Deploy without monitoring, backup, or access controls required by the blueprint.",Mix controls from unrelated domains that do not address the stated objective.,Apply the official Network and Perimeter Hacking guidance: Sniffing and session hijacking — this aligns with exam blueprint expectations and vendor documentation.,Use an approach that contradicts the exam objective and ignores documented constraints.,C,MEDIUM,ceh|network-attacks|NA-1|medium|blueprint-seed,**Answer: C** — Sniffing and session hijacking. Review the official EC-Council exam guide (CEH v12) and linked documentation. Objective: NA-1.,https://www.eccouncil.org/programs/certified-ethical-hacker-ceh/
ceh,network-attacks,NA-1,CEH v12 — NA-1 (HARD) #31,"Given strict compliance, auditability, and multi-region constraints, how should you Sniffing and session hijacking for Network and Perimeter Hacking?",Mix controls from unrelated domains that do not address the stated objective.,"Follow the documented approach for Sniffing and session hijacking, using recommended services and controls per the exam guide.",Use an approach that contradicts the exam objective and ignores documented constraints.,"Deploy without monitoring, backup, or access controls required by the blueprint.",D,HARD,ceh|network-attacks|NA-1|hard|blueprint-seed,**Answer: D** — Sniffing and session hijacking. Review the official EC-Council exam guide (CEH v12) and linked documentation. Objective: NA-1.,https://www.eccouncil.org/programs/certified-ethical-hacker-ceh/
ceh,network-attacks,NA-1,CEH v12 — NA-1 (HARD) #32,A production incident involves trade-offs between cost and resilience for Sniffing and session hijacking for Network and Perimeter Hacking?,"Implement Sniffing and session hijacking using EC-Council best practices for Network and Perimeter Hacking, including monitoring and least privilege.",Use an approach that contradicts the exam objective and ignores documented constraints.,"Deploy without monitoring, backup, or access controls required by the blueprint.",Mix controls from unrelated domains that do not address the stated objective.,A,HARD,ceh|network-attacks|NA-1|hard|blueprint-seed,**Answer: A** — Sniffing and session hijacking. Review the official EC-Council exam guide (CEH v12) and linked documentation. Objective: NA-1.,https://www.eccouncil.org/programs/certified-ethical-hacker-ceh/
ceh,network-attacks,NA-1,CEH v12 — NA-1 (HARD) #33,Complex regulatory requirements demand that you Sniffing and session hijacking for Network and Perimeter Hacking?,Use an approach that contradicts the exam objective and ignores documented constraints.,"Deploy without monitoring, backup, or access controls required by the blueprint.",Mix controls from unrelated domains that do not address the stated objective.,Apply the official Network and Perimeter Hacking guidance: Sniffing and session hijacking — this aligns with exam blueprint expectations and vendor documentation.,B,HARD,ceh|network-attacks|NA-1|hard|blueprint-seed,**Answer: B** — Sniffing and session hijacking. Review the official EC-Council exam guide (CEH v12) and linked documentation. Objective: NA-1.,https://www.eccouncil.org/programs/certified-ethical-hacker-ceh/
ceh,network-attacks,NA-1,CEH v12 — NA-1 (HARD) #34,A multi-team rollout must balance security and velocity for Sniffing and session hijacking for Network and Perimeter Hacking?,"Deploy without monitoring, backup, or access controls required by the blueprint.",Mix controls from unrelated domains that do not address the stated objective.,"Follow the documented approach for Sniffing and session hijacking, using recommended services and controls per the exam guide.",Use an approach that contradicts the exam objective and ignores documented constraints.,C,HARD,ceh|network-attacks|NA-1|hard|blueprint-seed,**Answer: C** — Sniffing and session hijacking. Review the official EC-Council exam guide (CEH v12) and linked documentation. Objective: NA-1.,https://www.eccouncil.org/programs/certified-ethical-hacker-ceh/
ceh,network-attacks,NA-1,CEH v12 — NA-1 (HARD) #35,An enterprise requires zero-downtime architecture while Sniffing and session hijacking for Network and Perimeter Hacking?,Mix controls from unrelated domains that do not address the stated objective.,"Implement Sniffing and session hijacking using EC-Council best practices for Network and Perimeter Hacking, including monitoring and least privilege.",Use an approach that contradicts the exam objective and ignores documented constraints.,"Deploy without monitoring, backup, or access controls required by the blueprint.",D,HARD,ceh|network-attacks|NA-1|hard|blueprint-seed,**Answer: D** — Sniffing and session hijacking. Review the official EC-Council exam guide (CEH v12) and linked documentation. Objective: NA-1.,https://www.eccouncil.org/programs/certified-ethical-hacker-ceh/
ceh,network-attacks,NA-1,CEH v12 — NA-1 (HARD) #36,"Given strict compliance, auditability, and multi-region constraints, how should you Sniffing and session hijacking for Network and Perimeter Hacking?",Apply the official Network and Perimeter Hacking guidance: Sniffing and session hijacking — this aligns with exam blueprint expectations and vendor documentation.,Use an approach that contradicts the exam objective and ignores documented constraints.,"Deploy without monitoring, backup, or access controls required by the blueprint.",Mix controls from unrelated domains that do not address the stated objective.,A,HARD,ceh|network-attacks|NA-1|hard|blueprint-seed,**Answer: A** — Sniffing and session hijacking. Review the official EC-Council exam guide (CEH v12) and linked documentation. Objective: NA-1.,https://www.eccouncil.org/programs/certified-ethical-hacker-ceh/
ceh,network-attacks,NA-1,CEH v12 — NA-1 (HARD) #37,A production incident involves trade-offs between cost and resilience for Sniffing and session hijacking for Network and Perimeter Hacking?,Use an approach that contradicts the exam objective and ignores documented constraints.,"Deploy without monitoring, backup, or access controls required by the blueprint.",Mix controls from unrelated domains that do not address the stated objective.,"Follow the documented approach for Sniffing and session hijacking, using recommended services and controls per the exam guide.",B,HARD,ceh|network-attacks|NA-1|hard|blueprint-seed,**Answer: B** — Sniffing and session hijacking. Review the official EC-Council exam guide (CEH v12) and linked documentation. Objective: NA-1.,https://www.eccouncil.org/programs/certified-ethical-hacker-ceh/
ceh,network-attacks,NA-1,CEH v12 — NA-1 (HARD) #38,Complex regulatory requirements demand that you Sniffing and session hijacking for Network and Perimeter Hacking?,"Deploy without monitoring, backup, or access controls required by the blueprint.",Mix controls from unrelated domains that do not address the stated objective.,"Implement Sniffing and session hijacking using EC-Council best practices for Network and Perimeter Hacking, including monitoring and least privilege.",Use an approach that contradicts the exam objective and ignores documented constraints.,C,HARD,ceh|network-attacks|NA-1|hard|blueprint-seed,**Answer: C** — Sniffing and session hijacking. Review the official EC-Council exam guide (CEH v12) and linked documentation. Objective: NA-1.,https://www.eccouncil.org/programs/certified-ethical-hacker-ceh/
ceh,network-attacks,NA-1,CEH v12 — NA-1 (HARD) #39,A multi-team rollout must balance security and velocity for Sniffing and session hijacking for Network and Perimeter Hacking?,Mix controls from unrelated domains that do not address the stated objective.,Apply the official Network and Perimeter Hacking guidance: Sniffing and session hijacking — this aligns with exam blueprint expectations and vendor documentation.,Use an approach that contradicts the exam objective and ignores documented constraints.,"Deploy without monitoring, backup, or access controls required by the blueprint.",D,HARD,ceh|network-attacks|NA-1|hard|blueprint-seed,**Answer: D** — Sniffing and session hijacking. Review the official EC-Council exam guide (CEH v12) and linked documentation. Objective: NA-1.,https://www.eccouncil.org/programs/certified-ethical-hacker-ceh/
ceh,network-attacks,NA-1,CEH v12 — NA-1 (HARD) #40,An enterprise requires zero-downtime architecture while Sniffing and session hijacking for Network and Perimeter Hacking?,"Follow the documented approach for Sniffing and session hijacking, using recommended services and controls per the exam guide.",Use an approach that contradicts the exam objective and ignores documented constraints.,"Deploy without monitoring, backup, or access controls required by the blueprint.",Mix controls from unrelated domains that do not address the stated objective.,A,HARD,ceh|network-attacks|NA-1|hard|blueprint-seed,**Answer: A** — Sniffing and session hijacking. Review the official EC-Council exam guide (CEH v12) and linked documentation. Objective: NA-1.,https://www.eccouncil.org/programs/certified-ethical-hacker-ceh/
ceh,network-attacks,NA-1,CEH v12 — NA-1 (HARD) #41,"Given strict compliance, auditability, and multi-region constraints, how should you Sniffing and session hijacking for Network and Perimeter Hacking?",Use an approach that contradicts the exam objective and ignores documented constraints.,"Deploy without monitoring, backup, or access controls required by the blueprint.",Mix controls from unrelated domains that do not address the stated objective.,"Implement Sniffing and session hijacking using EC-Council best practices for Network and Perimeter Hacking, including monitoring and least privilege.",B,HARD,ceh|network-attacks|NA-1|hard|blueprint-seed,**Answer: B** — Sniffing and session hijacking. Review the official EC-Council exam guide (CEH v12) and linked documentation. Objective: NA-1.,https://www.eccouncil.org/programs/certified-ethical-hacker-ceh/
ceh,network-attacks,NA-1,CEH v12 — NA-1 (HARD) #42,A production incident involves trade-offs between cost and resilience for Sniffing and session hijacking for Network and Perimeter Hacking?,"Deploy without monitoring, backup, or access controls required by the blueprint.",Mix controls from unrelated domains that do not address the stated objective.,Apply the official Network and Perimeter Hacking guidance: Sniffing and session hijacking — this aligns with exam blueprint expectations and vendor documentation.,Use an approach that contradicts the exam objective and ignores documented constraints.,C,HARD,ceh|network-attacks|NA-1|hard|blueprint-seed,**Answer: C** — Sniffing and session hijacking. Review the official EC-Council exam guide (CEH v12) and linked documentation. Objective: NA-1.,https://www.eccouncil.org/programs/certified-ethical-hacker-ceh/
ceh,network-attacks,NA-2,CEH v12 — NA-2 (EASY) #1,"What is the primary purpose of Evading IDS, firewalls, and honeypots?",Use an approach that contradicts the exam objective and ignores documented constraints.,"Deploy without monitoring, backup, or access controls required by the blueprint.",Mix controls from unrelated domains that do not address the stated objective.,"Follow the documented approach for Evading IDS, firewalls, and honeypots, using recommended services and controls per the exam guide.",B,EASY,ceh|network-attacks|NA-2|easy|blueprint-seed,"**Answer: B** — Evading IDS, firewalls, and honeypots. Review the official EC-Council exam guide (CEH v12) and linked documentation. Objective: NA-2.",https://www.eccouncil.org/programs/certified-ethical-hacker-ceh/
ceh,network-attacks,NA-2,CEH v12 — NA-2 (EASY) #2,"Which concept is fundamental to Evading IDS, firewalls, and honeypots?","Deploy without monitoring, backup, or access controls required by the blueprint.",Mix controls from unrelated domains that do not address the stated objective.,"Implement Evading IDS, firewalls, and honeypots using EC-Council best practices for Network and Perimeter Hacking, including monitoring and least privilege.",Use an approach that contradicts the exam objective and ignores documented constraints.,C,EASY,ceh|network-attacks|NA-2|easy|blueprint-seed,"**Answer: C** — Evading IDS, firewalls, and honeypots. Review the official EC-Council exam guide (CEH v12) and linked documentation. Objective: NA-2.",https://www.eccouncil.org/programs/certified-ethical-hacker-ceh/
ceh,network-attacks,NA-2,CEH v12 — NA-2 (EASY) #3,"Identify the core principle behind Evading IDS, firewalls, and honeypots?",Mix controls from unrelated domains that do not address the stated objective.,"Apply the official Network and Perimeter Hacking guidance: Evading IDS, firewalls, and honeypots — this aligns with exam blueprint expectations and vendor documentation.",Use an approach that contradicts the exam objective and ignores documented constraints.,"Deploy without monitoring, backup, or access controls required by the blueprint.",D,EASY,ceh|network-attacks|NA-2|easy|blueprint-seed,"**Answer: D** — Evading IDS, firewalls, and honeypots. Review the official EC-Council exam guide (CEH v12) and linked documentation. Objective: NA-2.",https://www.eccouncil.org/programs/certified-ethical-hacker-ceh/
ceh,network-attacks,NA-2,CEH v12 — NA-2 (EASY) #4,"Which description accurately reflects Evading IDS, firewalls, and honeypots?","Follow the documented approach for Evading IDS, firewalls, and honeypots, using recommended services and controls per the exam guide.",Use an approach that contradicts the exam objective and ignores documented constraints.,"Deploy without monitoring, backup, or access controls required by the blueprint.",Mix controls from unrelated domains that do not address the stated objective.,A,EASY,ceh|network-attacks|NA-2|easy|blueprint-seed,"**Answer: A** — Evading IDS, firewalls, and honeypots. Review the official EC-Council exam guide (CEH v12) and linked documentation. Objective: NA-2.",https://www.eccouncil.org/programs/certified-ethical-hacker-ceh/
ceh,network-attacks,NA-2,CEH v12 — NA-2 (EASY) #5,"Which statement best defines the scope of Evading IDS, firewalls, and honeypots?",Use an approach that contradicts the exam objective and ignores documented constraints.,"Deploy without monitoring, backup, or access controls required by the blueprint.",Mix controls from unrelated domains that do not address the stated objective.,"Implement Evading IDS, firewalls, and honeypots using EC-Council best practices for Network and Perimeter Hacking, including monitoring and least privilege.",B,EASY,ceh|network-attacks|NA-2|easy|blueprint-seed,"**Answer: B** — Evading IDS, firewalls, and honeypots. Review the official EC-Council exam guide (CEH v12) and linked documentation. Objective: NA-2.",https://www.eccouncil.org/programs/certified-ethical-hacker-ceh/
ceh,network-attacks,NA-2,CEH v12 — NA-2 (EASY) #6,"What is the primary purpose of Evading IDS, firewalls, and honeypots?","Deploy without monitoring, backup, or access controls required by the blueprint.",Mix controls from unrelated domains that do not address the stated objective.,"Apply the official Network and Perimeter Hacking guidance: Evading IDS, firewalls, and honeypots — this aligns with exam blueprint expectations and vendor documentation.",Use an approach that contradicts the exam objective and ignores documented constraints.,C,EASY,ceh|network-attacks|NA-2|easy|blueprint-seed,"**Answer: C** — Evading IDS, firewalls, and honeypots. Review the official EC-Council exam guide (CEH v12) and linked documentation. Objective: NA-2.",https://www.eccouncil.org/programs/certified-ethical-hacker-ceh/
ceh,network-attacks,NA-2,CEH v12 — NA-2 (EASY) #7,"Which concept is fundamental to Evading IDS, firewalls, and honeypots?",Mix controls from unrelated domains that do not address the stated objective.,"Follow the documented approach for Evading IDS, firewalls, and honeypots, using recommended services and controls per the exam guide.",Use an approach that contradicts the exam objective and ignores documented constraints.,"Deploy without monitoring, backup, or access controls required by the blueprint.",D,EASY,ceh|network-attacks|NA-2|easy|blueprint-seed,"**Answer: D** — Evading IDS, firewalls, and honeypots. Review the official EC-Council exam guide (CEH v12) and linked documentation. Objective: NA-2.",https://www.eccouncil.org/programs/certified-ethical-hacker-ceh/
ceh,network-attacks,NA-2,CEH v12 — NA-2 (EASY) #8,"Identify the core principle behind Evading IDS, firewalls, and honeypots?","Implement Evading IDS, firewalls, and honeypots using EC-Council best practices for Network and Perimeter Hacking, including monitoring and least privilege.",Use an approach that contradicts the exam objective and ignores documented constraints.,"Deploy without monitoring, backup, or access controls required by the blueprint.",Mix controls from unrelated domains that do not address the stated objective.,A,EASY,ceh|network-attacks|NA-2|easy|blueprint-seed,"**Answer: A** — Evading IDS, firewalls, and honeypots. Review the official EC-Council exam guide (CEH v12) and linked documentation. Objective: NA-2.",https://www.eccouncil.org/programs/certified-ethical-hacker-ceh/
ceh,network-attacks,NA-2,CEH v12 — NA-2 (EASY) #9,"Which description accurately reflects Evading IDS, firewalls, and honeypots?",Use an approach that contradicts the exam objective and ignores documented constraints.,"Deploy without monitoring, backup, or access controls required by the blueprint.",Mix controls from unrelated domains that do not address the stated objective.,"Apply the official Network and Perimeter Hacking guidance: Evading IDS, firewalls, and honeypots — this aligns with exam blueprint expectations and vendor documentation.",B,EASY,ceh|network-attacks|NA-2|easy|blueprint-seed,"**Answer: B** — Evading IDS, firewalls, and honeypots. Review the official EC-Council exam guide (CEH v12) and linked documentation. Objective: NA-2.",https://www.eccouncil.org/programs/certified-ethical-hacker-ceh/
ceh,network-attacks,NA-2,CEH v12 — NA-2 (EASY) #10,"Which statement best defines the scope of Evading IDS, firewalls, and honeypots?","Deploy without monitoring, backup, or access controls required by the blueprint.",Mix controls from unrelated domains that do not address the stated objective.,"Follow the documented approach for Evading IDS, firewalls, and honeypots, using recommended services and controls per the exam guide.",Use an approach that contradicts the exam objective and ignores documented constraints.,C,EASY,ceh|network-attacks|NA-2|easy|blueprint-seed,"**Answer: C** — Evading IDS, firewalls, and honeypots. Review the official EC-Council exam guide (CEH v12) and linked documentation. Objective: NA-2.",https://www.eccouncil.org/programs/certified-ethical-hacker-ceh/
ceh,network-attacks,NA-2,CEH v12 — NA-2 (EASY) #11,"What is the primary purpose of Evading IDS, firewalls, and honeypots?",Mix controls from unrelated domains that do not address the stated objective.,"Implement Evading IDS, firewalls, and honeypots using EC-Council best practices for Network and Perimeter Hacking, including monitoring and least privilege.",Use an approach that contradicts the exam objective and ignores documented constraints.,"Deploy without monitoring, backup, or access controls required by the blueprint.",D,EASY,ceh|network-attacks|NA-2|easy|blueprint-seed,"**Answer: D** — Evading IDS, firewalls, and honeypots. Review the official EC-Council exam guide (CEH v12) and linked documentation. Objective: NA-2.",https://www.eccouncil.org/programs/certified-ethical-hacker-ceh/
ceh,network-attacks,NA-2,CEH v12 — NA-2 (EASY) #12,"Which concept is fundamental to Evading IDS, firewalls, and honeypots?","Apply the official Network and Perimeter Hacking guidance: Evading IDS, firewalls, and honeypots — this aligns with exam blueprint expectations and vendor documentation.",Use an approach that contradicts the exam objective and ignores documented constraints.,"Deploy without monitoring, backup, or access controls required by the blueprint.",Mix controls from unrelated domains that do not address the stated objective.,A,EASY,ceh|network-attacks|NA-2|easy|blueprint-seed,"**Answer: A** — Evading IDS, firewalls, and honeypots. Review the official EC-Council exam guide (CEH v12) and linked documentation. Objective: NA-2.",https://www.eccouncil.org/programs/certified-ethical-hacker-ceh/
ceh,network-attacks,NA-2,CEH v12 — NA-2 (EASY) #13,"Identify the core principle behind Evading IDS, firewalls, and honeypots?",Use an approach that contradicts the exam objective and ignores documented constraints.,"Deploy without monitoring, backup, or access controls required by the blueprint.",Mix controls from unrelated domains that do not address the stated objective.,"Follow the documented approach for Evading IDS, firewalls, and honeypots, using recommended services and controls per the exam guide.",B,EASY,ceh|network-attacks|NA-2|easy|blueprint-seed,"**Answer: B** — Evading IDS, firewalls, and honeypots. Review the official EC-Council exam guide (CEH v12) and linked documentation. Objective: NA-2.",https://www.eccouncil.org/programs/certified-ethical-hacker-ceh/
ceh,network-attacks,NA-2,CEH v12 — NA-2 (MEDIUM) #14,"What is the recommended design when applying Evading IDS, firewalls, and honeypots in the context of Certified Ethical Hacker?","Deploy without monitoring, backup, or access controls required by the blueprint.",Mix controls from unrelated domains that do not address the stated objective.,"Implement Evading IDS, firewalls, and honeypots using EC-Council best practices for Network and Perimeter Hacking, including monitoring and least privilege.",Use an approach that contradicts the exam objective and ignores documented constraints.,C,MEDIUM,ceh|network-attacks|NA-2|medium|blueprint-seed,"**Answer: C** — Evading IDS, firewalls, and honeypots. Review the official EC-Council exam guide (CEH v12) and linked documentation. Objective: NA-2.",https://www.eccouncil.org/programs/certified-ethical-hacker-ceh/
ceh,network-attacks,NA-2,CEH v12 — NA-2 (MEDIUM) #15,"A team must implement a solution for Evading IDS, firewalls, and honeypots in the context of Certified Ethical Hacker?",Mix controls from unrelated domains that do not address the stated objective.,"Apply the official Network and Perimeter Hacking guidance: Evading IDS, firewalls, and honeypots — this aligns with exam blueprint expectations and vendor documentation.",Use an approach that contradicts the exam objective and ignores documented constraints.,"Deploy without monitoring, backup, or access controls required by the blueprint.",D,MEDIUM,ceh|network-attacks|NA-2|medium|blueprint-seed,"**Answer: D** — Evading IDS, firewalls, and honeypots. Review the official EC-Council exam guide (CEH v12) and linked documentation. Objective: NA-2.",https://www.eccouncil.org/programs/certified-ethical-hacker-ceh/
ceh,network-attacks,NA-2,CEH v12 — NA-2 (MEDIUM) #16,"Which approach aligns with best practices when Evading IDS, firewalls, and honeypots in the context of Certified Ethical Hacker?","Follow the documented approach for Evading IDS, firewalls, and honeypots, using recommended services and controls per the exam guide.",Use an approach that contradicts the exam objective and ignores documented constraints.,"Deploy without monitoring, backup, or access controls required by the blueprint.",Mix controls from unrelated domains that do not address the stated objective.,A,MEDIUM,ceh|network-attacks|NA-2|medium|blueprint-seed,"**Answer: A** — Evading IDS, firewalls, and honeypots. Review the official EC-Council exam guide (CEH v12) and linked documentation. Objective: NA-2.",https://www.eccouncil.org/programs/certified-ethical-hacker-ceh/
ceh,network-attacks,NA-2,CEH v12 — NA-2 (MEDIUM) #17,"During a project review, stakeholders ask how to Evading IDS, firewalls, and honeypots in the context of Certified Ethical Hacker?",Use an approach that contradicts the exam objective and ignores documented constraints.,"Deploy without monitoring, backup, or access controls required by the blueprint.",Mix controls from unrelated domains that do not address the stated objective.,"Implement Evading IDS, firewalls, and honeypots using EC-Council best practices for Network and Perimeter Hacking, including monitoring and least privilege.",B,MEDIUM,ceh|network-attacks|NA-2|medium|blueprint-seed,"**Answer: B** — Evading IDS, firewalls, and honeypots. Review the official EC-Council exam guide (CEH v12) and linked documentation. Objective: NA-2.",https://www.eccouncil.org/programs/certified-ethical-hacker-ceh/
ceh,network-attacks,NA-2,CEH v12 — NA-2 (MEDIUM) #18,"Which configuration satisfies requirements for Evading IDS, firewalls, and honeypots in the context of Certified Ethical Hacker?","Deploy without monitoring, backup, or access controls required by the blueprint.",Mix controls from unrelated domains that do not address the stated objective.,"Apply the official Network and Perimeter Hacking guidance: Evading IDS, firewalls, and honeypots — this aligns with exam blueprint expectations and vendor documentation.",Use an approach that contradicts the exam objective and ignores documented constraints.,C,MEDIUM,ceh|network-attacks|NA-2|medium|blueprint-seed,"**Answer: C** — Evading IDS, firewalls, and honeypots. Review the official EC-Council exam guide (CEH v12) and linked documentation. Objective: NA-2.",https://www.eccouncil.org/programs/certified-ethical-hacker-ceh/
ceh,network-attacks,NA-2,CEH v12 — NA-2 (MEDIUM) #19,"What is the recommended design when applying Evading IDS, firewalls, and honeypots in the context of Certified Ethical Hacker?",Mix controls from unrelated domains that do not address the stated objective.,"Follow the documented approach for Evading IDS, firewalls, and honeypots, using recommended services and controls per the exam guide.",Use an approach that contradicts the exam objective and ignores documented constraints.,"Deploy without monitoring, backup, or access controls required by the blueprint.",D,MEDIUM,ceh|network-attacks|NA-2|medium|blueprint-seed,"**Answer: D** — Evading IDS, firewalls, and honeypots. Review the official EC-Council exam guide (CEH v12) and linked documentation. Objective: NA-2.",https://www.eccouncil.org/programs/certified-ethical-hacker-ceh/
ceh,network-attacks,NA-2,CEH v12 — NA-2 (MEDIUM) #20,"A team must implement a solution for Evading IDS, firewalls, and honeypots in the context of Certified Ethical Hacker?","Implement Evading IDS, firewalls, and honeypots using EC-Council best practices for Network and Perimeter Hacking, including monitoring and least privilege.",Use an approach that contradicts the exam objective and ignores documented constraints.,"Deploy without monitoring, backup, or access controls required by the blueprint.",Mix controls from unrelated domains that do not address the stated objective.,A,MEDIUM,ceh|network-attacks|NA-2|medium|blueprint-seed,"**Answer: A** — Evading IDS, firewalls, and honeypots. Review the official EC-Council exam guide (CEH v12) and linked documentation. Objective: NA-2.",https://www.eccouncil.org/programs/certified-ethical-hacker-ceh/
ceh,network-attacks,NA-2,CEH v12 — NA-2 (MEDIUM) #21,"Which approach aligns with best practices when Evading IDS, firewalls, and honeypots in the context of Certified Ethical Hacker?",Use an approach that contradicts the exam objective and ignores documented constraints.,"Deploy without monitoring, backup, or access controls required by the blueprint.",Mix controls from unrelated domains that do not address the stated objective.,"Apply the official Network and Perimeter Hacking guidance: Evading IDS, firewalls, and honeypots — this aligns with exam blueprint expectations and vendor documentation.",B,MEDIUM,ceh|network-attacks|NA-2|medium|blueprint-seed,"**Answer: B** — Evading IDS, firewalls, and honeypots. Review the official EC-Council exam guide (CEH v12) and linked documentation. Objective: NA-2.",https://www.eccouncil.org/programs/certified-ethical-hacker-ceh/
ceh,network-attacks,NA-2,CEH v12 — NA-2 (MEDIUM) #22,"During a project review, stakeholders ask how to Evading IDS, firewalls, and honeypots in the context of Certified Ethical Hacker?","Deploy without monitoring, backup, or access controls required by the blueprint.",Mix controls from unrelated domains that do not address the stated objective.,"Follow the documented approach for Evading IDS, firewalls, and honeypots, using recommended services and controls per the exam guide.",Use an approach that contradicts the exam objective and ignores documented constraints.,C,MEDIUM,ceh|network-attacks|NA-2|medium|blueprint-seed,"**Answer: C** — Evading IDS, firewalls, and honeypots. Review the official EC-Council exam guide (CEH v12) and linked documentation. Objective: NA-2.",https://www.eccouncil.org/programs/certified-ethical-hacker-ceh/
ceh,network-attacks,NA-2,CEH v12 — NA-2 (MEDIUM) #23,"Which configuration satisfies requirements for Evading IDS, firewalls, and honeypots in the context of Certified Ethical Hacker?",Mix controls from unrelated domains that do not address the stated objective.,"Implement Evading IDS, firewalls, and honeypots using EC-Council best practices for Network and Perimeter Hacking, including monitoring and least privilege.",Use an approach that contradicts the exam objective and ignores documented constraints.,"Deploy without monitoring, backup, or access controls required by the blueprint.",D,MEDIUM,ceh|network-attacks|NA-2|medium|blueprint-seed,"**Answer: D** — Evading IDS, firewalls, and honeypots. Review the official EC-Council exam guide (CEH v12) and linked documentation. Objective: NA-2.",https://www.eccouncil.org/programs/certified-ethical-hacker-ceh/
ceh,network-attacks,NA-2,CEH v12 — NA-2 (MEDIUM) #24,"What is the recommended design when applying Evading IDS, firewalls, and honeypots in the context of Certified Ethical Hacker?","Apply the official Network and Perimeter Hacking guidance: Evading IDS, firewalls, and honeypots — this aligns with exam blueprint expectations and vendor documentation.",Use an approach that contradicts the exam objective and ignores documented constraints.,"Deploy without monitoring, backup, or access controls required by the blueprint.",Mix controls from unrelated domains that do not address the stated objective.,A,MEDIUM,ceh|network-attacks|NA-2|medium|blueprint-seed,"**Answer: A** — Evading IDS, firewalls, and honeypots. Review the official EC-Council exam guide (CEH v12) and linked documentation. Objective: NA-2.",https://www.eccouncil.org/programs/certified-ethical-hacker-ceh/
ceh,network-attacks,NA-2,CEH v12 — NA-2 (MEDIUM) #25,"A team must implement a solution for Evading IDS, firewalls, and honeypots in the context of Certified Ethical Hacker?",Use an approach that contradicts the exam objective and ignores documented constraints.,"Deploy without monitoring, backup, or access controls required by the blueprint.",Mix controls from unrelated domains that do not address the stated objective.,"Follow the documented approach for Evading IDS, firewalls, and honeypots, using recommended services and controls per the exam guide.",B,MEDIUM,ceh|network-attacks|NA-2|medium|blueprint-seed,"**Answer: B** — Evading IDS, firewalls, and honeypots. Review the official EC-Council exam guide (CEH v12) and linked documentation. Objective: NA-2.",https://www.eccouncil.org/programs/certified-ethical-hacker-ceh/
ceh,network-attacks,NA-2,CEH v12 — NA-2 (MEDIUM) #26,"Which approach aligns with best practices when Evading IDS, firewalls, and honeypots in the context of Certified Ethical Hacker?","Deploy without monitoring, backup, or access controls required by the blueprint.",Mix controls from unrelated domains that do not address the stated objective.,"Implement Evading IDS, firewalls, and honeypots using EC-Council best practices for Network and Perimeter Hacking, including monitoring and least privilege.",Use an approach that contradicts the exam objective and ignores documented constraints.,C,MEDIUM,ceh|network-attacks|NA-2|medium|blueprint-seed,"**Answer: C** — Evading IDS, firewalls, and honeypots. Review the official EC-Council exam guide (CEH v12) and linked documentation. Objective: NA-2.",https://www.eccouncil.org/programs/certified-ethical-hacker-ceh/
ceh,network-attacks,NA-2,CEH v12 — NA-2 (MEDIUM) #27,"During a project review, stakeholders ask how to Evading IDS, firewalls, and honeypots in the context of Certified Ethical Hacker?",Mix controls from unrelated domains that do not address the stated objective.,"Apply the official Network and Perimeter Hacking guidance: Evading IDS, firewalls, and honeypots — this aligns with exam blueprint expectations and vendor documentation.",Use an approach that contradicts the exam objective and ignores documented constraints.,"Deploy without monitoring, backup, or access controls required by the blueprint.",D,MEDIUM,ceh|network-attacks|NA-2|medium|blueprint-seed,"**Answer: D** — Evading IDS, firewalls, and honeypots. Review the official EC-Council exam guide (CEH v12) and linked documentation. Objective: NA-2.",https://www.eccouncil.org/programs/certified-ethical-hacker-ceh/
ceh,network-attacks,NA-2,CEH v12 — NA-2 (MEDIUM) #28,"Which configuration satisfies requirements for Evading IDS, firewalls, and honeypots in the context of Certified Ethical Hacker?","Follow the documented approach for Evading IDS, firewalls, and honeypots, using recommended services and controls per the exam guide.",Use an approach that contradicts the exam objective and ignores documented constraints.,"Deploy without monitoring, backup, or access controls required by the blueprint.",Mix controls from unrelated domains that do not address the stated objective.,A,MEDIUM,ceh|network-attacks|NA-2|medium|blueprint-seed,"**Answer: A** — Evading IDS, firewalls, and honeypots. Review the official EC-Council exam guide (CEH v12) and linked documentation. Objective: NA-2.",https://www.eccouncil.org/programs/certified-ethical-hacker-ceh/
ceh,network-attacks,NA-2,CEH v12 — NA-2 (MEDIUM) #29,"What is the recommended design when applying Evading IDS, firewalls, and honeypots in the context of Certified Ethical Hacker?",Use an approach that contradicts the exam objective and ignores documented constraints.,"Deploy without monitoring, backup, or access controls required by the blueprint.",Mix controls from unrelated domains that do not address the stated objective.,"Implement Evading IDS, firewalls, and honeypots using EC-Council best practices for Network and Perimeter Hacking, including monitoring and least privilege.",B,MEDIUM,ceh|network-attacks|NA-2|medium|blueprint-seed,"**Answer: B** — Evading IDS, firewalls, and honeypots. Review the official EC-Council exam guide (CEH v12) and linked documentation. Objective: NA-2.",https://www.eccouncil.org/programs/certified-ethical-hacker-ceh/
ceh,network-attacks,NA-2,CEH v12 — NA-2 (MEDIUM) #30,"A team must implement a solution for Evading IDS, firewalls, and honeypots in the context of Certified Ethical Hacker?","Deploy without monitoring, backup, or access controls required by the blueprint.",Mix controls from unrelated domains that do not address the stated objective.,"Apply the official Network and Perimeter Hacking guidance: Evading IDS, firewalls, and honeypots — this aligns with exam blueprint expectations and vendor documentation.",Use an approach that contradicts the exam objective and ignores documented constraints.,C,MEDIUM,ceh|network-attacks|NA-2|medium|blueprint-seed,"**Answer: C** — Evading IDS, firewalls, and honeypots. Review the official EC-Council exam guide (CEH v12) and linked documentation. Objective: NA-2.",https://www.eccouncil.org/programs/certified-ethical-hacker-ceh/
ceh,network-attacks,NA-2,CEH v12 — NA-2 (HARD) #31,"Given strict compliance, auditability, and multi-region constraints, how should you Evading IDS, firewalls, and honeypots for Network and Perimeter Hacking?",Mix controls from unrelated domains that do not address the stated objective.,"Follow the documented approach for Evading IDS, firewalls, and honeypots, using recommended services and controls per the exam guide.",Use an approach that contradicts the exam objective and ignores documented constraints.,"Deploy without monitoring, backup, or access controls required by the blueprint.",D,HARD,ceh|network-attacks|NA-2|hard|blueprint-seed,"**Answer: D** — Evading IDS, firewalls, and honeypots. Review the official EC-Council exam guide (CEH v12) and linked documentation. Objective: NA-2.",https://www.eccouncil.org/programs/certified-ethical-hacker-ceh/
ceh,network-attacks,NA-2,CEH v12 — NA-2 (HARD) #32,"A production incident involves trade-offs between cost and resilience for Evading IDS, firewalls, and honeypots for Network and Perimeter Hacking?","Implement Evading IDS, firewalls, and honeypots using EC-Council best practices for Network and Perimeter Hacking, including monitoring and least privilege.",Use an approach that contradicts the exam objective and ignores documented constraints.,"Deploy without monitoring, backup, or access controls required by the blueprint.",Mix controls from unrelated domains that do not address the stated objective.,A,HARD,ceh|network-attacks|NA-2|hard|blueprint-seed,"**Answer: A** — Evading IDS, firewalls, and honeypots. Review the official EC-Council exam guide (CEH v12) and linked documentation. Objective: NA-2.",https://www.eccouncil.org/programs/certified-ethical-hacker-ceh/
ceh,network-attacks,NA-2,CEH v12 — NA-2 (HARD) #33,"Complex regulatory requirements demand that you Evading IDS, firewalls, and honeypots for Network and Perimeter Hacking?",Use an approach that contradicts the exam objective and ignores documented constraints.,"Deploy without monitoring, backup, or access controls required by the blueprint.",Mix controls from unrelated domains that do not address the stated objective.,"Apply the official Network and Perimeter Hacking guidance: Evading IDS, firewalls, and honeypots — this aligns with exam blueprint expectations and vendor documentation.",B,HARD,ceh|network-attacks|NA-2|hard|blueprint-seed,"**Answer: B** — Evading IDS, firewalls, and honeypots. Review the official EC-Council exam guide (CEH v12) and linked documentation. Objective: NA-2.",https://www.eccouncil.org/programs/certified-ethical-hacker-ceh/
ceh,network-attacks,NA-2,CEH v12 — NA-2 (HARD) #34,"A multi-team rollout must balance security and velocity for Evading IDS, firewalls, and honeypots for Network and Perimeter Hacking?","Deploy without monitoring, backup, or access controls required by the blueprint.",Mix controls from unrelated domains that do not address the stated objective.,"Follow the documented approach for Evading IDS, firewalls, and honeypots, using recommended services and controls per the exam guide.",Use an approach that contradicts the exam objective and ignores documented constraints.,C,HARD,ceh|network-attacks|NA-2|hard|blueprint-seed,"**Answer: C** — Evading IDS, firewalls, and honeypots. Review the official EC-Council exam guide (CEH v12) and linked documentation. Objective: NA-2.",https://www.eccouncil.org/programs/certified-ethical-hacker-ceh/
ceh,network-attacks,NA-2,CEH v12 — NA-2 (HARD) #35,"An enterprise requires zero-downtime architecture while Evading IDS, firewalls, and honeypots for Network and Perimeter Hacking?",Mix controls from unrelated domains that do not address the stated objective.,"Implement Evading IDS, firewalls, and honeypots using EC-Council best practices for Network and Perimeter Hacking, including monitoring and least privilege.",Use an approach that contradicts the exam objective and ignores documented constraints.,"Deploy without monitoring, backup, or access controls required by the blueprint.",D,HARD,ceh|network-attacks|NA-2|hard|blueprint-seed,"**Answer: D** — Evading IDS, firewalls, and honeypots. Review the official EC-Council exam guide (CEH v12) and linked documentation. Objective: NA-2.",https://www.eccouncil.org/programs/certified-ethical-hacker-ceh/
ceh,network-attacks,NA-2,CEH v12 — NA-2 (HARD) #36,"Given strict compliance, auditability, and multi-region constraints, how should you Evading IDS, firewalls, and honeypots for Network and Perimeter Hacking?","Apply the official Network and Perimeter Hacking guidance: Evading IDS, firewalls, and honeypots — this aligns with exam blueprint expectations and vendor documentation.",Use an approach that contradicts the exam objective and ignores documented constraints.,"Deploy without monitoring, backup, or access controls required by the blueprint.",Mix controls from unrelated domains that do not address the stated objective.,A,HARD,ceh|network-attacks|NA-2|hard|blueprint-seed,"**Answer: A** — Evading IDS, firewalls, and honeypots. Review the official EC-Council exam guide (CEH v12) and linked documentation. Objective: NA-2.",https://www.eccouncil.org/programs/certified-ethical-hacker-ceh/
ceh,network-attacks,NA-2,CEH v12 — NA-2 (HARD) #37,"A production incident involves trade-offs between cost and resilience for Evading IDS, firewalls, and honeypots for Network and Perimeter Hacking?",Use an approach that contradicts the exam objective and ignores documented constraints.,"Deploy without monitoring, backup, or access controls required by the blueprint.",Mix controls from unrelated domains that do not address the stated objective.,"Follow the documented approach for Evading IDS, firewalls, and honeypots, using recommended services and controls per the exam guide.",B,HARD,ceh|network-attacks|NA-2|hard|blueprint-seed,"**Answer: B** — Evading IDS, firewalls, and honeypots. Review the official EC-Council exam guide (CEH v12) and linked documentation. Objective: NA-2.",https://www.eccouncil.org/programs/certified-ethical-hacker-ceh/
ceh,network-attacks,NA-2,CEH v12 — NA-2 (HARD) #38,"Complex regulatory requirements demand that you Evading IDS, firewalls, and honeypots for Network and Perimeter Hacking?","Deploy without monitoring, backup, or access controls required by the blueprint.",Mix controls from unrelated domains that do not address the stated objective.,"Implement Evading IDS, firewalls, and honeypots using EC-Council best practices for Network and Perimeter Hacking, including monitoring and least privilege.",Use an approach that contradicts the exam objective and ignores documented constraints.,C,HARD,ceh|network-attacks|NA-2|hard|blueprint-seed,"**Answer: C** — Evading IDS, firewalls, and honeypots. Review the official EC-Council exam guide (CEH v12) and linked documentation. Objective: NA-2.",https://www.eccouncil.org/programs/certified-ethical-hacker-ceh/
ceh,network-attacks,NA-2,CEH v12 — NA-2 (HARD) #39,"A multi-team rollout must balance security and velocity for Evading IDS, firewalls, and honeypots for Network and Perimeter Hacking?",Mix controls from unrelated domains that do not address the stated objective.,"Apply the official Network and Perimeter Hacking guidance: Evading IDS, firewalls, and honeypots — this aligns with exam blueprint expectations and vendor documentation.",Use an approach that contradicts the exam objective and ignores documented constraints.,"Deploy without monitoring, backup, or access controls required by the blueprint.",D,HARD,ceh|network-attacks|NA-2|hard|blueprint-seed,"**Answer: D** — Evading IDS, firewalls, and honeypots. Review the official EC-Council exam guide (CEH v12) and linked documentation. Objective: NA-2.",https://www.eccouncil.org/programs/certified-ethical-hacker-ceh/
ceh,network-attacks,NA-2,CEH v12 — NA-2 (HARD) #40,"An enterprise requires zero-downtime architecture while Evading IDS, firewalls, and honeypots for Network and Perimeter Hacking?","Follow the documented approach for Evading IDS, firewalls, and honeypots, using recommended services and controls per the exam guide.",Use an approach that contradicts the exam objective and ignores documented constraints.,"Deploy without monitoring, backup, or access controls required by the blueprint.",Mix controls from unrelated domains that do not address the stated objective.,A,HARD,ceh|network-attacks|NA-2|hard|blueprint-seed,"**Answer: A** — Evading IDS, firewalls, and honeypots. Review the official EC-Council exam guide (CEH v12) and linked documentation. Objective: NA-2.",https://www.eccouncil.org/programs/certified-ethical-hacker-ceh/
ceh,network-attacks,NA-2,CEH v12 — NA-2 (HARD) #41,"Given strict compliance, auditability, and multi-region constraints, how should you Evading IDS, firewalls, and honeypots for Network and Perimeter Hacking?",Use an approach that contradicts the exam objective and ignores documented constraints.,"Deploy without monitoring, backup, or access controls required by the blueprint.",Mix controls from unrelated domains that do not address the stated objective.,"Implement Evading IDS, firewalls, and honeypots using EC-Council best practices for Network and Perimeter Hacking, including monitoring and least privilege.",B,HARD,ceh|network-attacks|NA-2|hard|blueprint-seed,"**Answer: B** — Evading IDS, firewalls, and honeypots. Review the official EC-Council exam guide (CEH v12) and linked documentation. Objective: NA-2.",https://www.eccouncil.org/programs/certified-ethical-hacker-ceh/
ceh,network-attacks,NA-2,CEH v12 — NA-2 (HARD) #42,"A production incident involves trade-offs between cost and resilience for Evading IDS, firewalls, and honeypots for Network and Perimeter Hacking?","Deploy without monitoring, backup, or access controls required by the blueprint.",Mix controls from unrelated domains that do not address the stated objective.,"Apply the official Network and Perimeter Hacking guidance: Evading IDS, firewalls, and honeypots — this aligns with exam blueprint expectations and vendor documentation.",Use an approach that contradicts the exam objective and ignores documented constraints.,C,HARD,ceh|network-attacks|NA-2|hard|blueprint-seed,"**Answer: C** — Evading IDS, firewalls, and honeypots. Review the official EC-Council exam guide (CEH v12) and linked documentation. Objective: NA-2.",https://www.eccouncil.org/programs/certified-ethical-hacker-ceh/
ceh,network-attacks,NA-3,CEH v12 — NA-3 (EASY) #1,What is the primary purpose of Hacking wireless networks?,Use an approach that contradicts the exam objective and ignores documented constraints.,"Deploy without monitoring, backup, or access controls required by the blueprint.",Mix controls from unrelated domains that do not address the stated objective.,"Follow the documented approach for Hacking wireless networks, using recommended services and controls per the exam guide.",B,EASY,ceh|network-attacks|NA-3|easy|blueprint-seed,**Answer: B** — Hacking wireless networks. Review the official EC-Council exam guide (CEH v12) and linked documentation. Objective: NA-3.,https://www.eccouncil.org/programs/certified-ethical-hacker-ceh/
ceh,network-attacks,NA-3,CEH v12 — NA-3 (EASY) #2,Which concept is fundamental to Hacking wireless networks?,"Deploy without monitoring, backup, or access controls required by the blueprint.",Mix controls from unrelated domains that do not address the stated objective.,"Implement Hacking wireless networks using EC-Council best practices for Network and Perimeter Hacking, including monitoring and least privilege.",Use an approach that contradicts the exam objective and ignores documented constraints.,C,EASY,ceh|network-attacks|NA-3|easy|blueprint-seed,**Answer: C** — Hacking wireless networks. Review the official EC-Council exam guide (CEH v12) and linked documentation. Objective: NA-3.,https://www.eccouncil.org/programs/certified-ethical-hacker-ceh/
ceh,network-attacks,NA-3,CEH v12 — NA-3 (EASY) #3,Identify the core principle behind Hacking wireless networks?,Mix controls from unrelated domains that do not address the stated objective.,Apply the official Network and Perimeter Hacking guidance: Hacking wireless networks — this aligns with exam blueprint expectations and vendor documentation.,Use an approach that contradicts the exam objective and ignores documented constraints.,"Deploy without monitoring, backup, or access controls required by the blueprint.",D,EASY,ceh|network-attacks|NA-3|easy|blueprint-seed,**Answer: D** — Hacking wireless networks. Review the official EC-Council exam guide (CEH v12) and linked documentation. Objective: NA-3.,https://www.eccouncil.org/programs/certified-ethical-hacker-ceh/
ceh,network-attacks,NA-3,CEH v12 — NA-3 (EASY) #4,Which description accurately reflects Hacking wireless networks?,"Follow the documented approach for Hacking wireless networks, using recommended services and controls per the exam guide.",Use an approach that contradicts the exam objective and ignores documented constraints.,"Deploy without monitoring, backup, or access controls required by the blueprint.",Mix controls from unrelated domains that do not address the stated objective.,A,EASY,ceh|network-attacks|NA-3|easy|blueprint-seed,**Answer: A** — Hacking wireless networks. Review the official EC-Council exam guide (CEH v12) and linked documentation. Objective: NA-3.,https://www.eccouncil.org/programs/certified-ethical-hacker-ceh/
ceh,network-attacks,NA-3,CEH v12 — NA-3 (EASY) #5,Which statement best defines the scope of Hacking wireless networks?,Use an approach that contradicts the exam objective and ignores documented constraints.,"Deploy without monitoring, backup, or access controls required by the blueprint.",Mix controls from unrelated domains that do not address the stated objective.,"Implement Hacking wireless networks using EC-Council best practices for Network and Perimeter Hacking, including monitoring and least privilege.",B,EASY,ceh|network-attacks|NA-3|easy|blueprint-seed,**Answer: B** — Hacking wireless networks. Review the official EC-Council exam guide (CEH v12) and linked documentation. Objective: NA-3.,https://www.eccouncil.org/programs/certified-ethical-hacker-ceh/
ceh,network-attacks,NA-3,CEH v12 — NA-3 (EASY) #6,What is the primary purpose of Hacking wireless networks?,"Deploy without monitoring, backup, or access controls required by the blueprint.",Mix controls from unrelated domains that do not address the stated objective.,Apply the official Network and Perimeter Hacking guidance: Hacking wireless networks — this aligns with exam blueprint expectations and vendor documentation.,Use an approach that contradicts the exam objective and ignores documented constraints.,C,EASY,ceh|network-attacks|NA-3|easy|blueprint-seed,**Answer: C** — Hacking wireless networks. Review the official EC-Council exam guide (CEH v12) and linked documentation. Objective: NA-3.,https://www.eccouncil.org/programs/certified-ethical-hacker-ceh/
ceh,network-attacks,NA-3,CEH v12 — NA-3 (EASY) #7,Which concept is fundamental to Hacking wireless networks?,Mix controls from unrelated domains that do not address the stated objective.,"Follow the documented approach for Hacking wireless networks, using recommended services and controls per the exam guide.",Use an approach that contradicts the exam objective and ignores documented constraints.,"Deploy without monitoring, backup, or access controls required by the blueprint.",D,EASY,ceh|network-attacks|NA-3|easy|blueprint-seed,**Answer: D** — Hacking wireless networks. Review the official EC-Council exam guide (CEH v12) and linked documentation. Objective: NA-3.,https://www.eccouncil.org/programs/certified-ethical-hacker-ceh/
ceh,network-attacks,NA-3,CEH v12 — NA-3 (EASY) #8,Identify the core principle behind Hacking wireless networks?,"Implement Hacking wireless networks using EC-Council best practices for Network and Perimeter Hacking, including monitoring and least privilege.",Use an approach that contradicts the exam objective and ignores documented constraints.,"Deploy without monitoring, backup, or access controls required by the blueprint.",Mix controls from unrelated domains that do not address the stated objective.,A,EASY,ceh|network-attacks|NA-3|easy|blueprint-seed,**Answer: A** — Hacking wireless networks. Review the official EC-Council exam guide (CEH v12) and linked documentation. Objective: NA-3.,https://www.eccouncil.org/programs/certified-ethical-hacker-ceh/
ceh,network-attacks,NA-3,CEH v12 — NA-3 (EASY) #9,Which description accurately reflects Hacking wireless networks?,Use an approach that contradicts the exam objective and ignores documented constraints.,"Deploy without monitoring, backup, or access controls required by the blueprint.",Mix controls from unrelated domains that do not address the stated objective.,Apply the official Network and Perimeter Hacking guidance: Hacking wireless networks — this aligns with exam blueprint expectations and vendor documentation.,B,EASY,ceh|network-attacks|NA-3|easy|blueprint-seed,**Answer: B** — Hacking wireless networks. Review the official EC-Council exam guide (CEH v12) and linked documentation. Objective: NA-3.,https://www.eccouncil.org/programs/certified-ethical-hacker-ceh/
ceh,network-attacks,NA-3,CEH v12 — NA-3 (EASY) #10,Which statement best defines the scope of Hacking wireless networks?,"Deploy without monitoring, backup, or access controls required by the blueprint.",Mix controls from unrelated domains that do not address the stated objective.,"Follow the documented approach for Hacking wireless networks, using recommended services and controls per the exam guide.",Use an approach that contradicts the exam objective and ignores documented constraints.,C,EASY,ceh|network-attacks|NA-3|easy|blueprint-seed,**Answer: C** — Hacking wireless networks. Review the official EC-Council exam guide (CEH v12) and linked documentation. Objective: NA-3.,https://www.eccouncil.org/programs/certified-ethical-hacker-ceh/
ceh,network-attacks,NA-3,CEH v12 — NA-3 (EASY) #11,What is the primary purpose of Hacking wireless networks?,Mix controls from unrelated domains that do not address the stated objective.,"Implement Hacking wireless networks using EC-Council best practices for Network and Perimeter Hacking, including monitoring and least privilege.",Use an approach that contradicts the exam objective and ignores documented constraints.,"Deploy without monitoring, backup, or access controls required by the blueprint.",D,EASY,ceh|network-attacks|NA-3|easy|blueprint-seed,**Answer: D** — Hacking wireless networks. Review the official EC-Council exam guide (CEH v12) and linked documentation. Objective: NA-3.,https://www.eccouncil.org/programs/certified-ethical-hacker-ceh/
ceh,network-attacks,NA-3,CEH v12 — NA-3 (EASY) #12,Which concept is fundamental to Hacking wireless networks?,Apply the official Network and Perimeter Hacking guidance: Hacking wireless networks — this aligns with exam blueprint expectations and vendor documentation.,Use an approach that contradicts the exam objective and ignores documented constraints.,"Deploy without monitoring, backup, or access controls required by the blueprint.",Mix controls from unrelated domains that do not address the stated objective.,A,EASY,ceh|network-attacks|NA-3|easy|blueprint-seed,**Answer: A** — Hacking wireless networks. Review the official EC-Council exam guide (CEH v12) and linked documentation. Objective: NA-3.,https://www.eccouncil.org/programs/certified-ethical-hacker-ceh/
ceh,network-attacks,NA-3,CEH v12 — NA-3 (MEDIUM) #13,Which configuration satisfies requirements for Hacking wireless networks in the context of Certified Ethical Hacker?,Use an approach that contradicts the exam objective and ignores documented constraints.,"Deploy without monitoring, backup, or access controls required by the blueprint.",Mix controls from unrelated domains that do not address the stated objective.,"Follow the documented approach for Hacking wireless networks, using recommended services and controls per the exam guide.",B,MEDIUM,ceh|network-attacks|NA-3|medium|blueprint-seed,**Answer: B** — Hacking wireless networks. Review the official EC-Council exam guide (CEH v12) and linked documentation. Objective: NA-3.,https://www.eccouncil.org/programs/certified-ethical-hacker-ceh/
ceh,network-attacks,NA-3,CEH v12 — NA-3 (MEDIUM) #14,What is the recommended design when applying Hacking wireless networks in the context of Certified Ethical Hacker?,"Deploy without monitoring, backup, or access controls required by the blueprint.",Mix controls from unrelated domains that do not address the stated objective.,"Implement Hacking wireless networks using EC-Council best practices for Network and Perimeter Hacking, including monitoring and least privilege.",Use an approach that contradicts the exam objective and ignores documented constraints.,C,MEDIUM,ceh|network-attacks|NA-3|medium|blueprint-seed,**Answer: C** — Hacking wireless networks. Review the official EC-Council exam guide (CEH v12) and linked documentation. Objective: NA-3.,https://www.eccouncil.org/programs/certified-ethical-hacker-ceh/
ceh,network-attacks,NA-3,CEH v12 — NA-3 (MEDIUM) #15,A team must implement a solution for Hacking wireless networks in the context of Certified Ethical Hacker?,Mix controls from unrelated domains that do not address the stated objective.,Apply the official Network and Perimeter Hacking guidance: Hacking wireless networks — this aligns with exam blueprint expectations and vendor documentation.,Use an approach that contradicts the exam objective and ignores documented constraints.,"Deploy without monitoring, backup, or access controls required by the blueprint.",D,MEDIUM,ceh|network-attacks|NA-3|medium|blueprint-seed,**Answer: D** — Hacking wireless networks. Review the official EC-Council exam guide (CEH v12) and linked documentation. Objective: NA-3.,https://www.eccouncil.org/programs/certified-ethical-hacker-ceh/
ceh,network-attacks,NA-3,CEH v12 — NA-3 (MEDIUM) #16,Which approach aligns with best practices when Hacking wireless networks in the context of Certified Ethical Hacker?,"Follow the documented approach for Hacking wireless networks, using recommended services and controls per the exam guide.",Use an approach that contradicts the exam objective and ignores documented constraints.,"Deploy without monitoring, backup, or access controls required by the blueprint.",Mix controls from unrelated domains that do not address the stated objective.,A,MEDIUM,ceh|network-attacks|NA-3|medium|blueprint-seed,**Answer: A** — Hacking wireless networks. Review the official EC-Council exam guide (CEH v12) and linked documentation. Objective: NA-3.,https://www.eccouncil.org/programs/certified-ethical-hacker-ceh/
ceh,network-attacks,NA-3,CEH v12 — NA-3 (MEDIUM) #17,"During a project review, stakeholders ask how to Hacking wireless networks in the context of Certified Ethical Hacker?",Use an approach that contradicts the exam objective and ignores documented constraints.,"Deploy without monitoring, backup, or access controls required by the blueprint.",Mix controls from unrelated domains that do not address the stated objective.,"Implement Hacking wireless networks using EC-Council best practices for Network and Perimeter Hacking, including monitoring and least privilege.",B,MEDIUM,ceh|network-attacks|NA-3|medium|blueprint-seed,**Answer: B** — Hacking wireless networks. Review the official EC-Council exam guide (CEH v12) and linked documentation. Objective: NA-3.,https://www.eccouncil.org/programs/certified-ethical-hacker-ceh/
ceh,network-attacks,NA-3,CEH v12 — NA-3 (MEDIUM) #18,Which configuration satisfies requirements for Hacking wireless networks in the context of Certified Ethical Hacker?,"Deploy without monitoring, backup, or access controls required by the blueprint.",Mix controls from unrelated domains that do not address the stated objective.,Apply the official Network and Perimeter Hacking guidance: Hacking wireless networks — this aligns with exam blueprint expectations and vendor documentation.,Use an approach that contradicts the exam objective and ignores documented constraints.,C,MEDIUM,ceh|network-attacks|NA-3|medium|blueprint-seed,**Answer: C** — Hacking wireless networks. Review the official EC-Council exam guide (CEH v12) and linked documentation. Objective: NA-3.,https://www.eccouncil.org/programs/certified-ethical-hacker-ceh/
ceh,network-attacks,NA-3,CEH v12 — NA-3 (MEDIUM) #19,What is the recommended design when applying Hacking wireless networks in the context of Certified Ethical Hacker?,Mix controls from unrelated domains that do not address the stated objective.,"Follow the documented approach for Hacking wireless networks, using recommended services and controls per the exam guide.",Use an approach that contradicts the exam objective and ignores documented constraints.,"Deploy without monitoring, backup, or access controls required by the blueprint.",D,MEDIUM,ceh|network-attacks|NA-3|medium|blueprint-seed,**Answer: D** — Hacking wireless networks. Review the official EC-Council exam guide (CEH v12) and linked documentation. Objective: NA-3.,https://www.eccouncil.org/programs/certified-ethical-hacker-ceh/
ceh,network-attacks,NA-3,CEH v12 — NA-3 (MEDIUM) #20,A team must implement a solution for Hacking wireless networks in the context of Certified Ethical Hacker?,"Implement Hacking wireless networks using EC-Council best practices for Network and Perimeter Hacking, including monitoring and least privilege.",Use an approach that contradicts the exam objective and ignores documented constraints.,"Deploy without monitoring, backup, or access controls required by the blueprint.",Mix controls from unrelated domains that do not address the stated objective.,A,MEDIUM,ceh|network-attacks|NA-3|medium|blueprint-seed,**Answer: A** — Hacking wireless networks. Review the official EC-Council exam guide (CEH v12) and linked documentation. Objective: NA-3.,https://www.eccouncil.org/programs/certified-ethical-hacker-ceh/
ceh,network-attacks,NA-3,CEH v12 — NA-3 (MEDIUM) #21,Which approach aligns with best practices when Hacking wireless networks in the context of Certified Ethical Hacker?,Use an approach that contradicts the exam objective and ignores documented constraints.,"Deploy without monitoring, backup, or access controls required by the blueprint.",Mix controls from unrelated domains that do not address the stated objective.,Apply the official Network and Perimeter Hacking guidance: Hacking wireless networks — this aligns with exam blueprint expectations and vendor documentation.,B,MEDIUM,ceh|network-attacks|NA-3|medium|blueprint-seed,**Answer: B** — Hacking wireless networks. Review the official EC-Council exam guide (CEH v12) and linked documentation. Objective: NA-3.,https://www.eccouncil.org/programs/certified-ethical-hacker-ceh/
ceh,network-attacks,NA-3,CEH v12 — NA-3 (MEDIUM) #22,"During a project review, stakeholders ask how to Hacking wireless networks in the context of Certified Ethical Hacker?","Deploy without monitoring, backup, or access controls required by the blueprint.",Mix controls from unrelated domains that do not address the stated objective.,"Follow the documented approach for Hacking wireless networks, using recommended services and controls per the exam guide.",Use an approach that contradicts the exam objective and ignores documented constraints.,C,MEDIUM,ceh|network-attacks|NA-3|medium|blueprint-seed,**Answer: C** — Hacking wireless networks. Review the official EC-Council exam guide (CEH v12) and linked documentation. Objective: NA-3.,https://www.eccouncil.org/programs/certified-ethical-hacker-ceh/
ceh,network-attacks,NA-3,CEH v12 — NA-3 (MEDIUM) #23,Which configuration satisfies requirements for Hacking wireless networks in the context of Certified Ethical Hacker?,Mix controls from unrelated domains that do not address the stated objective.,"Implement Hacking wireless networks using EC-Council best practices for Network and Perimeter Hacking, including monitoring and least privilege.",Use an approach that contradicts the exam objective and ignores documented constraints.,"Deploy without monitoring, backup, or access controls required by the blueprint.",D,MEDIUM,ceh|network-attacks|NA-3|medium|blueprint-seed,**Answer: D** — Hacking wireless networks. Review the official EC-Council exam guide (CEH v12) and linked documentation. Objective: NA-3.,https://www.eccouncil.org/programs/certified-ethical-hacker-ceh/
ceh,network-attacks,NA-3,CEH v12 — NA-3 (MEDIUM) #24,What is the recommended design when applying Hacking wireless networks in the context of Certified Ethical Hacker?,Apply the official Network and Perimeter Hacking guidance: Hacking wireless networks — this aligns with exam blueprint expectations and vendor documentation.,Use an approach that contradicts the exam objective and ignores documented constraints.,"Deploy without monitoring, backup, or access controls required by the blueprint.",Mix controls from unrelated domains that do not address the stated objective.,A,MEDIUM,ceh|network-attacks|NA-3|medium|blueprint-seed,**Answer: A** — Hacking wireless networks. Review the official EC-Council exam guide (CEH v12) and linked documentation. Objective: NA-3.,https://www.eccouncil.org/programs/certified-ethical-hacker-ceh/
ceh,network-attacks,NA-3,CEH v12 — NA-3 (MEDIUM) #25,A team must implement a solution for Hacking wireless networks in the context of Certified Ethical Hacker?,Use an approach that contradicts the exam objective and ignores documented constraints.,"Deploy without monitoring, backup, or access controls required by the blueprint.",Mix controls from unrelated domains that do not address the stated objective.,"Follow the documented approach for Hacking wireless networks, using recommended services and controls per the exam guide.",B,MEDIUM,ceh|network-attacks|NA-3|medium|blueprint-seed,**Answer: B** — Hacking wireless networks. Review the official EC-Council exam guide (CEH v12) and linked documentation. Objective: NA-3.,https://www.eccouncil.org/programs/certified-ethical-hacker-ceh/
ceh,network-attacks,NA-3,CEH v12 — NA-3 (MEDIUM) #26,Which approach aligns with best practices when Hacking wireless networks in the context of Certified Ethical Hacker?,"Deploy without monitoring, backup, or access controls required by the blueprint.",Mix controls from unrelated domains that do not address the stated objective.,"Implement Hacking wireless networks using EC-Council best practices for Network and Perimeter Hacking, including monitoring and least privilege.",Use an approach that contradicts the exam objective and ignores documented constraints.,C,MEDIUM,ceh|network-attacks|NA-3|medium|blueprint-seed,**Answer: C** — Hacking wireless networks. Review the official EC-Council exam guide (CEH v12) and linked documentation. Objective: NA-3.,https://www.eccouncil.org/programs/certified-ethical-hacker-ceh/
ceh,network-attacks,NA-3,CEH v12 — NA-3 (MEDIUM) #27,"During a project review, stakeholders ask how to Hacking wireless networks in the context of Certified Ethical Hacker?",Mix controls from unrelated domains that do not address the stated objective.,Apply the official Network and Perimeter Hacking guidance: Hacking wireless networks — this aligns with exam blueprint expectations and vendor documentation.,Use an approach that contradicts the exam objective and ignores documented constraints.,"Deploy without monitoring, backup, or access controls required by the blueprint.",D,MEDIUM,ceh|network-attacks|NA-3|medium|blueprint-seed,**Answer: D** — Hacking wireless networks. Review the official EC-Council exam guide (CEH v12) and linked documentation. Objective: NA-3.,https://www.eccouncil.org/programs/certified-ethical-hacker-ceh/
ceh,network-attacks,NA-3,CEH v12 — NA-3 (MEDIUM) #28,Which configuration satisfies requirements for Hacking wireless networks in the context of Certified Ethical Hacker?,"Follow the documented approach for Hacking wireless networks, using recommended services and controls per the exam guide.",Use an approach that contradicts the exam objective and ignores documented constraints.,"Deploy without monitoring, backup, or access controls required by the blueprint.",Mix controls from unrelated domains that do not address the stated objective.,A,MEDIUM,ceh|network-attacks|NA-3|medium|blueprint-seed,**Answer: A** — Hacking wireless networks. Review the official EC-Council exam guide (CEH v12) and linked documentation. Objective: NA-3.,https://www.eccouncil.org/programs/certified-ethical-hacker-ceh/
ceh,network-attacks,NA-3,CEH v12 — NA-3 (HARD) #29,A multi-team rollout must balance security and velocity for Hacking wireless networks for Network and Perimeter Hacking?,Use an approach that contradicts the exam objective and ignores documented constraints.,"Deploy without monitoring, backup, or access controls required by the blueprint.",Mix controls from unrelated domains that do not address the stated objective.,"Implement Hacking wireless networks using EC-Council best practices for Network and Perimeter Hacking, including monitoring and least privilege.",B,HARD,ceh|network-attacks|NA-3|hard|blueprint-seed,**Answer: B** — Hacking wireless networks. Review the official EC-Council exam guide (CEH v12) and linked documentation. Objective: NA-3.,https://www.eccouncil.org/programs/certified-ethical-hacker-ceh/
ceh,network-attacks,NA-3,CEH v12 — NA-3 (HARD) #30,An enterprise requires zero-downtime architecture while Hacking wireless networks for Network and Perimeter Hacking?,"Deploy without monitoring, backup, or access controls required by the blueprint.",Mix controls from unrelated domains that do not address the stated objective.,Apply the official Network and Perimeter Hacking guidance: Hacking wireless networks — this aligns with exam blueprint expectations and vendor documentation.,Use an approach that contradicts the exam objective and ignores documented constraints.,C,HARD,ceh|network-attacks|NA-3|hard|blueprint-seed,**Answer: C** — Hacking wireless networks. Review the official EC-Council exam guide (CEH v12) and linked documentation. Objective: NA-3.,https://www.eccouncil.org/programs/certified-ethical-hacker-ceh/
ceh,network-attacks,NA-3,CEH v12 — NA-3 (HARD) #31,"Given strict compliance, auditability, and multi-region constraints, how should you Hacking wireless networks for Network and Perimeter Hacking?",Mix controls from unrelated domains that do not address the stated objective.,"Follow the documented approach for Hacking wireless networks, using recommended services and controls per the exam guide.",Use an approach that contradicts the exam objective and ignores documented constraints.,"Deploy without monitoring, backup, or access controls required by the blueprint.",D,HARD,ceh|network-attacks|NA-3|hard|blueprint-seed,**Answer: D** — Hacking wireless networks. Review the official EC-Council exam guide (CEH v12) and linked documentation. Objective: NA-3.,https://www.eccouncil.org/programs/certified-ethical-hacker-ceh/
ceh,network-attacks,NA-3,CEH v12 — NA-3 (HARD) #32,A production incident involves trade-offs between cost and resilience for Hacking wireless networks for Network and Perimeter Hacking?,"Implement Hacking wireless networks using EC-Council best practices for Network and Perimeter Hacking, including monitoring and least privilege.",Use an approach that contradicts the exam objective and ignores documented constraints.,"Deploy without monitoring, backup, or access controls required by the blueprint.",Mix controls from unrelated domains that do not address the stated objective.,A,HARD,ceh|network-attacks|NA-3|hard|blueprint-seed,**Answer: A** — Hacking wireless networks. Review the official EC-Council exam guide (CEH v12) and linked documentation. Objective: NA-3.,https://www.eccouncil.org/programs/certified-ethical-hacker-ceh/
ceh,network-attacks,NA-3,CEH v12 — NA-3 (HARD) #33,Complex regulatory requirements demand that you Hacking wireless networks for Network and Perimeter Hacking?,Use an approach that contradicts the exam objective and ignores documented constraints.,"Deploy without monitoring, backup, or access controls required by the blueprint.",Mix controls from unrelated domains that do not address the stated objective.,Apply the official Network and Perimeter Hacking guidance: Hacking wireless networks — this aligns with exam blueprint expectations and vendor documentation.,B,HARD,ceh|network-attacks|NA-3|hard|blueprint-seed,**Answer: B** — Hacking wireless networks. Review the official EC-Council exam guide (CEH v12) and linked documentation. Objective: NA-3.,https://www.eccouncil.org/programs/certified-ethical-hacker-ceh/
ceh,network-attacks,NA-3,CEH v12 — NA-3 (HARD) #34,A multi-team rollout must balance security and velocity for Hacking wireless networks for Network and Perimeter Hacking?,"Deploy without monitoring, backup, or access controls required by the blueprint.",Mix controls from unrelated domains that do not address the stated objective.,"Follow the documented approach for Hacking wireless networks, using recommended services and controls per the exam guide.",Use an approach that contradicts the exam objective and ignores documented constraints.,C,HARD,ceh|network-attacks|NA-3|hard|blueprint-seed,**Answer: C** — Hacking wireless networks. Review the official EC-Council exam guide (CEH v12) and linked documentation. Objective: NA-3.,https://www.eccouncil.org/programs/certified-ethical-hacker-ceh/
ceh,network-attacks,NA-3,CEH v12 — NA-3 (HARD) #35,An enterprise requires zero-downtime architecture while Hacking wireless networks for Network and Perimeter Hacking?,Mix controls from unrelated domains that do not address the stated objective.,"Implement Hacking wireless networks using EC-Council best practices for Network and Perimeter Hacking, including monitoring and least privilege.",Use an approach that contradicts the exam objective and ignores documented constraints.,"Deploy without monitoring, backup, or access controls required by the blueprint.",D,HARD,ceh|network-attacks|NA-3|hard|blueprint-seed,**Answer: D** — Hacking wireless networks. Review the official EC-Council exam guide (CEH v12) and linked documentation. Objective: NA-3.,https://www.eccouncil.org/programs/certified-ethical-hacker-ceh/
ceh,network-attacks,NA-3,CEH v12 — NA-3 (HARD) #36,"Given strict compliance, auditability, and multi-region constraints, how should you Hacking wireless networks for Network and Perimeter Hacking?",Apply the official Network and Perimeter Hacking guidance: Hacking wireless networks — this aligns with exam blueprint expectations and vendor documentation.,Use an approach that contradicts the exam objective and ignores documented constraints.,"Deploy without monitoring, backup, or access controls required by the blueprint.",Mix controls from unrelated domains that do not address the stated objective.,A,HARD,ceh|network-attacks|NA-3|hard|blueprint-seed,**Answer: A** — Hacking wireless networks. Review the official EC-Council exam guide (CEH v12) and linked documentation. Objective: NA-3.,https://www.eccouncil.org/programs/certified-ethical-hacker-ceh/
ceh,network-attacks,NA-3,CEH v12 — NA-3 (HARD) #37,A production incident involves trade-offs between cost and resilience for Hacking wireless networks for Network and Perimeter Hacking?,Use an approach that contradicts the exam objective and ignores documented constraints.,"Deploy without monitoring, backup, or access controls required by the blueprint.",Mix controls from unrelated domains that do not address the stated objective.,"Follow the documented approach for Hacking wireless networks, using recommended services and controls per the exam guide.",B,HARD,ceh|network-attacks|NA-3|hard|blueprint-seed,**Answer: B** — Hacking wireless networks. Review the official EC-Council exam guide (CEH v12) and linked documentation. Objective: NA-3.,https://www.eccouncil.org/programs/certified-ethical-hacker-ceh/
ceh,network-attacks,NA-3,CEH v12 — NA-3 (HARD) #38,Complex regulatory requirements demand that you Hacking wireless networks for Network and Perimeter Hacking?,"Deploy without monitoring, backup, or access controls required by the blueprint.",Mix controls from unrelated domains that do not address the stated objective.,"Implement Hacking wireless networks using EC-Council best practices for Network and Perimeter Hacking, including monitoring and least privilege.",Use an approach that contradicts the exam objective and ignores documented constraints.,C,HARD,ceh|network-attacks|NA-3|hard|blueprint-seed,**Answer: C** — Hacking wireless networks. Review the official EC-Council exam guide (CEH v12) and linked documentation. Objective: NA-3.,https://www.eccouncil.org/programs/certified-ethical-hacker-ceh/
ceh,network-attacks,NA-3,CEH v12 — NA-3 (HARD) #39,A multi-team rollout must balance security and velocity for Hacking wireless networks for Network and Perimeter Hacking?,Mix controls from unrelated domains that do not address the stated objective.,Apply the official Network and Perimeter Hacking guidance: Hacking wireless networks — this aligns with exam blueprint expectations and vendor documentation.,Use an approach that contradicts the exam objective and ignores documented constraints.,"Deploy without monitoring, backup, or access controls required by the blueprint.",D,HARD,ceh|network-attacks|NA-3|hard|blueprint-seed,**Answer: D** — Hacking wireless networks. Review the official EC-Council exam guide (CEH v12) and linked documentation. Objective: NA-3.,https://www.eccouncil.org/programs/certified-ethical-hacker-ceh/
ceh,network-attacks,NA-3,CEH v12 — NA-3 (HARD) #40,An enterprise requires zero-downtime architecture while Hacking wireless networks for Network and Perimeter Hacking?,"Follow the documented approach for Hacking wireless networks, using recommended services and controls per the exam guide.",Use an approach that contradicts the exam objective and ignores documented constraints.,"Deploy without monitoring, backup, or access controls required by the blueprint.",Mix controls from unrelated domains that do not address the stated objective.,A,HARD,ceh|network-attacks|NA-3|hard|blueprint-seed,**Answer: A** — Hacking wireless networks. Review the official EC-Council exam guide (CEH v12) and linked documentation. Objective: NA-3.,https://www.eccouncil.org/programs/certified-ethical-hacker-ceh/
ceh,network-attacks,NA-3,CEH v12 — NA-3 (HARD) #41,"Given strict compliance, auditability, and multi-region constraints, how should you Hacking wireless networks for Network and Perimeter Hacking?",Use an approach that contradicts the exam objective and ignores documented constraints.,"Deploy without monitoring, backup, or access controls required by the blueprint.",Mix controls from unrelated domains that do not address the stated objective.,"Implement Hacking wireless networks using EC-Council best practices for Network and Perimeter Hacking, including monitoring and least privilege.",B,HARD,ceh|network-attacks|NA-3|hard|blueprint-seed,**Answer: B** — Hacking wireless networks. Review the official EC-Council exam guide (CEH v12) and linked documentation. Objective: NA-3.,https://www.eccouncil.org/programs/certified-ethical-hacker-ceh/
ceh,web-hacking,WH-1,CEH v12 — WH-1 (EASY) #1,What is the primary purpose of Web server and application attacks?,Use an approach that contradicts the exam objective and ignores documented constraints.,"Deploy without monitoring, backup, or access controls required by the blueprint.",Mix controls from unrelated domains that do not address the stated objective.,"Follow the documented approach for Web server and application attacks, using recommended services and controls per the exam guide.",B,EASY,ceh|web-hacking|WH-1|easy|blueprint-seed,**Answer: B** — Web server and application attacks. Review the official EC-Council exam guide (CEH v12) and linked documentation. Objective: WH-1.,https://www.eccouncil.org/programs/certified-ethical-hacker-ceh/
ceh,web-hacking,WH-1,CEH v12 — WH-1 (EASY) #2,Which concept is fundamental to Web server and application attacks?,"Deploy without monitoring, backup, or access controls required by the blueprint.",Mix controls from unrelated domains that do not address the stated objective.,"Implement Web server and application attacks using EC-Council best practices for Web Application and Cloud Hacking, including monitoring and least privilege.",Use an approach that contradicts the exam objective and ignores documented constraints.,C,EASY,ceh|web-hacking|WH-1|easy|blueprint-seed,**Answer: C** — Web server and application attacks. Review the official EC-Council exam guide (CEH v12) and linked documentation. Objective: WH-1.,https://www.eccouncil.org/programs/certified-ethical-hacker-ceh/
ceh,web-hacking,WH-1,CEH v12 — WH-1 (EASY) #3,Identify the core principle behind Web server and application attacks?,Mix controls from unrelated domains that do not address the stated objective.,Apply the official Web Application and Cloud Hacking guidance: Web server and application attacks — this aligns with exam blueprint expectations and vendor documentation.,Use an approach that contradicts the exam objective and ignores documented constraints.,"Deploy without monitoring, backup, or access controls required by the blueprint.",D,EASY,ceh|web-hacking|WH-1|easy|blueprint-seed,**Answer: D** — Web server and application attacks. Review the official EC-Council exam guide (CEH v12) and linked documentation. Objective: WH-1.,https://www.eccouncil.org/programs/certified-ethical-hacker-ceh/
ceh,web-hacking,WH-1,CEH v12 — WH-1 (EASY) #4,Which description accurately reflects Web server and application attacks?,"Follow the documented approach for Web server and application attacks, using recommended services and controls per the exam guide.",Use an approach that contradicts the exam objective and ignores documented constraints.,"Deploy without monitoring, backup, or access controls required by the blueprint.",Mix controls from unrelated domains that do not address the stated objective.,A,EASY,ceh|web-hacking|WH-1|easy|blueprint-seed,**Answer: A** — Web server and application attacks. Review the official EC-Council exam guide (CEH v12) and linked documentation. Objective: WH-1.,https://www.eccouncil.org/programs/certified-ethical-hacker-ceh/
ceh,web-hacking,WH-1,CEH v12 — WH-1 (EASY) #5,Which statement best defines the scope of Web server and application attacks?,Use an approach that contradicts the exam objective and ignores documented constraints.,"Deploy without monitoring, backup, or access controls required by the blueprint.",Mix controls from unrelated domains that do not address the stated objective.,"Implement Web server and application attacks using EC-Council best practices for Web Application and Cloud Hacking, including monitoring and least privilege.",B,EASY,ceh|web-hacking|WH-1|easy|blueprint-seed,**Answer: B** — Web server and application attacks. Review the official EC-Council exam guide (CEH v12) and linked documentation. Objective: WH-1.,https://www.eccouncil.org/programs/certified-ethical-hacker-ceh/
ceh,web-hacking,WH-1,CEH v12 — WH-1 (EASY) #6,What is the primary purpose of Web server and application attacks?,"Deploy without monitoring, backup, or access controls required by the blueprint.",Mix controls from unrelated domains that do not address the stated objective.,Apply the official Web Application and Cloud Hacking guidance: Web server and application attacks — this aligns with exam blueprint expectations and vendor documentation.,Use an approach that contradicts the exam objective and ignores documented constraints.,C,EASY,ceh|web-hacking|WH-1|easy|blueprint-seed,**Answer: C** — Web server and application attacks. Review the official EC-Council exam guide (CEH v12) and linked documentation. Objective: WH-1.,https://www.eccouncil.org/programs/certified-ethical-hacker-ceh/
ceh,web-hacking,WH-1,CEH v12 — WH-1 (EASY) #7,Which concept is fundamental to Web server and application attacks?,Mix controls from unrelated domains that do not address the stated objective.,"Follow the documented approach for Web server and application attacks, using recommended services and controls per the exam guide.",Use an approach that contradicts the exam objective and ignores documented constraints.,"Deploy without monitoring, backup, or access controls required by the blueprint.",D,EASY,ceh|web-hacking|WH-1|easy|blueprint-seed,**Answer: D** — Web server and application attacks. Review the official EC-Council exam guide (CEH v12) and linked documentation. Objective: WH-1.,https://www.eccouncil.org/programs/certified-ethical-hacker-ceh/
ceh,web-hacking,WH-1,CEH v12 — WH-1 (EASY) #8,Identify the core principle behind Web server and application attacks?,"Implement Web server and application attacks using EC-Council best practices for Web Application and Cloud Hacking, including monitoring and least privilege.",Use an approach that contradicts the exam objective and ignores documented constraints.,"Deploy without monitoring, backup, or access controls required by the blueprint.",Mix controls from unrelated domains that do not address the stated objective.,A,EASY,ceh|web-hacking|WH-1|easy|blueprint-seed,**Answer: A** — Web server and application attacks. Review the official EC-Council exam guide (CEH v12) and linked documentation. Objective: WH-1.,https://www.eccouncil.org/programs/certified-ethical-hacker-ceh/
ceh,web-hacking,WH-1,CEH v12 — WH-1 (EASY) #9,Which description accurately reflects Web server and application attacks?,Use an approach that contradicts the exam objective and ignores documented constraints.,"Deploy without monitoring, backup, or access controls required by the blueprint.",Mix controls from unrelated domains that do not address the stated objective.,Apply the official Web Application and Cloud Hacking guidance: Web server and application attacks — this aligns with exam blueprint expectations and vendor documentation.,B,EASY,ceh|web-hacking|WH-1|easy|blueprint-seed,**Answer: B** — Web server and application attacks. Review the official EC-Council exam guide (CEH v12) and linked documentation. Objective: WH-1.,https://www.eccouncil.org/programs/certified-ethical-hacker-ceh/
ceh,web-hacking,WH-1,CEH v12 — WH-1 (EASY) #10,Which statement best defines the scope of Web server and application attacks?,"Deploy without monitoring, backup, or access controls required by the blueprint.",Mix controls from unrelated domains that do not address the stated objective.,"Follow the documented approach for Web server and application attacks, using recommended services and controls per the exam guide.",Use an approach that contradicts the exam objective and ignores documented constraints.,C,EASY,ceh|web-hacking|WH-1|easy|blueprint-seed,**Answer: C** — Web server and application attacks. Review the official EC-Council exam guide (CEH v12) and linked documentation. Objective: WH-1.,https://www.eccouncil.org/programs/certified-ethical-hacker-ceh/
ceh,web-hacking,WH-1,CEH v12 — WH-1 (EASY) #11,What is the primary purpose of Web server and application attacks?,Mix controls from unrelated domains that do not address the stated objective.,"Implement Web server and application attacks using EC-Council best practices for Web Application and Cloud Hacking, including monitoring and least privilege.",Use an approach that contradicts the exam objective and ignores documented constraints.,"Deploy without monitoring, backup, or access controls required by the blueprint.",D,EASY,ceh|web-hacking|WH-1|easy|blueprint-seed,**Answer: D** — Web server and application attacks. Review the official EC-Council exam guide (CEH v12) and linked documentation. Objective: WH-1.,https://www.eccouncil.org/programs/certified-ethical-hacker-ceh/
ceh,web-hacking,WH-1,CEH v12 — WH-1 (MEDIUM) #12,"During a project review, stakeholders ask how to Web server and application attacks in the context of Certified Ethical Hacker?",Apply the official Web Application and Cloud Hacking guidance: Web server and application attacks — this aligns with exam blueprint expectations and vendor documentation.,Use an approach that contradicts the exam objective and ignores documented constraints.,"Deploy without monitoring, backup, or access controls required by the blueprint.",Mix controls from unrelated domains that do not address the stated objective.,A,MEDIUM,ceh|web-hacking|WH-1|medium|blueprint-seed,**Answer: A** — Web server and application attacks. Review the official EC-Council exam guide (CEH v12) and linked documentation. Objective: WH-1.,https://www.eccouncil.org/programs/certified-ethical-hacker-ceh/
ceh,web-hacking,WH-1,CEH v12 — WH-1 (MEDIUM) #13,Which configuration satisfies requirements for Web server and application attacks in the context of Certified Ethical Hacker?,Use an approach that contradicts the exam objective and ignores documented constraints.,"Deploy without monitoring, backup, or access controls required by the blueprint.",Mix controls from unrelated domains that do not address the stated objective.,"Follow the documented approach for Web server and application attacks, using recommended services and controls per the exam guide.",B,MEDIUM,ceh|web-hacking|WH-1|medium|blueprint-seed,**Answer: B** — Web server and application attacks. Review the official EC-Council exam guide (CEH v12) and linked documentation. Objective: WH-1.,https://www.eccouncil.org/programs/certified-ethical-hacker-ceh/
ceh,web-hacking,WH-1,CEH v12 — WH-1 (MEDIUM) #14,What is the recommended design when applying Web server and application attacks in the context of Certified Ethical Hacker?,"Deploy without monitoring, backup, or access controls required by the blueprint.",Mix controls from unrelated domains that do not address the stated objective.,"Implement Web server and application attacks using EC-Council best practices for Web Application and Cloud Hacking, including monitoring and least privilege.",Use an approach that contradicts the exam objective and ignores documented constraints.,C,MEDIUM,ceh|web-hacking|WH-1|medium|blueprint-seed,**Answer: C** — Web server and application attacks. Review the official EC-Council exam guide (CEH v12) and linked documentation. Objective: WH-1.,https://www.eccouncil.org/programs/certified-ethical-hacker-ceh/
ceh,web-hacking,WH-1,CEH v12 — WH-1 (MEDIUM) #15,A team must implement a solution for Web server and application attacks in the context of Certified Ethical Hacker?,Mix controls from unrelated domains that do not address the stated objective.,Apply the official Web Application and Cloud Hacking guidance: Web server and application attacks — this aligns with exam blueprint expectations and vendor documentation.,Use an approach that contradicts the exam objective and ignores documented constraints.,"Deploy without monitoring, backup, or access controls required by the blueprint.",D,MEDIUM,ceh|web-hacking|WH-1|medium|blueprint-seed,**Answer: D** — Web server and application attacks. Review the official EC-Council exam guide (CEH v12) and linked documentation. Objective: WH-1.,https://www.eccouncil.org/programs/certified-ethical-hacker-ceh/
ceh,web-hacking,WH-1,CEH v12 — WH-1 (MEDIUM) #16,Which approach aligns with best practices when Web server and application attacks in the context of Certified Ethical Hacker?,"Follow the documented approach for Web server and application attacks, using recommended services and controls per the exam guide.",Use an approach that contradicts the exam objective and ignores documented constraints.,"Deploy without monitoring, backup, or access controls required by the blueprint.",Mix controls from unrelated domains that do not address the stated objective.,A,MEDIUM,ceh|web-hacking|WH-1|medium|blueprint-seed,**Answer: A** — Web server and application attacks. Review the official EC-Council exam guide (CEH v12) and linked documentation. Objective: WH-1.,https://www.eccouncil.org/programs/certified-ethical-hacker-ceh/
ceh,web-hacking,WH-1,CEH v12 — WH-1 (MEDIUM) #17,"During a project review, stakeholders ask how to Web server and application attacks in the context of Certified Ethical Hacker?",Use an approach that contradicts the exam objective and ignores documented constraints.,"Deploy without monitoring, backup, or access controls required by the blueprint.",Mix controls from unrelated domains that do not address the stated objective.,"Implement Web server and application attacks using EC-Council best practices for Web Application and Cloud Hacking, including monitoring and least privilege.",B,MEDIUM,ceh|web-hacking|WH-1|medium|blueprint-seed,**Answer: B** — Web server and application attacks. Review the official EC-Council exam guide (CEH v12) and linked documentation. Objective: WH-1.,https://www.eccouncil.org/programs/certified-ethical-hacker-ceh/
ceh,web-hacking,WH-1,CEH v12 — WH-1 (MEDIUM) #18,Which configuration satisfies requirements for Web server and application attacks in the context of Certified Ethical Hacker?,"Deploy without monitoring, backup, or access controls required by the blueprint.",Mix controls from unrelated domains that do not address the stated objective.,Apply the official Web Application and Cloud Hacking guidance: Web server and application attacks — this aligns with exam blueprint expectations and vendor documentation.,Use an approach that contradicts the exam objective and ignores documented constraints.,C,MEDIUM,ceh|web-hacking|WH-1|medium|blueprint-seed,**Answer: C** — Web server and application attacks. Review the official EC-Council exam guide (CEH v12) and linked documentation. Objective: WH-1.,https://www.eccouncil.org/programs/certified-ethical-hacker-ceh/
ceh,web-hacking,WH-1,CEH v12 — WH-1 (MEDIUM) #19,What is the recommended design when applying Web server and application attacks in the context of Certified Ethical Hacker?,Mix controls from unrelated domains that do not address the stated objective.,"Follow the documented approach for Web server and application attacks, using recommended services and controls per the exam guide.",Use an approach that contradicts the exam objective and ignores documented constraints.,"Deploy without monitoring, backup, or access controls required by the blueprint.",D,MEDIUM,ceh|web-hacking|WH-1|medium|blueprint-seed,**Answer: D** — Web server and application attacks. Review the official EC-Council exam guide (CEH v12) and linked documentation. Objective: WH-1.,https://www.eccouncil.org/programs/certified-ethical-hacker-ceh/
ceh,web-hacking,WH-1,CEH v12 — WH-1 (MEDIUM) #20,A team must implement a solution for Web server and application attacks in the context of Certified Ethical Hacker?,"Implement Web server and application attacks using EC-Council best practices for Web Application and Cloud Hacking, including monitoring and least privilege.",Use an approach that contradicts the exam objective and ignores documented constraints.,"Deploy without monitoring, backup, or access controls required by the blueprint.",Mix controls from unrelated domains that do not address the stated objective.,A,MEDIUM,ceh|web-hacking|WH-1|medium|blueprint-seed,**Answer: A** — Web server and application attacks. Review the official EC-Council exam guide (CEH v12) and linked documentation. Objective: WH-1.,https://www.eccouncil.org/programs/certified-ethical-hacker-ceh/
ceh,web-hacking,WH-1,CEH v12 — WH-1 (MEDIUM) #21,Which approach aligns with best practices when Web server and application attacks in the context of Certified Ethical Hacker?,Use an approach that contradicts the exam objective and ignores documented constraints.,"Deploy without monitoring, backup, or access controls required by the blueprint.",Mix controls from unrelated domains that do not address the stated objective.,Apply the official Web Application and Cloud Hacking guidance: Web server and application attacks — this aligns with exam blueprint expectations and vendor documentation.,B,MEDIUM,ceh|web-hacking|WH-1|medium|blueprint-seed,**Answer: B** — Web server and application attacks. Review the official EC-Council exam guide (CEH v12) and linked documentation. Objective: WH-1.,https://www.eccouncil.org/programs/certified-ethical-hacker-ceh/
ceh,web-hacking,WH-1,CEH v12 — WH-1 (MEDIUM) #22,"During a project review, stakeholders ask how to Web server and application attacks in the context of Certified Ethical Hacker?","Deploy without monitoring, backup, or access controls required by the blueprint.",Mix controls from unrelated domains that do not address the stated objective.,"Follow the documented approach for Web server and application attacks, using recommended services and controls per the exam guide.",Use an approach that contradicts the exam objective and ignores documented constraints.,C,MEDIUM,ceh|web-hacking|WH-1|medium|blueprint-seed,**Answer: C** — Web server and application attacks. Review the official EC-Council exam guide (CEH v12) and linked documentation. Objective: WH-1.,https://www.eccouncil.org/programs/certified-ethical-hacker-ceh/
ceh,web-hacking,WH-1,CEH v12 — WH-1 (MEDIUM) #23,Which configuration satisfies requirements for Web server and application attacks in the context of Certified Ethical Hacker?,Mix controls from unrelated domains that do not address the stated objective.,"Implement Web server and application attacks using EC-Council best practices for Web Application and Cloud Hacking, including monitoring and least privilege.",Use an approach that contradicts the exam objective and ignores documented constraints.,"Deploy without monitoring, backup, or access controls required by the blueprint.",D,MEDIUM,ceh|web-hacking|WH-1|medium|blueprint-seed,**Answer: D** — Web server and application attacks. Review the official EC-Council exam guide (CEH v12) and linked documentation. Objective: WH-1.,https://www.eccouncil.org/programs/certified-ethical-hacker-ceh/
ceh,web-hacking,WH-1,CEH v12 — WH-1 (MEDIUM) #24,What is the recommended design when applying Web server and application attacks in the context of Certified Ethical Hacker?,Apply the official Web Application and Cloud Hacking guidance: Web server and application attacks — this aligns with exam blueprint expectations and vendor documentation.,Use an approach that contradicts the exam objective and ignores documented constraints.,"Deploy without monitoring, backup, or access controls required by the blueprint.",Mix controls from unrelated domains that do not address the stated objective.,A,MEDIUM,ceh|web-hacking|WH-1|medium|blueprint-seed,**Answer: A** — Web server and application attacks. Review the official EC-Council exam guide (CEH v12) and linked documentation. Objective: WH-1.,https://www.eccouncil.org/programs/certified-ethical-hacker-ceh/
ceh,web-hacking,WH-1,CEH v12 — WH-1 (MEDIUM) #25,A team must implement a solution for Web server and application attacks in the context of Certified Ethical Hacker?,Use an approach that contradicts the exam objective and ignores documented constraints.,"Deploy without monitoring, backup, or access controls required by the blueprint.",Mix controls from unrelated domains that do not address the stated objective.,"Follow the documented approach for Web server and application attacks, using recommended services and controls per the exam guide.",B,MEDIUM,ceh|web-hacking|WH-1|medium|blueprint-seed,**Answer: B** — Web server and application attacks. Review the official EC-Council exam guide (CEH v12) and linked documentation. Objective: WH-1.,https://www.eccouncil.org/programs/certified-ethical-hacker-ceh/
ceh,web-hacking,WH-1,CEH v12 — WH-1 (MEDIUM) #26,Which approach aligns with best practices when Web server and application attacks in the context of Certified Ethical Hacker?,"Deploy without monitoring, backup, or access controls required by the blueprint.",Mix controls from unrelated domains that do not address the stated objective.,"Implement Web server and application attacks using EC-Council best practices for Web Application and Cloud Hacking, including monitoring and least privilege.",Use an approach that contradicts the exam objective and ignores documented constraints.,C,MEDIUM,ceh|web-hacking|WH-1|medium|blueprint-seed,**Answer: C** — Web server and application attacks. Review the official EC-Council exam guide (CEH v12) and linked documentation. Objective: WH-1.,https://www.eccouncil.org/programs/certified-ethical-hacker-ceh/
ceh,web-hacking,WH-1,CEH v12 — WH-1 (HARD) #27,A production incident involves trade-offs between cost and resilience for Web server and application attacks for Web Application and Cloud Hacking?,Mix controls from unrelated domains that do not address the stated objective.,Apply the official Web Application and Cloud Hacking guidance: Web server and application attacks — this aligns with exam blueprint expectations and vendor documentation.,Use an approach that contradicts the exam objective and ignores documented constraints.,"Deploy without monitoring, backup, or access controls required by the blueprint.",D,HARD,ceh|web-hacking|WH-1|hard|blueprint-seed,**Answer: D** — Web server and application attacks. Review the official EC-Council exam guide (CEH v12) and linked documentation. Objective: WH-1.,https://www.eccouncil.org/programs/certified-ethical-hacker-ceh/
ceh,web-hacking,WH-1,CEH v12 — WH-1 (HARD) #28,Complex regulatory requirements demand that you Web server and application attacks for Web Application and Cloud Hacking?,"Follow the documented approach for Web server and application attacks, using recommended services and controls per the exam guide.",Use an approach that contradicts the exam objective and ignores documented constraints.,"Deploy without monitoring, backup, or access controls required by the blueprint.",Mix controls from unrelated domains that do not address the stated objective.,A,HARD,ceh|web-hacking|WH-1|hard|blueprint-seed,**Answer: A** — Web server and application attacks. Review the official EC-Council exam guide (CEH v12) and linked documentation. Objective: WH-1.,https://www.eccouncil.org/programs/certified-ethical-hacker-ceh/
ceh,web-hacking,WH-1,CEH v12 — WH-1 (HARD) #29,A multi-team rollout must balance security and velocity for Web server and application attacks for Web Application and Cloud Hacking?,Use an approach that contradicts the exam objective and ignores documented constraints.,"Deploy without monitoring, backup, or access controls required by the blueprint.",Mix controls from unrelated domains that do not address the stated objective.,"Implement Web server and application attacks using EC-Council best practices for Web Application and Cloud Hacking, including monitoring and least privilege.",B,HARD,ceh|web-hacking|WH-1|hard|blueprint-seed,**Answer: B** — Web server and application attacks. Review the official EC-Council exam guide (CEH v12) and linked documentation. Objective: WH-1.,https://www.eccouncil.org/programs/certified-ethical-hacker-ceh/
ceh,web-hacking,WH-1,CEH v12 — WH-1 (HARD) #30,An enterprise requires zero-downtime architecture while Web server and application attacks for Web Application and Cloud Hacking?,"Deploy without monitoring, backup, or access controls required by the blueprint.",Mix controls from unrelated domains that do not address the stated objective.,Apply the official Web Application and Cloud Hacking guidance: Web server and application attacks — this aligns with exam blueprint expectations and vendor documentation.,Use an approach that contradicts the exam objective and ignores documented constraints.,C,HARD,ceh|web-hacking|WH-1|hard|blueprint-seed,**Answer: C** — Web server and application attacks. Review the official EC-Council exam guide (CEH v12) and linked documentation. Objective: WH-1.,https://www.eccouncil.org/programs/certified-ethical-hacker-ceh/
ceh,web-hacking,WH-1,CEH v12 — WH-1 (HARD) #31,"Given strict compliance, auditability, and multi-region constraints, how should you Web server and application attacks for Web Application and Cloud Hacking?",Mix controls from unrelated domains that do not address the stated objective.,"Follow the documented approach for Web server and application attacks, using recommended services and controls per the exam guide.",Use an approach that contradicts the exam objective and ignores documented constraints.,"Deploy without monitoring, backup, or access controls required by the blueprint.",D,HARD,ceh|web-hacking|WH-1|hard|blueprint-seed,**Answer: D** — Web server and application attacks. Review the official EC-Council exam guide (CEH v12) and linked documentation. Objective: WH-1.,https://www.eccouncil.org/programs/certified-ethical-hacker-ceh/
ceh,web-hacking,WH-1,CEH v12 — WH-1 (HARD) #32,A production incident involves trade-offs between cost and resilience for Web server and application attacks for Web Application and Cloud Hacking?,"Implement Web server and application attacks using EC-Council best practices for Web Application and Cloud Hacking, including monitoring and least privilege.",Use an approach that contradicts the exam objective and ignores documented constraints.,"Deploy without monitoring, backup, or access controls required by the blueprint.",Mix controls from unrelated domains that do not address the stated objective.,A,HARD,ceh|web-hacking|WH-1|hard|blueprint-seed,**Answer: A** — Web server and application attacks. Review the official EC-Council exam guide (CEH v12) and linked documentation. Objective: WH-1.,https://www.eccouncil.org/programs/certified-ethical-hacker-ceh/
ceh,web-hacking,WH-1,CEH v12 — WH-1 (HARD) #33,Complex regulatory requirements demand that you Web server and application attacks for Web Application and Cloud Hacking?,Use an approach that contradicts the exam objective and ignores documented constraints.,"Deploy without monitoring, backup, or access controls required by the blueprint.",Mix controls from unrelated domains that do not address the stated objective.,Apply the official Web Application and Cloud Hacking guidance: Web server and application attacks — this aligns with exam blueprint expectations and vendor documentation.,B,HARD,ceh|web-hacking|WH-1|hard|blueprint-seed,**Answer: B** — Web server and application attacks. Review the official EC-Council exam guide (CEH v12) and linked documentation. Objective: WH-1.,https://www.eccouncil.org/programs/certified-ethical-hacker-ceh/
ceh,web-hacking,WH-1,CEH v12 — WH-1 (HARD) #34,A multi-team rollout must balance security and velocity for Web server and application attacks for Web Application and Cloud Hacking?,"Deploy without monitoring, backup, or access controls required by the blueprint.",Mix controls from unrelated domains that do not address the stated objective.,"Follow the documented approach for Web server and application attacks, using recommended services and controls per the exam guide.",Use an approach that contradicts the exam objective and ignores documented constraints.,C,HARD,ceh|web-hacking|WH-1|hard|blueprint-seed,**Answer: C** — Web server and application attacks. Review the official EC-Council exam guide (CEH v12) and linked documentation. Objective: WH-1.,https://www.eccouncil.org/programs/certified-ethical-hacker-ceh/
ceh,web-hacking,WH-1,CEH v12 — WH-1 (HARD) #35,An enterprise requires zero-downtime architecture while Web server and application attacks for Web Application and Cloud Hacking?,Mix controls from unrelated domains that do not address the stated objective.,"Implement Web server and application attacks using EC-Council best practices for Web Application and Cloud Hacking, including monitoring and least privilege.",Use an approach that contradicts the exam objective and ignores documented constraints.,"Deploy without monitoring, backup, or access controls required by the blueprint.",D,HARD,ceh|web-hacking|WH-1|hard|blueprint-seed,**Answer: D** — Web server and application attacks. Review the official EC-Council exam guide (CEH v12) and linked documentation. Objective: WH-1.,https://www.eccouncil.org/programs/certified-ethical-hacker-ceh/
ceh,web-hacking,WH-1,CEH v12 — WH-1 (HARD) #36,"Given strict compliance, auditability, and multi-region constraints, how should you Web server and application attacks for Web Application and Cloud Hacking?",Apply the official Web Application and Cloud Hacking guidance: Web server and application attacks — this aligns with exam blueprint expectations and vendor documentation.,Use an approach that contradicts the exam objective and ignores documented constraints.,"Deploy without monitoring, backup, or access controls required by the blueprint.",Mix controls from unrelated domains that do not address the stated objective.,A,HARD,ceh|web-hacking|WH-1|hard|blueprint-seed,**Answer: A** — Web server and application attacks. Review the official EC-Council exam guide (CEH v12) and linked documentation. Objective: WH-1.,https://www.eccouncil.org/programs/certified-ethical-hacker-ceh/
ceh,web-hacking,WH-1,CEH v12 — WH-1 (HARD) #37,A production incident involves trade-offs between cost and resilience for Web server and application attacks for Web Application and Cloud Hacking?,Use an approach that contradicts the exam objective and ignores documented constraints.,"Deploy without monitoring, backup, or access controls required by the blueprint.",Mix controls from unrelated domains that do not address the stated objective.,"Follow the documented approach for Web server and application attacks, using recommended services and controls per the exam guide.",B,HARD,ceh|web-hacking|WH-1|hard|blueprint-seed,**Answer: B** — Web server and application attacks. Review the official EC-Council exam guide (CEH v12) and linked documentation. Objective: WH-1.,https://www.eccouncil.org/programs/certified-ethical-hacker-ceh/
ceh,web-hacking,WH-1,CEH v12 — WH-1 (HARD) #38,Complex regulatory requirements demand that you Web server and application attacks for Web Application and Cloud Hacking?,"Deploy without monitoring, backup, or access controls required by the blueprint.",Mix controls from unrelated domains that do not address the stated objective.,"Implement Web server and application attacks using EC-Council best practices for Web Application and Cloud Hacking, including monitoring and least privilege.",Use an approach that contradicts the exam objective and ignores documented constraints.,C,HARD,ceh|web-hacking|WH-1|hard|blueprint-seed,**Answer: C** — Web server and application attacks. Review the official EC-Council exam guide (CEH v12) and linked documentation. Objective: WH-1.,https://www.eccouncil.org/programs/certified-ethical-hacker-ceh/
ceh,web-hacking,WH-2,CEH v12 — WH-2 (EASY) #1,What is the primary purpose of SQL injection and XSS?,Use an approach that contradicts the exam objective and ignores documented constraints.,"Deploy without monitoring, backup, or access controls required by the blueprint.",Mix controls from unrelated domains that do not address the stated objective.,"Follow the documented approach for SQL injection and XSS, using recommended services and controls per the exam guide.",B,EASY,ceh|web-hacking|WH-2|easy|blueprint-seed,**Answer: B** — SQL injection and XSS. Review the official EC-Council exam guide (CEH v12) and linked documentation. Objective: WH-2.,https://www.eccouncil.org/programs/certified-ethical-hacker-ceh/
ceh,web-hacking,WH-2,CEH v12 — WH-2 (EASY) #2,Which concept is fundamental to SQL injection and XSS?,"Deploy without monitoring, backup, or access controls required by the blueprint.",Mix controls from unrelated domains that do not address the stated objective.,"Implement SQL injection and XSS using EC-Council best practices for Web Application and Cloud Hacking, including monitoring and least privilege.",Use an approach that contradicts the exam objective and ignores documented constraints.,C,EASY,ceh|web-hacking|WH-2|easy|blueprint-seed,**Answer: C** — SQL injection and XSS. Review the official EC-Council exam guide (CEH v12) and linked documentation. Objective: WH-2.,https://www.eccouncil.org/programs/certified-ethical-hacker-ceh/
ceh,web-hacking,WH-2,CEH v12 — WH-2 (EASY) #3,Identify the core principle behind SQL injection and XSS?,Mix controls from unrelated domains that do not address the stated objective.,Apply the official Web Application and Cloud Hacking guidance: SQL injection and XSS — this aligns with exam blueprint expectations and vendor documentation.,Use an approach that contradicts the exam objective and ignores documented constraints.,"Deploy without monitoring, backup, or access controls required by the blueprint.",D,EASY,ceh|web-hacking|WH-2|easy|blueprint-seed,**Answer: D** — SQL injection and XSS. Review the official EC-Council exam guide (CEH v12) and linked documentation. Objective: WH-2.,https://www.eccouncil.org/programs/certified-ethical-hacker-ceh/
ceh,web-hacking,WH-2,CEH v12 — WH-2 (EASY) #4,Which description accurately reflects SQL injection and XSS?,"Follow the documented approach for SQL injection and XSS, using recommended services and controls per the exam guide.",Use an approach that contradicts the exam objective and ignores documented constraints.,"Deploy without monitoring, backup, or access controls required by the blueprint.",Mix controls from unrelated domains that do not address the stated objective.,A,EASY,ceh|web-hacking|WH-2|easy|blueprint-seed,**Answer: A** — SQL injection and XSS. Review the official EC-Council exam guide (CEH v12) and linked documentation. Objective: WH-2.,https://www.eccouncil.org/programs/certified-ethical-hacker-ceh/
ceh,web-hacking,WH-2,CEH v12 — WH-2 (EASY) #5,Which statement best defines the scope of SQL injection and XSS?,Use an approach that contradicts the exam objective and ignores documented constraints.,"Deploy without monitoring, backup, or access controls required by the blueprint.",Mix controls from unrelated domains that do not address the stated objective.,"Implement SQL injection and XSS using EC-Council best practices for Web Application and Cloud Hacking, including monitoring and least privilege.",B,EASY,ceh|web-hacking|WH-2|easy|blueprint-seed,**Answer: B** — SQL injection and XSS. Review the official EC-Council exam guide (CEH v12) and linked documentation. Objective: WH-2.,https://www.eccouncil.org/programs/certified-ethical-hacker-ceh/
ceh,web-hacking,WH-2,CEH v12 — WH-2 (EASY) #6,What is the primary purpose of SQL injection and XSS?,"Deploy without monitoring, backup, or access controls required by the blueprint.",Mix controls from unrelated domains that do not address the stated objective.,Apply the official Web Application and Cloud Hacking guidance: SQL injection and XSS — this aligns with exam blueprint expectations and vendor documentation.,Use an approach that contradicts the exam objective and ignores documented constraints.,C,EASY,ceh|web-hacking|WH-2|easy|blueprint-seed,**Answer: C** — SQL injection and XSS. Review the official EC-Council exam guide (CEH v12) and linked documentation. Objective: WH-2.,https://www.eccouncil.org/programs/certified-ethical-hacker-ceh/
ceh,web-hacking,WH-2,CEH v12 — WH-2 (EASY) #7,Which concept is fundamental to SQL injection and XSS?,Mix controls from unrelated domains that do not address the stated objective.,"Follow the documented approach for SQL injection and XSS, using recommended services and controls per the exam guide.",Use an approach that contradicts the exam objective and ignores documented constraints.,"Deploy without monitoring, backup, or access controls required by the blueprint.",D,EASY,ceh|web-hacking|WH-2|easy|blueprint-seed,**Answer: D** — SQL injection and XSS. Review the official EC-Council exam guide (CEH v12) and linked documentation. Objective: WH-2.,https://www.eccouncil.org/programs/certified-ethical-hacker-ceh/
ceh,web-hacking,WH-2,CEH v12 — WH-2 (EASY) #8,Identify the core principle behind SQL injection and XSS?,"Implement SQL injection and XSS using EC-Council best practices for Web Application and Cloud Hacking, including monitoring and least privilege.",Use an approach that contradicts the exam objective and ignores documented constraints.,"Deploy without monitoring, backup, or access controls required by the blueprint.",Mix controls from unrelated domains that do not address the stated objective.,A,EASY,ceh|web-hacking|WH-2|easy|blueprint-seed,**Answer: A** — SQL injection and XSS. Review the official EC-Council exam guide (CEH v12) and linked documentation. Objective: WH-2.,https://www.eccouncil.org/programs/certified-ethical-hacker-ceh/
ceh,web-hacking,WH-2,CEH v12 — WH-2 (EASY) #9,Which description accurately reflects SQL injection and XSS?,Use an approach that contradicts the exam objective and ignores documented constraints.,"Deploy without monitoring, backup, or access controls required by the blueprint.",Mix controls from unrelated domains that do not address the stated objective.,Apply the official Web Application and Cloud Hacking guidance: SQL injection and XSS — this aligns with exam blueprint expectations and vendor documentation.,B,EASY,ceh|web-hacking|WH-2|easy|blueprint-seed,**Answer: B** — SQL injection and XSS. Review the official EC-Council exam guide (CEH v12) and linked documentation. Objective: WH-2.,https://www.eccouncil.org/programs/certified-ethical-hacker-ceh/
ceh,web-hacking,WH-2,CEH v12 — WH-2 (EASY) #10,Which statement best defines the scope of SQL injection and XSS?,"Deploy without monitoring, backup, or access controls required by the blueprint.",Mix controls from unrelated domains that do not address the stated objective.,"Follow the documented approach for SQL injection and XSS, using recommended services and controls per the exam guide.",Use an approach that contradicts the exam objective and ignores documented constraints.,C,EASY,ceh|web-hacking|WH-2|easy|blueprint-seed,**Answer: C** — SQL injection and XSS. Review the official EC-Council exam guide (CEH v12) and linked documentation. Objective: WH-2.,https://www.eccouncil.org/programs/certified-ethical-hacker-ceh/
ceh,web-hacking,WH-2,CEH v12 — WH-2 (EASY) #11,What is the primary purpose of SQL injection and XSS?,Mix controls from unrelated domains that do not address the stated objective.,"Implement SQL injection and XSS using EC-Council best practices for Web Application and Cloud Hacking, including monitoring and least privilege.",Use an approach that contradicts the exam objective and ignores documented constraints.,"Deploy without monitoring, backup, or access controls required by the blueprint.",D,EASY,ceh|web-hacking|WH-2|easy|blueprint-seed,**Answer: D** — SQL injection and XSS. Review the official EC-Council exam guide (CEH v12) and linked documentation. Objective: WH-2.,https://www.eccouncil.org/programs/certified-ethical-hacker-ceh/
ceh,web-hacking,WH-2,CEH v12 — WH-2 (MEDIUM) #12,"During a project review, stakeholders ask how to SQL injection and XSS in the context of Certified Ethical Hacker?",Apply the official Web Application and Cloud Hacking guidance: SQL injection and XSS — this aligns with exam blueprint expectations and vendor documentation.,Use an approach that contradicts the exam objective and ignores documented constraints.,"Deploy without monitoring, backup, or access controls required by the blueprint.",Mix controls from unrelated domains that do not address the stated objective.,A,MEDIUM,ceh|web-hacking|WH-2|medium|blueprint-seed,**Answer: A** — SQL injection and XSS. Review the official EC-Council exam guide (CEH v12) and linked documentation. Objective: WH-2.,https://www.eccouncil.org/programs/certified-ethical-hacker-ceh/
ceh,web-hacking,WH-2,CEH v12 — WH-2 (MEDIUM) #13,Which configuration satisfies requirements for SQL injection and XSS in the context of Certified Ethical Hacker?,Use an approach that contradicts the exam objective and ignores documented constraints.,"Deploy without monitoring, backup, or access controls required by the blueprint.",Mix controls from unrelated domains that do not address the stated objective.,"Follow the documented approach for SQL injection and XSS, using recommended services and controls per the exam guide.",B,MEDIUM,ceh|web-hacking|WH-2|medium|blueprint-seed,**Answer: B** — SQL injection and XSS. Review the official EC-Council exam guide (CEH v12) and linked documentation. Objective: WH-2.,https://www.eccouncil.org/programs/certified-ethical-hacker-ceh/
ceh,web-hacking,WH-2,CEH v12 — WH-2 (MEDIUM) #14,What is the recommended design when applying SQL injection and XSS in the context of Certified Ethical Hacker?,"Deploy without monitoring, backup, or access controls required by the blueprint.",Mix controls from unrelated domains that do not address the stated objective.,"Implement SQL injection and XSS using EC-Council best practices for Web Application and Cloud Hacking, including monitoring and least privilege.",Use an approach that contradicts the exam objective and ignores documented constraints.,C,MEDIUM,ceh|web-hacking|WH-2|medium|blueprint-seed,**Answer: C** — SQL injection and XSS. Review the official EC-Council exam guide (CEH v12) and linked documentation. Objective: WH-2.,https://www.eccouncil.org/programs/certified-ethical-hacker-ceh/
ceh,web-hacking,WH-2,CEH v12 — WH-2 (MEDIUM) #15,A team must implement a solution for SQL injection and XSS in the context of Certified Ethical Hacker?,Mix controls from unrelated domains that do not address the stated objective.,Apply the official Web Application and Cloud Hacking guidance: SQL injection and XSS — this aligns with exam blueprint expectations and vendor documentation.,Use an approach that contradicts the exam objective and ignores documented constraints.,"Deploy without monitoring, backup, or access controls required by the blueprint.",D,MEDIUM,ceh|web-hacking|WH-2|medium|blueprint-seed,**Answer: D** — SQL injection and XSS. Review the official EC-Council exam guide (CEH v12) and linked documentation. Objective: WH-2.,https://www.eccouncil.org/programs/certified-ethical-hacker-ceh/
ceh,web-hacking,WH-2,CEH v12 — WH-2 (MEDIUM) #16,Which approach aligns with best practices when SQL injection and XSS in the context of Certified Ethical Hacker?,"Follow the documented approach for SQL injection and XSS, using recommended services and controls per the exam guide.",Use an approach that contradicts the exam objective and ignores documented constraints.,"Deploy without monitoring, backup, or access controls required by the blueprint.",Mix controls from unrelated domains that do not address the stated objective.,A,MEDIUM,ceh|web-hacking|WH-2|medium|blueprint-seed,**Answer: A** — SQL injection and XSS. Review the official EC-Council exam guide (CEH v12) and linked documentation. Objective: WH-2.,https://www.eccouncil.org/programs/certified-ethical-hacker-ceh/
ceh,web-hacking,WH-2,CEH v12 — WH-2 (MEDIUM) #17,"During a project review, stakeholders ask how to SQL injection and XSS in the context of Certified Ethical Hacker?",Use an approach that contradicts the exam objective and ignores documented constraints.,"Deploy without monitoring, backup, or access controls required by the blueprint.",Mix controls from unrelated domains that do not address the stated objective.,"Implement SQL injection and XSS using EC-Council best practices for Web Application and Cloud Hacking, including monitoring and least privilege.",B,MEDIUM,ceh|web-hacking|WH-2|medium|blueprint-seed,**Answer: B** — SQL injection and XSS. Review the official EC-Council exam guide (CEH v12) and linked documentation. Objective: WH-2.,https://www.eccouncil.org/programs/certified-ethical-hacker-ceh/
ceh,web-hacking,WH-2,CEH v12 — WH-2 (MEDIUM) #18,Which configuration satisfies requirements for SQL injection and XSS in the context of Certified Ethical Hacker?,"Deploy without monitoring, backup, or access controls required by the blueprint.",Mix controls from unrelated domains that do not address the stated objective.,Apply the official Web Application and Cloud Hacking guidance: SQL injection and XSS — this aligns with exam blueprint expectations and vendor documentation.,Use an approach that contradicts the exam objective and ignores documented constraints.,C,MEDIUM,ceh|web-hacking|WH-2|medium|blueprint-seed,**Answer: C** — SQL injection and XSS. Review the official EC-Council exam guide (CEH v12) and linked documentation. Objective: WH-2.,https://www.eccouncil.org/programs/certified-ethical-hacker-ceh/
ceh,web-hacking,WH-2,CEH v12 — WH-2 (MEDIUM) #19,What is the recommended design when applying SQL injection and XSS in the context of Certified Ethical Hacker?,Mix controls from unrelated domains that do not address the stated objective.,"Follow the documented approach for SQL injection and XSS, using recommended services and controls per the exam guide.",Use an approach that contradicts the exam objective and ignores documented constraints.,"Deploy without monitoring, backup, or access controls required by the blueprint.",D,MEDIUM,ceh|web-hacking|WH-2|medium|blueprint-seed,**Answer: D** — SQL injection and XSS. Review the official EC-Council exam guide (CEH v12) and linked documentation. Objective: WH-2.,https://www.eccouncil.org/programs/certified-ethical-hacker-ceh/
ceh,web-hacking,WH-2,CEH v12 — WH-2 (MEDIUM) #20,A team must implement a solution for SQL injection and XSS in the context of Certified Ethical Hacker?,"Implement SQL injection and XSS using EC-Council best practices for Web Application and Cloud Hacking, including monitoring and least privilege.",Use an approach that contradicts the exam objective and ignores documented constraints.,"Deploy without monitoring, backup, or access controls required by the blueprint.",Mix controls from unrelated domains that do not address the stated objective.,A,MEDIUM,ceh|web-hacking|WH-2|medium|blueprint-seed,**Answer: A** — SQL injection and XSS. Review the official EC-Council exam guide (CEH v12) and linked documentation. Objective: WH-2.,https://www.eccouncil.org/programs/certified-ethical-hacker-ceh/
ceh,web-hacking,WH-2,CEH v12 — WH-2 (MEDIUM) #21,Which approach aligns with best practices when SQL injection and XSS in the context of Certified Ethical Hacker?,Use an approach that contradicts the exam objective and ignores documented constraints.,"Deploy without monitoring, backup, or access controls required by the blueprint.",Mix controls from unrelated domains that do not address the stated objective.,Apply the official Web Application and Cloud Hacking guidance: SQL injection and XSS — this aligns with exam blueprint expectations and vendor documentation.,B,MEDIUM,ceh|web-hacking|WH-2|medium|blueprint-seed,**Answer: B** — SQL injection and XSS. Review the official EC-Council exam guide (CEH v12) and linked documentation. Objective: WH-2.,https://www.eccouncil.org/programs/certified-ethical-hacker-ceh/
ceh,web-hacking,WH-2,CEH v12 — WH-2 (MEDIUM) #22,"During a project review, stakeholders ask how to SQL injection and XSS in the context of Certified Ethical Hacker?","Deploy without monitoring, backup, or access controls required by the blueprint.",Mix controls from unrelated domains that do not address the stated objective.,"Follow the documented approach for SQL injection and XSS, using recommended services and controls per the exam guide.",Use an approach that contradicts the exam objective and ignores documented constraints.,C,MEDIUM,ceh|web-hacking|WH-2|medium|blueprint-seed,**Answer: C** — SQL injection and XSS. Review the official EC-Council exam guide (CEH v12) and linked documentation. Objective: WH-2.,https://www.eccouncil.org/programs/certified-ethical-hacker-ceh/
ceh,web-hacking,WH-2,CEH v12 — WH-2 (MEDIUM) #23,Which configuration satisfies requirements for SQL injection and XSS in the context of Certified Ethical Hacker?,Mix controls from unrelated domains that do not address the stated objective.,"Implement SQL injection and XSS using EC-Council best practices for Web Application and Cloud Hacking, including monitoring and least privilege.",Use an approach that contradicts the exam objective and ignores documented constraints.,"Deploy without monitoring, backup, or access controls required by the blueprint.",D,MEDIUM,ceh|web-hacking|WH-2|medium|blueprint-seed,**Answer: D** — SQL injection and XSS. Review the official EC-Council exam guide (CEH v12) and linked documentation. Objective: WH-2.,https://www.eccouncil.org/programs/certified-ethical-hacker-ceh/
ceh,web-hacking,WH-2,CEH v12 — WH-2 (MEDIUM) #24,What is the recommended design when applying SQL injection and XSS in the context of Certified Ethical Hacker?,Apply the official Web Application and Cloud Hacking guidance: SQL injection and XSS — this aligns with exam blueprint expectations and vendor documentation.,Use an approach that contradicts the exam objective and ignores documented constraints.,"Deploy without monitoring, backup, or access controls required by the blueprint.",Mix controls from unrelated domains that do not address the stated objective.,A,MEDIUM,ceh|web-hacking|WH-2|medium|blueprint-seed,**Answer: A** — SQL injection and XSS. Review the official EC-Council exam guide (CEH v12) and linked documentation. Objective: WH-2.,https://www.eccouncil.org/programs/certified-ethical-hacker-ceh/
ceh,web-hacking,WH-2,CEH v12 — WH-2 (MEDIUM) #25,A team must implement a solution for SQL injection and XSS in the context of Certified Ethical Hacker?,Use an approach that contradicts the exam objective and ignores documented constraints.,"Deploy without monitoring, backup, or access controls required by the blueprint.",Mix controls from unrelated domains that do not address the stated objective.,"Follow the documented approach for SQL injection and XSS, using recommended services and controls per the exam guide.",B,MEDIUM,ceh|web-hacking|WH-2|medium|blueprint-seed,**Answer: B** — SQL injection and XSS. Review the official EC-Council exam guide (CEH v12) and linked documentation. Objective: WH-2.,https://www.eccouncil.org/programs/certified-ethical-hacker-ceh/
ceh,web-hacking,WH-2,CEH v12 — WH-2 (MEDIUM) #26,Which approach aligns with best practices when SQL injection and XSS in the context of Certified Ethical Hacker?,"Deploy without monitoring, backup, or access controls required by the blueprint.",Mix controls from unrelated domains that do not address the stated objective.,"Implement SQL injection and XSS using EC-Council best practices for Web Application and Cloud Hacking, including monitoring and least privilege.",Use an approach that contradicts the exam objective and ignores documented constraints.,C,MEDIUM,ceh|web-hacking|WH-2|medium|blueprint-seed,**Answer: C** — SQL injection and XSS. Review the official EC-Council exam guide (CEH v12) and linked documentation. Objective: WH-2.,https://www.eccouncil.org/programs/certified-ethical-hacker-ceh/
ceh,web-hacking,WH-2,CEH v12 — WH-2 (HARD) #27,A production incident involves trade-offs between cost and resilience for SQL injection and XSS for Web Application and Cloud Hacking?,Mix controls from unrelated domains that do not address the stated objective.,Apply the official Web Application and Cloud Hacking guidance: SQL injection and XSS — this aligns with exam blueprint expectations and vendor documentation.,Use an approach that contradicts the exam objective and ignores documented constraints.,"Deploy without monitoring, backup, or access controls required by the blueprint.",D,HARD,ceh|web-hacking|WH-2|hard|blueprint-seed,**Answer: D** — SQL injection and XSS. Review the official EC-Council exam guide (CEH v12) and linked documentation. Objective: WH-2.,https://www.eccouncil.org/programs/certified-ethical-hacker-ceh/
ceh,web-hacking,WH-2,CEH v12 — WH-2 (HARD) #28,Complex regulatory requirements demand that you SQL injection and XSS for Web Application and Cloud Hacking?,"Follow the documented approach for SQL injection and XSS, using recommended services and controls per the exam guide.",Use an approach that contradicts the exam objective and ignores documented constraints.,"Deploy without monitoring, backup, or access controls required by the blueprint.",Mix controls from unrelated domains that do not address the stated objective.,A,HARD,ceh|web-hacking|WH-2|hard|blueprint-seed,**Answer: A** — SQL injection and XSS. Review the official EC-Council exam guide (CEH v12) and linked documentation. Objective: WH-2.,https://www.eccouncil.org/programs/certified-ethical-hacker-ceh/
ceh,web-hacking,WH-2,CEH v12 — WH-2 (HARD) #29,A multi-team rollout must balance security and velocity for SQL injection and XSS for Web Application and Cloud Hacking?,Use an approach that contradicts the exam objective and ignores documented constraints.,"Deploy without monitoring, backup, or access controls required by the blueprint.",Mix controls from unrelated domains that do not address the stated objective.,"Implement SQL injection and XSS using EC-Council best practices for Web Application and Cloud Hacking, including monitoring and least privilege.",B,HARD,ceh|web-hacking|WH-2|hard|blueprint-seed,**Answer: B** — SQL injection and XSS. Review the official EC-Council exam guide (CEH v12) and linked documentation. Objective: WH-2.,https://www.eccouncil.org/programs/certified-ethical-hacker-ceh/
ceh,web-hacking,WH-2,CEH v12 — WH-2 (HARD) #30,An enterprise requires zero-downtime architecture while SQL injection and XSS for Web Application and Cloud Hacking?,"Deploy without monitoring, backup, or access controls required by the blueprint.",Mix controls from unrelated domains that do not address the stated objective.,Apply the official Web Application and Cloud Hacking guidance: SQL injection and XSS — this aligns with exam blueprint expectations and vendor documentation.,Use an approach that contradicts the exam objective and ignores documented constraints.,C,HARD,ceh|web-hacking|WH-2|hard|blueprint-seed,**Answer: C** — SQL injection and XSS. Review the official EC-Council exam guide (CEH v12) and linked documentation. Objective: WH-2.,https://www.eccouncil.org/programs/certified-ethical-hacker-ceh/
ceh,web-hacking,WH-2,CEH v12 — WH-2 (HARD) #31,"Given strict compliance, auditability, and multi-region constraints, how should you SQL injection and XSS for Web Application and Cloud Hacking?",Mix controls from unrelated domains that do not address the stated objective.,"Follow the documented approach for SQL injection and XSS, using recommended services and controls per the exam guide.",Use an approach that contradicts the exam objective and ignores documented constraints.,"Deploy without monitoring, backup, or access controls required by the blueprint.",D,HARD,ceh|web-hacking|WH-2|hard|blueprint-seed,**Answer: D** — SQL injection and XSS. Review the official EC-Council exam guide (CEH v12) and linked documentation. Objective: WH-2.,https://www.eccouncil.org/programs/certified-ethical-hacker-ceh/
ceh,web-hacking,WH-2,CEH v12 — WH-2 (HARD) #32,A production incident involves trade-offs between cost and resilience for SQL injection and XSS for Web Application and Cloud Hacking?,"Implement SQL injection and XSS using EC-Council best practices for Web Application and Cloud Hacking, including monitoring and least privilege.",Use an approach that contradicts the exam objective and ignores documented constraints.,"Deploy without monitoring, backup, or access controls required by the blueprint.",Mix controls from unrelated domains that do not address the stated objective.,A,HARD,ceh|web-hacking|WH-2|hard|blueprint-seed,**Answer: A** — SQL injection and XSS. Review the official EC-Council exam guide (CEH v12) and linked documentation. Objective: WH-2.,https://www.eccouncil.org/programs/certified-ethical-hacker-ceh/
ceh,web-hacking,WH-2,CEH v12 — WH-2 (HARD) #33,Complex regulatory requirements demand that you SQL injection and XSS for Web Application and Cloud Hacking?,Use an approach that contradicts the exam objective and ignores documented constraints.,"Deploy without monitoring, backup, or access controls required by the blueprint.",Mix controls from unrelated domains that do not address the stated objective.,Apply the official Web Application and Cloud Hacking guidance: SQL injection and XSS — this aligns with exam blueprint expectations and vendor documentation.,B,HARD,ceh|web-hacking|WH-2|hard|blueprint-seed,**Answer: B** — SQL injection and XSS. Review the official EC-Council exam guide (CEH v12) and linked documentation. Objective: WH-2.,https://www.eccouncil.org/programs/certified-ethical-hacker-ceh/
ceh,web-hacking,WH-2,CEH v12 — WH-2 (HARD) #34,A multi-team rollout must balance security and velocity for SQL injection and XSS for Web Application and Cloud Hacking?,"Deploy without monitoring, backup, or access controls required by the blueprint.",Mix controls from unrelated domains that do not address the stated objective.,"Follow the documented approach for SQL injection and XSS, using recommended services and controls per the exam guide.",Use an approach that contradicts the exam objective and ignores documented constraints.,C,HARD,ceh|web-hacking|WH-2|hard|blueprint-seed,**Answer: C** — SQL injection and XSS. Review the official EC-Council exam guide (CEH v12) and linked documentation. Objective: WH-2.,https://www.eccouncil.org/programs/certified-ethical-hacker-ceh/
ceh,web-hacking,WH-2,CEH v12 — WH-2 (HARD) #35,An enterprise requires zero-downtime architecture while SQL injection and XSS for Web Application and Cloud Hacking?,Mix controls from unrelated domains that do not address the stated objective.,"Implement SQL injection and XSS using EC-Council best practices for Web Application and Cloud Hacking, including monitoring and least privilege.",Use an approach that contradicts the exam objective and ignores documented constraints.,"Deploy without monitoring, backup, or access controls required by the blueprint.",D,HARD,ceh|web-hacking|WH-2|hard|blueprint-seed,**Answer: D** — SQL injection and XSS. Review the official EC-Council exam guide (CEH v12) and linked documentation. Objective: WH-2.,https://www.eccouncil.org/programs/certified-ethical-hacker-ceh/
ceh,web-hacking,WH-2,CEH v12 — WH-2 (HARD) #36,"Given strict compliance, auditability, and multi-region constraints, how should you SQL injection and XSS for Web Application and Cloud Hacking?",Apply the official Web Application and Cloud Hacking guidance: SQL injection and XSS — this aligns with exam blueprint expectations and vendor documentation.,Use an approach that contradicts the exam objective and ignores documented constraints.,"Deploy without monitoring, backup, or access controls required by the blueprint.",Mix controls from unrelated domains that do not address the stated objective.,A,HARD,ceh|web-hacking|WH-2|hard|blueprint-seed,**Answer: A** — SQL injection and XSS. Review the official EC-Council exam guide (CEH v12) and linked documentation. Objective: WH-2.,https://www.eccouncil.org/programs/certified-ethical-hacker-ceh/
ceh,web-hacking,WH-2,CEH v12 — WH-2 (HARD) #37,A production incident involves trade-offs between cost and resilience for SQL injection and XSS for Web Application and Cloud Hacking?,Use an approach that contradicts the exam objective and ignores documented constraints.,"Deploy without monitoring, backup, or access controls required by the blueprint.",Mix controls from unrelated domains that do not address the stated objective.,"Follow the documented approach for SQL injection and XSS, using recommended services and controls per the exam guide.",B,HARD,ceh|web-hacking|WH-2|hard|blueprint-seed,**Answer: B** — SQL injection and XSS. Review the official EC-Council exam guide (CEH v12) and linked documentation. Objective: WH-2.,https://www.eccouncil.org/programs/certified-ethical-hacker-ceh/
ceh,web-hacking,WH-2,CEH v12 — WH-2 (HARD) #38,Complex regulatory requirements demand that you SQL injection and XSS for Web Application and Cloud Hacking?,"Deploy without monitoring, backup, or access controls required by the blueprint.",Mix controls from unrelated domains that do not address the stated objective.,"Implement SQL injection and XSS using EC-Council best practices for Web Application and Cloud Hacking, including monitoring and least privilege.",Use an approach that contradicts the exam objective and ignores documented constraints.,C,HARD,ceh|web-hacking|WH-2|hard|blueprint-seed,**Answer: C** — SQL injection and XSS. Review the official EC-Council exam guide (CEH v12) and linked documentation. Objective: WH-2.,https://www.eccouncil.org/programs/certified-ethical-hacker-ceh/
ceh,web-hacking,WH-3,CEH v12 — WH-3 (EASY) #1,What is the primary purpose of IoT and cloud hacking concepts?,Use an approach that contradicts the exam objective and ignores documented constraints.,"Deploy without monitoring, backup, or access controls required by the blueprint.",Mix controls from unrelated domains that do not address the stated objective.,"Follow the documented approach for IoT and cloud hacking concepts, using recommended services and controls per the exam guide.",B,EASY,ceh|web-hacking|WH-3|easy|blueprint-seed,**Answer: B** — IoT and cloud hacking concepts. Review the official EC-Council exam guide (CEH v12) and linked documentation. Objective: WH-3.,https://www.eccouncil.org/programs/certified-ethical-hacker-ceh/
ceh,web-hacking,WH-3,CEH v12 — WH-3 (EASY) #2,Which concept is fundamental to IoT and cloud hacking concepts?,"Deploy without monitoring, backup, or access controls required by the blueprint.",Mix controls from unrelated domains that do not address the stated objective.,"Implement IoT and cloud hacking concepts using EC-Council best practices for Web Application and Cloud Hacking, including monitoring and least privilege.",Use an approach that contradicts the exam objective and ignores documented constraints.,C,EASY,ceh|web-hacking|WH-3|easy|blueprint-seed,**Answer: C** — IoT and cloud hacking concepts. Review the official EC-Council exam guide (CEH v12) and linked documentation. Objective: WH-3.,https://www.eccouncil.org/programs/certified-ethical-hacker-ceh/
ceh,web-hacking,WH-3,CEH v12 — WH-3 (EASY) #3,Identify the core principle behind IoT and cloud hacking concepts?,Mix controls from unrelated domains that do not address the stated objective.,Apply the official Web Application and Cloud Hacking guidance: IoT and cloud hacking concepts — this aligns with exam blueprint expectations and vendor documentation.,Use an approach that contradicts the exam objective and ignores documented constraints.,"Deploy without monitoring, backup, or access controls required by the blueprint.",D,EASY,ceh|web-hacking|WH-3|easy|blueprint-seed,**Answer: D** — IoT and cloud hacking concepts. Review the official EC-Council exam guide (CEH v12) and linked documentation. Objective: WH-3.,https://www.eccouncil.org/programs/certified-ethical-hacker-ceh/
ceh,web-hacking,WH-3,CEH v12 — WH-3 (EASY) #4,Which description accurately reflects IoT and cloud hacking concepts?,"Follow the documented approach for IoT and cloud hacking concepts, using recommended services and controls per the exam guide.",Use an approach that contradicts the exam objective and ignores documented constraints.,"Deploy without monitoring, backup, or access controls required by the blueprint.",Mix controls from unrelated domains that do not address the stated objective.,A,EASY,ceh|web-hacking|WH-3|easy|blueprint-seed,**Answer: A** — IoT and cloud hacking concepts. Review the official EC-Council exam guide (CEH v12) and linked documentation. Objective: WH-3.,https://www.eccouncil.org/programs/certified-ethical-hacker-ceh/
ceh,web-hacking,WH-3,CEH v12 — WH-3 (EASY) #5,Which statement best defines the scope of IoT and cloud hacking concepts?,Use an approach that contradicts the exam objective and ignores documented constraints.,"Deploy without monitoring, backup, or access controls required by the blueprint.",Mix controls from unrelated domains that do not address the stated objective.,"Implement IoT and cloud hacking concepts using EC-Council best practices for Web Application and Cloud Hacking, including monitoring and least privilege.",B,EASY,ceh|web-hacking|WH-3|easy|blueprint-seed,**Answer: B** — IoT and cloud hacking concepts. Review the official EC-Council exam guide (CEH v12) and linked documentation. Objective: WH-3.,https://www.eccouncil.org/programs/certified-ethical-hacker-ceh/
ceh,web-hacking,WH-3,CEH v12 — WH-3 (EASY) #6,What is the primary purpose of IoT and cloud hacking concepts?,"Deploy without monitoring, backup, or access controls required by the blueprint.",Mix controls from unrelated domains that do not address the stated objective.,Apply the official Web Application and Cloud Hacking guidance: IoT and cloud hacking concepts — this aligns with exam blueprint expectations and vendor documentation.,Use an approach that contradicts the exam objective and ignores documented constraints.,C,EASY,ceh|web-hacking|WH-3|easy|blueprint-seed,**Answer: C** — IoT and cloud hacking concepts. Review the official EC-Council exam guide (CEH v12) and linked documentation. Objective: WH-3.,https://www.eccouncil.org/programs/certified-ethical-hacker-ceh/
ceh,web-hacking,WH-3,CEH v12 — WH-3 (EASY) #7,Which concept is fundamental to IoT and cloud hacking concepts?,Mix controls from unrelated domains that do not address the stated objective.,"Follow the documented approach for IoT and cloud hacking concepts, using recommended services and controls per the exam guide.",Use an approach that contradicts the exam objective and ignores documented constraints.,"Deploy without monitoring, backup, or access controls required by the blueprint.",D,EASY,ceh|web-hacking|WH-3|easy|blueprint-seed,**Answer: D** — IoT and cloud hacking concepts. Review the official EC-Council exam guide (CEH v12) and linked documentation. Objective: WH-3.,https://www.eccouncil.org/programs/certified-ethical-hacker-ceh/
ceh,web-hacking,WH-3,CEH v12 — WH-3 (EASY) #8,Identify the core principle behind IoT and cloud hacking concepts?,"Implement IoT and cloud hacking concepts using EC-Council best practices for Web Application and Cloud Hacking, including monitoring and least privilege.",Use an approach that contradicts the exam objective and ignores documented constraints.,"Deploy without monitoring, backup, or access controls required by the blueprint.",Mix controls from unrelated domains that do not address the stated objective.,A,EASY,ceh|web-hacking|WH-3|easy|blueprint-seed,**Answer: A** — IoT and cloud hacking concepts. Review the official EC-Council exam guide (CEH v12) and linked documentation. Objective: WH-3.,https://www.eccouncil.org/programs/certified-ethical-hacker-ceh/
ceh,web-hacking,WH-3,CEH v12 — WH-3 (EASY) #9,Which description accurately reflects IoT and cloud hacking concepts?,Use an approach that contradicts the exam objective and ignores documented constraints.,"Deploy without monitoring, backup, or access controls required by the blueprint.",Mix controls from unrelated domains that do not address the stated objective.,Apply the official Web Application and Cloud Hacking guidance: IoT and cloud hacking concepts — this aligns with exam blueprint expectations and vendor documentation.,B,EASY,ceh|web-hacking|WH-3|easy|blueprint-seed,**Answer: B** — IoT and cloud hacking concepts. Review the official EC-Council exam guide (CEH v12) and linked documentation. Objective: WH-3.,https://www.eccouncil.org/programs/certified-ethical-hacker-ceh/
ceh,web-hacking,WH-3,CEH v12 — WH-3 (EASY) #10,Which statement best defines the scope of IoT and cloud hacking concepts?,"Deploy without monitoring, backup, or access controls required by the blueprint.",Mix controls from unrelated domains that do not address the stated objective.,"Follow the documented approach for IoT and cloud hacking concepts, using recommended services and controls per the exam guide.",Use an approach that contradicts the exam objective and ignores documented constraints.,C,EASY,ceh|web-hacking|WH-3|easy|blueprint-seed,**Answer: C** — IoT and cloud hacking concepts. Review the official EC-Council exam guide (CEH v12) and linked documentation. Objective: WH-3.,https://www.eccouncil.org/programs/certified-ethical-hacker-ceh/
ceh,web-hacking,WH-3,CEH v12 — WH-3 (EASY) #11,What is the primary purpose of IoT and cloud hacking concepts?,Mix controls from unrelated domains that do not address the stated objective.,"Implement IoT and cloud hacking concepts using EC-Council best practices for Web Application and Cloud Hacking, including monitoring and least privilege.",Use an approach that contradicts the exam objective and ignores documented constraints.,"Deploy without monitoring, backup, or access controls required by the blueprint.",D,EASY,ceh|web-hacking|WH-3|easy|blueprint-seed,**Answer: D** — IoT and cloud hacking concepts. Review the official EC-Council exam guide (CEH v12) and linked documentation. Objective: WH-3.,https://www.eccouncil.org/programs/certified-ethical-hacker-ceh/
ceh,web-hacking,WH-3,CEH v12 — WH-3 (MEDIUM) #12,"During a project review, stakeholders ask how to IoT and cloud hacking concepts in the context of Certified Ethical Hacker?",Apply the official Web Application and Cloud Hacking guidance: IoT and cloud hacking concepts — this aligns with exam blueprint expectations and vendor documentation.,Use an approach that contradicts the exam objective and ignores documented constraints.,"Deploy without monitoring, backup, or access controls required by the blueprint.",Mix controls from unrelated domains that do not address the stated objective.,A,MEDIUM,ceh|web-hacking|WH-3|medium|blueprint-seed,**Answer: A** — IoT and cloud hacking concepts. Review the official EC-Council exam guide (CEH v12) and linked documentation. Objective: WH-3.,https://www.eccouncil.org/programs/certified-ethical-hacker-ceh/
ceh,web-hacking,WH-3,CEH v12 — WH-3 (MEDIUM) #13,Which configuration satisfies requirements for IoT and cloud hacking concepts in the context of Certified Ethical Hacker?,Use an approach that contradicts the exam objective and ignores documented constraints.,"Deploy without monitoring, backup, or access controls required by the blueprint.",Mix controls from unrelated domains that do not address the stated objective.,"Follow the documented approach for IoT and cloud hacking concepts, using recommended services and controls per the exam guide.",B,MEDIUM,ceh|web-hacking|WH-3|medium|blueprint-seed,**Answer: B** — IoT and cloud hacking concepts. Review the official EC-Council exam guide (CEH v12) and linked documentation. Objective: WH-3.,https://www.eccouncil.org/programs/certified-ethical-hacker-ceh/
ceh,web-hacking,WH-3,CEH v12 — WH-3 (MEDIUM) #14,What is the recommended design when applying IoT and cloud hacking concepts in the context of Certified Ethical Hacker?,"Deploy without monitoring, backup, or access controls required by the blueprint.",Mix controls from unrelated domains that do not address the stated objective.,"Implement IoT and cloud hacking concepts using EC-Council best practices for Web Application and Cloud Hacking, including monitoring and least privilege.",Use an approach that contradicts the exam objective and ignores documented constraints.,C,MEDIUM,ceh|web-hacking|WH-3|medium|blueprint-seed,**Answer: C** — IoT and cloud hacking concepts. Review the official EC-Council exam guide (CEH v12) and linked documentation. Objective: WH-3.,https://www.eccouncil.org/programs/certified-ethical-hacker-ceh/
ceh,web-hacking,WH-3,CEH v12 — WH-3 (MEDIUM) #15,A team must implement a solution for IoT and cloud hacking concepts in the context of Certified Ethical Hacker?,Mix controls from unrelated domains that do not address the stated objective.,Apply the official Web Application and Cloud Hacking guidance: IoT and cloud hacking concepts — this aligns with exam blueprint expectations and vendor documentation.,Use an approach that contradicts the exam objective and ignores documented constraints.,"Deploy without monitoring, backup, or access controls required by the blueprint.",D,MEDIUM,ceh|web-hacking|WH-3|medium|blueprint-seed,**Answer: D** — IoT and cloud hacking concepts. Review the official EC-Council exam guide (CEH v12) and linked documentation. Objective: WH-3.,https://www.eccouncil.org/programs/certified-ethical-hacker-ceh/
ceh,web-hacking,WH-3,CEH v12 — WH-3 (MEDIUM) #16,Which approach aligns with best practices when IoT and cloud hacking concepts in the context of Certified Ethical Hacker?,"Follow the documented approach for IoT and cloud hacking concepts, using recommended services and controls per the exam guide.",Use an approach that contradicts the exam objective and ignores documented constraints.,"Deploy without monitoring, backup, or access controls required by the blueprint.",Mix controls from unrelated domains that do not address the stated objective.,A,MEDIUM,ceh|web-hacking|WH-3|medium|blueprint-seed,**Answer: A** — IoT and cloud hacking concepts. Review the official EC-Council exam guide (CEH v12) and linked documentation. Objective: WH-3.,https://www.eccouncil.org/programs/certified-ethical-hacker-ceh/
ceh,web-hacking,WH-3,CEH v12 — WH-3 (MEDIUM) #17,"During a project review, stakeholders ask how to IoT and cloud hacking concepts in the context of Certified Ethical Hacker?",Use an approach that contradicts the exam objective and ignores documented constraints.,"Deploy without monitoring, backup, or access controls required by the blueprint.",Mix controls from unrelated domains that do not address the stated objective.,"Implement IoT and cloud hacking concepts using EC-Council best practices for Web Application and Cloud Hacking, including monitoring and least privilege.",B,MEDIUM,ceh|web-hacking|WH-3|medium|blueprint-seed,**Answer: B** — IoT and cloud hacking concepts. Review the official EC-Council exam guide (CEH v12) and linked documentation. Objective: WH-3.,https://www.eccouncil.org/programs/certified-ethical-hacker-ceh/
ceh,web-hacking,WH-3,CEH v12 — WH-3 (MEDIUM) #18,Which configuration satisfies requirements for IoT and cloud hacking concepts in the context of Certified Ethical Hacker?,"Deploy without monitoring, backup, or access controls required by the blueprint.",Mix controls from unrelated domains that do not address the stated objective.,Apply the official Web Application and Cloud Hacking guidance: IoT and cloud hacking concepts — this aligns with exam blueprint expectations and vendor documentation.,Use an approach that contradicts the exam objective and ignores documented constraints.,C,MEDIUM,ceh|web-hacking|WH-3|medium|blueprint-seed,**Answer: C** — IoT and cloud hacking concepts. Review the official EC-Council exam guide (CEH v12) and linked documentation. Objective: WH-3.,https://www.eccouncil.org/programs/certified-ethical-hacker-ceh/
ceh,web-hacking,WH-3,CEH v12 — WH-3 (MEDIUM) #19,What is the recommended design when applying IoT and cloud hacking concepts in the context of Certified Ethical Hacker?,Mix controls from unrelated domains that do not address the stated objective.,"Follow the documented approach for IoT and cloud hacking concepts, using recommended services and controls per the exam guide.",Use an approach that contradicts the exam objective and ignores documented constraints.,"Deploy without monitoring, backup, or access controls required by the blueprint.",D,MEDIUM,ceh|web-hacking|WH-3|medium|blueprint-seed,**Answer: D** — IoT and cloud hacking concepts. Review the official EC-Council exam guide (CEH v12) and linked documentation. Objective: WH-3.,https://www.eccouncil.org/programs/certified-ethical-hacker-ceh/
ceh,web-hacking,WH-3,CEH v12 — WH-3 (MEDIUM) #20,A team must implement a solution for IoT and cloud hacking concepts in the context of Certified Ethical Hacker?,"Implement IoT and cloud hacking concepts using EC-Council best practices for Web Application and Cloud Hacking, including monitoring and least privilege.",Use an approach that contradicts the exam objective and ignores documented constraints.,"Deploy without monitoring, backup, or access controls required by the blueprint.",Mix controls from unrelated domains that do not address the stated objective.,A,MEDIUM,ceh|web-hacking|WH-3|medium|blueprint-seed,**Answer: A** — IoT and cloud hacking concepts. Review the official EC-Council exam guide (CEH v12) and linked documentation. Objective: WH-3.,https://www.eccouncil.org/programs/certified-ethical-hacker-ceh/
ceh,web-hacking,WH-3,CEH v12 — WH-3 (MEDIUM) #21,Which approach aligns with best practices when IoT and cloud hacking concepts in the context of Certified Ethical Hacker?,Use an approach that contradicts the exam objective and ignores documented constraints.,"Deploy without monitoring, backup, or access controls required by the blueprint.",Mix controls from unrelated domains that do not address the stated objective.,Apply the official Web Application and Cloud Hacking guidance: IoT and cloud hacking concepts — this aligns with exam blueprint expectations and vendor documentation.,B,MEDIUM,ceh|web-hacking|WH-3|medium|blueprint-seed,**Answer: B** — IoT and cloud hacking concepts. Review the official EC-Council exam guide (CEH v12) and linked documentation. Objective: WH-3.,https://www.eccouncil.org/programs/certified-ethical-hacker-ceh/
ceh,web-hacking,WH-3,CEH v12 — WH-3 (MEDIUM) #22,"During a project review, stakeholders ask how to IoT and cloud hacking concepts in the context of Certified Ethical Hacker?","Deploy without monitoring, backup, or access controls required by the blueprint.",Mix controls from unrelated domains that do not address the stated objective.,"Follow the documented approach for IoT and cloud hacking concepts, using recommended services and controls per the exam guide.",Use an approach that contradicts the exam objective and ignores documented constraints.,C,MEDIUM,ceh|web-hacking|WH-3|medium|blueprint-seed,**Answer: C** — IoT and cloud hacking concepts. Review the official EC-Council exam guide (CEH v12) and linked documentation. Objective: WH-3.,https://www.eccouncil.org/programs/certified-ethical-hacker-ceh/
ceh,web-hacking,WH-3,CEH v12 — WH-3 (MEDIUM) #23,Which configuration satisfies requirements for IoT and cloud hacking concepts in the context of Certified Ethical Hacker?,Mix controls from unrelated domains that do not address the stated objective.,"Implement IoT and cloud hacking concepts using EC-Council best practices for Web Application and Cloud Hacking, including monitoring and least privilege.",Use an approach that contradicts the exam objective and ignores documented constraints.,"Deploy without monitoring, backup, or access controls required by the blueprint.",D,MEDIUM,ceh|web-hacking|WH-3|medium|blueprint-seed,**Answer: D** — IoT and cloud hacking concepts. Review the official EC-Council exam guide (CEH v12) and linked documentation. Objective: WH-3.,https://www.eccouncil.org/programs/certified-ethical-hacker-ceh/
ceh,web-hacking,WH-3,CEH v12 — WH-3 (MEDIUM) #24,What is the recommended design when applying IoT and cloud hacking concepts in the context of Certified Ethical Hacker?,Apply the official Web Application and Cloud Hacking guidance: IoT and cloud hacking concepts — this aligns with exam blueprint expectations and vendor documentation.,Use an approach that contradicts the exam objective and ignores documented constraints.,"Deploy without monitoring, backup, or access controls required by the blueprint.",Mix controls from unrelated domains that do not address the stated objective.,A,MEDIUM,ceh|web-hacking|WH-3|medium|blueprint-seed,**Answer: A** — IoT and cloud hacking concepts. Review the official EC-Council exam guide (CEH v12) and linked documentation. Objective: WH-3.,https://www.eccouncil.org/programs/certified-ethical-hacker-ceh/
ceh,web-hacking,WH-3,CEH v12 — WH-3 (MEDIUM) #25,A team must implement a solution for IoT and cloud hacking concepts in the context of Certified Ethical Hacker?,Use an approach that contradicts the exam objective and ignores documented constraints.,"Deploy without monitoring, backup, or access controls required by the blueprint.",Mix controls from unrelated domains that do not address the stated objective.,"Follow the documented approach for IoT and cloud hacking concepts, using recommended services and controls per the exam guide.",B,MEDIUM,ceh|web-hacking|WH-3|medium|blueprint-seed,**Answer: B** — IoT and cloud hacking concepts. Review the official EC-Council exam guide (CEH v12) and linked documentation. Objective: WH-3.,https://www.eccouncil.org/programs/certified-ethical-hacker-ceh/
ceh,web-hacking,WH-3,CEH v12 — WH-3 (MEDIUM) #26,Which approach aligns with best practices when IoT and cloud hacking concepts in the context of Certified Ethical Hacker?,"Deploy without monitoring, backup, or access controls required by the blueprint.",Mix controls from unrelated domains that do not address the stated objective.,"Implement IoT and cloud hacking concepts using EC-Council best practices for Web Application and Cloud Hacking, including monitoring and least privilege.",Use an approach that contradicts the exam objective and ignores documented constraints.,C,MEDIUM,ceh|web-hacking|WH-3|medium|blueprint-seed,**Answer: C** — IoT and cloud hacking concepts. Review the official EC-Council exam guide (CEH v12) and linked documentation. Objective: WH-3.,https://www.eccouncil.org/programs/certified-ethical-hacker-ceh/
ceh,web-hacking,WH-3,CEH v12 — WH-3 (HARD) #27,A production incident involves trade-offs between cost and resilience for IoT and cloud hacking concepts for Web Application and Cloud Hacking?,Mix controls from unrelated domains that do not address the stated objective.,Apply the official Web Application and Cloud Hacking guidance: IoT and cloud hacking concepts — this aligns with exam blueprint expectations and vendor documentation.,Use an approach that contradicts the exam objective and ignores documented constraints.,"Deploy without monitoring, backup, or access controls required by the blueprint.",D,HARD,ceh|web-hacking|WH-3|hard|blueprint-seed,**Answer: D** — IoT and cloud hacking concepts. Review the official EC-Council exam guide (CEH v12) and linked documentation. Objective: WH-3.,https://www.eccouncil.org/programs/certified-ethical-hacker-ceh/
ceh,web-hacking,WH-3,CEH v12 — WH-3 (HARD) #28,Complex regulatory requirements demand that you IoT and cloud hacking concepts for Web Application and Cloud Hacking?,"Follow the documented approach for IoT and cloud hacking concepts, using recommended services and controls per the exam guide.",Use an approach that contradicts the exam objective and ignores documented constraints.,"Deploy without monitoring, backup, or access controls required by the blueprint.",Mix controls from unrelated domains that do not address the stated objective.,A,HARD,ceh|web-hacking|WH-3|hard|blueprint-seed,**Answer: A** — IoT and cloud hacking concepts. Review the official EC-Council exam guide (CEH v12) and linked documentation. Objective: WH-3.,https://www.eccouncil.org/programs/certified-ethical-hacker-ceh/
ceh,web-hacking,WH-3,CEH v12 — WH-3 (HARD) #29,A multi-team rollout must balance security and velocity for IoT and cloud hacking concepts for Web Application and Cloud Hacking?,Use an approach that contradicts the exam objective and ignores documented constraints.,"Deploy without monitoring, backup, or access controls required by the blueprint.",Mix controls from unrelated domains that do not address the stated objective.,"Implement IoT and cloud hacking concepts using EC-Council best practices for Web Application and Cloud Hacking, including monitoring and least privilege.",B,HARD,ceh|web-hacking|WH-3|hard|blueprint-seed,**Answer: B** — IoT and cloud hacking concepts. Review the official EC-Council exam guide (CEH v12) and linked documentation. Objective: WH-3.,https://www.eccouncil.org/programs/certified-ethical-hacker-ceh/
ceh,web-hacking,WH-3,CEH v12 — WH-3 (HARD) #30,An enterprise requires zero-downtime architecture while IoT and cloud hacking concepts for Web Application and Cloud Hacking?,"Deploy without monitoring, backup, or access controls required by the blueprint.",Mix controls from unrelated domains that do not address the stated objective.,Apply the official Web Application and Cloud Hacking guidance: IoT and cloud hacking concepts — this aligns with exam blueprint expectations and vendor documentation.,Use an approach that contradicts the exam objective and ignores documented constraints.,C,HARD,ceh|web-hacking|WH-3|hard|blueprint-seed,**Answer: C** — IoT and cloud hacking concepts. Review the official EC-Council exam guide (CEH v12) and linked documentation. Objective: WH-3.,https://www.eccouncil.org/programs/certified-ethical-hacker-ceh/
ceh,web-hacking,WH-3,CEH v12 — WH-3 (HARD) #31,"Given strict compliance, auditability, and multi-region constraints, how should you IoT and cloud hacking concepts for Web Application and Cloud Hacking?",Mix controls from unrelated domains that do not address the stated objective.,"Follow the documented approach for IoT and cloud hacking concepts, using recommended services and controls per the exam guide.",Use an approach that contradicts the exam objective and ignores documented constraints.,"Deploy without monitoring, backup, or access controls required by the blueprint.",D,HARD,ceh|web-hacking|WH-3|hard|blueprint-seed,**Answer: D** — IoT and cloud hacking concepts. Review the official EC-Council exam guide (CEH v12) and linked documentation. Objective: WH-3.,https://www.eccouncil.org/programs/certified-ethical-hacker-ceh/
ceh,web-hacking,WH-3,CEH v12 — WH-3 (HARD) #32,A production incident involves trade-offs between cost and resilience for IoT and cloud hacking concepts for Web Application and Cloud Hacking?,"Implement IoT and cloud hacking concepts using EC-Council best practices for Web Application and Cloud Hacking, including monitoring and least privilege.",Use an approach that contradicts the exam objective and ignores documented constraints.,"Deploy without monitoring, backup, or access controls required by the blueprint.",Mix controls from unrelated domains that do not address the stated objective.,A,HARD,ceh|web-hacking|WH-3|hard|blueprint-seed,**Answer: A** — IoT and cloud hacking concepts. Review the official EC-Council exam guide (CEH v12) and linked documentation. Objective: WH-3.,https://www.eccouncil.org/programs/certified-ethical-hacker-ceh/
ceh,web-hacking,WH-3,CEH v12 — WH-3 (HARD) #33,Complex regulatory requirements demand that you IoT and cloud hacking concepts for Web Application and Cloud Hacking?,Use an approach that contradicts the exam objective and ignores documented constraints.,"Deploy without monitoring, backup, or access controls required by the blueprint.",Mix controls from unrelated domains that do not address the stated objective.,Apply the official Web Application and Cloud Hacking guidance: IoT and cloud hacking concepts — this aligns with exam blueprint expectations and vendor documentation.,B,HARD,ceh|web-hacking|WH-3|hard|blueprint-seed,**Answer: B** — IoT and cloud hacking concepts. Review the official EC-Council exam guide (CEH v12) and linked documentation. Objective: WH-3.,https://www.eccouncil.org/programs/certified-ethical-hacker-ceh/
ceh,web-hacking,WH-3,CEH v12 — WH-3 (HARD) #34,A multi-team rollout must balance security and velocity for IoT and cloud hacking concepts for Web Application and Cloud Hacking?,"Deploy without monitoring, backup, or access controls required by the blueprint.",Mix controls from unrelated domains that do not address the stated objective.,"Follow the documented approach for IoT and cloud hacking concepts, using recommended services and controls per the exam guide.",Use an approach that contradicts the exam objective and ignores documented constraints.,C,HARD,ceh|web-hacking|WH-3|hard|blueprint-seed,**Answer: C** — IoT and cloud hacking concepts. Review the official EC-Council exam guide (CEH v12) and linked documentation. Objective: WH-3.,https://www.eccouncil.org/programs/certified-ethical-hacker-ceh/
ceh,web-hacking,WH-3,CEH v12 — WH-3 (HARD) #35,An enterprise requires zero-downtime architecture while IoT and cloud hacking concepts for Web Application and Cloud Hacking?,Mix controls from unrelated domains that do not address the stated objective.,"Implement IoT and cloud hacking concepts using EC-Council best practices for Web Application and Cloud Hacking, including monitoring and least privilege.",Use an approach that contradicts the exam objective and ignores documented constraints.,"Deploy without monitoring, backup, or access controls required by the blueprint.",D,HARD,ceh|web-hacking|WH-3|hard|blueprint-seed,**Answer: D** — IoT and cloud hacking concepts. Review the official EC-Council exam guide (CEH v12) and linked documentation. Objective: WH-3.,https://www.eccouncil.org/programs/certified-ethical-hacker-ceh/
ceh,web-hacking,WH-3,CEH v12 — WH-3 (HARD) #36,"Given strict compliance, auditability, and multi-region constraints, how should you IoT and cloud hacking concepts for Web Application and Cloud Hacking?",Apply the official Web Application and Cloud Hacking guidance: IoT and cloud hacking concepts — this aligns with exam blueprint expectations and vendor documentation.,Use an approach that contradicts the exam objective and ignores documented constraints.,"Deploy without monitoring, backup, or access controls required by the blueprint.",Mix controls from unrelated domains that do not address the stated objective.,A,HARD,ceh|web-hacking|WH-3|hard|blueprint-seed,**Answer: A** — IoT and cloud hacking concepts. Review the official EC-Council exam guide (CEH v12) and linked documentation. Objective: WH-3.,https://www.eccouncil.org/programs/certified-ethical-hacker-ceh/
ceh,web-hacking,WH-3,CEH v12 — WH-3 (HARD) #37,A production incident involves trade-offs between cost and resilience for IoT and cloud hacking concepts for Web Application and Cloud Hacking?,Use an approach that contradicts the exam objective and ignores documented constraints.,"Deploy without monitoring, backup, or access controls required by the blueprint.",Mix controls from unrelated domains that do not address the stated objective.,"Follow the documented approach for IoT and cloud hacking concepts, using recommended services and controls per the exam guide.",B,HARD,ceh|web-hacking|WH-3|hard|blueprint-seed,**Answer: B** — IoT and cloud hacking concepts. Review the official EC-Council exam guide (CEH v12) and linked documentation. Objective: WH-3.,https://www.eccouncil.org/programs/certified-ethical-hacker-ceh/
ceh,web-hacking,WH-3,CEH v12 — WH-3 (HARD) #38,Complex regulatory requirements demand that you IoT and cloud hacking concepts for Web Application and Cloud Hacking?,"Deploy without monitoring, backup, or access controls required by the blueprint.",Mix controls from unrelated domains that do not address the stated objective.,"Implement IoT and cloud hacking concepts using EC-Council best practices for Web Application and Cloud Hacking, including monitoring and least privilege.",Use an approach that contradicts the exam objective and ignores documented constraints.,C,HARD,ceh|web-hacking|WH-3|hard|blueprint-seed,**Answer: C** — IoT and cloud hacking concepts. Review the official EC-Council exam guide (CEH v12) and linked documentation. Objective: WH-3.,https://www.eccouncil.org/programs/certified-ethical-hacker-ceh/
ceh,web-hacking,WH-4,CEH v12 — WH-4 (EASY) #1,What is the primary purpose of Cryptography attacks and defenses?,Use an approach that contradicts the exam objective and ignores documented constraints.,"Deploy without monitoring, backup, or access controls required by the blueprint.",Mix controls from unrelated domains that do not address the stated objective.,"Follow the documented approach for Cryptography attacks and defenses, using recommended services and controls per the exam guide.",B,EASY,ceh|web-hacking|WH-4|easy|blueprint-seed,**Answer: B** — Cryptography attacks and defenses. Review the official EC-Council exam guide (CEH v12) and linked documentation. Objective: WH-4.,https://www.eccouncil.org/programs/certified-ethical-hacker-ceh/
ceh,web-hacking,WH-4,CEH v12 — WH-4 (EASY) #2,Which concept is fundamental to Cryptography attacks and defenses?,"Deploy without monitoring, backup, or access controls required by the blueprint.",Mix controls from unrelated domains that do not address the stated objective.,"Implement Cryptography attacks and defenses using EC-Council best practices for Web Application and Cloud Hacking, including monitoring and least privilege.",Use an approach that contradicts the exam objective and ignores documented constraints.,C,EASY,ceh|web-hacking|WH-4|easy|blueprint-seed,**Answer: C** — Cryptography attacks and defenses. Review the official EC-Council exam guide (CEH v12) and linked documentation. Objective: WH-4.,https://www.eccouncil.org/programs/certified-ethical-hacker-ceh/
ceh,web-hacking,WH-4,CEH v12 — WH-4 (EASY) #3,Identify the core principle behind Cryptography attacks and defenses?,Mix controls from unrelated domains that do not address the stated objective.,Apply the official Web Application and Cloud Hacking guidance: Cryptography attacks and defenses — this aligns with exam blueprint expectations and vendor documentation.,Use an approach that contradicts the exam objective and ignores documented constraints.,"Deploy without monitoring, backup, or access controls required by the blueprint.",D,EASY,ceh|web-hacking|WH-4|easy|blueprint-seed,**Answer: D** — Cryptography attacks and defenses. Review the official EC-Council exam guide (CEH v12) and linked documentation. Objective: WH-4.,https://www.eccouncil.org/programs/certified-ethical-hacker-ceh/
ceh,web-hacking,WH-4,CEH v12 — WH-4 (EASY) #4,Which description accurately reflects Cryptography attacks and defenses?,"Follow the documented approach for Cryptography attacks and defenses, using recommended services and controls per the exam guide.",Use an approach that contradicts the exam objective and ignores documented constraints.,"Deploy without monitoring, backup, or access controls required by the blueprint.",Mix controls from unrelated domains that do not address the stated objective.,A,EASY,ceh|web-hacking|WH-4|easy|blueprint-seed,**Answer: A** — Cryptography attacks and defenses. Review the official EC-Council exam guide (CEH v12) and linked documentation. Objective: WH-4.,https://www.eccouncil.org/programs/certified-ethical-hacker-ceh/
ceh,web-hacking,WH-4,CEH v12 — WH-4 (EASY) #5,Which statement best defines the scope of Cryptography attacks and defenses?,Use an approach that contradicts the exam objective and ignores documented constraints.,"Deploy without monitoring, backup, or access controls required by the blueprint.",Mix controls from unrelated domains that do not address the stated objective.,"Implement Cryptography attacks and defenses using EC-Council best practices for Web Application and Cloud Hacking, including monitoring and least privilege.",B,EASY,ceh|web-hacking|WH-4|easy|blueprint-seed,**Answer: B** — Cryptography attacks and defenses. Review the official EC-Council exam guide (CEH v12) and linked documentation. Objective: WH-4.,https://www.eccouncil.org/programs/certified-ethical-hacker-ceh/
ceh,web-hacking,WH-4,CEH v12 — WH-4 (EASY) #6,What is the primary purpose of Cryptography attacks and defenses?,"Deploy without monitoring, backup, or access controls required by the blueprint.",Mix controls from unrelated domains that do not address the stated objective.,Apply the official Web Application and Cloud Hacking guidance: Cryptography attacks and defenses — this aligns with exam blueprint expectations and vendor documentation.,Use an approach that contradicts the exam objective and ignores documented constraints.,C,EASY,ceh|web-hacking|WH-4|easy|blueprint-seed,**Answer: C** — Cryptography attacks and defenses. Review the official EC-Council exam guide (CEH v12) and linked documentation. Objective: WH-4.,https://www.eccouncil.org/programs/certified-ethical-hacker-ceh/
ceh,web-hacking,WH-4,CEH v12 — WH-4 (EASY) #7,Which concept is fundamental to Cryptography attacks and defenses?,Mix controls from unrelated domains that do not address the stated objective.,"Follow the documented approach for Cryptography attacks and defenses, using recommended services and controls per the exam guide.",Use an approach that contradicts the exam objective and ignores documented constraints.,"Deploy without monitoring, backup, or access controls required by the blueprint.",D,EASY,ceh|web-hacking|WH-4|easy|blueprint-seed,**Answer: D** — Cryptography attacks and defenses. Review the official EC-Council exam guide (CEH v12) and linked documentation. Objective: WH-4.,https://www.eccouncil.org/programs/certified-ethical-hacker-ceh/
ceh,web-hacking,WH-4,CEH v12 — WH-4 (EASY) #8,Identify the core principle behind Cryptography attacks and defenses?,"Implement Cryptography attacks and defenses using EC-Council best practices for Web Application and Cloud Hacking, including monitoring and least privilege.",Use an approach that contradicts the exam objective and ignores documented constraints.,"Deploy without monitoring, backup, or access controls required by the blueprint.",Mix controls from unrelated domains that do not address the stated objective.,A,EASY,ceh|web-hacking|WH-4|easy|blueprint-seed,**Answer: A** — Cryptography attacks and defenses. Review the official EC-Council exam guide (CEH v12) and linked documentation. Objective: WH-4.,https://www.eccouncil.org/programs/certified-ethical-hacker-ceh/
ceh,web-hacking,WH-4,CEH v12 — WH-4 (EASY) #9,Which description accurately reflects Cryptography attacks and defenses?,Use an approach that contradicts the exam objective and ignores documented constraints.,"Deploy without monitoring, backup, or access controls required by the blueprint.",Mix controls from unrelated domains that do not address the stated objective.,Apply the official Web Application and Cloud Hacking guidance: Cryptography attacks and defenses — this aligns with exam blueprint expectations and vendor documentation.,B,EASY,ceh|web-hacking|WH-4|easy|blueprint-seed,**Answer: B** — Cryptography attacks and defenses. Review the official EC-Council exam guide (CEH v12) and linked documentation. Objective: WH-4.,https://www.eccouncil.org/programs/certified-ethical-hacker-ceh/
ceh,web-hacking,WH-4,CEH v12 — WH-4 (EASY) #10,Which statement best defines the scope of Cryptography attacks and defenses?,"Deploy without monitoring, backup, or access controls required by the blueprint.",Mix controls from unrelated domains that do not address the stated objective.,"Follow the documented approach for Cryptography attacks and defenses, using recommended services and controls per the exam guide.",Use an approach that contradicts the exam objective and ignores documented constraints.,C,EASY,ceh|web-hacking|WH-4|easy|blueprint-seed,**Answer: C** — Cryptography attacks and defenses. Review the official EC-Council exam guide (CEH v12) and linked documentation. Objective: WH-4.,https://www.eccouncil.org/programs/certified-ethical-hacker-ceh/
ceh,web-hacking,WH-4,CEH v12 — WH-4 (EASY) #11,What is the primary purpose of Cryptography attacks and defenses?,Mix controls from unrelated domains that do not address the stated objective.,"Implement Cryptography attacks and defenses using EC-Council best practices for Web Application and Cloud Hacking, including monitoring and least privilege.",Use an approach that contradicts the exam objective and ignores documented constraints.,"Deploy without monitoring, backup, or access controls required by the blueprint.",D,EASY,ceh|web-hacking|WH-4|easy|blueprint-seed,**Answer: D** — Cryptography attacks and defenses. Review the official EC-Council exam guide (CEH v12) and linked documentation. Objective: WH-4.,https://www.eccouncil.org/programs/certified-ethical-hacker-ceh/
ceh,web-hacking,WH-4,CEH v12 — WH-4 (MEDIUM) #12,"During a project review, stakeholders ask how to Cryptography attacks and defenses in the context of Certified Ethical Hacker?",Apply the official Web Application and Cloud Hacking guidance: Cryptography attacks and defenses — this aligns with exam blueprint expectations and vendor documentation.,Use an approach that contradicts the exam objective and ignores documented constraints.,"Deploy without monitoring, backup, or access controls required by the blueprint.",Mix controls from unrelated domains that do not address the stated objective.,A,MEDIUM,ceh|web-hacking|WH-4|medium|blueprint-seed,**Answer: A** — Cryptography attacks and defenses. Review the official EC-Council exam guide (CEH v12) and linked documentation. Objective: WH-4.,https://www.eccouncil.org/programs/certified-ethical-hacker-ceh/
ceh,web-hacking,WH-4,CEH v12 — WH-4 (MEDIUM) #13,Which configuration satisfies requirements for Cryptography attacks and defenses in the context of Certified Ethical Hacker?,Use an approach that contradicts the exam objective and ignores documented constraints.,"Deploy without monitoring, backup, or access controls required by the blueprint.",Mix controls from unrelated domains that do not address the stated objective.,"Follow the documented approach for Cryptography attacks and defenses, using recommended services and controls per the exam guide.",B,MEDIUM,ceh|web-hacking|WH-4|medium|blueprint-seed,**Answer: B** — Cryptography attacks and defenses. Review the official EC-Council exam guide (CEH v12) and linked documentation. Objective: WH-4.,https://www.eccouncil.org/programs/certified-ethical-hacker-ceh/
ceh,web-hacking,WH-4,CEH v12 — WH-4 (MEDIUM) #14,What is the recommended design when applying Cryptography attacks and defenses in the context of Certified Ethical Hacker?,"Deploy without monitoring, backup, or access controls required by the blueprint.",Mix controls from unrelated domains that do not address the stated objective.,"Implement Cryptography attacks and defenses using EC-Council best practices for Web Application and Cloud Hacking, including monitoring and least privilege.",Use an approach that contradicts the exam objective and ignores documented constraints.,C,MEDIUM,ceh|web-hacking|WH-4|medium|blueprint-seed,**Answer: C** — Cryptography attacks and defenses. Review the official EC-Council exam guide (CEH v12) and linked documentation. Objective: WH-4.,https://www.eccouncil.org/programs/certified-ethical-hacker-ceh/
ceh,web-hacking,WH-4,CEH v12 — WH-4 (MEDIUM) #15,A team must implement a solution for Cryptography attacks and defenses in the context of Certified Ethical Hacker?,Mix controls from unrelated domains that do not address the stated objective.,Apply the official Web Application and Cloud Hacking guidance: Cryptography attacks and defenses — this aligns with exam blueprint expectations and vendor documentation.,Use an approach that contradicts the exam objective and ignores documented constraints.,"Deploy without monitoring, backup, or access controls required by the blueprint.",D,MEDIUM,ceh|web-hacking|WH-4|medium|blueprint-seed,**Answer: D** — Cryptography attacks and defenses. Review the official EC-Council exam guide (CEH v12) and linked documentation. Objective: WH-4.,https://www.eccouncil.org/programs/certified-ethical-hacker-ceh/
ceh,web-hacking,WH-4,CEH v12 — WH-4 (MEDIUM) #16,Which approach aligns with best practices when Cryptography attacks and defenses in the context of Certified Ethical Hacker?,"Follow the documented approach for Cryptography attacks and defenses, using recommended services and controls per the exam guide.",Use an approach that contradicts the exam objective and ignores documented constraints.,"Deploy without monitoring, backup, or access controls required by the blueprint.",Mix controls from unrelated domains that do not address the stated objective.,A,MEDIUM,ceh|web-hacking|WH-4|medium|blueprint-seed,**Answer: A** — Cryptography attacks and defenses. Review the official EC-Council exam guide (CEH v12) and linked documentation. Objective: WH-4.,https://www.eccouncil.org/programs/certified-ethical-hacker-ceh/
ceh,web-hacking,WH-4,CEH v12 — WH-4 (MEDIUM) #17,"During a project review, stakeholders ask how to Cryptography attacks and defenses in the context of Certified Ethical Hacker?",Use an approach that contradicts the exam objective and ignores documented constraints.,"Deploy without monitoring, backup, or access controls required by the blueprint.",Mix controls from unrelated domains that do not address the stated objective.,"Implement Cryptography attacks and defenses using EC-Council best practices for Web Application and Cloud Hacking, including monitoring and least privilege.",B,MEDIUM,ceh|web-hacking|WH-4|medium|blueprint-seed,**Answer: B** — Cryptography attacks and defenses. Review the official EC-Council exam guide (CEH v12) and linked documentation. Objective: WH-4.,https://www.eccouncil.org/programs/certified-ethical-hacker-ceh/
ceh,web-hacking,WH-4,CEH v12 — WH-4 (MEDIUM) #18,Which configuration satisfies requirements for Cryptography attacks and defenses in the context of Certified Ethical Hacker?,"Deploy without monitoring, backup, or access controls required by the blueprint.",Mix controls from unrelated domains that do not address the stated objective.,Apply the official Web Application and Cloud Hacking guidance: Cryptography attacks and defenses — this aligns with exam blueprint expectations and vendor documentation.,Use an approach that contradicts the exam objective and ignores documented constraints.,C,MEDIUM,ceh|web-hacking|WH-4|medium|blueprint-seed,**Answer: C** — Cryptography attacks and defenses. Review the official EC-Council exam guide (CEH v12) and linked documentation. Objective: WH-4.,https://www.eccouncil.org/programs/certified-ethical-hacker-ceh/
ceh,web-hacking,WH-4,CEH v12 — WH-4 (MEDIUM) #19,What is the recommended design when applying Cryptography attacks and defenses in the context of Certified Ethical Hacker?,Mix controls from unrelated domains that do not address the stated objective.,"Follow the documented approach for Cryptography attacks and defenses, using recommended services and controls per the exam guide.",Use an approach that contradicts the exam objective and ignores documented constraints.,"Deploy without monitoring, backup, or access controls required by the blueprint.",D,MEDIUM,ceh|web-hacking|WH-4|medium|blueprint-seed,**Answer: D** — Cryptography attacks and defenses. Review the official EC-Council exam guide (CEH v12) and linked documentation. Objective: WH-4.,https://www.eccouncil.org/programs/certified-ethical-hacker-ceh/
ceh,web-hacking,WH-4,CEH v12 — WH-4 (MEDIUM) #20,A team must implement a solution for Cryptography attacks and defenses in the context of Certified Ethical Hacker?,"Implement Cryptography attacks and defenses using EC-Council best practices for Web Application and Cloud Hacking, including monitoring and least privilege.",Use an approach that contradicts the exam objective and ignores documented constraints.,"Deploy without monitoring, backup, or access controls required by the blueprint.",Mix controls from unrelated domains that do not address the stated objective.,A,MEDIUM,ceh|web-hacking|WH-4|medium|blueprint-seed,**Answer: A** — Cryptography attacks and defenses. Review the official EC-Council exam guide (CEH v12) and linked documentation. Objective: WH-4.,https://www.eccouncil.org/programs/certified-ethical-hacker-ceh/
ceh,web-hacking,WH-4,CEH v12 — WH-4 (MEDIUM) #21,Which approach aligns with best practices when Cryptography attacks and defenses in the context of Certified Ethical Hacker?,Use an approach that contradicts the exam objective and ignores documented constraints.,"Deploy without monitoring, backup, or access controls required by the blueprint.",Mix controls from unrelated domains that do not address the stated objective.,Apply the official Web Application and Cloud Hacking guidance: Cryptography attacks and defenses — this aligns with exam blueprint expectations and vendor documentation.,B,MEDIUM,ceh|web-hacking|WH-4|medium|blueprint-seed,**Answer: B** — Cryptography attacks and defenses. Review the official EC-Council exam guide (CEH v12) and linked documentation. Objective: WH-4.,https://www.eccouncil.org/programs/certified-ethical-hacker-ceh/
ceh,web-hacking,WH-4,CEH v12 — WH-4 (MEDIUM) #22,"During a project review, stakeholders ask how to Cryptography attacks and defenses in the context of Certified Ethical Hacker?","Deploy without monitoring, backup, or access controls required by the blueprint.",Mix controls from unrelated domains that do not address the stated objective.,"Follow the documented approach for Cryptography attacks and defenses, using recommended services and controls per the exam guide.",Use an approach that contradicts the exam objective and ignores documented constraints.,C,MEDIUM,ceh|web-hacking|WH-4|medium|blueprint-seed,**Answer: C** — Cryptography attacks and defenses. Review the official EC-Council exam guide (CEH v12) and linked documentation. Objective: WH-4.,https://www.eccouncil.org/programs/certified-ethical-hacker-ceh/
ceh,web-hacking,WH-4,CEH v12 — WH-4 (MEDIUM) #23,Which configuration satisfies requirements for Cryptography attacks and defenses in the context of Certified Ethical Hacker?,Mix controls from unrelated domains that do not address the stated objective.,"Implement Cryptography attacks and defenses using EC-Council best practices for Web Application and Cloud Hacking, including monitoring and least privilege.",Use an approach that contradicts the exam objective and ignores documented constraints.,"Deploy without monitoring, backup, or access controls required by the blueprint.",D,MEDIUM,ceh|web-hacking|WH-4|medium|blueprint-seed,**Answer: D** — Cryptography attacks and defenses. Review the official EC-Council exam guide (CEH v12) and linked documentation. Objective: WH-4.,https://www.eccouncil.org/programs/certified-ethical-hacker-ceh/
ceh,web-hacking,WH-4,CEH v12 — WH-4 (MEDIUM) #24,What is the recommended design when applying Cryptography attacks and defenses in the context of Certified Ethical Hacker?,Apply the official Web Application and Cloud Hacking guidance: Cryptography attacks and defenses — this aligns with exam blueprint expectations and vendor documentation.,Use an approach that contradicts the exam objective and ignores documented constraints.,"Deploy without monitoring, backup, or access controls required by the blueprint.",Mix controls from unrelated domains that do not address the stated objective.,A,MEDIUM,ceh|web-hacking|WH-4|medium|blueprint-seed,**Answer: A** — Cryptography attacks and defenses. Review the official EC-Council exam guide (CEH v12) and linked documentation. Objective: WH-4.,https://www.eccouncil.org/programs/certified-ethical-hacker-ceh/
ceh,web-hacking,WH-4,CEH v12 — WH-4 (MEDIUM) #25,A team must implement a solution for Cryptography attacks and defenses in the context of Certified Ethical Hacker?,Use an approach that contradicts the exam objective and ignores documented constraints.,"Deploy without monitoring, backup, or access controls required by the blueprint.",Mix controls from unrelated domains that do not address the stated objective.,"Follow the documented approach for Cryptography attacks and defenses, using recommended services and controls per the exam guide.",B,MEDIUM,ceh|web-hacking|WH-4|medium|blueprint-seed,**Answer: B** — Cryptography attacks and defenses. Review the official EC-Council exam guide (CEH v12) and linked documentation. Objective: WH-4.,https://www.eccouncil.org/programs/certified-ethical-hacker-ceh/
ceh,web-hacking,WH-4,CEH v12 — WH-4 (HARD) #26,"Given strict compliance, auditability, and multi-region constraints, how should you Cryptography attacks and defenses for Web Application and Cloud Hacking?","Deploy without monitoring, backup, or access controls required by the blueprint.",Mix controls from unrelated domains that do not address the stated objective.,"Implement Cryptography attacks and defenses using EC-Council best practices for Web Application and Cloud Hacking, including monitoring and least privilege.",Use an approach that contradicts the exam objective and ignores documented constraints.,C,HARD,ceh|web-hacking|WH-4|hard|blueprint-seed,**Answer: C** — Cryptography attacks and defenses. Review the official EC-Council exam guide (CEH v12) and linked documentation. Objective: WH-4.,https://www.eccouncil.org/programs/certified-ethical-hacker-ceh/
ceh,web-hacking,WH-4,CEH v12 — WH-4 (HARD) #27,A production incident involves trade-offs between cost and resilience for Cryptography attacks and defenses for Web Application and Cloud Hacking?,Mix controls from unrelated domains that do not address the stated objective.,Apply the official Web Application and Cloud Hacking guidance: Cryptography attacks and defenses — this aligns with exam blueprint expectations and vendor documentation.,Use an approach that contradicts the exam objective and ignores documented constraints.,"Deploy without monitoring, backup, or access controls required by the blueprint.",D,HARD,ceh|web-hacking|WH-4|hard|blueprint-seed,**Answer: D** — Cryptography attacks and defenses. Review the official EC-Council exam guide (CEH v12) and linked documentation. Objective: WH-4.,https://www.eccouncil.org/programs/certified-ethical-hacker-ceh/
ceh,web-hacking,WH-4,CEH v12 — WH-4 (HARD) #28,Complex regulatory requirements demand that you Cryptography attacks and defenses for Web Application and Cloud Hacking?,"Follow the documented approach for Cryptography attacks and defenses, using recommended services and controls per the exam guide.",Use an approach that contradicts the exam objective and ignores documented constraints.,"Deploy without monitoring, backup, or access controls required by the blueprint.",Mix controls from unrelated domains that do not address the stated objective.,A,HARD,ceh|web-hacking|WH-4|hard|blueprint-seed,**Answer: A** — Cryptography attacks and defenses. Review the official EC-Council exam guide (CEH v12) and linked documentation. Objective: WH-4.,https://www.eccouncil.org/programs/certified-ethical-hacker-ceh/
ceh,web-hacking,WH-4,CEH v12 — WH-4 (HARD) #29,A multi-team rollout must balance security and velocity for Cryptography attacks and defenses for Web Application and Cloud Hacking?,Use an approach that contradicts the exam objective and ignores documented constraints.,"Deploy without monitoring, backup, or access controls required by the blueprint.",Mix controls from unrelated domains that do not address the stated objective.,"Implement Cryptography attacks and defenses using EC-Council best practices for Web Application and Cloud Hacking, including monitoring and least privilege.",B,HARD,ceh|web-hacking|WH-4|hard|blueprint-seed,**Answer: B** — Cryptography attacks and defenses. Review the official EC-Council exam guide (CEH v12) and linked documentation. Objective: WH-4.,https://www.eccouncil.org/programs/certified-ethical-hacker-ceh/
ceh,web-hacking,WH-4,CEH v12 — WH-4 (HARD) #30,An enterprise requires zero-downtime architecture while Cryptography attacks and defenses for Web Application and Cloud Hacking?,"Deploy without monitoring, backup, or access controls required by the blueprint.",Mix controls from unrelated domains that do not address the stated objective.,Apply the official Web Application and Cloud Hacking guidance: Cryptography attacks and defenses — this aligns with exam blueprint expectations and vendor documentation.,Use an approach that contradicts the exam objective and ignores documented constraints.,C,HARD,ceh|web-hacking|WH-4|hard|blueprint-seed,**Answer: C** — Cryptography attacks and defenses. Review the official EC-Council exam guide (CEH v12) and linked documentation. Objective: WH-4.,https://www.eccouncil.org/programs/certified-ethical-hacker-ceh/
ceh,web-hacking,WH-4,CEH v12 — WH-4 (HARD) #31,"Given strict compliance, auditability, and multi-region constraints, how should you Cryptography attacks and defenses for Web Application and Cloud Hacking?",Mix controls from unrelated domains that do not address the stated objective.,"Follow the documented approach for Cryptography attacks and defenses, using recommended services and controls per the exam guide.",Use an approach that contradicts the exam objective and ignores documented constraints.,"Deploy without monitoring, backup, or access controls required by the blueprint.",D,HARD,ceh|web-hacking|WH-4|hard|blueprint-seed,**Answer: D** — Cryptography attacks and defenses. Review the official EC-Council exam guide (CEH v12) and linked documentation. Objective: WH-4.,https://www.eccouncil.org/programs/certified-ethical-hacker-ceh/
ceh,web-hacking,WH-4,CEH v12 — WH-4 (HARD) #32,A production incident involves trade-offs between cost and resilience for Cryptography attacks and defenses for Web Application and Cloud Hacking?,"Implement Cryptography attacks and defenses using EC-Council best practices for Web Application and Cloud Hacking, including monitoring and least privilege.",Use an approach that contradicts the exam objective and ignores documented constraints.,"Deploy without monitoring, backup, or access controls required by the blueprint.",Mix controls from unrelated domains that do not address the stated objective.,A,HARD,ceh|web-hacking|WH-4|hard|blueprint-seed,**Answer: A** — Cryptography attacks and defenses. Review the official EC-Council exam guide (CEH v12) and linked documentation. Objective: WH-4.,https://www.eccouncil.org/programs/certified-ethical-hacker-ceh/
ceh,web-hacking,WH-4,CEH v12 — WH-4 (HARD) #33,Complex regulatory requirements demand that you Cryptography attacks and defenses for Web Application and Cloud Hacking?,Use an approach that contradicts the exam objective and ignores documented constraints.,"Deploy without monitoring, backup, or access controls required by the blueprint.",Mix controls from unrelated domains that do not address the stated objective.,Apply the official Web Application and Cloud Hacking guidance: Cryptography attacks and defenses — this aligns with exam blueprint expectations and vendor documentation.,B,HARD,ceh|web-hacking|WH-4|hard|blueprint-seed,**Answer: B** — Cryptography attacks and defenses. Review the official EC-Council exam guide (CEH v12) and linked documentation. Objective: WH-4.,https://www.eccouncil.org/programs/certified-ethical-hacker-ceh/
ceh,web-hacking,WH-4,CEH v12 — WH-4 (HARD) #34,A multi-team rollout must balance security and velocity for Cryptography attacks and defenses for Web Application and Cloud Hacking?,"Deploy without monitoring, backup, or access controls required by the blueprint.",Mix controls from unrelated domains that do not address the stated objective.,"Follow the documented approach for Cryptography attacks and defenses, using recommended services and controls per the exam guide.",Use an approach that contradicts the exam objective and ignores documented constraints.,C,HARD,ceh|web-hacking|WH-4|hard|blueprint-seed,**Answer: C** — Cryptography attacks and defenses. Review the official EC-Council exam guide (CEH v12) and linked documentation. Objective: WH-4.,https://www.eccouncil.org/programs/certified-ethical-hacker-ceh/
ceh,web-hacking,WH-4,CEH v12 — WH-4 (HARD) #35,An enterprise requires zero-downtime architecture while Cryptography attacks and defenses for Web Application and Cloud Hacking?,Mix controls from unrelated domains that do not address the stated objective.,"Implement Cryptography attacks and defenses using EC-Council best practices for Web Application and Cloud Hacking, including monitoring and least privilege.",Use an approach that contradicts the exam objective and ignores documented constraints.,"Deploy without monitoring, backup, or access controls required by the blueprint.",D,HARD,ceh|web-hacking|WH-4|hard|blueprint-seed,**Answer: D** — Cryptography attacks and defenses. Review the official EC-Council exam guide (CEH v12) and linked documentation. Objective: WH-4.,https://www.eccouncil.org/programs/certified-ethical-hacker-ceh/
ceh,web-hacking,WH-4,CEH v12 — WH-4 (HARD) #36,"Given strict compliance, auditability, and multi-region constraints, how should you Cryptography attacks and defenses for Web Application and Cloud Hacking?",Apply the official Web Application and Cloud Hacking guidance: Cryptography attacks and defenses — this aligns with exam blueprint expectations and vendor documentation.,Use an approach that contradicts the exam objective and ignores documented constraints.,"Deploy without monitoring, backup, or access controls required by the blueprint.",Mix controls from unrelated domains that do not address the stated objective.,A,HARD,ceh|web-hacking|WH-4|hard|blueprint-seed,**Answer: A** — Cryptography attacks and defenses. Review the official EC-Council exam guide (CEH v12) and linked documentation. Objective: WH-4.,https://www.eccouncil.org/programs/certified-ethical-hacker-ceh/