certification_slug,domain_slug,objective_id,title,description,option_a,option_b,option_c,option_d,correct_option,difficulty,tags,explanation,reference_urls
google-cloud-associate,setting-up,SU-1,Associate Cloud Engineer — SU-1 (EASY) #1,What is the primary purpose of Set up cloud projects and billing?,Use an approach that contradicts the exam objective and ignores documented constraints.,"Deploy without monitoring, backup, or access controls required by the blueprint.",Mix controls from unrelated domains that do not address the stated objective.,"Follow the documented approach for Set up cloud projects and billing, using recommended services and controls per the exam guide.",B,EASY,google-cloud-associate|setting-up|SU-1|easy|blueprint-seed,**Answer: B** — Set up cloud projects and billing. Review the official Google exam guide (Associate Cloud Engineer) and linked documentation. Objective: SU-1.,https://cloud.google.com/docs|https://cloud.google.com/certification/cloud-engineer
google-cloud-associate,setting-up,SU-1,Associate Cloud Engineer — SU-1 (EASY) #2,Which concept is fundamental to Set up cloud projects and billing?,"Deploy without monitoring, backup, or access controls required by the blueprint.",Mix controls from unrelated domains that do not address the stated objective.,"Implement Set up cloud projects and billing using Google best practices for Setting Up a Cloud Solution Environment, including monitoring and least privilege.",Use an approach that contradicts the exam objective and ignores documented constraints.,C,EASY,google-cloud-associate|setting-up|SU-1|easy|blueprint-seed,**Answer: C** — Set up cloud projects and billing. Review the official Google exam guide (Associate Cloud Engineer) and linked documentation. Objective: SU-1.,https://cloud.google.com/docs|https://cloud.google.com/certification/cloud-engineer
google-cloud-associate,setting-up,SU-1,Associate Cloud Engineer — SU-1 (EASY) #3,Identify the core principle behind Set up cloud projects and billing?,Mix controls from unrelated domains that do not address the stated objective.,Apply the official Setting Up a Cloud Solution Environment guidance: Set up cloud projects and billing — this aligns with exam blueprint expectations and vendor documentation.,Use an approach that contradicts the exam objective and ignores documented constraints.,"Deploy without monitoring, backup, or access controls required by the blueprint.",D,EASY,google-cloud-associate|setting-up|SU-1|easy|blueprint-seed,**Answer: D** — Set up cloud projects and billing. Review the official Google exam guide (Associate Cloud Engineer) and linked documentation. Objective: SU-1.,https://cloud.google.com/docs|https://cloud.google.com/certification/cloud-engineer
google-cloud-associate,setting-up,SU-1,Associate Cloud Engineer — SU-1 (EASY) #4,Which description accurately reflects Set up cloud projects and billing?,"Follow the documented approach for Set up cloud projects and billing, using recommended services and controls per the exam guide.",Use an approach that contradicts the exam objective and ignores documented constraints.,"Deploy without monitoring, backup, or access controls required by the blueprint.",Mix controls from unrelated domains that do not address the stated objective.,A,EASY,google-cloud-associate|setting-up|SU-1|easy|blueprint-seed,**Answer: A** — Set up cloud projects and billing. Review the official Google exam guide (Associate Cloud Engineer) and linked documentation. Objective: SU-1.,https://cloud.google.com/docs|https://cloud.google.com/certification/cloud-engineer
google-cloud-associate,setting-up,SU-1,Associate Cloud Engineer — SU-1 (EASY) #5,Which statement best defines the scope of Set up cloud projects and billing?,Use an approach that contradicts the exam objective and ignores documented constraints.,"Deploy without monitoring, backup, or access controls required by the blueprint.",Mix controls from unrelated domains that do not address the stated objective.,"Implement Set up cloud projects and billing using Google best practices for Setting Up a Cloud Solution Environment, including monitoring and least privilege.",B,EASY,google-cloud-associate|setting-up|SU-1|easy|blueprint-seed,**Answer: B** — Set up cloud projects and billing. Review the official Google exam guide (Associate Cloud Engineer) and linked documentation. Objective: SU-1.,https://cloud.google.com/docs|https://cloud.google.com/certification/cloud-engineer
google-cloud-associate,setting-up,SU-1,Associate Cloud Engineer — SU-1 (EASY) #6,What is the primary purpose of Set up cloud projects and billing?,"Deploy without monitoring, backup, or access controls required by the blueprint.",Mix controls from unrelated domains that do not address the stated objective.,Apply the official Setting Up a Cloud Solution Environment guidance: Set up cloud projects and billing — this aligns with exam blueprint expectations and vendor documentation.,Use an approach that contradicts the exam objective and ignores documented constraints.,C,EASY,google-cloud-associate|setting-up|SU-1|easy|blueprint-seed,**Answer: C** — Set up cloud projects and billing. Review the official Google exam guide (Associate Cloud Engineer) and linked documentation. Objective: SU-1.,https://cloud.google.com/docs|https://cloud.google.com/certification/cloud-engineer
google-cloud-associate,setting-up,SU-1,Associate Cloud Engineer — SU-1 (EASY) #7,Which concept is fundamental to Set up cloud projects and billing?,Mix controls from unrelated domains that do not address the stated objective.,"Follow the documented approach for Set up cloud projects and billing, using recommended services and controls per the exam guide.",Use an approach that contradicts the exam objective and ignores documented constraints.,"Deploy without monitoring, backup, or access controls required by the blueprint.",D,EASY,google-cloud-associate|setting-up|SU-1|easy|blueprint-seed,**Answer: D** — Set up cloud projects and billing. Review the official Google exam guide (Associate Cloud Engineer) and linked documentation. Objective: SU-1.,https://cloud.google.com/docs|https://cloud.google.com/certification/cloud-engineer
google-cloud-associate,setting-up,SU-1,Associate Cloud Engineer — SU-1 (EASY) #8,Identify the core principle behind Set up cloud projects and billing?,"Implement Set up cloud projects and billing using Google best practices for Setting Up a Cloud Solution Environment, including monitoring and least privilege.",Use an approach that contradicts the exam objective and ignores documented constraints.,"Deploy without monitoring, backup, or access controls required by the blueprint.",Mix controls from unrelated domains that do not address the stated objective.,A,EASY,google-cloud-associate|setting-up|SU-1|easy|blueprint-seed,**Answer: A** — Set up cloud projects and billing. Review the official Google exam guide (Associate Cloud Engineer) and linked documentation. Objective: SU-1.,https://cloud.google.com/docs|https://cloud.google.com/certification/cloud-engineer
google-cloud-associate,setting-up,SU-1,Associate Cloud Engineer — SU-1 (EASY) #9,Which description accurately reflects Set up cloud projects and billing?,Use an approach that contradicts the exam objective and ignores documented constraints.,"Deploy without monitoring, backup, or access controls required by the blueprint.",Mix controls from unrelated domains that do not address the stated objective.,Apply the official Setting Up a Cloud Solution Environment guidance: Set up cloud projects and billing — this aligns with exam blueprint expectations and vendor documentation.,B,EASY,google-cloud-associate|setting-up|SU-1|easy|blueprint-seed,**Answer: B** — Set up cloud projects and billing. Review the official Google exam guide (Associate Cloud Engineer) and linked documentation. Objective: SU-1.,https://cloud.google.com/docs|https://cloud.google.com/certification/cloud-engineer
google-cloud-associate,setting-up,SU-1,Associate Cloud Engineer — SU-1 (MEDIUM) #10,A team must implement a solution for Set up cloud projects and billing in the context of Google Cloud Associate Cloud Engineer?,"Deploy without monitoring, backup, or access controls required by the blueprint.",Mix controls from unrelated domains that do not address the stated objective.,"Follow the documented approach for Set up cloud projects and billing, using recommended services and controls per the exam guide.",Use an approach that contradicts the exam objective and ignores documented constraints.,C,MEDIUM,google-cloud-associate|setting-up|SU-1|medium|blueprint-seed,**Answer: C** — Set up cloud projects and billing. Review the official Google exam guide (Associate Cloud Engineer) and linked documentation. Objective: SU-1.,https://cloud.google.com/docs|https://cloud.google.com/certification/cloud-engineer
google-cloud-associate,setting-up,SU-1,Associate Cloud Engineer — SU-1 (MEDIUM) #11,Which approach aligns with best practices when Set up cloud projects and billing in the context of Google Cloud Associate Cloud Engineer?,Mix controls from unrelated domains that do not address the stated objective.,"Implement Set up cloud projects and billing using Google best practices for Setting Up a Cloud Solution Environment, including monitoring and least privilege.",Use an approach that contradicts the exam objective and ignores documented constraints.,"Deploy without monitoring, backup, or access controls required by the blueprint.",D,MEDIUM,google-cloud-associate|setting-up|SU-1|medium|blueprint-seed,**Answer: D** — Set up cloud projects and billing. Review the official Google exam guide (Associate Cloud Engineer) and linked documentation. Objective: SU-1.,https://cloud.google.com/docs|https://cloud.google.com/certification/cloud-engineer
google-cloud-associate,setting-up,SU-1,Associate Cloud Engineer — SU-1 (MEDIUM) #12,"During a project review, stakeholders ask how to Set up cloud projects and billing in the context of Google Cloud Associate Cloud Engineer?",Apply the official Setting Up a Cloud Solution Environment guidance: Set up cloud projects and billing — this aligns with exam blueprint expectations and vendor documentation.,Use an approach that contradicts the exam objective and ignores documented constraints.,"Deploy without monitoring, backup, or access controls required by the blueprint.",Mix controls from unrelated domains that do not address the stated objective.,A,MEDIUM,google-cloud-associate|setting-up|SU-1|medium|blueprint-seed,**Answer: A** — Set up cloud projects and billing. Review the official Google exam guide (Associate Cloud Engineer) and linked documentation. Objective: SU-1.,https://cloud.google.com/docs|https://cloud.google.com/certification/cloud-engineer
google-cloud-associate,setting-up,SU-1,Associate Cloud Engineer — SU-1 (MEDIUM) #13,Which configuration satisfies requirements for Set up cloud projects and billing in the context of Google Cloud Associate Cloud Engineer?,Use an approach that contradicts the exam objective and ignores documented constraints.,"Deploy without monitoring, backup, or access controls required by the blueprint.",Mix controls from unrelated domains that do not address the stated objective.,"Follow the documented approach for Set up cloud projects and billing, using recommended services and controls per the exam guide.",B,MEDIUM,google-cloud-associate|setting-up|SU-1|medium|blueprint-seed,**Answer: B** — Set up cloud projects and billing. Review the official Google exam guide (Associate Cloud Engineer) and linked documentation. Objective: SU-1.,https://cloud.google.com/docs|https://cloud.google.com/certification/cloud-engineer
google-cloud-associate,setting-up,SU-1,Associate Cloud Engineer — SU-1 (MEDIUM) #14,What is the recommended design when applying Set up cloud projects and billing in the context of Google Cloud Associate Cloud Engineer?,"Deploy without monitoring, backup, or access controls required by the blueprint.",Mix controls from unrelated domains that do not address the stated objective.,"Implement Set up cloud projects and billing using Google best practices for Setting Up a Cloud Solution Environment, including monitoring and least privilege.",Use an approach that contradicts the exam objective and ignores documented constraints.,C,MEDIUM,google-cloud-associate|setting-up|SU-1|medium|blueprint-seed,**Answer: C** — Set up cloud projects and billing. Review the official Google exam guide (Associate Cloud Engineer) and linked documentation. Objective: SU-1.,https://cloud.google.com/docs|https://cloud.google.com/certification/cloud-engineer
google-cloud-associate,setting-up,SU-1,Associate Cloud Engineer — SU-1 (MEDIUM) #15,A team must implement a solution for Set up cloud projects and billing in the context of Google Cloud Associate Cloud Engineer?,Mix controls from unrelated domains that do not address the stated objective.,Apply the official Setting Up a Cloud Solution Environment guidance: Set up cloud projects and billing — this aligns with exam blueprint expectations and vendor documentation.,Use an approach that contradicts the exam objective and ignores documented constraints.,"Deploy without monitoring, backup, or access controls required by the blueprint.",D,MEDIUM,google-cloud-associate|setting-up|SU-1|medium|blueprint-seed,**Answer: D** — Set up cloud projects and billing. Review the official Google exam guide (Associate Cloud Engineer) and linked documentation. Objective: SU-1.,https://cloud.google.com/docs|https://cloud.google.com/certification/cloud-engineer
google-cloud-associate,setting-up,SU-1,Associate Cloud Engineer — SU-1 (MEDIUM) #16,Which approach aligns with best practices when Set up cloud projects and billing in the context of Google Cloud Associate Cloud Engineer?,"Follow the documented approach for Set up cloud projects and billing, using recommended services and controls per the exam guide.",Use an approach that contradicts the exam objective and ignores documented constraints.,"Deploy without monitoring, backup, or access controls required by the blueprint.",Mix controls from unrelated domains that do not address the stated objective.,A,MEDIUM,google-cloud-associate|setting-up|SU-1|medium|blueprint-seed,**Answer: A** — Set up cloud projects and billing. Review the official Google exam guide (Associate Cloud Engineer) and linked documentation. Objective: SU-1.,https://cloud.google.com/docs|https://cloud.google.com/certification/cloud-engineer
google-cloud-associate,setting-up,SU-1,Associate Cloud Engineer — SU-1 (MEDIUM) #17,"During a project review, stakeholders ask how to Set up cloud projects and billing in the context of Google Cloud Associate Cloud Engineer?",Use an approach that contradicts the exam objective and ignores documented constraints.,"Deploy without monitoring, backup, or access controls required by the blueprint.",Mix controls from unrelated domains that do not address the stated objective.,"Implement Set up cloud projects and billing using Google best practices for Setting Up a Cloud Solution Environment, including monitoring and least privilege.",B,MEDIUM,google-cloud-associate|setting-up|SU-1|medium|blueprint-seed,**Answer: B** — Set up cloud projects and billing. Review the official Google exam guide (Associate Cloud Engineer) and linked documentation. Objective: SU-1.,https://cloud.google.com/docs|https://cloud.google.com/certification/cloud-engineer
google-cloud-associate,setting-up,SU-1,Associate Cloud Engineer — SU-1 (MEDIUM) #18,Which configuration satisfies requirements for Set up cloud projects and billing in the context of Google Cloud Associate Cloud Engineer?,"Deploy without monitoring, backup, or access controls required by the blueprint.",Mix controls from unrelated domains that do not address the stated objective.,Apply the official Setting Up a Cloud Solution Environment guidance: Set up cloud projects and billing — this aligns with exam blueprint expectations and vendor documentation.,Use an approach that contradicts the exam objective and ignores documented constraints.,C,MEDIUM,google-cloud-associate|setting-up|SU-1|medium|blueprint-seed,**Answer: C** — Set up cloud projects and billing. Review the official Google exam guide (Associate Cloud Engineer) and linked documentation. Objective: SU-1.,https://cloud.google.com/docs|https://cloud.google.com/certification/cloud-engineer
google-cloud-associate,setting-up,SU-1,Associate Cloud Engineer — SU-1 (MEDIUM) #19,What is the recommended design when applying Set up cloud projects and billing in the context of Google Cloud Associate Cloud Engineer?,Mix controls from unrelated domains that do not address the stated objective.,"Follow the documented approach for Set up cloud projects and billing, using recommended services and controls per the exam guide.",Use an approach that contradicts the exam objective and ignores documented constraints.,"Deploy without monitoring, backup, or access controls required by the blueprint.",D,MEDIUM,google-cloud-associate|setting-up|SU-1|medium|blueprint-seed,**Answer: D** — Set up cloud projects and billing. Review the official Google exam guide (Associate Cloud Engineer) and linked documentation. Objective: SU-1.,https://cloud.google.com/docs|https://cloud.google.com/certification/cloud-engineer
google-cloud-associate,setting-up,SU-1,Associate Cloud Engineer — SU-1 (MEDIUM) #20,A team must implement a solution for Set up cloud projects and billing in the context of Google Cloud Associate Cloud Engineer?,"Implement Set up cloud projects and billing using Google best practices for Setting Up a Cloud Solution Environment, including monitoring and least privilege.",Use an approach that contradicts the exam objective and ignores documented constraints.,"Deploy without monitoring, backup, or access controls required by the blueprint.",Mix controls from unrelated domains that do not address the stated objective.,A,MEDIUM,google-cloud-associate|setting-up|SU-1|medium|blueprint-seed,**Answer: A** — Set up cloud projects and billing. Review the official Google exam guide (Associate Cloud Engineer) and linked documentation. Objective: SU-1.,https://cloud.google.com/docs|https://cloud.google.com/certification/cloud-engineer
google-cloud-associate,setting-up,SU-1,Associate Cloud Engineer — SU-1 (MEDIUM) #21,Which approach aligns with best practices when Set up cloud projects and billing in the context of Google Cloud Associate Cloud Engineer?,Use an approach that contradicts the exam objective and ignores documented constraints.,"Deploy without monitoring, backup, or access controls required by the blueprint.",Mix controls from unrelated domains that do not address the stated objective.,Apply the official Setting Up a Cloud Solution Environment guidance: Set up cloud projects and billing — this aligns with exam blueprint expectations and vendor documentation.,B,MEDIUM,google-cloud-associate|setting-up|SU-1|medium|blueprint-seed,**Answer: B** — Set up cloud projects and billing. Review the official Google exam guide (Associate Cloud Engineer) and linked documentation. Objective: SU-1.,https://cloud.google.com/docs|https://cloud.google.com/certification/cloud-engineer
google-cloud-associate,setting-up,SU-1,Associate Cloud Engineer — SU-1 (HARD) #22,A production incident involves trade-offs between cost and resilience for Set up cloud projects and billing for Setting Up a Cloud Solution Environment?,"Deploy without monitoring, backup, or access controls required by the blueprint.",Mix controls from unrelated domains that do not address the stated objective.,"Follow the documented approach for Set up cloud projects and billing, using recommended services and controls per the exam guide.",Use an approach that contradicts the exam objective and ignores documented constraints.,C,HARD,google-cloud-associate|setting-up|SU-1|hard|blueprint-seed,**Answer: C** — Set up cloud projects and billing. Review the official Google exam guide (Associate Cloud Engineer) and linked documentation. Objective: SU-1.,https://cloud.google.com/docs|https://cloud.google.com/certification/cloud-engineer
google-cloud-associate,setting-up,SU-1,Associate Cloud Engineer — SU-1 (HARD) #23,Complex regulatory requirements demand that you Set up cloud projects and billing for Setting Up a Cloud Solution Environment?,Mix controls from unrelated domains that do not address the stated objective.,"Implement Set up cloud projects and billing using Google best practices for Setting Up a Cloud Solution Environment, including monitoring and least privilege.",Use an approach that contradicts the exam objective and ignores documented constraints.,"Deploy without monitoring, backup, or access controls required by the blueprint.",D,HARD,google-cloud-associate|setting-up|SU-1|hard|blueprint-seed,**Answer: D** — Set up cloud projects and billing. Review the official Google exam guide (Associate Cloud Engineer) and linked documentation. Objective: SU-1.,https://cloud.google.com/docs|https://cloud.google.com/certification/cloud-engineer
google-cloud-associate,setting-up,SU-1,Associate Cloud Engineer — SU-1 (HARD) #24,A multi-team rollout must balance security and velocity for Set up cloud projects and billing for Setting Up a Cloud Solution Environment?,Apply the official Setting Up a Cloud Solution Environment guidance: Set up cloud projects and billing — this aligns with exam blueprint expectations and vendor documentation.,Use an approach that contradicts the exam objective and ignores documented constraints.,"Deploy without monitoring, backup, or access controls required by the blueprint.",Mix controls from unrelated domains that do not address the stated objective.,A,HARD,google-cloud-associate|setting-up|SU-1|hard|blueprint-seed,**Answer: A** — Set up cloud projects and billing. Review the official Google exam guide (Associate Cloud Engineer) and linked documentation. Objective: SU-1.,https://cloud.google.com/docs|https://cloud.google.com/certification/cloud-engineer
google-cloud-associate,setting-up,SU-1,Associate Cloud Engineer — SU-1 (HARD) #25,An enterprise requires zero-downtime architecture while Set up cloud projects and billing for Setting Up a Cloud Solution Environment?,Use an approach that contradicts the exam objective and ignores documented constraints.,"Deploy without monitoring, backup, or access controls required by the blueprint.",Mix controls from unrelated domains that do not address the stated objective.,"Follow the documented approach for Set up cloud projects and billing, using recommended services and controls per the exam guide.",B,HARD,google-cloud-associate|setting-up|SU-1|hard|blueprint-seed,**Answer: B** — Set up cloud projects and billing. Review the official Google exam guide (Associate Cloud Engineer) and linked documentation. Objective: SU-1.,https://cloud.google.com/docs|https://cloud.google.com/certification/cloud-engineer
google-cloud-associate,setting-up,SU-1,Associate Cloud Engineer — SU-1 (HARD) #26,"Given strict compliance, auditability, and multi-region constraints, how should you Set up cloud projects and billing for Setting Up a Cloud Solution Environment?","Deploy without monitoring, backup, or access controls required by the blueprint.",Mix controls from unrelated domains that do not address the stated objective.,"Implement Set up cloud projects and billing using Google best practices for Setting Up a Cloud Solution Environment, including monitoring and least privilege.",Use an approach that contradicts the exam objective and ignores documented constraints.,C,HARD,google-cloud-associate|setting-up|SU-1|hard|blueprint-seed,**Answer: C** — Set up cloud projects and billing. Review the official Google exam guide (Associate Cloud Engineer) and linked documentation. Objective: SU-1.,https://cloud.google.com/docs|https://cloud.google.com/certification/cloud-engineer
google-cloud-associate,setting-up,SU-1,Associate Cloud Engineer — SU-1 (HARD) #27,A production incident involves trade-offs between cost and resilience for Set up cloud projects and billing for Setting Up a Cloud Solution Environment?,Mix controls from unrelated domains that do not address the stated objective.,Apply the official Setting Up a Cloud Solution Environment guidance: Set up cloud projects and billing — this aligns with exam blueprint expectations and vendor documentation.,Use an approach that contradicts the exam objective and ignores documented constraints.,"Deploy without monitoring, backup, or access controls required by the blueprint.",D,HARD,google-cloud-associate|setting-up|SU-1|hard|blueprint-seed,**Answer: D** — Set up cloud projects and billing. Review the official Google exam guide (Associate Cloud Engineer) and linked documentation. Objective: SU-1.,https://cloud.google.com/docs|https://cloud.google.com/certification/cloud-engineer
google-cloud-associate,setting-up,SU-1,Associate Cloud Engineer — SU-1 (HARD) #28,Complex regulatory requirements demand that you Set up cloud projects and billing for Setting Up a Cloud Solution Environment?,"Follow the documented approach for Set up cloud projects and billing, using recommended services and controls per the exam guide.",Use an approach that contradicts the exam objective and ignores documented constraints.,"Deploy without monitoring, backup, or access controls required by the blueprint.",Mix controls from unrelated domains that do not address the stated objective.,A,HARD,google-cloud-associate|setting-up|SU-1|hard|blueprint-seed,**Answer: A** — Set up cloud projects and billing. Review the official Google exam guide (Associate Cloud Engineer) and linked documentation. Objective: SU-1.,https://cloud.google.com/docs|https://cloud.google.com/certification/cloud-engineer
google-cloud-associate,setting-up,SU-1,Associate Cloud Engineer — SU-1 (HARD) #29,A multi-team rollout must balance security and velocity for Set up cloud projects and billing for Setting Up a Cloud Solution Environment?,Use an approach that contradicts the exam objective and ignores documented constraints.,"Deploy without monitoring, backup, or access controls required by the blueprint.",Mix controls from unrelated domains that do not address the stated objective.,"Implement Set up cloud projects and billing using Google best practices for Setting Up a Cloud Solution Environment, including monitoring and least privilege.",B,HARD,google-cloud-associate|setting-up|SU-1|hard|blueprint-seed,**Answer: B** — Set up cloud projects and billing. Review the official Google exam guide (Associate Cloud Engineer) and linked documentation. Objective: SU-1.,https://cloud.google.com/docs|https://cloud.google.com/certification/cloud-engineer
google-cloud-associate,setting-up,SU-1,Associate Cloud Engineer — SU-1 (HARD) #30,An enterprise requires zero-downtime architecture while Set up cloud projects and billing for Setting Up a Cloud Solution Environment?,"Deploy without monitoring, backup, or access controls required by the blueprint.",Mix controls from unrelated domains that do not address the stated objective.,Apply the official Setting Up a Cloud Solution Environment guidance: Set up cloud projects and billing — this aligns with exam blueprint expectations and vendor documentation.,Use an approach that contradicts the exam objective and ignores documented constraints.,C,HARD,google-cloud-associate|setting-up|SU-1|hard|blueprint-seed,**Answer: C** — Set up cloud projects and billing. Review the official Google exam guide (Associate Cloud Engineer) and linked documentation. Objective: SU-1.,https://cloud.google.com/docs|https://cloud.google.com/certification/cloud-engineer
google-cloud-associate,setting-up,SU-2,Associate Cloud Engineer — SU-2 (EASY) #1,What is the primary purpose of Manage users and service accounts?,Use an approach that contradicts the exam objective and ignores documented constraints.,"Deploy without monitoring, backup, or access controls required by the blueprint.",Mix controls from unrelated domains that do not address the stated objective.,"Follow the documented approach for Manage users and service accounts, using recommended services and controls per the exam guide.",B,EASY,google-cloud-associate|setting-up|SU-2|easy|blueprint-seed,**Answer: B** — Manage users and service accounts. Review the official Google exam guide (Associate Cloud Engineer) and linked documentation. Objective: SU-2.,https://cloud.google.com/docs|https://cloud.google.com/certification/cloud-engineer
google-cloud-associate,setting-up,SU-2,Associate Cloud Engineer — SU-2 (EASY) #2,Which concept is fundamental to Manage users and service accounts?,"Deploy without monitoring, backup, or access controls required by the blueprint.",Mix controls from unrelated domains that do not address the stated objective.,"Implement Manage users and service accounts using Google best practices for Setting Up a Cloud Solution Environment, including monitoring and least privilege.",Use an approach that contradicts the exam objective and ignores documented constraints.,C,EASY,google-cloud-associate|setting-up|SU-2|easy|blueprint-seed,**Answer: C** — Manage users and service accounts. Review the official Google exam guide (Associate Cloud Engineer) and linked documentation. Objective: SU-2.,https://cloud.google.com/docs|https://cloud.google.com/certification/cloud-engineer
google-cloud-associate,setting-up,SU-2,Associate Cloud Engineer — SU-2 (EASY) #3,Identify the core principle behind Manage users and service accounts?,Mix controls from unrelated domains that do not address the stated objective.,Apply the official Setting Up a Cloud Solution Environment guidance: Manage users and service accounts — this aligns with exam blueprint expectations and vendor documentation.,Use an approach that contradicts the exam objective and ignores documented constraints.,"Deploy without monitoring, backup, or access controls required by the blueprint.",D,EASY,google-cloud-associate|setting-up|SU-2|easy|blueprint-seed,**Answer: D** — Manage users and service accounts. Review the official Google exam guide (Associate Cloud Engineer) and linked documentation. Objective: SU-2.,https://cloud.google.com/docs|https://cloud.google.com/certification/cloud-engineer
google-cloud-associate,setting-up,SU-2,Associate Cloud Engineer — SU-2 (EASY) #4,Which description accurately reflects Manage users and service accounts?,"Follow the documented approach for Manage users and service accounts, using recommended services and controls per the exam guide.",Use an approach that contradicts the exam objective and ignores documented constraints.,"Deploy without monitoring, backup, or access controls required by the blueprint.",Mix controls from unrelated domains that do not address the stated objective.,A,EASY,google-cloud-associate|setting-up|SU-2|easy|blueprint-seed,**Answer: A** — Manage users and service accounts. Review the official Google exam guide (Associate Cloud Engineer) and linked documentation. Objective: SU-2.,https://cloud.google.com/docs|https://cloud.google.com/certification/cloud-engineer
google-cloud-associate,setting-up,SU-2,Associate Cloud Engineer — SU-2 (EASY) #5,Which statement best defines the scope of Manage users and service accounts?,Use an approach that contradicts the exam objective and ignores documented constraints.,"Deploy without monitoring, backup, or access controls required by the blueprint.",Mix controls from unrelated domains that do not address the stated objective.,"Implement Manage users and service accounts using Google best practices for Setting Up a Cloud Solution Environment, including monitoring and least privilege.",B,EASY,google-cloud-associate|setting-up|SU-2|easy|blueprint-seed,**Answer: B** — Manage users and service accounts. Review the official Google exam guide (Associate Cloud Engineer) and linked documentation. Objective: SU-2.,https://cloud.google.com/docs|https://cloud.google.com/certification/cloud-engineer
google-cloud-associate,setting-up,SU-2,Associate Cloud Engineer — SU-2 (EASY) #6,What is the primary purpose of Manage users and service accounts?,"Deploy without monitoring, backup, or access controls required by the blueprint.",Mix controls from unrelated domains that do not address the stated objective.,Apply the official Setting Up a Cloud Solution Environment guidance: Manage users and service accounts — this aligns with exam blueprint expectations and vendor documentation.,Use an approach that contradicts the exam objective and ignores documented constraints.,C,EASY,google-cloud-associate|setting-up|SU-2|easy|blueprint-seed,**Answer: C** — Manage users and service accounts. Review the official Google exam guide (Associate Cloud Engineer) and linked documentation. Objective: SU-2.,https://cloud.google.com/docs|https://cloud.google.com/certification/cloud-engineer
google-cloud-associate,setting-up,SU-2,Associate Cloud Engineer — SU-2 (EASY) #7,Which concept is fundamental to Manage users and service accounts?,Mix controls from unrelated domains that do not address the stated objective.,"Follow the documented approach for Manage users and service accounts, using recommended services and controls per the exam guide.",Use an approach that contradicts the exam objective and ignores documented constraints.,"Deploy without monitoring, backup, or access controls required by the blueprint.",D,EASY,google-cloud-associate|setting-up|SU-2|easy|blueprint-seed,**Answer: D** — Manage users and service accounts. Review the official Google exam guide (Associate Cloud Engineer) and linked documentation. Objective: SU-2.,https://cloud.google.com/docs|https://cloud.google.com/certification/cloud-engineer
google-cloud-associate,setting-up,SU-2,Associate Cloud Engineer — SU-2 (EASY) #8,Identify the core principle behind Manage users and service accounts?,"Implement Manage users and service accounts using Google best practices for Setting Up a Cloud Solution Environment, including monitoring and least privilege.",Use an approach that contradicts the exam objective and ignores documented constraints.,"Deploy without monitoring, backup, or access controls required by the blueprint.",Mix controls from unrelated domains that do not address the stated objective.,A,EASY,google-cloud-associate|setting-up|SU-2|easy|blueprint-seed,**Answer: A** — Manage users and service accounts. Review the official Google exam guide (Associate Cloud Engineer) and linked documentation. Objective: SU-2.,https://cloud.google.com/docs|https://cloud.google.com/certification/cloud-engineer
google-cloud-associate,setting-up,SU-2,Associate Cloud Engineer — SU-2 (EASY) #9,Which description accurately reflects Manage users and service accounts?,Use an approach that contradicts the exam objective and ignores documented constraints.,"Deploy without monitoring, backup, or access controls required by the blueprint.",Mix controls from unrelated domains that do not address the stated objective.,Apply the official Setting Up a Cloud Solution Environment guidance: Manage users and service accounts — this aligns with exam blueprint expectations and vendor documentation.,B,EASY,google-cloud-associate|setting-up|SU-2|easy|blueprint-seed,**Answer: B** — Manage users and service accounts. Review the official Google exam guide (Associate Cloud Engineer) and linked documentation. Objective: SU-2.,https://cloud.google.com/docs|https://cloud.google.com/certification/cloud-engineer
google-cloud-associate,setting-up,SU-2,Associate Cloud Engineer — SU-2 (MEDIUM) #10,A team must implement a solution for Manage users and service accounts in the context of Google Cloud Associate Cloud Engineer?,"Deploy without monitoring, backup, or access controls required by the blueprint.",Mix controls from unrelated domains that do not address the stated objective.,"Follow the documented approach for Manage users and service accounts, using recommended services and controls per the exam guide.",Use an approach that contradicts the exam objective and ignores documented constraints.,C,MEDIUM,google-cloud-associate|setting-up|SU-2|medium|blueprint-seed,**Answer: C** — Manage users and service accounts. Review the official Google exam guide (Associate Cloud Engineer) and linked documentation. Objective: SU-2.,https://cloud.google.com/docs|https://cloud.google.com/certification/cloud-engineer
google-cloud-associate,setting-up,SU-2,Associate Cloud Engineer — SU-2 (MEDIUM) #11,Which approach aligns with best practices when Manage users and service accounts in the context of Google Cloud Associate Cloud Engineer?,Mix controls from unrelated domains that do not address the stated objective.,"Implement Manage users and service accounts using Google best practices for Setting Up a Cloud Solution Environment, including monitoring and least privilege.",Use an approach that contradicts the exam objective and ignores documented constraints.,"Deploy without monitoring, backup, or access controls required by the blueprint.",D,MEDIUM,google-cloud-associate|setting-up|SU-2|medium|blueprint-seed,**Answer: D** — Manage users and service accounts. Review the official Google exam guide (Associate Cloud Engineer) and linked documentation. Objective: SU-2.,https://cloud.google.com/docs|https://cloud.google.com/certification/cloud-engineer
google-cloud-associate,setting-up,SU-2,Associate Cloud Engineer — SU-2 (MEDIUM) #12,"During a project review, stakeholders ask how to Manage users and service accounts in the context of Google Cloud Associate Cloud Engineer?",Apply the official Setting Up a Cloud Solution Environment guidance: Manage users and service accounts — this aligns with exam blueprint expectations and vendor documentation.,Use an approach that contradicts the exam objective and ignores documented constraints.,"Deploy without monitoring, backup, or access controls required by the blueprint.",Mix controls from unrelated domains that do not address the stated objective.,A,MEDIUM,google-cloud-associate|setting-up|SU-2|medium|blueprint-seed,**Answer: A** — Manage users and service accounts. Review the official Google exam guide (Associate Cloud Engineer) and linked documentation. Objective: SU-2.,https://cloud.google.com/docs|https://cloud.google.com/certification/cloud-engineer
google-cloud-associate,setting-up,SU-2,Associate Cloud Engineer — SU-2 (MEDIUM) #13,Which configuration satisfies requirements for Manage users and service accounts in the context of Google Cloud Associate Cloud Engineer?,Use an approach that contradicts the exam objective and ignores documented constraints.,"Deploy without monitoring, backup, or access controls required by the blueprint.",Mix controls from unrelated domains that do not address the stated objective.,"Follow the documented approach for Manage users and service accounts, using recommended services and controls per the exam guide.",B,MEDIUM,google-cloud-associate|setting-up|SU-2|medium|blueprint-seed,**Answer: B** — Manage users and service accounts. Review the official Google exam guide (Associate Cloud Engineer) and linked documentation. Objective: SU-2.,https://cloud.google.com/docs|https://cloud.google.com/certification/cloud-engineer
google-cloud-associate,setting-up,SU-2,Associate Cloud Engineer — SU-2 (MEDIUM) #14,What is the recommended design when applying Manage users and service accounts in the context of Google Cloud Associate Cloud Engineer?,"Deploy without monitoring, backup, or access controls required by the blueprint.",Mix controls from unrelated domains that do not address the stated objective.,"Implement Manage users and service accounts using Google best practices for Setting Up a Cloud Solution Environment, including monitoring and least privilege.",Use an approach that contradicts the exam objective and ignores documented constraints.,C,MEDIUM,google-cloud-associate|setting-up|SU-2|medium|blueprint-seed,**Answer: C** — Manage users and service accounts. Review the official Google exam guide (Associate Cloud Engineer) and linked documentation. Objective: SU-2.,https://cloud.google.com/docs|https://cloud.google.com/certification/cloud-engineer
google-cloud-associate,setting-up,SU-2,Associate Cloud Engineer — SU-2 (MEDIUM) #15,A team must implement a solution for Manage users and service accounts in the context of Google Cloud Associate Cloud Engineer?,Mix controls from unrelated domains that do not address the stated objective.,Apply the official Setting Up a Cloud Solution Environment guidance: Manage users and service accounts — this aligns with exam blueprint expectations and vendor documentation.,Use an approach that contradicts the exam objective and ignores documented constraints.,"Deploy without monitoring, backup, or access controls required by the blueprint.",D,MEDIUM,google-cloud-associate|setting-up|SU-2|medium|blueprint-seed,**Answer: D** — Manage users and service accounts. Review the official Google exam guide (Associate Cloud Engineer) and linked documentation. Objective: SU-2.,https://cloud.google.com/docs|https://cloud.google.com/certification/cloud-engineer
google-cloud-associate,setting-up,SU-2,Associate Cloud Engineer — SU-2 (MEDIUM) #16,Which approach aligns with best practices when Manage users and service accounts in the context of Google Cloud Associate Cloud Engineer?,"Follow the documented approach for Manage users and service accounts, using recommended services and controls per the exam guide.",Use an approach that contradicts the exam objective and ignores documented constraints.,"Deploy without monitoring, backup, or access controls required by the blueprint.",Mix controls from unrelated domains that do not address the stated objective.,A,MEDIUM,google-cloud-associate|setting-up|SU-2|medium|blueprint-seed,**Answer: A** — Manage users and service accounts. Review the official Google exam guide (Associate Cloud Engineer) and linked documentation. Objective: SU-2.,https://cloud.google.com/docs|https://cloud.google.com/certification/cloud-engineer
google-cloud-associate,setting-up,SU-2,Associate Cloud Engineer — SU-2 (MEDIUM) #17,"During a project review, stakeholders ask how to Manage users and service accounts in the context of Google Cloud Associate Cloud Engineer?",Use an approach that contradicts the exam objective and ignores documented constraints.,"Deploy without monitoring, backup, or access controls required by the blueprint.",Mix controls from unrelated domains that do not address the stated objective.,"Implement Manage users and service accounts using Google best practices for Setting Up a Cloud Solution Environment, including monitoring and least privilege.",B,MEDIUM,google-cloud-associate|setting-up|SU-2|medium|blueprint-seed,**Answer: B** — Manage users and service accounts. Review the official Google exam guide (Associate Cloud Engineer) and linked documentation. Objective: SU-2.,https://cloud.google.com/docs|https://cloud.google.com/certification/cloud-engineer
google-cloud-associate,setting-up,SU-2,Associate Cloud Engineer — SU-2 (MEDIUM) #18,Which configuration satisfies requirements for Manage users and service accounts in the context of Google Cloud Associate Cloud Engineer?,"Deploy without monitoring, backup, or access controls required by the blueprint.",Mix controls from unrelated domains that do not address the stated objective.,Apply the official Setting Up a Cloud Solution Environment guidance: Manage users and service accounts — this aligns with exam blueprint expectations and vendor documentation.,Use an approach that contradicts the exam objective and ignores documented constraints.,C,MEDIUM,google-cloud-associate|setting-up|SU-2|medium|blueprint-seed,**Answer: C** — Manage users and service accounts. Review the official Google exam guide (Associate Cloud Engineer) and linked documentation. Objective: SU-2.,https://cloud.google.com/docs|https://cloud.google.com/certification/cloud-engineer
google-cloud-associate,setting-up,SU-2,Associate Cloud Engineer — SU-2 (MEDIUM) #19,What is the recommended design when applying Manage users and service accounts in the context of Google Cloud Associate Cloud Engineer?,Mix controls from unrelated domains that do not address the stated objective.,"Follow the documented approach for Manage users and service accounts, using recommended services and controls per the exam guide.",Use an approach that contradicts the exam objective and ignores documented constraints.,"Deploy without monitoring, backup, or access controls required by the blueprint.",D,MEDIUM,google-cloud-associate|setting-up|SU-2|medium|blueprint-seed,**Answer: D** — Manage users and service accounts. Review the official Google exam guide (Associate Cloud Engineer) and linked documentation. Objective: SU-2.,https://cloud.google.com/docs|https://cloud.google.com/certification/cloud-engineer
google-cloud-associate,setting-up,SU-2,Associate Cloud Engineer — SU-2 (MEDIUM) #20,A team must implement a solution for Manage users and service accounts in the context of Google Cloud Associate Cloud Engineer?,"Implement Manage users and service accounts using Google best practices for Setting Up a Cloud Solution Environment, including monitoring and least privilege.",Use an approach that contradicts the exam objective and ignores documented constraints.,"Deploy without monitoring, backup, or access controls required by the blueprint.",Mix controls from unrelated domains that do not address the stated objective.,A,MEDIUM,google-cloud-associate|setting-up|SU-2|medium|blueprint-seed,**Answer: A** — Manage users and service accounts. Review the official Google exam guide (Associate Cloud Engineer) and linked documentation. Objective: SU-2.,https://cloud.google.com/docs|https://cloud.google.com/certification/cloud-engineer
google-cloud-associate,setting-up,SU-2,Associate Cloud Engineer — SU-2 (MEDIUM) #21,Which approach aligns with best practices when Manage users and service accounts in the context of Google Cloud Associate Cloud Engineer?,Use an approach that contradicts the exam objective and ignores documented constraints.,"Deploy without monitoring, backup, or access controls required by the blueprint.",Mix controls from unrelated domains that do not address the stated objective.,Apply the official Setting Up a Cloud Solution Environment guidance: Manage users and service accounts — this aligns with exam blueprint expectations and vendor documentation.,B,MEDIUM,google-cloud-associate|setting-up|SU-2|medium|blueprint-seed,**Answer: B** — Manage users and service accounts. Review the official Google exam guide (Associate Cloud Engineer) and linked documentation. Objective: SU-2.,https://cloud.google.com/docs|https://cloud.google.com/certification/cloud-engineer
google-cloud-associate,setting-up,SU-2,Associate Cloud Engineer — SU-2 (HARD) #22,A production incident involves trade-offs between cost and resilience for Manage users and service accounts for Setting Up a Cloud Solution Environment?,"Deploy without monitoring, backup, or access controls required by the blueprint.",Mix controls from unrelated domains that do not address the stated objective.,"Follow the documented approach for Manage users and service accounts, using recommended services and controls per the exam guide.",Use an approach that contradicts the exam objective and ignores documented constraints.,C,HARD,google-cloud-associate|setting-up|SU-2|hard|blueprint-seed,**Answer: C** — Manage users and service accounts. Review the official Google exam guide (Associate Cloud Engineer) and linked documentation. Objective: SU-2.,https://cloud.google.com/docs|https://cloud.google.com/certification/cloud-engineer
google-cloud-associate,setting-up,SU-2,Associate Cloud Engineer — SU-2 (HARD) #23,Complex regulatory requirements demand that you Manage users and service accounts for Setting Up a Cloud Solution Environment?,Mix controls from unrelated domains that do not address the stated objective.,"Implement Manage users and service accounts using Google best practices for Setting Up a Cloud Solution Environment, including monitoring and least privilege.",Use an approach that contradicts the exam objective and ignores documented constraints.,"Deploy without monitoring, backup, or access controls required by the blueprint.",D,HARD,google-cloud-associate|setting-up|SU-2|hard|blueprint-seed,**Answer: D** — Manage users and service accounts. Review the official Google exam guide (Associate Cloud Engineer) and linked documentation. Objective: SU-2.,https://cloud.google.com/docs|https://cloud.google.com/certification/cloud-engineer
google-cloud-associate,setting-up,SU-2,Associate Cloud Engineer — SU-2 (HARD) #24,A multi-team rollout must balance security and velocity for Manage users and service accounts for Setting Up a Cloud Solution Environment?,Apply the official Setting Up a Cloud Solution Environment guidance: Manage users and service accounts — this aligns with exam blueprint expectations and vendor documentation.,Use an approach that contradicts the exam objective and ignores documented constraints.,"Deploy without monitoring, backup, or access controls required by the blueprint.",Mix controls from unrelated domains that do not address the stated objective.,A,HARD,google-cloud-associate|setting-up|SU-2|hard|blueprint-seed,**Answer: A** — Manage users and service accounts. Review the official Google exam guide (Associate Cloud Engineer) and linked documentation. Objective: SU-2.,https://cloud.google.com/docs|https://cloud.google.com/certification/cloud-engineer
google-cloud-associate,setting-up,SU-2,Associate Cloud Engineer — SU-2 (HARD) #25,An enterprise requires zero-downtime architecture while Manage users and service accounts for Setting Up a Cloud Solution Environment?,Use an approach that contradicts the exam objective and ignores documented constraints.,"Deploy without monitoring, backup, or access controls required by the blueprint.",Mix controls from unrelated domains that do not address the stated objective.,"Follow the documented approach for Manage users and service accounts, using recommended services and controls per the exam guide.",B,HARD,google-cloud-associate|setting-up|SU-2|hard|blueprint-seed,**Answer: B** — Manage users and service accounts. Review the official Google exam guide (Associate Cloud Engineer) and linked documentation. Objective: SU-2.,https://cloud.google.com/docs|https://cloud.google.com/certification/cloud-engineer
google-cloud-associate,setting-up,SU-2,Associate Cloud Engineer — SU-2 (HARD) #26,"Given strict compliance, auditability, and multi-region constraints, how should you Manage users and service accounts for Setting Up a Cloud Solution Environment?","Deploy without monitoring, backup, or access controls required by the blueprint.",Mix controls from unrelated domains that do not address the stated objective.,"Implement Manage users and service accounts using Google best practices for Setting Up a Cloud Solution Environment, including monitoring and least privilege.",Use an approach that contradicts the exam objective and ignores documented constraints.,C,HARD,google-cloud-associate|setting-up|SU-2|hard|blueprint-seed,**Answer: C** — Manage users and service accounts. Review the official Google exam guide (Associate Cloud Engineer) and linked documentation. Objective: SU-2.,https://cloud.google.com/docs|https://cloud.google.com/certification/cloud-engineer
google-cloud-associate,setting-up,SU-2,Associate Cloud Engineer — SU-2 (HARD) #27,A production incident involves trade-offs between cost and resilience for Manage users and service accounts for Setting Up a Cloud Solution Environment?,Mix controls from unrelated domains that do not address the stated objective.,Apply the official Setting Up a Cloud Solution Environment guidance: Manage users and service accounts — this aligns with exam blueprint expectations and vendor documentation.,Use an approach that contradicts the exam objective and ignores documented constraints.,"Deploy without monitoring, backup, or access controls required by the blueprint.",D,HARD,google-cloud-associate|setting-up|SU-2|hard|blueprint-seed,**Answer: D** — Manage users and service accounts. Review the official Google exam guide (Associate Cloud Engineer) and linked documentation. Objective: SU-2.,https://cloud.google.com/docs|https://cloud.google.com/certification/cloud-engineer
google-cloud-associate,setting-up,SU-2,Associate Cloud Engineer — SU-2 (HARD) #28,Complex regulatory requirements demand that you Manage users and service accounts for Setting Up a Cloud Solution Environment?,"Follow the documented approach for Manage users and service accounts, using recommended services and controls per the exam guide.",Use an approach that contradicts the exam objective and ignores documented constraints.,"Deploy without monitoring, backup, or access controls required by the blueprint.",Mix controls from unrelated domains that do not address the stated objective.,A,HARD,google-cloud-associate|setting-up|SU-2|hard|blueprint-seed,**Answer: A** — Manage users and service accounts. Review the official Google exam guide (Associate Cloud Engineer) and linked documentation. Objective: SU-2.,https://cloud.google.com/docs|https://cloud.google.com/certification/cloud-engineer
google-cloud-associate,setting-up,SU-2,Associate Cloud Engineer — SU-2 (HARD) #29,A multi-team rollout must balance security and velocity for Manage users and service accounts for Setting Up a Cloud Solution Environment?,Use an approach that contradicts the exam objective and ignores documented constraints.,"Deploy without monitoring, backup, or access controls required by the blueprint.",Mix controls from unrelated domains that do not address the stated objective.,"Implement Manage users and service accounts using Google best practices for Setting Up a Cloud Solution Environment, including monitoring and least privilege.",B,HARD,google-cloud-associate|setting-up|SU-2|hard|blueprint-seed,**Answer: B** — Manage users and service accounts. Review the official Google exam guide (Associate Cloud Engineer) and linked documentation. Objective: SU-2.,https://cloud.google.com/docs|https://cloud.google.com/certification/cloud-engineer
google-cloud-associate,setting-up,SU-2,Associate Cloud Engineer — SU-2 (HARD) #30,An enterprise requires zero-downtime architecture while Manage users and service accounts for Setting Up a Cloud Solution Environment?,"Deploy without monitoring, backup, or access controls required by the blueprint.",Mix controls from unrelated domains that do not address the stated objective.,Apply the official Setting Up a Cloud Solution Environment guidance: Manage users and service accounts — this aligns with exam blueprint expectations and vendor documentation.,Use an approach that contradicts the exam objective and ignores documented constraints.,C,HARD,google-cloud-associate|setting-up|SU-2|hard|blueprint-seed,**Answer: C** — Manage users and service accounts. Review the official Google exam guide (Associate Cloud Engineer) and linked documentation. Objective: SU-2.,https://cloud.google.com/docs|https://cloud.google.com/certification/cloud-engineer
google-cloud-associate,setting-up,SU-3,Associate Cloud Engineer — SU-3 (EASY) #1,What is the primary purpose of Enable APIs and provision resources?,Use an approach that contradicts the exam objective and ignores documented constraints.,"Deploy without monitoring, backup, or access controls required by the blueprint.",Mix controls from unrelated domains that do not address the stated objective.,"Follow the documented approach for Enable APIs and provision resources, using recommended services and controls per the exam guide.",B,EASY,google-cloud-associate|setting-up|SU-3|easy|blueprint-seed,**Answer: B** — Enable APIs and provision resources. Review the official Google exam guide (Associate Cloud Engineer) and linked documentation. Objective: SU-3.,https://cloud.google.com/docs|https://cloud.google.com/certification/cloud-engineer
google-cloud-associate,setting-up,SU-3,Associate Cloud Engineer — SU-3 (EASY) #2,Which concept is fundamental to Enable APIs and provision resources?,"Deploy without monitoring, backup, or access controls required by the blueprint.",Mix controls from unrelated domains that do not address the stated objective.,"Implement Enable APIs and provision resources using Google best practices for Setting Up a Cloud Solution Environment, including monitoring and least privilege.",Use an approach that contradicts the exam objective and ignores documented constraints.,C,EASY,google-cloud-associate|setting-up|SU-3|easy|blueprint-seed,**Answer: C** — Enable APIs and provision resources. Review the official Google exam guide (Associate Cloud Engineer) and linked documentation. Objective: SU-3.,https://cloud.google.com/docs|https://cloud.google.com/certification/cloud-engineer
google-cloud-associate,setting-up,SU-3,Associate Cloud Engineer — SU-3 (EASY) #3,Identify the core principle behind Enable APIs and provision resources?,Mix controls from unrelated domains that do not address the stated objective.,Apply the official Setting Up a Cloud Solution Environment guidance: Enable APIs and provision resources — this aligns with exam blueprint expectations and vendor documentation.,Use an approach that contradicts the exam objective and ignores documented constraints.,"Deploy without monitoring, backup, or access controls required by the blueprint.",D,EASY,google-cloud-associate|setting-up|SU-3|easy|blueprint-seed,**Answer: D** — Enable APIs and provision resources. Review the official Google exam guide (Associate Cloud Engineer) and linked documentation. Objective: SU-3.,https://cloud.google.com/docs|https://cloud.google.com/certification/cloud-engineer
google-cloud-associate,setting-up,SU-3,Associate Cloud Engineer — SU-3 (EASY) #4,Which description accurately reflects Enable APIs and provision resources?,"Follow the documented approach for Enable APIs and provision resources, using recommended services and controls per the exam guide.",Use an approach that contradicts the exam objective and ignores documented constraints.,"Deploy without monitoring, backup, or access controls required by the blueprint.",Mix controls from unrelated domains that do not address the stated objective.,A,EASY,google-cloud-associate|setting-up|SU-3|easy|blueprint-seed,**Answer: A** — Enable APIs and provision resources. Review the official Google exam guide (Associate Cloud Engineer) and linked documentation. Objective: SU-3.,https://cloud.google.com/docs|https://cloud.google.com/certification/cloud-engineer
google-cloud-associate,setting-up,SU-3,Associate Cloud Engineer — SU-3 (EASY) #5,Which statement best defines the scope of Enable APIs and provision resources?,Use an approach that contradicts the exam objective and ignores documented constraints.,"Deploy without monitoring, backup, or access controls required by the blueprint.",Mix controls from unrelated domains that do not address the stated objective.,"Implement Enable APIs and provision resources using Google best practices for Setting Up a Cloud Solution Environment, including monitoring and least privilege.",B,EASY,google-cloud-associate|setting-up|SU-3|easy|blueprint-seed,**Answer: B** — Enable APIs and provision resources. Review the official Google exam guide (Associate Cloud Engineer) and linked documentation. Objective: SU-3.,https://cloud.google.com/docs|https://cloud.google.com/certification/cloud-engineer
google-cloud-associate,setting-up,SU-3,Associate Cloud Engineer — SU-3 (EASY) #6,What is the primary purpose of Enable APIs and provision resources?,"Deploy without monitoring, backup, or access controls required by the blueprint.",Mix controls from unrelated domains that do not address the stated objective.,Apply the official Setting Up a Cloud Solution Environment guidance: Enable APIs and provision resources — this aligns with exam blueprint expectations and vendor documentation.,Use an approach that contradicts the exam objective and ignores documented constraints.,C,EASY,google-cloud-associate|setting-up|SU-3|easy|blueprint-seed,**Answer: C** — Enable APIs and provision resources. Review the official Google exam guide (Associate Cloud Engineer) and linked documentation. Objective: SU-3.,https://cloud.google.com/docs|https://cloud.google.com/certification/cloud-engineer
google-cloud-associate,setting-up,SU-3,Associate Cloud Engineer — SU-3 (EASY) #7,Which concept is fundamental to Enable APIs and provision resources?,Mix controls from unrelated domains that do not address the stated objective.,"Follow the documented approach for Enable APIs and provision resources, using recommended services and controls per the exam guide.",Use an approach that contradicts the exam objective and ignores documented constraints.,"Deploy without monitoring, backup, or access controls required by the blueprint.",D,EASY,google-cloud-associate|setting-up|SU-3|easy|blueprint-seed,**Answer: D** — Enable APIs and provision resources. Review the official Google exam guide (Associate Cloud Engineer) and linked documentation. Objective: SU-3.,https://cloud.google.com/docs|https://cloud.google.com/certification/cloud-engineer
google-cloud-associate,setting-up,SU-3,Associate Cloud Engineer — SU-3 (EASY) #8,Identify the core principle behind Enable APIs and provision resources?,"Implement Enable APIs and provision resources using Google best practices for Setting Up a Cloud Solution Environment, including monitoring and least privilege.",Use an approach that contradicts the exam objective and ignores documented constraints.,"Deploy without monitoring, backup, or access controls required by the blueprint.",Mix controls from unrelated domains that do not address the stated objective.,A,EASY,google-cloud-associate|setting-up|SU-3|easy|blueprint-seed,**Answer: A** — Enable APIs and provision resources. Review the official Google exam guide (Associate Cloud Engineer) and linked documentation. Objective: SU-3.,https://cloud.google.com/docs|https://cloud.google.com/certification/cloud-engineer
google-cloud-associate,setting-up,SU-3,Associate Cloud Engineer — SU-3 (MEDIUM) #9,What is the recommended design when applying Enable APIs and provision resources in the context of Google Cloud Associate Cloud Engineer?,Use an approach that contradicts the exam objective and ignores documented constraints.,"Deploy without monitoring, backup, or access controls required by the blueprint.",Mix controls from unrelated domains that do not address the stated objective.,Apply the official Setting Up a Cloud Solution Environment guidance: Enable APIs and provision resources — this aligns with exam blueprint expectations and vendor documentation.,B,MEDIUM,google-cloud-associate|setting-up|SU-3|medium|blueprint-seed,**Answer: B** — Enable APIs and provision resources. Review the official Google exam guide (Associate Cloud Engineer) and linked documentation. Objective: SU-3.,https://cloud.google.com/docs|https://cloud.google.com/certification/cloud-engineer
google-cloud-associate,setting-up,SU-3,Associate Cloud Engineer — SU-3 (MEDIUM) #10,A team must implement a solution for Enable APIs and provision resources in the context of Google Cloud Associate Cloud Engineer?,"Deploy without monitoring, backup, or access controls required by the blueprint.",Mix controls from unrelated domains that do not address the stated objective.,"Follow the documented approach for Enable APIs and provision resources, using recommended services and controls per the exam guide.",Use an approach that contradicts the exam objective and ignores documented constraints.,C,MEDIUM,google-cloud-associate|setting-up|SU-3|medium|blueprint-seed,**Answer: C** — Enable APIs and provision resources. Review the official Google exam guide (Associate Cloud Engineer) and linked documentation. Objective: SU-3.,https://cloud.google.com/docs|https://cloud.google.com/certification/cloud-engineer
google-cloud-associate,setting-up,SU-3,Associate Cloud Engineer — SU-3 (MEDIUM) #11,Which approach aligns with best practices when Enable APIs and provision resources in the context of Google Cloud Associate Cloud Engineer?,Mix controls from unrelated domains that do not address the stated objective.,"Implement Enable APIs and provision resources using Google best practices for Setting Up a Cloud Solution Environment, including monitoring and least privilege.",Use an approach that contradicts the exam objective and ignores documented constraints.,"Deploy without monitoring, backup, or access controls required by the blueprint.",D,MEDIUM,google-cloud-associate|setting-up|SU-3|medium|blueprint-seed,**Answer: D** — Enable APIs and provision resources. Review the official Google exam guide (Associate Cloud Engineer) and linked documentation. Objective: SU-3.,https://cloud.google.com/docs|https://cloud.google.com/certification/cloud-engineer
google-cloud-associate,setting-up,SU-3,Associate Cloud Engineer — SU-3 (MEDIUM) #12,"During a project review, stakeholders ask how to Enable APIs and provision resources in the context of Google Cloud Associate Cloud Engineer?",Apply the official Setting Up a Cloud Solution Environment guidance: Enable APIs and provision resources — this aligns with exam blueprint expectations and vendor documentation.,Use an approach that contradicts the exam objective and ignores documented constraints.,"Deploy without monitoring, backup, or access controls required by the blueprint.",Mix controls from unrelated domains that do not address the stated objective.,A,MEDIUM,google-cloud-associate|setting-up|SU-3|medium|blueprint-seed,**Answer: A** — Enable APIs and provision resources. Review the official Google exam guide (Associate Cloud Engineer) and linked documentation. Objective: SU-3.,https://cloud.google.com/docs|https://cloud.google.com/certification/cloud-engineer
google-cloud-associate,setting-up,SU-3,Associate Cloud Engineer — SU-3 (MEDIUM) #13,Which configuration satisfies requirements for Enable APIs and provision resources in the context of Google Cloud Associate Cloud Engineer?,Use an approach that contradicts the exam objective and ignores documented constraints.,"Deploy without monitoring, backup, or access controls required by the blueprint.",Mix controls from unrelated domains that do not address the stated objective.,"Follow the documented approach for Enable APIs and provision resources, using recommended services and controls per the exam guide.",B,MEDIUM,google-cloud-associate|setting-up|SU-3|medium|blueprint-seed,**Answer: B** — Enable APIs and provision resources. Review the official Google exam guide (Associate Cloud Engineer) and linked documentation. Objective: SU-3.,https://cloud.google.com/docs|https://cloud.google.com/certification/cloud-engineer
google-cloud-associate,setting-up,SU-3,Associate Cloud Engineer — SU-3 (MEDIUM) #14,What is the recommended design when applying Enable APIs and provision resources in the context of Google Cloud Associate Cloud Engineer?,"Deploy without monitoring, backup, or access controls required by the blueprint.",Mix controls from unrelated domains that do not address the stated objective.,"Implement Enable APIs and provision resources using Google best practices for Setting Up a Cloud Solution Environment, including monitoring and least privilege.",Use an approach that contradicts the exam objective and ignores documented constraints.,C,MEDIUM,google-cloud-associate|setting-up|SU-3|medium|blueprint-seed,**Answer: C** — Enable APIs and provision resources. Review the official Google exam guide (Associate Cloud Engineer) and linked documentation. Objective: SU-3.,https://cloud.google.com/docs|https://cloud.google.com/certification/cloud-engineer
google-cloud-associate,setting-up,SU-3,Associate Cloud Engineer — SU-3 (MEDIUM) #15,A team must implement a solution for Enable APIs and provision resources in the context of Google Cloud Associate Cloud Engineer?,Mix controls from unrelated domains that do not address the stated objective.,Apply the official Setting Up a Cloud Solution Environment guidance: Enable APIs and provision resources — this aligns with exam blueprint expectations and vendor documentation.,Use an approach that contradicts the exam objective and ignores documented constraints.,"Deploy without monitoring, backup, or access controls required by the blueprint.",D,MEDIUM,google-cloud-associate|setting-up|SU-3|medium|blueprint-seed,**Answer: D** — Enable APIs and provision resources. Review the official Google exam guide (Associate Cloud Engineer) and linked documentation. Objective: SU-3.,https://cloud.google.com/docs|https://cloud.google.com/certification/cloud-engineer
google-cloud-associate,setting-up,SU-3,Associate Cloud Engineer — SU-3 (MEDIUM) #16,Which approach aligns with best practices when Enable APIs and provision resources in the context of Google Cloud Associate Cloud Engineer?,"Follow the documented approach for Enable APIs and provision resources, using recommended services and controls per the exam guide.",Use an approach that contradicts the exam objective and ignores documented constraints.,"Deploy without monitoring, backup, or access controls required by the blueprint.",Mix controls from unrelated domains that do not address the stated objective.,A,MEDIUM,google-cloud-associate|setting-up|SU-3|medium|blueprint-seed,**Answer: A** — Enable APIs and provision resources. Review the official Google exam guide (Associate Cloud Engineer) and linked documentation. Objective: SU-3.,https://cloud.google.com/docs|https://cloud.google.com/certification/cloud-engineer
google-cloud-associate,setting-up,SU-3,Associate Cloud Engineer — SU-3 (MEDIUM) #17,"During a project review, stakeholders ask how to Enable APIs and provision resources in the context of Google Cloud Associate Cloud Engineer?",Use an approach that contradicts the exam objective and ignores documented constraints.,"Deploy without monitoring, backup, or access controls required by the blueprint.",Mix controls from unrelated domains that do not address the stated objective.,"Implement Enable APIs and provision resources using Google best practices for Setting Up a Cloud Solution Environment, including monitoring and least privilege.",B,MEDIUM,google-cloud-associate|setting-up|SU-3|medium|blueprint-seed,**Answer: B** — Enable APIs and provision resources. Review the official Google exam guide (Associate Cloud Engineer) and linked documentation. Objective: SU-3.,https://cloud.google.com/docs|https://cloud.google.com/certification/cloud-engineer
google-cloud-associate,setting-up,SU-3,Associate Cloud Engineer — SU-3 (MEDIUM) #18,Which configuration satisfies requirements for Enable APIs and provision resources in the context of Google Cloud Associate Cloud Engineer?,"Deploy without monitoring, backup, or access controls required by the blueprint.",Mix controls from unrelated domains that do not address the stated objective.,Apply the official Setting Up a Cloud Solution Environment guidance: Enable APIs and provision resources — this aligns with exam blueprint expectations and vendor documentation.,Use an approach that contradicts the exam objective and ignores documented constraints.,C,MEDIUM,google-cloud-associate|setting-up|SU-3|medium|blueprint-seed,**Answer: C** — Enable APIs and provision resources. Review the official Google exam guide (Associate Cloud Engineer) and linked documentation. Objective: SU-3.,https://cloud.google.com/docs|https://cloud.google.com/certification/cloud-engineer
google-cloud-associate,setting-up,SU-3,Associate Cloud Engineer — SU-3 (MEDIUM) #19,What is the recommended design when applying Enable APIs and provision resources in the context of Google Cloud Associate Cloud Engineer?,Mix controls from unrelated domains that do not address the stated objective.,"Follow the documented approach for Enable APIs and provision resources, using recommended services and controls per the exam guide.",Use an approach that contradicts the exam objective and ignores documented constraints.,"Deploy without monitoring, backup, or access controls required by the blueprint.",D,MEDIUM,google-cloud-associate|setting-up|SU-3|medium|blueprint-seed,**Answer: D** — Enable APIs and provision resources. Review the official Google exam guide (Associate Cloud Engineer) and linked documentation. Objective: SU-3.,https://cloud.google.com/docs|https://cloud.google.com/certification/cloud-engineer
google-cloud-associate,setting-up,SU-3,Associate Cloud Engineer — SU-3 (HARD) #20,An enterprise requires zero-downtime architecture while Enable APIs and provision resources for Setting Up a Cloud Solution Environment?,"Implement Enable APIs and provision resources using Google best practices for Setting Up a Cloud Solution Environment, including monitoring and least privilege.",Use an approach that contradicts the exam objective and ignores documented constraints.,"Deploy without monitoring, backup, or access controls required by the blueprint.",Mix controls from unrelated domains that do not address the stated objective.,A,HARD,google-cloud-associate|setting-up|SU-3|hard|blueprint-seed,**Answer: A** — Enable APIs and provision resources. Review the official Google exam guide (Associate Cloud Engineer) and linked documentation. Objective: SU-3.,https://cloud.google.com/docs|https://cloud.google.com/certification/cloud-engineer
google-cloud-associate,setting-up,SU-3,Associate Cloud Engineer — SU-3 (HARD) #21,"Given strict compliance, auditability, and multi-region constraints, how should you Enable APIs and provision resources for Setting Up a Cloud Solution Environment?",Use an approach that contradicts the exam objective and ignores documented constraints.,"Deploy without monitoring, backup, or access controls required by the blueprint.",Mix controls from unrelated domains that do not address the stated objective.,Apply the official Setting Up a Cloud Solution Environment guidance: Enable APIs and provision resources — this aligns with exam blueprint expectations and vendor documentation.,B,HARD,google-cloud-associate|setting-up|SU-3|hard|blueprint-seed,**Answer: B** — Enable APIs and provision resources. Review the official Google exam guide (Associate Cloud Engineer) and linked documentation. Objective: SU-3.,https://cloud.google.com/docs|https://cloud.google.com/certification/cloud-engineer
google-cloud-associate,setting-up,SU-3,Associate Cloud Engineer — SU-3 (HARD) #22,A production incident involves trade-offs between cost and resilience for Enable APIs and provision resources for Setting Up a Cloud Solution Environment?,"Deploy without monitoring, backup, or access controls required by the blueprint.",Mix controls from unrelated domains that do not address the stated objective.,"Follow the documented approach for Enable APIs and provision resources, using recommended services and controls per the exam guide.",Use an approach that contradicts the exam objective and ignores documented constraints.,C,HARD,google-cloud-associate|setting-up|SU-3|hard|blueprint-seed,**Answer: C** — Enable APIs and provision resources. Review the official Google exam guide (Associate Cloud Engineer) and linked documentation. Objective: SU-3.,https://cloud.google.com/docs|https://cloud.google.com/certification/cloud-engineer
google-cloud-associate,setting-up,SU-3,Associate Cloud Engineer — SU-3 (HARD) #23,Complex regulatory requirements demand that you Enable APIs and provision resources for Setting Up a Cloud Solution Environment?,Mix controls from unrelated domains that do not address the stated objective.,"Implement Enable APIs and provision resources using Google best practices for Setting Up a Cloud Solution Environment, including monitoring and least privilege.",Use an approach that contradicts the exam objective and ignores documented constraints.,"Deploy without monitoring, backup, or access controls required by the blueprint.",D,HARD,google-cloud-associate|setting-up|SU-3|hard|blueprint-seed,**Answer: D** — Enable APIs and provision resources. Review the official Google exam guide (Associate Cloud Engineer) and linked documentation. Objective: SU-3.,https://cloud.google.com/docs|https://cloud.google.com/certification/cloud-engineer
google-cloud-associate,setting-up,SU-3,Associate Cloud Engineer — SU-3 (HARD) #24,A multi-team rollout must balance security and velocity for Enable APIs and provision resources for Setting Up a Cloud Solution Environment?,Apply the official Setting Up a Cloud Solution Environment guidance: Enable APIs and provision resources — this aligns with exam blueprint expectations and vendor documentation.,Use an approach that contradicts the exam objective and ignores documented constraints.,"Deploy without monitoring, backup, or access controls required by the blueprint.",Mix controls from unrelated domains that do not address the stated objective.,A,HARD,google-cloud-associate|setting-up|SU-3|hard|blueprint-seed,**Answer: A** — Enable APIs and provision resources. Review the official Google exam guide (Associate Cloud Engineer) and linked documentation. Objective: SU-3.,https://cloud.google.com/docs|https://cloud.google.com/certification/cloud-engineer
google-cloud-associate,setting-up,SU-3,Associate Cloud Engineer — SU-3 (HARD) #25,An enterprise requires zero-downtime architecture while Enable APIs and provision resources for Setting Up a Cloud Solution Environment?,Use an approach that contradicts the exam objective and ignores documented constraints.,"Deploy without monitoring, backup, or access controls required by the blueprint.",Mix controls from unrelated domains that do not address the stated objective.,"Follow the documented approach for Enable APIs and provision resources, using recommended services and controls per the exam guide.",B,HARD,google-cloud-associate|setting-up|SU-3|hard|blueprint-seed,**Answer: B** — Enable APIs and provision resources. Review the official Google exam guide (Associate Cloud Engineer) and linked documentation. Objective: SU-3.,https://cloud.google.com/docs|https://cloud.google.com/certification/cloud-engineer
google-cloud-associate,setting-up,SU-3,Associate Cloud Engineer — SU-3 (HARD) #26,"Given strict compliance, auditability, and multi-region constraints, how should you Enable APIs and provision resources for Setting Up a Cloud Solution Environment?","Deploy without monitoring, backup, or access controls required by the blueprint.",Mix controls from unrelated domains that do not address the stated objective.,"Implement Enable APIs and provision resources using Google best practices for Setting Up a Cloud Solution Environment, including monitoring and least privilege.",Use an approach that contradicts the exam objective and ignores documented constraints.,C,HARD,google-cloud-associate|setting-up|SU-3|hard|blueprint-seed,**Answer: C** — Enable APIs and provision resources. Review the official Google exam guide (Associate Cloud Engineer) and linked documentation. Objective: SU-3.,https://cloud.google.com/docs|https://cloud.google.com/certification/cloud-engineer
google-cloud-associate,setting-up,SU-3,Associate Cloud Engineer — SU-3 (HARD) #27,A production incident involves trade-offs between cost and resilience for Enable APIs and provision resources for Setting Up a Cloud Solution Environment?,Mix controls from unrelated domains that do not address the stated objective.,Apply the official Setting Up a Cloud Solution Environment guidance: Enable APIs and provision resources — this aligns with exam blueprint expectations and vendor documentation.,Use an approach that contradicts the exam objective and ignores documented constraints.,"Deploy without monitoring, backup, or access controls required by the blueprint.",D,HARD,google-cloud-associate|setting-up|SU-3|hard|blueprint-seed,**Answer: D** — Enable APIs and provision resources. Review the official Google exam guide (Associate Cloud Engineer) and linked documentation. Objective: SU-3.,https://cloud.google.com/docs|https://cloud.google.com/certification/cloud-engineer
google-cloud-associate,setting-up,SU-3,Associate Cloud Engineer — SU-3 (HARD) #28,Complex regulatory requirements demand that you Enable APIs and provision resources for Setting Up a Cloud Solution Environment?,"Follow the documented approach for Enable APIs and provision resources, using recommended services and controls per the exam guide.",Use an approach that contradicts the exam objective and ignores documented constraints.,"Deploy without monitoring, backup, or access controls required by the blueprint.",Mix controls from unrelated domains that do not address the stated objective.,A,HARD,google-cloud-associate|setting-up|SU-3|hard|blueprint-seed,**Answer: A** — Enable APIs and provision resources. Review the official Google exam guide (Associate Cloud Engineer) and linked documentation. Objective: SU-3.,https://cloud.google.com/docs|https://cloud.google.com/certification/cloud-engineer
google-cloud-associate,planning-config,PC-1,Associate Cloud Engineer — PC-1 (EASY) #1,"What is the primary purpose of Plan compute, storage, and network resources?",Use an approach that contradicts the exam objective and ignores documented constraints.,"Deploy without monitoring, backup, or access controls required by the blueprint.",Mix controls from unrelated domains that do not address the stated objective.,"Follow the documented approach for Plan compute, storage, and network resources, using recommended services and controls per the exam guide.",B,EASY,google-cloud-associate|planning-config|PC-1|easy|blueprint-seed,"**Answer: B** — Plan compute, storage, and network resources. Review the official Google exam guide (Associate Cloud Engineer) and linked documentation. Objective: PC-1.",https://cloud.google.com/docs|https://cloud.google.com/certification/cloud-engineer
google-cloud-associate,planning-config,PC-1,Associate Cloud Engineer — PC-1 (EASY) #2,"Which concept is fundamental to Plan compute, storage, and network resources?","Deploy without monitoring, backup, or access controls required by the blueprint.",Mix controls from unrelated domains that do not address the stated objective.,"Implement Plan compute, storage, and network resources using Google best practices for Planning and Configuring a Cloud Solution, including monitoring and least privilege.",Use an approach that contradicts the exam objective and ignores documented constraints.,C,EASY,google-cloud-associate|planning-config|PC-1|easy|blueprint-seed,"**Answer: C** — Plan compute, storage, and network resources. Review the official Google exam guide (Associate Cloud Engineer) and linked documentation. Objective: PC-1.",https://cloud.google.com/docs|https://cloud.google.com/certification/cloud-engineer
google-cloud-associate,planning-config,PC-1,Associate Cloud Engineer — PC-1 (EASY) #3,"Identify the core principle behind Plan compute, storage, and network resources?",Mix controls from unrelated domains that do not address the stated objective.,"Apply the official Planning and Configuring a Cloud Solution guidance: Plan compute, storage, and network resources — this aligns with exam blueprint expectations and vendor documentation.",Use an approach that contradicts the exam objective and ignores documented constraints.,"Deploy without monitoring, backup, or access controls required by the blueprint.",D,EASY,google-cloud-associate|planning-config|PC-1|easy|blueprint-seed,"**Answer: D** — Plan compute, storage, and network resources. Review the official Google exam guide (Associate Cloud Engineer) and linked documentation. Objective: PC-1.",https://cloud.google.com/docs|https://cloud.google.com/certification/cloud-engineer
google-cloud-associate,planning-config,PC-1,Associate Cloud Engineer — PC-1 (EASY) #4,"Which description accurately reflects Plan compute, storage, and network resources?","Follow the documented approach for Plan compute, storage, and network resources, using recommended services and controls per the exam guide.",Use an approach that contradicts the exam objective and ignores documented constraints.,"Deploy without monitoring, backup, or access controls required by the blueprint.",Mix controls from unrelated domains that do not address the stated objective.,A,EASY,google-cloud-associate|planning-config|PC-1|easy|blueprint-seed,"**Answer: A** — Plan compute, storage, and network resources. Review the official Google exam guide (Associate Cloud Engineer) and linked documentation. Objective: PC-1.",https://cloud.google.com/docs|https://cloud.google.com/certification/cloud-engineer
google-cloud-associate,planning-config,PC-1,Associate Cloud Engineer — PC-1 (EASY) #5,"Which statement best defines the scope of Plan compute, storage, and network resources?",Use an approach that contradicts the exam objective and ignores documented constraints.,"Deploy without monitoring, backup, or access controls required by the blueprint.",Mix controls from unrelated domains that do not address the stated objective.,"Implement Plan compute, storage, and network resources using Google best practices for Planning and Configuring a Cloud Solution, including monitoring and least privilege.",B,EASY,google-cloud-associate|planning-config|PC-1|easy|blueprint-seed,"**Answer: B** — Plan compute, storage, and network resources. Review the official Google exam guide (Associate Cloud Engineer) and linked documentation. Objective: PC-1.",https://cloud.google.com/docs|https://cloud.google.com/certification/cloud-engineer
google-cloud-associate,planning-config,PC-1,Associate Cloud Engineer — PC-1 (EASY) #6,"What is the primary purpose of Plan compute, storage, and network resources?","Deploy without monitoring, backup, or access controls required by the blueprint.",Mix controls from unrelated domains that do not address the stated objective.,"Apply the official Planning and Configuring a Cloud Solution guidance: Plan compute, storage, and network resources — this aligns with exam blueprint expectations and vendor documentation.",Use an approach that contradicts the exam objective and ignores documented constraints.,C,EASY,google-cloud-associate|planning-config|PC-1|easy|blueprint-seed,"**Answer: C** — Plan compute, storage, and network resources. Review the official Google exam guide (Associate Cloud Engineer) and linked documentation. Objective: PC-1.",https://cloud.google.com/docs|https://cloud.google.com/certification/cloud-engineer
google-cloud-associate,planning-config,PC-1,Associate Cloud Engineer — PC-1 (EASY) #7,"Which concept is fundamental to Plan compute, storage, and network resources?",Mix controls from unrelated domains that do not address the stated objective.,"Follow the documented approach for Plan compute, storage, and network resources, using recommended services and controls per the exam guide.",Use an approach that contradicts the exam objective and ignores documented constraints.,"Deploy without monitoring, backup, or access controls required by the blueprint.",D,EASY,google-cloud-associate|planning-config|PC-1|easy|blueprint-seed,"**Answer: D** — Plan compute, storage, and network resources. Review the official Google exam guide (Associate Cloud Engineer) and linked documentation. Objective: PC-1.",https://cloud.google.com/docs|https://cloud.google.com/certification/cloud-engineer
google-cloud-associate,planning-config,PC-1,Associate Cloud Engineer — PC-1 (EASY) #8,"Identify the core principle behind Plan compute, storage, and network resources?","Implement Plan compute, storage, and network resources using Google best practices for Planning and Configuring a Cloud Solution, including monitoring and least privilege.",Use an approach that contradicts the exam objective and ignores documented constraints.,"Deploy without monitoring, backup, or access controls required by the blueprint.",Mix controls from unrelated domains that do not address the stated objective.,A,EASY,google-cloud-associate|planning-config|PC-1|easy|blueprint-seed,"**Answer: A** — Plan compute, storage, and network resources. Review the official Google exam guide (Associate Cloud Engineer) and linked documentation. Objective: PC-1.",https://cloud.google.com/docs|https://cloud.google.com/certification/cloud-engineer
google-cloud-associate,planning-config,PC-1,Associate Cloud Engineer — PC-1 (EASY) #9,"Which description accurately reflects Plan compute, storage, and network resources?",Use an approach that contradicts the exam objective and ignores documented constraints.,"Deploy without monitoring, backup, or access controls required by the blueprint.",Mix controls from unrelated domains that do not address the stated objective.,"Apply the official Planning and Configuring a Cloud Solution guidance: Plan compute, storage, and network resources — this aligns with exam blueprint expectations and vendor documentation.",B,EASY,google-cloud-associate|planning-config|PC-1|easy|blueprint-seed,"**Answer: B** — Plan compute, storage, and network resources. Review the official Google exam guide (Associate Cloud Engineer) and linked documentation. Objective: PC-1.",https://cloud.google.com/docs|https://cloud.google.com/certification/cloud-engineer
google-cloud-associate,planning-config,PC-1,Associate Cloud Engineer — PC-1 (MEDIUM) #10,"A team must implement a solution for Plan compute, storage, and network resources in the context of Google Cloud Associate Cloud Engineer?","Deploy without monitoring, backup, or access controls required by the blueprint.",Mix controls from unrelated domains that do not address the stated objective.,"Follow the documented approach for Plan compute, storage, and network resources, using recommended services and controls per the exam guide.",Use an approach that contradicts the exam objective and ignores documented constraints.,C,MEDIUM,google-cloud-associate|planning-config|PC-1|medium|blueprint-seed,"**Answer: C** — Plan compute, storage, and network resources. Review the official Google exam guide (Associate Cloud Engineer) and linked documentation. Objective: PC-1.",https://cloud.google.com/docs|https://cloud.google.com/certification/cloud-engineer
google-cloud-associate,planning-config,PC-1,Associate Cloud Engineer — PC-1 (MEDIUM) #11,"Which approach aligns with best practices when Plan compute, storage, and network resources in the context of Google Cloud Associate Cloud Engineer?",Mix controls from unrelated domains that do not address the stated objective.,"Implement Plan compute, storage, and network resources using Google best practices for Planning and Configuring a Cloud Solution, including monitoring and least privilege.",Use an approach that contradicts the exam objective and ignores documented constraints.,"Deploy without monitoring, backup, or access controls required by the blueprint.",D,MEDIUM,google-cloud-associate|planning-config|PC-1|medium|blueprint-seed,"**Answer: D** — Plan compute, storage, and network resources. Review the official Google exam guide (Associate Cloud Engineer) and linked documentation. Objective: PC-1.",https://cloud.google.com/docs|https://cloud.google.com/certification/cloud-engineer
google-cloud-associate,planning-config,PC-1,Associate Cloud Engineer — PC-1 (MEDIUM) #12,"During a project review, stakeholders ask how to Plan compute, storage, and network resources in the context of Google Cloud Associate Cloud Engineer?","Apply the official Planning and Configuring a Cloud Solution guidance: Plan compute, storage, and network resources — this aligns with exam blueprint expectations and vendor documentation.",Use an approach that contradicts the exam objective and ignores documented constraints.,"Deploy without monitoring, backup, or access controls required by the blueprint.",Mix controls from unrelated domains that do not address the stated objective.,A,MEDIUM,google-cloud-associate|planning-config|PC-1|medium|blueprint-seed,"**Answer: A** — Plan compute, storage, and network resources. Review the official Google exam guide (Associate Cloud Engineer) and linked documentation. Objective: PC-1.",https://cloud.google.com/docs|https://cloud.google.com/certification/cloud-engineer
google-cloud-associate,planning-config,PC-1,Associate Cloud Engineer — PC-1 (MEDIUM) #13,"Which configuration satisfies requirements for Plan compute, storage, and network resources in the context of Google Cloud Associate Cloud Engineer?",Use an approach that contradicts the exam objective and ignores documented constraints.,"Deploy without monitoring, backup, or access controls required by the blueprint.",Mix controls from unrelated domains that do not address the stated objective.,"Follow the documented approach for Plan compute, storage, and network resources, using recommended services and controls per the exam guide.",B,MEDIUM,google-cloud-associate|planning-config|PC-1|medium|blueprint-seed,"**Answer: B** — Plan compute, storage, and network resources. Review the official Google exam guide (Associate Cloud Engineer) and linked documentation. Objective: PC-1.",https://cloud.google.com/docs|https://cloud.google.com/certification/cloud-engineer
google-cloud-associate,planning-config,PC-1,Associate Cloud Engineer — PC-1 (MEDIUM) #14,"What is the recommended design when applying Plan compute, storage, and network resources in the context of Google Cloud Associate Cloud Engineer?","Deploy without monitoring, backup, or access controls required by the blueprint.",Mix controls from unrelated domains that do not address the stated objective.,"Implement Plan compute, storage, and network resources using Google best practices for Planning and Configuring a Cloud Solution, including monitoring and least privilege.",Use an approach that contradicts the exam objective and ignores documented constraints.,C,MEDIUM,google-cloud-associate|planning-config|PC-1|medium|blueprint-seed,"**Answer: C** — Plan compute, storage, and network resources. Review the official Google exam guide (Associate Cloud Engineer) and linked documentation. Objective: PC-1.",https://cloud.google.com/docs|https://cloud.google.com/certification/cloud-engineer
google-cloud-associate,planning-config,PC-1,Associate Cloud Engineer — PC-1 (MEDIUM) #15,"A team must implement a solution for Plan compute, storage, and network resources in the context of Google Cloud Associate Cloud Engineer?",Mix controls from unrelated domains that do not address the stated objective.,"Apply the official Planning and Configuring a Cloud Solution guidance: Plan compute, storage, and network resources — this aligns with exam blueprint expectations and vendor documentation.",Use an approach that contradicts the exam objective and ignores documented constraints.,"Deploy without monitoring, backup, or access controls required by the blueprint.",D,MEDIUM,google-cloud-associate|planning-config|PC-1|medium|blueprint-seed,"**Answer: D** — Plan compute, storage, and network resources. Review the official Google exam guide (Associate Cloud Engineer) and linked documentation. Objective: PC-1.",https://cloud.google.com/docs|https://cloud.google.com/certification/cloud-engineer
google-cloud-associate,planning-config,PC-1,Associate Cloud Engineer — PC-1 (MEDIUM) #16,"Which approach aligns with best practices when Plan compute, storage, and network resources in the context of Google Cloud Associate Cloud Engineer?","Follow the documented approach for Plan compute, storage, and network resources, using recommended services and controls per the exam guide.",Use an approach that contradicts the exam objective and ignores documented constraints.,"Deploy without monitoring, backup, or access controls required by the blueprint.",Mix controls from unrelated domains that do not address the stated objective.,A,MEDIUM,google-cloud-associate|planning-config|PC-1|medium|blueprint-seed,"**Answer: A** — Plan compute, storage, and network resources. Review the official Google exam guide (Associate Cloud Engineer) and linked documentation. Objective: PC-1.",https://cloud.google.com/docs|https://cloud.google.com/certification/cloud-engineer
google-cloud-associate,planning-config,PC-1,Associate Cloud Engineer — PC-1 (MEDIUM) #17,"During a project review, stakeholders ask how to Plan compute, storage, and network resources in the context of Google Cloud Associate Cloud Engineer?",Use an approach that contradicts the exam objective and ignores documented constraints.,"Deploy without monitoring, backup, or access controls required by the blueprint.",Mix controls from unrelated domains that do not address the stated objective.,"Implement Plan compute, storage, and network resources using Google best practices for Planning and Configuring a Cloud Solution, including monitoring and least privilege.",B,MEDIUM,google-cloud-associate|planning-config|PC-1|medium|blueprint-seed,"**Answer: B** — Plan compute, storage, and network resources. Review the official Google exam guide (Associate Cloud Engineer) and linked documentation. Objective: PC-1.",https://cloud.google.com/docs|https://cloud.google.com/certification/cloud-engineer
google-cloud-associate,planning-config,PC-1,Associate Cloud Engineer — PC-1 (MEDIUM) #18,"Which configuration satisfies requirements for Plan compute, storage, and network resources in the context of Google Cloud Associate Cloud Engineer?","Deploy without monitoring, backup, or access controls required by the blueprint.",Mix controls from unrelated domains that do not address the stated objective.,"Apply the official Planning and Configuring a Cloud Solution guidance: Plan compute, storage, and network resources — this aligns with exam blueprint expectations and vendor documentation.",Use an approach that contradicts the exam objective and ignores documented constraints.,C,MEDIUM,google-cloud-associate|planning-config|PC-1|medium|blueprint-seed,"**Answer: C** — Plan compute, storage, and network resources. Review the official Google exam guide (Associate Cloud Engineer) and linked documentation. Objective: PC-1.",https://cloud.google.com/docs|https://cloud.google.com/certification/cloud-engineer
google-cloud-associate,planning-config,PC-1,Associate Cloud Engineer — PC-1 (MEDIUM) #19,"What is the recommended design when applying Plan compute, storage, and network resources in the context of Google Cloud Associate Cloud Engineer?",Mix controls from unrelated domains that do not address the stated objective.,"Follow the documented approach for Plan compute, storage, and network resources, using recommended services and controls per the exam guide.",Use an approach that contradicts the exam objective and ignores documented constraints.,"Deploy without monitoring, backup, or access controls required by the blueprint.",D,MEDIUM,google-cloud-associate|planning-config|PC-1|medium|blueprint-seed,"**Answer: D** — Plan compute, storage, and network resources. Review the official Google exam guide (Associate Cloud Engineer) and linked documentation. Objective: PC-1.",https://cloud.google.com/docs|https://cloud.google.com/certification/cloud-engineer
google-cloud-associate,planning-config,PC-1,Associate Cloud Engineer — PC-1 (MEDIUM) #20,"A team must implement a solution for Plan compute, storage, and network resources in the context of Google Cloud Associate Cloud Engineer?","Implement Plan compute, storage, and network resources using Google best practices for Planning and Configuring a Cloud Solution, including monitoring and least privilege.",Use an approach that contradicts the exam objective and ignores documented constraints.,"Deploy without monitoring, backup, or access controls required by the blueprint.",Mix controls from unrelated domains that do not address the stated objective.,A,MEDIUM,google-cloud-associate|planning-config|PC-1|medium|blueprint-seed,"**Answer: A** — Plan compute, storage, and network resources. Review the official Google exam guide (Associate Cloud Engineer) and linked documentation. Objective: PC-1.",https://cloud.google.com/docs|https://cloud.google.com/certification/cloud-engineer
google-cloud-associate,planning-config,PC-1,Associate Cloud Engineer — PC-1 (MEDIUM) #21,"Which approach aligns with best practices when Plan compute, storage, and network resources in the context of Google Cloud Associate Cloud Engineer?",Use an approach that contradicts the exam objective and ignores documented constraints.,"Deploy without monitoring, backup, or access controls required by the blueprint.",Mix controls from unrelated domains that do not address the stated objective.,"Apply the official Planning and Configuring a Cloud Solution guidance: Plan compute, storage, and network resources — this aligns with exam blueprint expectations and vendor documentation.",B,MEDIUM,google-cloud-associate|planning-config|PC-1|medium|blueprint-seed,"**Answer: B** — Plan compute, storage, and network resources. Review the official Google exam guide (Associate Cloud Engineer) and linked documentation. Objective: PC-1.",https://cloud.google.com/docs|https://cloud.google.com/certification/cloud-engineer
google-cloud-associate,planning-config,PC-1,Associate Cloud Engineer — PC-1 (HARD) #22,"A production incident involves trade-offs between cost and resilience for Plan compute, storage, and network resources for Planning and Configuring a Cloud Solution?","Deploy without monitoring, backup, or access controls required by the blueprint.",Mix controls from unrelated domains that do not address the stated objective.,"Follow the documented approach for Plan compute, storage, and network resources, using recommended services and controls per the exam guide.",Use an approach that contradicts the exam objective and ignores documented constraints.,C,HARD,google-cloud-associate|planning-config|PC-1|hard|blueprint-seed,"**Answer: C** — Plan compute, storage, and network resources. Review the official Google exam guide (Associate Cloud Engineer) and linked documentation. Objective: PC-1.",https://cloud.google.com/docs|https://cloud.google.com/certification/cloud-engineer
google-cloud-associate,planning-config,PC-1,Associate Cloud Engineer — PC-1 (HARD) #23,"Complex regulatory requirements demand that you Plan compute, storage, and network resources for Planning and Configuring a Cloud Solution?",Mix controls from unrelated domains that do not address the stated objective.,"Implement Plan compute, storage, and network resources using Google best practices for Planning and Configuring a Cloud Solution, including monitoring and least privilege.",Use an approach that contradicts the exam objective and ignores documented constraints.,"Deploy without monitoring, backup, or access controls required by the blueprint.",D,HARD,google-cloud-associate|planning-config|PC-1|hard|blueprint-seed,"**Answer: D** — Plan compute, storage, and network resources. Review the official Google exam guide (Associate Cloud Engineer) and linked documentation. Objective: PC-1.",https://cloud.google.com/docs|https://cloud.google.com/certification/cloud-engineer
google-cloud-associate,planning-config,PC-1,Associate Cloud Engineer — PC-1 (HARD) #24,"A multi-team rollout must balance security and velocity for Plan compute, storage, and network resources for Planning and Configuring a Cloud Solution?","Apply the official Planning and Configuring a Cloud Solution guidance: Plan compute, storage, and network resources — this aligns with exam blueprint expectations and vendor documentation.",Use an approach that contradicts the exam objective and ignores documented constraints.,"Deploy without monitoring, backup, or access controls required by the blueprint.",Mix controls from unrelated domains that do not address the stated objective.,A,HARD,google-cloud-associate|planning-config|PC-1|hard|blueprint-seed,"**Answer: A** — Plan compute, storage, and network resources. Review the official Google exam guide (Associate Cloud Engineer) and linked documentation. Objective: PC-1.",https://cloud.google.com/docs|https://cloud.google.com/certification/cloud-engineer
google-cloud-associate,planning-config,PC-1,Associate Cloud Engineer — PC-1 (HARD) #25,"An enterprise requires zero-downtime architecture while Plan compute, storage, and network resources for Planning and Configuring a Cloud Solution?",Use an approach that contradicts the exam objective and ignores documented constraints.,"Deploy without monitoring, backup, or access controls required by the blueprint.",Mix controls from unrelated domains that do not address the stated objective.,"Follow the documented approach for Plan compute, storage, and network resources, using recommended services and controls per the exam guide.",B,HARD,google-cloud-associate|planning-config|PC-1|hard|blueprint-seed,"**Answer: B** — Plan compute, storage, and network resources. Review the official Google exam guide (Associate Cloud Engineer) and linked documentation. Objective: PC-1.",https://cloud.google.com/docs|https://cloud.google.com/certification/cloud-engineer
google-cloud-associate,planning-config,PC-1,Associate Cloud Engineer — PC-1 (HARD) #26,"Given strict compliance, auditability, and multi-region constraints, how should you Plan compute, storage, and network resources for Planning and Configuring a Cloud Solution?","Deploy without monitoring, backup, or access controls required by the blueprint.",Mix controls from unrelated domains that do not address the stated objective.,"Implement Plan compute, storage, and network resources using Google best practices for Planning and Configuring a Cloud Solution, including monitoring and least privilege.",Use an approach that contradicts the exam objective and ignores documented constraints.,C,HARD,google-cloud-associate|planning-config|PC-1|hard|blueprint-seed,"**Answer: C** — Plan compute, storage, and network resources. Review the official Google exam guide (Associate Cloud Engineer) and linked documentation. Objective: PC-1.",https://cloud.google.com/docs|https://cloud.google.com/certification/cloud-engineer
google-cloud-associate,planning-config,PC-1,Associate Cloud Engineer — PC-1 (HARD) #27,"A production incident involves trade-offs between cost and resilience for Plan compute, storage, and network resources for Planning and Configuring a Cloud Solution?",Mix controls from unrelated domains that do not address the stated objective.,"Apply the official Planning and Configuring a Cloud Solution guidance: Plan compute, storage, and network resources — this aligns with exam blueprint expectations and vendor documentation.",Use an approach that contradicts the exam objective and ignores documented constraints.,"Deploy without monitoring, backup, or access controls required by the blueprint.",D,HARD,google-cloud-associate|planning-config|PC-1|hard|blueprint-seed,"**Answer: D** — Plan compute, storage, and network resources. Review the official Google exam guide (Associate Cloud Engineer) and linked documentation. Objective: PC-1.",https://cloud.google.com/docs|https://cloud.google.com/certification/cloud-engineer
google-cloud-associate,planning-config,PC-1,Associate Cloud Engineer — PC-1 (HARD) #28,"Complex regulatory requirements demand that you Plan compute, storage, and network resources for Planning and Configuring a Cloud Solution?","Follow the documented approach for Plan compute, storage, and network resources, using recommended services and controls per the exam guide.",Use an approach that contradicts the exam objective and ignores documented constraints.,"Deploy without monitoring, backup, or access controls required by the blueprint.",Mix controls from unrelated domains that do not address the stated objective.,A,HARD,google-cloud-associate|planning-config|PC-1|hard|blueprint-seed,"**Answer: A** — Plan compute, storage, and network resources. Review the official Google exam guide (Associate Cloud Engineer) and linked documentation. Objective: PC-1.",https://cloud.google.com/docs|https://cloud.google.com/certification/cloud-engineer
google-cloud-associate,planning-config,PC-1,Associate Cloud Engineer — PC-1 (HARD) #29,"A multi-team rollout must balance security and velocity for Plan compute, storage, and network resources for Planning and Configuring a Cloud Solution?",Use an approach that contradicts the exam objective and ignores documented constraints.,"Deploy without monitoring, backup, or access controls required by the blueprint.",Mix controls from unrelated domains that do not address the stated objective.,"Implement Plan compute, storage, and network resources using Google best practices for Planning and Configuring a Cloud Solution, including monitoring and least privilege.",B,HARD,google-cloud-associate|planning-config|PC-1|hard|blueprint-seed,"**Answer: B** — Plan compute, storage, and network resources. Review the official Google exam guide (Associate Cloud Engineer) and linked documentation. Objective: PC-1.",https://cloud.google.com/docs|https://cloud.google.com/certification/cloud-engineer
google-cloud-associate,planning-config,PC-1,Associate Cloud Engineer — PC-1 (HARD) #30,"An enterprise requires zero-downtime architecture while Plan compute, storage, and network resources for Planning and Configuring a Cloud Solution?","Deploy without monitoring, backup, or access controls required by the blueprint.",Mix controls from unrelated domains that do not address the stated objective.,"Apply the official Planning and Configuring a Cloud Solution guidance: Plan compute, storage, and network resources — this aligns with exam blueprint expectations and vendor documentation.",Use an approach that contradicts the exam objective and ignores documented constraints.,C,HARD,google-cloud-associate|planning-config|PC-1|hard|blueprint-seed,"**Answer: C** — Plan compute, storage, and network resources. Review the official Google exam guide (Associate Cloud Engineer) and linked documentation. Objective: PC-1.",https://cloud.google.com/docs|https://cloud.google.com/certification/cloud-engineer
google-cloud-associate,planning-config,PC-2,Associate Cloud Engineer — PC-2 (EASY) #1,What is the primary purpose of Configure IAM and organization policies?,Use an approach that contradicts the exam objective and ignores documented constraints.,"Deploy without monitoring, backup, or access controls required by the blueprint.",Mix controls from unrelated domains that do not address the stated objective.,"Follow the documented approach for Configure IAM and organization policies, using recommended services and controls per the exam guide.",B,EASY,google-cloud-associate|planning-config|PC-2|easy|blueprint-seed,**Answer: B** — Configure IAM and organization policies. Review the official Google exam guide (Associate Cloud Engineer) and linked documentation. Objective: PC-2.,https://cloud.google.com/docs|https://cloud.google.com/certification/cloud-engineer
google-cloud-associate,planning-config,PC-2,Associate Cloud Engineer — PC-2 (EASY) #2,Which concept is fundamental to Configure IAM and organization policies?,"Deploy without monitoring, backup, or access controls required by the blueprint.",Mix controls from unrelated domains that do not address the stated objective.,"Implement Configure IAM and organization policies using Google best practices for Planning and Configuring a Cloud Solution, including monitoring and least privilege.",Use an approach that contradicts the exam objective and ignores documented constraints.,C,EASY,google-cloud-associate|planning-config|PC-2|easy|blueprint-seed,**Answer: C** — Configure IAM and organization policies. Review the official Google exam guide (Associate Cloud Engineer) and linked documentation. Objective: PC-2.,https://cloud.google.com/docs|https://cloud.google.com/certification/cloud-engineer
google-cloud-associate,planning-config,PC-2,Associate Cloud Engineer — PC-2 (EASY) #3,Identify the core principle behind Configure IAM and organization policies?,Mix controls from unrelated domains that do not address the stated objective.,Apply the official Planning and Configuring a Cloud Solution guidance: Configure IAM and organization policies — this aligns with exam blueprint expectations and vendor documentation.,Use an approach that contradicts the exam objective and ignores documented constraints.,"Deploy without monitoring, backup, or access controls required by the blueprint.",D,EASY,google-cloud-associate|planning-config|PC-2|easy|blueprint-seed,**Answer: D** — Configure IAM and organization policies. Review the official Google exam guide (Associate Cloud Engineer) and linked documentation. Objective: PC-2.,https://cloud.google.com/docs|https://cloud.google.com/certification/cloud-engineer
google-cloud-associate,planning-config,PC-2,Associate Cloud Engineer — PC-2 (EASY) #4,Which description accurately reflects Configure IAM and organization policies?,"Follow the documented approach for Configure IAM and organization policies, using recommended services and controls per the exam guide.",Use an approach that contradicts the exam objective and ignores documented constraints.,"Deploy without monitoring, backup, or access controls required by the blueprint.",Mix controls from unrelated domains that do not address the stated objective.,A,EASY,google-cloud-associate|planning-config|PC-2|easy|blueprint-seed,**Answer: A** — Configure IAM and organization policies. Review the official Google exam guide (Associate Cloud Engineer) and linked documentation. Objective: PC-2.,https://cloud.google.com/docs|https://cloud.google.com/certification/cloud-engineer
google-cloud-associate,planning-config,PC-2,Associate Cloud Engineer — PC-2 (EASY) #5,Which statement best defines the scope of Configure IAM and organization policies?,Use an approach that contradicts the exam objective and ignores documented constraints.,"Deploy without monitoring, backup, or access controls required by the blueprint.",Mix controls from unrelated domains that do not address the stated objective.,"Implement Configure IAM and organization policies using Google best practices for Planning and Configuring a Cloud Solution, including monitoring and least privilege.",B,EASY,google-cloud-associate|planning-config|PC-2|easy|blueprint-seed,**Answer: B** — Configure IAM and organization policies. Review the official Google exam guide (Associate Cloud Engineer) and linked documentation. Objective: PC-2.,https://cloud.google.com/docs|https://cloud.google.com/certification/cloud-engineer
google-cloud-associate,planning-config,PC-2,Associate Cloud Engineer — PC-2 (EASY) #6,What is the primary purpose of Configure IAM and organization policies?,"Deploy without monitoring, backup, or access controls required by the blueprint.",Mix controls from unrelated domains that do not address the stated objective.,Apply the official Planning and Configuring a Cloud Solution guidance: Configure IAM and organization policies — this aligns with exam blueprint expectations and vendor documentation.,Use an approach that contradicts the exam objective and ignores documented constraints.,C,EASY,google-cloud-associate|planning-config|PC-2|easy|blueprint-seed,**Answer: C** — Configure IAM and organization policies. Review the official Google exam guide (Associate Cloud Engineer) and linked documentation. Objective: PC-2.,https://cloud.google.com/docs|https://cloud.google.com/certification/cloud-engineer
google-cloud-associate,planning-config,PC-2,Associate Cloud Engineer — PC-2 (EASY) #7,Which concept is fundamental to Configure IAM and organization policies?,Mix controls from unrelated domains that do not address the stated objective.,"Follow the documented approach for Configure IAM and organization policies, using recommended services and controls per the exam guide.",Use an approach that contradicts the exam objective and ignores documented constraints.,"Deploy without monitoring, backup, or access controls required by the blueprint.",D,EASY,google-cloud-associate|planning-config|PC-2|easy|blueprint-seed,**Answer: D** — Configure IAM and organization policies. Review the official Google exam guide (Associate Cloud Engineer) and linked documentation. Objective: PC-2.,https://cloud.google.com/docs|https://cloud.google.com/certification/cloud-engineer
google-cloud-associate,planning-config,PC-2,Associate Cloud Engineer — PC-2 (EASY) #8,Identify the core principle behind Configure IAM and organization policies?,"Implement Configure IAM and organization policies using Google best practices for Planning and Configuring a Cloud Solution, including monitoring and least privilege.",Use an approach that contradicts the exam objective and ignores documented constraints.,"Deploy without monitoring, backup, or access controls required by the blueprint.",Mix controls from unrelated domains that do not address the stated objective.,A,EASY,google-cloud-associate|planning-config|PC-2|easy|blueprint-seed,**Answer: A** — Configure IAM and organization policies. Review the official Google exam guide (Associate Cloud Engineer) and linked documentation. Objective: PC-2.,https://cloud.google.com/docs|https://cloud.google.com/certification/cloud-engineer
google-cloud-associate,planning-config,PC-2,Associate Cloud Engineer — PC-2 (EASY) #9,Which description accurately reflects Configure IAM and organization policies?,Use an approach that contradicts the exam objective and ignores documented constraints.,"Deploy without monitoring, backup, or access controls required by the blueprint.",Mix controls from unrelated domains that do not address the stated objective.,Apply the official Planning and Configuring a Cloud Solution guidance: Configure IAM and organization policies — this aligns with exam blueprint expectations and vendor documentation.,B,EASY,google-cloud-associate|planning-config|PC-2|easy|blueprint-seed,**Answer: B** — Configure IAM and organization policies. Review the official Google exam guide (Associate Cloud Engineer) and linked documentation. Objective: PC-2.,https://cloud.google.com/docs|https://cloud.google.com/certification/cloud-engineer
google-cloud-associate,planning-config,PC-2,Associate Cloud Engineer — PC-2 (MEDIUM) #10,A team must implement a solution for Configure IAM and organization policies in the context of Google Cloud Associate Cloud Engineer?,"Deploy without monitoring, backup, or access controls required by the blueprint.",Mix controls from unrelated domains that do not address the stated objective.,"Follow the documented approach for Configure IAM and organization policies, using recommended services and controls per the exam guide.",Use an approach that contradicts the exam objective and ignores documented constraints.,C,MEDIUM,google-cloud-associate|planning-config|PC-2|medium|blueprint-seed,**Answer: C** — Configure IAM and organization policies. Review the official Google exam guide (Associate Cloud Engineer) and linked documentation. Objective: PC-2.,https://cloud.google.com/docs|https://cloud.google.com/certification/cloud-engineer
google-cloud-associate,planning-config,PC-2,Associate Cloud Engineer — PC-2 (MEDIUM) #11,Which approach aligns with best practices when Configure IAM and organization policies in the context of Google Cloud Associate Cloud Engineer?,Mix controls from unrelated domains that do not address the stated objective.,"Implement Configure IAM and organization policies using Google best practices for Planning and Configuring a Cloud Solution, including monitoring and least privilege.",Use an approach that contradicts the exam objective and ignores documented constraints.,"Deploy without monitoring, backup, or access controls required by the blueprint.",D,MEDIUM,google-cloud-associate|planning-config|PC-2|medium|blueprint-seed,**Answer: D** — Configure IAM and organization policies. Review the official Google exam guide (Associate Cloud Engineer) and linked documentation. Objective: PC-2.,https://cloud.google.com/docs|https://cloud.google.com/certification/cloud-engineer
google-cloud-associate,planning-config,PC-2,Associate Cloud Engineer — PC-2 (MEDIUM) #12,"During a project review, stakeholders ask how to Configure IAM and organization policies in the context of Google Cloud Associate Cloud Engineer?",Apply the official Planning and Configuring a Cloud Solution guidance: Configure IAM and organization policies — this aligns with exam blueprint expectations and vendor documentation.,Use an approach that contradicts the exam objective and ignores documented constraints.,"Deploy without monitoring, backup, or access controls required by the blueprint.",Mix controls from unrelated domains that do not address the stated objective.,A,MEDIUM,google-cloud-associate|planning-config|PC-2|medium|blueprint-seed,**Answer: A** — Configure IAM and organization policies. Review the official Google exam guide (Associate Cloud Engineer) and linked documentation. Objective: PC-2.,https://cloud.google.com/docs|https://cloud.google.com/certification/cloud-engineer
google-cloud-associate,planning-config,PC-2,Associate Cloud Engineer — PC-2 (MEDIUM) #13,Which configuration satisfies requirements for Configure IAM and organization policies in the context of Google Cloud Associate Cloud Engineer?,Use an approach that contradicts the exam objective and ignores documented constraints.,"Deploy without monitoring, backup, or access controls required by the blueprint.",Mix controls from unrelated domains that do not address the stated objective.,"Follow the documented approach for Configure IAM and organization policies, using recommended services and controls per the exam guide.",B,MEDIUM,google-cloud-associate|planning-config|PC-2|medium|blueprint-seed,**Answer: B** — Configure IAM and organization policies. Review the official Google exam guide (Associate Cloud Engineer) and linked documentation. Objective: PC-2.,https://cloud.google.com/docs|https://cloud.google.com/certification/cloud-engineer
google-cloud-associate,planning-config,PC-2,Associate Cloud Engineer — PC-2 (MEDIUM) #14,What is the recommended design when applying Configure IAM and organization policies in the context of Google Cloud Associate Cloud Engineer?,"Deploy without monitoring, backup, or access controls required by the blueprint.",Mix controls from unrelated domains that do not address the stated objective.,"Implement Configure IAM and organization policies using Google best practices for Planning and Configuring a Cloud Solution, including monitoring and least privilege.",Use an approach that contradicts the exam objective and ignores documented constraints.,C,MEDIUM,google-cloud-associate|planning-config|PC-2|medium|blueprint-seed,**Answer: C** — Configure IAM and organization policies. Review the official Google exam guide (Associate Cloud Engineer) and linked documentation. Objective: PC-2.,https://cloud.google.com/docs|https://cloud.google.com/certification/cloud-engineer
google-cloud-associate,planning-config,PC-2,Associate Cloud Engineer — PC-2 (MEDIUM) #15,A team must implement a solution for Configure IAM and organization policies in the context of Google Cloud Associate Cloud Engineer?,Mix controls from unrelated domains that do not address the stated objective.,Apply the official Planning and Configuring a Cloud Solution guidance: Configure IAM and organization policies — this aligns with exam blueprint expectations and vendor documentation.,Use an approach that contradicts the exam objective and ignores documented constraints.,"Deploy without monitoring, backup, or access controls required by the blueprint.",D,MEDIUM,google-cloud-associate|planning-config|PC-2|medium|blueprint-seed,**Answer: D** — Configure IAM and organization policies. Review the official Google exam guide (Associate Cloud Engineer) and linked documentation. Objective: PC-2.,https://cloud.google.com/docs|https://cloud.google.com/certification/cloud-engineer
google-cloud-associate,planning-config,PC-2,Associate Cloud Engineer — PC-2 (MEDIUM) #16,Which approach aligns with best practices when Configure IAM and organization policies in the context of Google Cloud Associate Cloud Engineer?,"Follow the documented approach for Configure IAM and organization policies, using recommended services and controls per the exam guide.",Use an approach that contradicts the exam objective and ignores documented constraints.,"Deploy without monitoring, backup, or access controls required by the blueprint.",Mix controls from unrelated domains that do not address the stated objective.,A,MEDIUM,google-cloud-associate|planning-config|PC-2|medium|blueprint-seed,**Answer: A** — Configure IAM and organization policies. Review the official Google exam guide (Associate Cloud Engineer) and linked documentation. Objective: PC-2.,https://cloud.google.com/docs|https://cloud.google.com/certification/cloud-engineer
google-cloud-associate,planning-config,PC-2,Associate Cloud Engineer — PC-2 (MEDIUM) #17,"During a project review, stakeholders ask how to Configure IAM and organization policies in the context of Google Cloud Associate Cloud Engineer?",Use an approach that contradicts the exam objective and ignores documented constraints.,"Deploy without monitoring, backup, or access controls required by the blueprint.",Mix controls from unrelated domains that do not address the stated objective.,"Implement Configure IAM and organization policies using Google best practices for Planning and Configuring a Cloud Solution, including monitoring and least privilege.",B,MEDIUM,google-cloud-associate|planning-config|PC-2|medium|blueprint-seed,**Answer: B** — Configure IAM and organization policies. Review the official Google exam guide (Associate Cloud Engineer) and linked documentation. Objective: PC-2.,https://cloud.google.com/docs|https://cloud.google.com/certification/cloud-engineer
google-cloud-associate,planning-config,PC-2,Associate Cloud Engineer — PC-2 (MEDIUM) #18,Which configuration satisfies requirements for Configure IAM and organization policies in the context of Google Cloud Associate Cloud Engineer?,"Deploy without monitoring, backup, or access controls required by the blueprint.",Mix controls from unrelated domains that do not address the stated objective.,Apply the official Planning and Configuring a Cloud Solution guidance: Configure IAM and organization policies — this aligns with exam blueprint expectations and vendor documentation.,Use an approach that contradicts the exam objective and ignores documented constraints.,C,MEDIUM,google-cloud-associate|planning-config|PC-2|medium|blueprint-seed,**Answer: C** — Configure IAM and organization policies. Review the official Google exam guide (Associate Cloud Engineer) and linked documentation. Objective: PC-2.,https://cloud.google.com/docs|https://cloud.google.com/certification/cloud-engineer
google-cloud-associate,planning-config,PC-2,Associate Cloud Engineer — PC-2 (MEDIUM) #19,What is the recommended design when applying Configure IAM and organization policies in the context of Google Cloud Associate Cloud Engineer?,Mix controls from unrelated domains that do not address the stated objective.,"Follow the documented approach for Configure IAM and organization policies, using recommended services and controls per the exam guide.",Use an approach that contradicts the exam objective and ignores documented constraints.,"Deploy without monitoring, backup, or access controls required by the blueprint.",D,MEDIUM,google-cloud-associate|planning-config|PC-2|medium|blueprint-seed,**Answer: D** — Configure IAM and organization policies. Review the official Google exam guide (Associate Cloud Engineer) and linked documentation. Objective: PC-2.,https://cloud.google.com/docs|https://cloud.google.com/certification/cloud-engineer
google-cloud-associate,planning-config,PC-2,Associate Cloud Engineer — PC-2 (MEDIUM) #20,A team must implement a solution for Configure IAM and organization policies in the context of Google Cloud Associate Cloud Engineer?,"Implement Configure IAM and organization policies using Google best practices for Planning and Configuring a Cloud Solution, including monitoring and least privilege.",Use an approach that contradicts the exam objective and ignores documented constraints.,"Deploy without monitoring, backup, or access controls required by the blueprint.",Mix controls from unrelated domains that do not address the stated objective.,A,MEDIUM,google-cloud-associate|planning-config|PC-2|medium|blueprint-seed,**Answer: A** — Configure IAM and organization policies. Review the official Google exam guide (Associate Cloud Engineer) and linked documentation. Objective: PC-2.,https://cloud.google.com/docs|https://cloud.google.com/certification/cloud-engineer
google-cloud-associate,planning-config,PC-2,Associate Cloud Engineer — PC-2 (MEDIUM) #21,Which approach aligns with best practices when Configure IAM and organization policies in the context of Google Cloud Associate Cloud Engineer?,Use an approach that contradicts the exam objective and ignores documented constraints.,"Deploy without monitoring, backup, or access controls required by the blueprint.",Mix controls from unrelated domains that do not address the stated objective.,Apply the official Planning and Configuring a Cloud Solution guidance: Configure IAM and organization policies — this aligns with exam blueprint expectations and vendor documentation.,B,MEDIUM,google-cloud-associate|planning-config|PC-2|medium|blueprint-seed,**Answer: B** — Configure IAM and organization policies. Review the official Google exam guide (Associate Cloud Engineer) and linked documentation. Objective: PC-2.,https://cloud.google.com/docs|https://cloud.google.com/certification/cloud-engineer
google-cloud-associate,planning-config,PC-2,Associate Cloud Engineer — PC-2 (HARD) #22,A production incident involves trade-offs between cost and resilience for Configure IAM and organization policies for Planning and Configuring a Cloud Solution?,"Deploy without monitoring, backup, or access controls required by the blueprint.",Mix controls from unrelated domains that do not address the stated objective.,"Follow the documented approach for Configure IAM and organization policies, using recommended services and controls per the exam guide.",Use an approach that contradicts the exam objective and ignores documented constraints.,C,HARD,google-cloud-associate|planning-config|PC-2|hard|blueprint-seed,**Answer: C** — Configure IAM and organization policies. Review the official Google exam guide (Associate Cloud Engineer) and linked documentation. Objective: PC-2.,https://cloud.google.com/docs|https://cloud.google.com/certification/cloud-engineer
google-cloud-associate,planning-config,PC-2,Associate Cloud Engineer — PC-2 (HARD) #23,Complex regulatory requirements demand that you Configure IAM and organization policies for Planning and Configuring a Cloud Solution?,Mix controls from unrelated domains that do not address the stated objective.,"Implement Configure IAM and organization policies using Google best practices for Planning and Configuring a Cloud Solution, including monitoring and least privilege.",Use an approach that contradicts the exam objective and ignores documented constraints.,"Deploy without monitoring, backup, or access controls required by the blueprint.",D,HARD,google-cloud-associate|planning-config|PC-2|hard|blueprint-seed,**Answer: D** — Configure IAM and organization policies. Review the official Google exam guide (Associate Cloud Engineer) and linked documentation. Objective: PC-2.,https://cloud.google.com/docs|https://cloud.google.com/certification/cloud-engineer
google-cloud-associate,planning-config,PC-2,Associate Cloud Engineer — PC-2 (HARD) #24,A multi-team rollout must balance security and velocity for Configure IAM and organization policies for Planning and Configuring a Cloud Solution?,Apply the official Planning and Configuring a Cloud Solution guidance: Configure IAM and organization policies — this aligns with exam blueprint expectations and vendor documentation.,Use an approach that contradicts the exam objective and ignores documented constraints.,"Deploy without monitoring, backup, or access controls required by the blueprint.",Mix controls from unrelated domains that do not address the stated objective.,A,HARD,google-cloud-associate|planning-config|PC-2|hard|blueprint-seed,**Answer: A** — Configure IAM and organization policies. Review the official Google exam guide (Associate Cloud Engineer) and linked documentation. Objective: PC-2.,https://cloud.google.com/docs|https://cloud.google.com/certification/cloud-engineer
google-cloud-associate,planning-config,PC-2,Associate Cloud Engineer — PC-2 (HARD) #25,An enterprise requires zero-downtime architecture while Configure IAM and organization policies for Planning and Configuring a Cloud Solution?,Use an approach that contradicts the exam objective and ignores documented constraints.,"Deploy without monitoring, backup, or access controls required by the blueprint.",Mix controls from unrelated domains that do not address the stated objective.,"Follow the documented approach for Configure IAM and organization policies, using recommended services and controls per the exam guide.",B,HARD,google-cloud-associate|planning-config|PC-2|hard|blueprint-seed,**Answer: B** — Configure IAM and organization policies. Review the official Google exam guide (Associate Cloud Engineer) and linked documentation. Objective: PC-2.,https://cloud.google.com/docs|https://cloud.google.com/certification/cloud-engineer
google-cloud-associate,planning-config,PC-2,Associate Cloud Engineer — PC-2 (HARD) #26,"Given strict compliance, auditability, and multi-region constraints, how should you Configure IAM and organization policies for Planning and Configuring a Cloud Solution?","Deploy without monitoring, backup, or access controls required by the blueprint.",Mix controls from unrelated domains that do not address the stated objective.,"Implement Configure IAM and organization policies using Google best practices for Planning and Configuring a Cloud Solution, including monitoring and least privilege.",Use an approach that contradicts the exam objective and ignores documented constraints.,C,HARD,google-cloud-associate|planning-config|PC-2|hard|blueprint-seed,**Answer: C** — Configure IAM and organization policies. Review the official Google exam guide (Associate Cloud Engineer) and linked documentation. Objective: PC-2.,https://cloud.google.com/docs|https://cloud.google.com/certification/cloud-engineer
google-cloud-associate,planning-config,PC-2,Associate Cloud Engineer — PC-2 (HARD) #27,A production incident involves trade-offs between cost and resilience for Configure IAM and organization policies for Planning and Configuring a Cloud Solution?,Mix controls from unrelated domains that do not address the stated objective.,Apply the official Planning and Configuring a Cloud Solution guidance: Configure IAM and organization policies — this aligns with exam blueprint expectations and vendor documentation.,Use an approach that contradicts the exam objective and ignores documented constraints.,"Deploy without monitoring, backup, or access controls required by the blueprint.",D,HARD,google-cloud-associate|planning-config|PC-2|hard|blueprint-seed,**Answer: D** — Configure IAM and organization policies. Review the official Google exam guide (Associate Cloud Engineer) and linked documentation. Objective: PC-2.,https://cloud.google.com/docs|https://cloud.google.com/certification/cloud-engineer
google-cloud-associate,planning-config,PC-2,Associate Cloud Engineer — PC-2 (HARD) #28,Complex regulatory requirements demand that you Configure IAM and organization policies for Planning and Configuring a Cloud Solution?,"Follow the documented approach for Configure IAM and organization policies, using recommended services and controls per the exam guide.",Use an approach that contradicts the exam objective and ignores documented constraints.,"Deploy without monitoring, backup, or access controls required by the blueprint.",Mix controls from unrelated domains that do not address the stated objective.,A,HARD,google-cloud-associate|planning-config|PC-2|hard|blueprint-seed,**Answer: A** — Configure IAM and organization policies. Review the official Google exam guide (Associate Cloud Engineer) and linked documentation. Objective: PC-2.,https://cloud.google.com/docs|https://cloud.google.com/certification/cloud-engineer
google-cloud-associate,planning-config,PC-2,Associate Cloud Engineer — PC-2 (HARD) #29,A multi-team rollout must balance security and velocity for Configure IAM and organization policies for Planning and Configuring a Cloud Solution?,Use an approach that contradicts the exam objective and ignores documented constraints.,"Deploy without monitoring, backup, or access controls required by the blueprint.",Mix controls from unrelated domains that do not address the stated objective.,"Implement Configure IAM and organization policies using Google best practices for Planning and Configuring a Cloud Solution, including monitoring and least privilege.",B,HARD,google-cloud-associate|planning-config|PC-2|hard|blueprint-seed,**Answer: B** — Configure IAM and organization policies. Review the official Google exam guide (Associate Cloud Engineer) and linked documentation. Objective: PC-2.,https://cloud.google.com/docs|https://cloud.google.com/certification/cloud-engineer
google-cloud-associate,planning-config,PC-2,Associate Cloud Engineer — PC-2 (HARD) #30,An enterprise requires zero-downtime architecture while Configure IAM and organization policies for Planning and Configuring a Cloud Solution?,"Deploy without monitoring, backup, or access controls required by the blueprint.",Mix controls from unrelated domains that do not address the stated objective.,Apply the official Planning and Configuring a Cloud Solution guidance: Configure IAM and organization policies — this aligns with exam blueprint expectations and vendor documentation.,Use an approach that contradicts the exam objective and ignores documented constraints.,C,HARD,google-cloud-associate|planning-config|PC-2|hard|blueprint-seed,**Answer: C** — Configure IAM and organization policies. Review the official Google exam guide (Associate Cloud Engineer) and linked documentation. Objective: PC-2.,https://cloud.google.com/docs|https://cloud.google.com/certification/cloud-engineer
google-cloud-associate,planning-config,PC-3,Associate Cloud Engineer — PC-3 (EASY) #1,What is the primary purpose of Design for security and compliance?,Use an approach that contradicts the exam objective and ignores documented constraints.,"Deploy without monitoring, backup, or access controls required by the blueprint.",Mix controls from unrelated domains that do not address the stated objective.,"Follow the documented approach for Design for security and compliance, using recommended services and controls per the exam guide.",B,EASY,google-cloud-associate|planning-config|PC-3|easy|blueprint-seed,**Answer: B** — Design for security and compliance. Review the official Google exam guide (Associate Cloud Engineer) and linked documentation. Objective: PC-3.,https://cloud.google.com/docs|https://cloud.google.com/certification/cloud-engineer
google-cloud-associate,planning-config,PC-3,Associate Cloud Engineer — PC-3 (EASY) #2,Which concept is fundamental to Design for security and compliance?,"Deploy without monitoring, backup, or access controls required by the blueprint.",Mix controls from unrelated domains that do not address the stated objective.,"Implement Design for security and compliance using Google best practices for Planning and Configuring a Cloud Solution, including monitoring and least privilege.",Use an approach that contradicts the exam objective and ignores documented constraints.,C,EASY,google-cloud-associate|planning-config|PC-3|easy|blueprint-seed,**Answer: C** — Design for security and compliance. Review the official Google exam guide (Associate Cloud Engineer) and linked documentation. Objective: PC-3.,https://cloud.google.com/docs|https://cloud.google.com/certification/cloud-engineer
google-cloud-associate,planning-config,PC-3,Associate Cloud Engineer — PC-3 (EASY) #3,Identify the core principle behind Design for security and compliance?,Mix controls from unrelated domains that do not address the stated objective.,Apply the official Planning and Configuring a Cloud Solution guidance: Design for security and compliance — this aligns with exam blueprint expectations and vendor documentation.,Use an approach that contradicts the exam objective and ignores documented constraints.,"Deploy without monitoring, backup, or access controls required by the blueprint.",D,EASY,google-cloud-associate|planning-config|PC-3|easy|blueprint-seed,**Answer: D** — Design for security and compliance. Review the official Google exam guide (Associate Cloud Engineer) and linked documentation. Objective: PC-3.,https://cloud.google.com/docs|https://cloud.google.com/certification/cloud-engineer
google-cloud-associate,planning-config,PC-3,Associate Cloud Engineer — PC-3 (EASY) #4,Which description accurately reflects Design for security and compliance?,"Follow the documented approach for Design for security and compliance, using recommended services and controls per the exam guide.",Use an approach that contradicts the exam objective and ignores documented constraints.,"Deploy without monitoring, backup, or access controls required by the blueprint.",Mix controls from unrelated domains that do not address the stated objective.,A,EASY,google-cloud-associate|planning-config|PC-3|easy|blueprint-seed,**Answer: A** — Design for security and compliance. Review the official Google exam guide (Associate Cloud Engineer) and linked documentation. Objective: PC-3.,https://cloud.google.com/docs|https://cloud.google.com/certification/cloud-engineer
google-cloud-associate,planning-config,PC-3,Associate Cloud Engineer — PC-3 (EASY) #5,Which statement best defines the scope of Design for security and compliance?,Use an approach that contradicts the exam objective and ignores documented constraints.,"Deploy without monitoring, backup, or access controls required by the blueprint.",Mix controls from unrelated domains that do not address the stated objective.,"Implement Design for security and compliance using Google best practices for Planning and Configuring a Cloud Solution, including monitoring and least privilege.",B,EASY,google-cloud-associate|planning-config|PC-3|easy|blueprint-seed,**Answer: B** — Design for security and compliance. Review the official Google exam guide (Associate Cloud Engineer) and linked documentation. Objective: PC-3.,https://cloud.google.com/docs|https://cloud.google.com/certification/cloud-engineer
google-cloud-associate,planning-config,PC-3,Associate Cloud Engineer — PC-3 (EASY) #6,What is the primary purpose of Design for security and compliance?,"Deploy without monitoring, backup, or access controls required by the blueprint.",Mix controls from unrelated domains that do not address the stated objective.,Apply the official Planning and Configuring a Cloud Solution guidance: Design for security and compliance — this aligns with exam blueprint expectations and vendor documentation.,Use an approach that contradicts the exam objective and ignores documented constraints.,C,EASY,google-cloud-associate|planning-config|PC-3|easy|blueprint-seed,**Answer: C** — Design for security and compliance. Review the official Google exam guide (Associate Cloud Engineer) and linked documentation. Objective: PC-3.,https://cloud.google.com/docs|https://cloud.google.com/certification/cloud-engineer
google-cloud-associate,planning-config,PC-3,Associate Cloud Engineer — PC-3 (EASY) #7,Which concept is fundamental to Design for security and compliance?,Mix controls from unrelated domains that do not address the stated objective.,"Follow the documented approach for Design for security and compliance, using recommended services and controls per the exam guide.",Use an approach that contradicts the exam objective and ignores documented constraints.,"Deploy without monitoring, backup, or access controls required by the blueprint.",D,EASY,google-cloud-associate|planning-config|PC-3|easy|blueprint-seed,**Answer: D** — Design for security and compliance. Review the official Google exam guide (Associate Cloud Engineer) and linked documentation. Objective: PC-3.,https://cloud.google.com/docs|https://cloud.google.com/certification/cloud-engineer
google-cloud-associate,planning-config,PC-3,Associate Cloud Engineer — PC-3 (EASY) #8,Identify the core principle behind Design for security and compliance?,"Implement Design for security and compliance using Google best practices for Planning and Configuring a Cloud Solution, including monitoring and least privilege.",Use an approach that contradicts the exam objective and ignores documented constraints.,"Deploy without monitoring, backup, or access controls required by the blueprint.",Mix controls from unrelated domains that do not address the stated objective.,A,EASY,google-cloud-associate|planning-config|PC-3|easy|blueprint-seed,**Answer: A** — Design for security and compliance. Review the official Google exam guide (Associate Cloud Engineer) and linked documentation. Objective: PC-3.,https://cloud.google.com/docs|https://cloud.google.com/certification/cloud-engineer
google-cloud-associate,planning-config,PC-3,Associate Cloud Engineer — PC-3 (MEDIUM) #9,What is the recommended design when applying Design for security and compliance in the context of Google Cloud Associate Cloud Engineer?,Use an approach that contradicts the exam objective and ignores documented constraints.,"Deploy without monitoring, backup, or access controls required by the blueprint.",Mix controls from unrelated domains that do not address the stated objective.,Apply the official Planning and Configuring a Cloud Solution guidance: Design for security and compliance — this aligns with exam blueprint expectations and vendor documentation.,B,MEDIUM,google-cloud-associate|planning-config|PC-3|medium|blueprint-seed,**Answer: B** — Design for security and compliance. Review the official Google exam guide (Associate Cloud Engineer) and linked documentation. Objective: PC-3.,https://cloud.google.com/docs|https://cloud.google.com/certification/cloud-engineer
google-cloud-associate,planning-config,PC-3,Associate Cloud Engineer — PC-3 (MEDIUM) #10,A team must implement a solution for Design for security and compliance in the context of Google Cloud Associate Cloud Engineer?,"Deploy without monitoring, backup, or access controls required by the blueprint.",Mix controls from unrelated domains that do not address the stated objective.,"Follow the documented approach for Design for security and compliance, using recommended services and controls per the exam guide.",Use an approach that contradicts the exam objective and ignores documented constraints.,C,MEDIUM,google-cloud-associate|planning-config|PC-3|medium|blueprint-seed,**Answer: C** — Design for security and compliance. Review the official Google exam guide (Associate Cloud Engineer) and linked documentation. Objective: PC-3.,https://cloud.google.com/docs|https://cloud.google.com/certification/cloud-engineer
google-cloud-associate,planning-config,PC-3,Associate Cloud Engineer — PC-3 (MEDIUM) #11,Which approach aligns with best practices when Design for security and compliance in the context of Google Cloud Associate Cloud Engineer?,Mix controls from unrelated domains that do not address the stated objective.,"Implement Design for security and compliance using Google best practices for Planning and Configuring a Cloud Solution, including monitoring and least privilege.",Use an approach that contradicts the exam objective and ignores documented constraints.,"Deploy without monitoring, backup, or access controls required by the blueprint.",D,MEDIUM,google-cloud-associate|planning-config|PC-3|medium|blueprint-seed,**Answer: D** — Design for security and compliance. Review the official Google exam guide (Associate Cloud Engineer) and linked documentation. Objective: PC-3.,https://cloud.google.com/docs|https://cloud.google.com/certification/cloud-engineer
google-cloud-associate,planning-config,PC-3,Associate Cloud Engineer — PC-3 (MEDIUM) #12,"During a project review, stakeholders ask how to Design for security and compliance in the context of Google Cloud Associate Cloud Engineer?",Apply the official Planning and Configuring a Cloud Solution guidance: Design for security and compliance — this aligns with exam blueprint expectations and vendor documentation.,Use an approach that contradicts the exam objective and ignores documented constraints.,"Deploy without monitoring, backup, or access controls required by the blueprint.",Mix controls from unrelated domains that do not address the stated objective.,A,MEDIUM,google-cloud-associate|planning-config|PC-3|medium|blueprint-seed,**Answer: A** — Design for security and compliance. Review the official Google exam guide (Associate Cloud Engineer) and linked documentation. Objective: PC-3.,https://cloud.google.com/docs|https://cloud.google.com/certification/cloud-engineer
google-cloud-associate,planning-config,PC-3,Associate Cloud Engineer — PC-3 (MEDIUM) #13,Which configuration satisfies requirements for Design for security and compliance in the context of Google Cloud Associate Cloud Engineer?,Use an approach that contradicts the exam objective and ignores documented constraints.,"Deploy without monitoring, backup, or access controls required by the blueprint.",Mix controls from unrelated domains that do not address the stated objective.,"Follow the documented approach for Design for security and compliance, using recommended services and controls per the exam guide.",B,MEDIUM,google-cloud-associate|planning-config|PC-3|medium|blueprint-seed,**Answer: B** — Design for security and compliance. Review the official Google exam guide (Associate Cloud Engineer) and linked documentation. Objective: PC-3.,https://cloud.google.com/docs|https://cloud.google.com/certification/cloud-engineer
google-cloud-associate,planning-config,PC-3,Associate Cloud Engineer — PC-3 (MEDIUM) #14,What is the recommended design when applying Design for security and compliance in the context of Google Cloud Associate Cloud Engineer?,"Deploy without monitoring, backup, or access controls required by the blueprint.",Mix controls from unrelated domains that do not address the stated objective.,"Implement Design for security and compliance using Google best practices for Planning and Configuring a Cloud Solution, including monitoring and least privilege.",Use an approach that contradicts the exam objective and ignores documented constraints.,C,MEDIUM,google-cloud-associate|planning-config|PC-3|medium|blueprint-seed,**Answer: C** — Design for security and compliance. Review the official Google exam guide (Associate Cloud Engineer) and linked documentation. Objective: PC-3.,https://cloud.google.com/docs|https://cloud.google.com/certification/cloud-engineer
google-cloud-associate,planning-config,PC-3,Associate Cloud Engineer — PC-3 (MEDIUM) #15,A team must implement a solution for Design for security and compliance in the context of Google Cloud Associate Cloud Engineer?,Mix controls from unrelated domains that do not address the stated objective.,Apply the official Planning and Configuring a Cloud Solution guidance: Design for security and compliance — this aligns with exam blueprint expectations and vendor documentation.,Use an approach that contradicts the exam objective and ignores documented constraints.,"Deploy without monitoring, backup, or access controls required by the blueprint.",D,MEDIUM,google-cloud-associate|planning-config|PC-3|medium|blueprint-seed,**Answer: D** — Design for security and compliance. Review the official Google exam guide (Associate Cloud Engineer) and linked documentation. Objective: PC-3.,https://cloud.google.com/docs|https://cloud.google.com/certification/cloud-engineer
google-cloud-associate,planning-config,PC-3,Associate Cloud Engineer — PC-3 (MEDIUM) #16,Which approach aligns with best practices when Design for security and compliance in the context of Google Cloud Associate Cloud Engineer?,"Follow the documented approach for Design for security and compliance, using recommended services and controls per the exam guide.",Use an approach that contradicts the exam objective and ignores documented constraints.,"Deploy without monitoring, backup, or access controls required by the blueprint.",Mix controls from unrelated domains that do not address the stated objective.,A,MEDIUM,google-cloud-associate|planning-config|PC-3|medium|blueprint-seed,**Answer: A** — Design for security and compliance. Review the official Google exam guide (Associate Cloud Engineer) and linked documentation. Objective: PC-3.,https://cloud.google.com/docs|https://cloud.google.com/certification/cloud-engineer
google-cloud-associate,planning-config,PC-3,Associate Cloud Engineer — PC-3 (MEDIUM) #17,"During a project review, stakeholders ask how to Design for security and compliance in the context of Google Cloud Associate Cloud Engineer?",Use an approach that contradicts the exam objective and ignores documented constraints.,"Deploy without monitoring, backup, or access controls required by the blueprint.",Mix controls from unrelated domains that do not address the stated objective.,"Implement Design for security and compliance using Google best practices for Planning and Configuring a Cloud Solution, including monitoring and least privilege.",B,MEDIUM,google-cloud-associate|planning-config|PC-3|medium|blueprint-seed,**Answer: B** — Design for security and compliance. Review the official Google exam guide (Associate Cloud Engineer) and linked documentation. Objective: PC-3.,https://cloud.google.com/docs|https://cloud.google.com/certification/cloud-engineer
google-cloud-associate,planning-config,PC-3,Associate Cloud Engineer — PC-3 (MEDIUM) #18,Which configuration satisfies requirements for Design for security and compliance in the context of Google Cloud Associate Cloud Engineer?,"Deploy without monitoring, backup, or access controls required by the blueprint.",Mix controls from unrelated domains that do not address the stated objective.,Apply the official Planning and Configuring a Cloud Solution guidance: Design for security and compliance — this aligns with exam blueprint expectations and vendor documentation.,Use an approach that contradicts the exam objective and ignores documented constraints.,C,MEDIUM,google-cloud-associate|planning-config|PC-3|medium|blueprint-seed,**Answer: C** — Design for security and compliance. Review the official Google exam guide (Associate Cloud Engineer) and linked documentation. Objective: PC-3.,https://cloud.google.com/docs|https://cloud.google.com/certification/cloud-engineer
google-cloud-associate,planning-config,PC-3,Associate Cloud Engineer — PC-3 (MEDIUM) #19,What is the recommended design when applying Design for security and compliance in the context of Google Cloud Associate Cloud Engineer?,Mix controls from unrelated domains that do not address the stated objective.,"Follow the documented approach for Design for security and compliance, using recommended services and controls per the exam guide.",Use an approach that contradicts the exam objective and ignores documented constraints.,"Deploy without monitoring, backup, or access controls required by the blueprint.",D,MEDIUM,google-cloud-associate|planning-config|PC-3|medium|blueprint-seed,**Answer: D** — Design for security and compliance. Review the official Google exam guide (Associate Cloud Engineer) and linked documentation. Objective: PC-3.,https://cloud.google.com/docs|https://cloud.google.com/certification/cloud-engineer
google-cloud-associate,planning-config,PC-3,Associate Cloud Engineer — PC-3 (HARD) #20,An enterprise requires zero-downtime architecture while Design for security and compliance for Planning and Configuring a Cloud Solution?,"Implement Design for security and compliance using Google best practices for Planning and Configuring a Cloud Solution, including monitoring and least privilege.",Use an approach that contradicts the exam objective and ignores documented constraints.,"Deploy without monitoring, backup, or access controls required by the blueprint.",Mix controls from unrelated domains that do not address the stated objective.,A,HARD,google-cloud-associate|planning-config|PC-3|hard|blueprint-seed,**Answer: A** — Design for security and compliance. Review the official Google exam guide (Associate Cloud Engineer) and linked documentation. Objective: PC-3.,https://cloud.google.com/docs|https://cloud.google.com/certification/cloud-engineer
google-cloud-associate,planning-config,PC-3,Associate Cloud Engineer — PC-3 (HARD) #21,"Given strict compliance, auditability, and multi-region constraints, how should you Design for security and compliance for Planning and Configuring a Cloud Solution?",Use an approach that contradicts the exam objective and ignores documented constraints.,"Deploy without monitoring, backup, or access controls required by the blueprint.",Mix controls from unrelated domains that do not address the stated objective.,Apply the official Planning and Configuring a Cloud Solution guidance: Design for security and compliance — this aligns with exam blueprint expectations and vendor documentation.,B,HARD,google-cloud-associate|planning-config|PC-3|hard|blueprint-seed,**Answer: B** — Design for security and compliance. Review the official Google exam guide (Associate Cloud Engineer) and linked documentation. Objective: PC-3.,https://cloud.google.com/docs|https://cloud.google.com/certification/cloud-engineer
google-cloud-associate,planning-config,PC-3,Associate Cloud Engineer — PC-3 (HARD) #22,A production incident involves trade-offs between cost and resilience for Design for security and compliance for Planning and Configuring a Cloud Solution?,"Deploy without monitoring, backup, or access controls required by the blueprint.",Mix controls from unrelated domains that do not address the stated objective.,"Follow the documented approach for Design for security and compliance, using recommended services and controls per the exam guide.",Use an approach that contradicts the exam objective and ignores documented constraints.,C,HARD,google-cloud-associate|planning-config|PC-3|hard|blueprint-seed,**Answer: C** — Design for security and compliance. Review the official Google exam guide (Associate Cloud Engineer) and linked documentation. Objective: PC-3.,https://cloud.google.com/docs|https://cloud.google.com/certification/cloud-engineer
google-cloud-associate,planning-config,PC-3,Associate Cloud Engineer — PC-3 (HARD) #23,Complex regulatory requirements demand that you Design for security and compliance for Planning and Configuring a Cloud Solution?,Mix controls from unrelated domains that do not address the stated objective.,"Implement Design for security and compliance using Google best practices for Planning and Configuring a Cloud Solution, including monitoring and least privilege.",Use an approach that contradicts the exam objective and ignores documented constraints.,"Deploy without monitoring, backup, or access controls required by the blueprint.",D,HARD,google-cloud-associate|planning-config|PC-3|hard|blueprint-seed,**Answer: D** — Design for security and compliance. Review the official Google exam guide (Associate Cloud Engineer) and linked documentation. Objective: PC-3.,https://cloud.google.com/docs|https://cloud.google.com/certification/cloud-engineer
google-cloud-associate,planning-config,PC-3,Associate Cloud Engineer — PC-3 (HARD) #24,A multi-team rollout must balance security and velocity for Design for security and compliance for Planning and Configuring a Cloud Solution?,Apply the official Planning and Configuring a Cloud Solution guidance: Design for security and compliance — this aligns with exam blueprint expectations and vendor documentation.,Use an approach that contradicts the exam objective and ignores documented constraints.,"Deploy without monitoring, backup, or access controls required by the blueprint.",Mix controls from unrelated domains that do not address the stated objective.,A,HARD,google-cloud-associate|planning-config|PC-3|hard|blueprint-seed,**Answer: A** — Design for security and compliance. Review the official Google exam guide (Associate Cloud Engineer) and linked documentation. Objective: PC-3.,https://cloud.google.com/docs|https://cloud.google.com/certification/cloud-engineer
google-cloud-associate,planning-config,PC-3,Associate Cloud Engineer — PC-3 (HARD) #25,An enterprise requires zero-downtime architecture while Design for security and compliance for Planning and Configuring a Cloud Solution?,Use an approach that contradicts the exam objective and ignores documented constraints.,"Deploy without monitoring, backup, or access controls required by the blueprint.",Mix controls from unrelated domains that do not address the stated objective.,"Follow the documented approach for Design for security and compliance, using recommended services and controls per the exam guide.",B,HARD,google-cloud-associate|planning-config|PC-3|hard|blueprint-seed,**Answer: B** — Design for security and compliance. Review the official Google exam guide (Associate Cloud Engineer) and linked documentation. Objective: PC-3.,https://cloud.google.com/docs|https://cloud.google.com/certification/cloud-engineer
google-cloud-associate,planning-config,PC-3,Associate Cloud Engineer — PC-3 (HARD) #26,"Given strict compliance, auditability, and multi-region constraints, how should you Design for security and compliance for Planning and Configuring a Cloud Solution?","Deploy without monitoring, backup, or access controls required by the blueprint.",Mix controls from unrelated domains that do not address the stated objective.,"Implement Design for security and compliance using Google best practices for Planning and Configuring a Cloud Solution, including monitoring and least privilege.",Use an approach that contradicts the exam objective and ignores documented constraints.,C,HARD,google-cloud-associate|planning-config|PC-3|hard|blueprint-seed,**Answer: C** — Design for security and compliance. Review the official Google exam guide (Associate Cloud Engineer) and linked documentation. Objective: PC-3.,https://cloud.google.com/docs|https://cloud.google.com/certification/cloud-engineer
google-cloud-associate,planning-config,PC-3,Associate Cloud Engineer — PC-3 (HARD) #27,A production incident involves trade-offs between cost and resilience for Design for security and compliance for Planning and Configuring a Cloud Solution?,Mix controls from unrelated domains that do not address the stated objective.,Apply the official Planning and Configuring a Cloud Solution guidance: Design for security and compliance — this aligns with exam blueprint expectations and vendor documentation.,Use an approach that contradicts the exam objective and ignores documented constraints.,"Deploy without monitoring, backup, or access controls required by the blueprint.",D,HARD,google-cloud-associate|planning-config|PC-3|hard|blueprint-seed,**Answer: D** — Design for security and compliance. Review the official Google exam guide (Associate Cloud Engineer) and linked documentation. Objective: PC-3.,https://cloud.google.com/docs|https://cloud.google.com/certification/cloud-engineer
google-cloud-associate,planning-config,PC-3,Associate Cloud Engineer — PC-3 (HARD) #28,Complex regulatory requirements demand that you Design for security and compliance for Planning and Configuring a Cloud Solution?,"Follow the documented approach for Design for security and compliance, using recommended services and controls per the exam guide.",Use an approach that contradicts the exam objective and ignores documented constraints.,"Deploy without monitoring, backup, or access controls required by the blueprint.",Mix controls from unrelated domains that do not address the stated objective.,A,HARD,google-cloud-associate|planning-config|PC-3|hard|blueprint-seed,**Answer: A** — Design for security and compliance. Review the official Google exam guide (Associate Cloud Engineer) and linked documentation. Objective: PC-3.,https://cloud.google.com/docs|https://cloud.google.com/certification/cloud-engineer
google-cloud-associate,deploying,DP-1,Associate Cloud Engineer — DP-1 (EASY) #1,"What is the primary purpose of Deploy compute resources (GCE, GKE, Cloud Run)?",Use an approach that contradicts the exam objective and ignores documented constraints.,"Deploy without monitoring, backup, or access controls required by the blueprint.",Mix controls from unrelated domains that do not address the stated objective.,"Follow the documented approach for Deploy compute resources (GCE, GKE, Cloud Run), using recommended services and controls per the exam guide.",B,EASY,google-cloud-associate|deploying|DP-1|easy|blueprint-seed,"**Answer: B** — Deploy compute resources (GCE, GKE, Cloud Run). Review the official Google exam guide (Associate Cloud Engineer) and linked documentation. Objective: DP-1.",https://cloud.google.com/docs|https://cloud.google.com/certification/cloud-engineer
google-cloud-associate,deploying,DP-1,Associate Cloud Engineer — DP-1 (EASY) #2,"Which concept is fundamental to Deploy compute resources (GCE, GKE, Cloud Run)?","Deploy without monitoring, backup, or access controls required by the blueprint.",Mix controls from unrelated domains that do not address the stated objective.,"Implement Deploy compute resources (GCE, GKE, Cloud Run) using Google best practices for Deploying and Implementing a Cloud Solution, including monitoring and least privilege.",Use an approach that contradicts the exam objective and ignores documented constraints.,C,EASY,google-cloud-associate|deploying|DP-1|easy|blueprint-seed,"**Answer: C** — Deploy compute resources (GCE, GKE, Cloud Run). Review the official Google exam guide (Associate Cloud Engineer) and linked documentation. Objective: DP-1.",https://cloud.google.com/docs|https://cloud.google.com/certification/cloud-engineer
google-cloud-associate,deploying,DP-1,Associate Cloud Engineer — DP-1 (EASY) #3,"Identify the core principle behind Deploy compute resources (GCE, GKE, Cloud Run)?",Mix controls from unrelated domains that do not address the stated objective.,"Apply the official Deploying and Implementing a Cloud Solution guidance: Deploy compute resources (GCE, GKE, Cloud Run) — this aligns with exam blueprint expectations and vendor documentation.",Use an approach that contradicts the exam objective and ignores documented constraints.,"Deploy without monitoring, backup, or access controls required by the blueprint.",D,EASY,google-cloud-associate|deploying|DP-1|easy|blueprint-seed,"**Answer: D** — Deploy compute resources (GCE, GKE, Cloud Run). Review the official Google exam guide (Associate Cloud Engineer) and linked documentation. Objective: DP-1.",https://cloud.google.com/docs|https://cloud.google.com/certification/cloud-engineer
google-cloud-associate,deploying,DP-1,Associate Cloud Engineer — DP-1 (EASY) #4,"Which description accurately reflects Deploy compute resources (GCE, GKE, Cloud Run)?","Follow the documented approach for Deploy compute resources (GCE, GKE, Cloud Run), using recommended services and controls per the exam guide.",Use an approach that contradicts the exam objective and ignores documented constraints.,"Deploy without monitoring, backup, or access controls required by the blueprint.",Mix controls from unrelated domains that do not address the stated objective.,A,EASY,google-cloud-associate|deploying|DP-1|easy|blueprint-seed,"**Answer: A** — Deploy compute resources (GCE, GKE, Cloud Run). Review the official Google exam guide (Associate Cloud Engineer) and linked documentation. Objective: DP-1.",https://cloud.google.com/docs|https://cloud.google.com/certification/cloud-engineer
google-cloud-associate,deploying,DP-1,Associate Cloud Engineer — DP-1 (EASY) #5,"Which statement best defines the scope of Deploy compute resources (GCE, GKE, Cloud Run)?",Use an approach that contradicts the exam objective and ignores documented constraints.,"Deploy without monitoring, backup, or access controls required by the blueprint.",Mix controls from unrelated domains that do not address the stated objective.,"Implement Deploy compute resources (GCE, GKE, Cloud Run) using Google best practices for Deploying and Implementing a Cloud Solution, including monitoring and least privilege.",B,EASY,google-cloud-associate|deploying|DP-1|easy|blueprint-seed,"**Answer: B** — Deploy compute resources (GCE, GKE, Cloud Run). Review the official Google exam guide (Associate Cloud Engineer) and linked documentation. Objective: DP-1.",https://cloud.google.com/docs|https://cloud.google.com/certification/cloud-engineer
google-cloud-associate,deploying,DP-1,Associate Cloud Engineer — DP-1 (EASY) #6,"What is the primary purpose of Deploy compute resources (GCE, GKE, Cloud Run)?","Deploy without monitoring, backup, or access controls required by the blueprint.",Mix controls from unrelated domains that do not address the stated objective.,"Apply the official Deploying and Implementing a Cloud Solution guidance: Deploy compute resources (GCE, GKE, Cloud Run) — this aligns with exam blueprint expectations and vendor documentation.",Use an approach that contradicts the exam objective and ignores documented constraints.,C,EASY,google-cloud-associate|deploying|DP-1|easy|blueprint-seed,"**Answer: C** — Deploy compute resources (GCE, GKE, Cloud Run). Review the official Google exam guide (Associate Cloud Engineer) and linked documentation. Objective: DP-1.",https://cloud.google.com/docs|https://cloud.google.com/certification/cloud-engineer
google-cloud-associate,deploying,DP-1,Associate Cloud Engineer — DP-1 (EASY) #7,"Which concept is fundamental to Deploy compute resources (GCE, GKE, Cloud Run)?",Mix controls from unrelated domains that do not address the stated objective.,"Follow the documented approach for Deploy compute resources (GCE, GKE, Cloud Run), using recommended services and controls per the exam guide.",Use an approach that contradicts the exam objective and ignores documented constraints.,"Deploy without monitoring, backup, or access controls required by the blueprint.",D,EASY,google-cloud-associate|deploying|DP-1|easy|blueprint-seed,"**Answer: D** — Deploy compute resources (GCE, GKE, Cloud Run). Review the official Google exam guide (Associate Cloud Engineer) and linked documentation. Objective: DP-1.",https://cloud.google.com/docs|https://cloud.google.com/certification/cloud-engineer
google-cloud-associate,deploying,DP-1,Associate Cloud Engineer — DP-1 (EASY) #8,"Identify the core principle behind Deploy compute resources (GCE, GKE, Cloud Run)?","Implement Deploy compute resources (GCE, GKE, Cloud Run) using Google best practices for Deploying and Implementing a Cloud Solution, including monitoring and least privilege.",Use an approach that contradicts the exam objective and ignores documented constraints.,"Deploy without monitoring, backup, or access controls required by the blueprint.",Mix controls from unrelated domains that do not address the stated objective.,A,EASY,google-cloud-associate|deploying|DP-1|easy|blueprint-seed,"**Answer: A** — Deploy compute resources (GCE, GKE, Cloud Run). Review the official Google exam guide (Associate Cloud Engineer) and linked documentation. Objective: DP-1.",https://cloud.google.com/docs|https://cloud.google.com/certification/cloud-engineer
google-cloud-associate,deploying,DP-1,Associate Cloud Engineer — DP-1 (EASY) #9,"Which description accurately reflects Deploy compute resources (GCE, GKE, Cloud Run)?",Use an approach that contradicts the exam objective and ignores documented constraints.,"Deploy without monitoring, backup, or access controls required by the blueprint.",Mix controls from unrelated domains that do not address the stated objective.,"Apply the official Deploying and Implementing a Cloud Solution guidance: Deploy compute resources (GCE, GKE, Cloud Run) — this aligns with exam blueprint expectations and vendor documentation.",B,EASY,google-cloud-associate|deploying|DP-1|easy|blueprint-seed,"**Answer: B** — Deploy compute resources (GCE, GKE, Cloud Run). Review the official Google exam guide (Associate Cloud Engineer) and linked documentation. Objective: DP-1.",https://cloud.google.com/docs|https://cloud.google.com/certification/cloud-engineer
google-cloud-associate,deploying,DP-1,Associate Cloud Engineer — DP-1 (EASY) #10,"Which statement best defines the scope of Deploy compute resources (GCE, GKE, Cloud Run)?","Deploy without monitoring, backup, or access controls required by the blueprint.",Mix controls from unrelated domains that do not address the stated objective.,"Follow the documented approach for Deploy compute resources (GCE, GKE, Cloud Run), using recommended services and controls per the exam guide.",Use an approach that contradicts the exam objective and ignores documented constraints.,C,EASY,google-cloud-associate|deploying|DP-1|easy|blueprint-seed,"**Answer: C** — Deploy compute resources (GCE, GKE, Cloud Run). Review the official Google exam guide (Associate Cloud Engineer) and linked documentation. Objective: DP-1.",https://cloud.google.com/docs|https://cloud.google.com/certification/cloud-engineer
google-cloud-associate,deploying,DP-1,Associate Cloud Engineer — DP-1 (MEDIUM) #11,"Which approach aligns with best practices when Deploy compute resources (GCE, GKE, Cloud Run) in the context of Google Cloud Associate Cloud Engineer?",Mix controls from unrelated domains that do not address the stated objective.,"Implement Deploy compute resources (GCE, GKE, Cloud Run) using Google best practices for Deploying and Implementing a Cloud Solution, including monitoring and least privilege.",Use an approach that contradicts the exam objective and ignores documented constraints.,"Deploy without monitoring, backup, or access controls required by the blueprint.",D,MEDIUM,google-cloud-associate|deploying|DP-1|medium|blueprint-seed,"**Answer: D** — Deploy compute resources (GCE, GKE, Cloud Run). Review the official Google exam guide (Associate Cloud Engineer) and linked documentation. Objective: DP-1.",https://cloud.google.com/docs|https://cloud.google.com/certification/cloud-engineer
google-cloud-associate,deploying,DP-1,Associate Cloud Engineer — DP-1 (MEDIUM) #12,"During a project review, stakeholders ask how to Deploy compute resources (GCE, GKE, Cloud Run) in the context of Google Cloud Associate Cloud Engineer?","Apply the official Deploying and Implementing a Cloud Solution guidance: Deploy compute resources (GCE, GKE, Cloud Run) — this aligns with exam blueprint expectations and vendor documentation.",Use an approach that contradicts the exam objective and ignores documented constraints.,"Deploy without monitoring, backup, or access controls required by the blueprint.",Mix controls from unrelated domains that do not address the stated objective.,A,MEDIUM,google-cloud-associate|deploying|DP-1|medium|blueprint-seed,"**Answer: A** — Deploy compute resources (GCE, GKE, Cloud Run). Review the official Google exam guide (Associate Cloud Engineer) and linked documentation. Objective: DP-1.",https://cloud.google.com/docs|https://cloud.google.com/certification/cloud-engineer
google-cloud-associate,deploying,DP-1,Associate Cloud Engineer — DP-1 (MEDIUM) #13,"Which configuration satisfies requirements for Deploy compute resources (GCE, GKE, Cloud Run) in the context of Google Cloud Associate Cloud Engineer?",Use an approach that contradicts the exam objective and ignores documented constraints.,"Deploy without monitoring, backup, or access controls required by the blueprint.",Mix controls from unrelated domains that do not address the stated objective.,"Follow the documented approach for Deploy compute resources (GCE, GKE, Cloud Run), using recommended services and controls per the exam guide.",B,MEDIUM,google-cloud-associate|deploying|DP-1|medium|blueprint-seed,"**Answer: B** — Deploy compute resources (GCE, GKE, Cloud Run). Review the official Google exam guide (Associate Cloud Engineer) and linked documentation. Objective: DP-1.",https://cloud.google.com/docs|https://cloud.google.com/certification/cloud-engineer
google-cloud-associate,deploying,DP-1,Associate Cloud Engineer — DP-1 (MEDIUM) #14,"What is the recommended design when applying Deploy compute resources (GCE, GKE, Cloud Run) in the context of Google Cloud Associate Cloud Engineer?","Deploy without monitoring, backup, or access controls required by the blueprint.",Mix controls from unrelated domains that do not address the stated objective.,"Implement Deploy compute resources (GCE, GKE, Cloud Run) using Google best practices for Deploying and Implementing a Cloud Solution, including monitoring and least privilege.",Use an approach that contradicts the exam objective and ignores documented constraints.,C,MEDIUM,google-cloud-associate|deploying|DP-1|medium|blueprint-seed,"**Answer: C** — Deploy compute resources (GCE, GKE, Cloud Run). Review the official Google exam guide (Associate Cloud Engineer) and linked documentation. Objective: DP-1.",https://cloud.google.com/docs|https://cloud.google.com/certification/cloud-engineer
google-cloud-associate,deploying,DP-1,Associate Cloud Engineer — DP-1 (MEDIUM) #15,"A team must implement a solution for Deploy compute resources (GCE, GKE, Cloud Run) in the context of Google Cloud Associate Cloud Engineer?",Mix controls from unrelated domains that do not address the stated objective.,"Apply the official Deploying and Implementing a Cloud Solution guidance: Deploy compute resources (GCE, GKE, Cloud Run) — this aligns with exam blueprint expectations and vendor documentation.",Use an approach that contradicts the exam objective and ignores documented constraints.,"Deploy without monitoring, backup, or access controls required by the blueprint.",D,MEDIUM,google-cloud-associate|deploying|DP-1|medium|blueprint-seed,"**Answer: D** — Deploy compute resources (GCE, GKE, Cloud Run). Review the official Google exam guide (Associate Cloud Engineer) and linked documentation. Objective: DP-1.",https://cloud.google.com/docs|https://cloud.google.com/certification/cloud-engineer
google-cloud-associate,deploying,DP-1,Associate Cloud Engineer — DP-1 (MEDIUM) #16,"Which approach aligns with best practices when Deploy compute resources (GCE, GKE, Cloud Run) in the context of Google Cloud Associate Cloud Engineer?","Follow the documented approach for Deploy compute resources (GCE, GKE, Cloud Run), using recommended services and controls per the exam guide.",Use an approach that contradicts the exam objective and ignores documented constraints.,"Deploy without monitoring, backup, or access controls required by the blueprint.",Mix controls from unrelated domains that do not address the stated objective.,A,MEDIUM,google-cloud-associate|deploying|DP-1|medium|blueprint-seed,"**Answer: A** — Deploy compute resources (GCE, GKE, Cloud Run). Review the official Google exam guide (Associate Cloud Engineer) and linked documentation. Objective: DP-1.",https://cloud.google.com/docs|https://cloud.google.com/certification/cloud-engineer
google-cloud-associate,deploying,DP-1,Associate Cloud Engineer — DP-1 (MEDIUM) #17,"During a project review, stakeholders ask how to Deploy compute resources (GCE, GKE, Cloud Run) in the context of Google Cloud Associate Cloud Engineer?",Use an approach that contradicts the exam objective and ignores documented constraints.,"Deploy without monitoring, backup, or access controls required by the blueprint.",Mix controls from unrelated domains that do not address the stated objective.,"Implement Deploy compute resources (GCE, GKE, Cloud Run) using Google best practices for Deploying and Implementing a Cloud Solution, including monitoring and least privilege.",B,MEDIUM,google-cloud-associate|deploying|DP-1|medium|blueprint-seed,"**Answer: B** — Deploy compute resources (GCE, GKE, Cloud Run). Review the official Google exam guide (Associate Cloud Engineer) and linked documentation. Objective: DP-1.",https://cloud.google.com/docs|https://cloud.google.com/certification/cloud-engineer
google-cloud-associate,deploying,DP-1,Associate Cloud Engineer — DP-1 (MEDIUM) #18,"Which configuration satisfies requirements for Deploy compute resources (GCE, GKE, Cloud Run) in the context of Google Cloud Associate Cloud Engineer?","Deploy without monitoring, backup, or access controls required by the blueprint.",Mix controls from unrelated domains that do not address the stated objective.,"Apply the official Deploying and Implementing a Cloud Solution guidance: Deploy compute resources (GCE, GKE, Cloud Run) — this aligns with exam blueprint expectations and vendor documentation.",Use an approach that contradicts the exam objective and ignores documented constraints.,C,MEDIUM,google-cloud-associate|deploying|DP-1|medium|blueprint-seed,"**Answer: C** — Deploy compute resources (GCE, GKE, Cloud Run). Review the official Google exam guide (Associate Cloud Engineer) and linked documentation. Objective: DP-1.",https://cloud.google.com/docs|https://cloud.google.com/certification/cloud-engineer
google-cloud-associate,deploying,DP-1,Associate Cloud Engineer — DP-1 (MEDIUM) #19,"What is the recommended design when applying Deploy compute resources (GCE, GKE, Cloud Run) in the context of Google Cloud Associate Cloud Engineer?",Mix controls from unrelated domains that do not address the stated objective.,"Follow the documented approach for Deploy compute resources (GCE, GKE, Cloud Run), using recommended services and controls per the exam guide.",Use an approach that contradicts the exam objective and ignores documented constraints.,"Deploy without monitoring, backup, or access controls required by the blueprint.",D,MEDIUM,google-cloud-associate|deploying|DP-1|medium|blueprint-seed,"**Answer: D** — Deploy compute resources (GCE, GKE, Cloud Run). Review the official Google exam guide (Associate Cloud Engineer) and linked documentation. Objective: DP-1.",https://cloud.google.com/docs|https://cloud.google.com/certification/cloud-engineer
google-cloud-associate,deploying,DP-1,Associate Cloud Engineer — DP-1 (MEDIUM) #20,"A team must implement a solution for Deploy compute resources (GCE, GKE, Cloud Run) in the context of Google Cloud Associate Cloud Engineer?","Implement Deploy compute resources (GCE, GKE, Cloud Run) using Google best practices for Deploying and Implementing a Cloud Solution, including monitoring and least privilege.",Use an approach that contradicts the exam objective and ignores documented constraints.,"Deploy without monitoring, backup, or access controls required by the blueprint.",Mix controls from unrelated domains that do not address the stated objective.,A,MEDIUM,google-cloud-associate|deploying|DP-1|medium|blueprint-seed,"**Answer: A** — Deploy compute resources (GCE, GKE, Cloud Run). Review the official Google exam guide (Associate Cloud Engineer) and linked documentation. Objective: DP-1.",https://cloud.google.com/docs|https://cloud.google.com/certification/cloud-engineer
google-cloud-associate,deploying,DP-1,Associate Cloud Engineer — DP-1 (MEDIUM) #21,"Which approach aligns with best practices when Deploy compute resources (GCE, GKE, Cloud Run) in the context of Google Cloud Associate Cloud Engineer?",Use an approach that contradicts the exam objective and ignores documented constraints.,"Deploy without monitoring, backup, or access controls required by the blueprint.",Mix controls from unrelated domains that do not address the stated objective.,"Apply the official Deploying and Implementing a Cloud Solution guidance: Deploy compute resources (GCE, GKE, Cloud Run) — this aligns with exam blueprint expectations and vendor documentation.",B,MEDIUM,google-cloud-associate|deploying|DP-1|medium|blueprint-seed,"**Answer: B** — Deploy compute resources (GCE, GKE, Cloud Run). Review the official Google exam guide (Associate Cloud Engineer) and linked documentation. Objective: DP-1.",https://cloud.google.com/docs|https://cloud.google.com/certification/cloud-engineer
google-cloud-associate,deploying,DP-1,Associate Cloud Engineer — DP-1 (MEDIUM) #22,"During a project review, stakeholders ask how to Deploy compute resources (GCE, GKE, Cloud Run) in the context of Google Cloud Associate Cloud Engineer?","Deploy without monitoring, backup, or access controls required by the blueprint.",Mix controls from unrelated domains that do not address the stated objective.,"Follow the documented approach for Deploy compute resources (GCE, GKE, Cloud Run), using recommended services and controls per the exam guide.",Use an approach that contradicts the exam objective and ignores documented constraints.,C,MEDIUM,google-cloud-associate|deploying|DP-1|medium|blueprint-seed,"**Answer: C** — Deploy compute resources (GCE, GKE, Cloud Run). Review the official Google exam guide (Associate Cloud Engineer) and linked documentation. Objective: DP-1.",https://cloud.google.com/docs|https://cloud.google.com/certification/cloud-engineer
google-cloud-associate,deploying,DP-1,Associate Cloud Engineer — DP-1 (MEDIUM) #23,"Which configuration satisfies requirements for Deploy compute resources (GCE, GKE, Cloud Run) in the context of Google Cloud Associate Cloud Engineer?",Mix controls from unrelated domains that do not address the stated objective.,"Implement Deploy compute resources (GCE, GKE, Cloud Run) using Google best practices for Deploying and Implementing a Cloud Solution, including monitoring and least privilege.",Use an approach that contradicts the exam objective and ignores documented constraints.,"Deploy without monitoring, backup, or access controls required by the blueprint.",D,MEDIUM,google-cloud-associate|deploying|DP-1|medium|blueprint-seed,"**Answer: D** — Deploy compute resources (GCE, GKE, Cloud Run). Review the official Google exam guide (Associate Cloud Engineer) and linked documentation. Objective: DP-1.",https://cloud.google.com/docs|https://cloud.google.com/certification/cloud-engineer
google-cloud-associate,deploying,DP-1,Associate Cloud Engineer — DP-1 (HARD) #24,"A multi-team rollout must balance security and velocity for Deploy compute resources (GCE, GKE, Cloud Run) for Deploying and Implementing a Cloud Solution?","Apply the official Deploying and Implementing a Cloud Solution guidance: Deploy compute resources (GCE, GKE, Cloud Run) — this aligns with exam blueprint expectations and vendor documentation.",Use an approach that contradicts the exam objective and ignores documented constraints.,"Deploy without monitoring, backup, or access controls required by the blueprint.",Mix controls from unrelated domains that do not address the stated objective.,A,HARD,google-cloud-associate|deploying|DP-1|hard|blueprint-seed,"**Answer: A** — Deploy compute resources (GCE, GKE, Cloud Run). Review the official Google exam guide (Associate Cloud Engineer) and linked documentation. Objective: DP-1.",https://cloud.google.com/docs|https://cloud.google.com/certification/cloud-engineer
google-cloud-associate,deploying,DP-1,Associate Cloud Engineer — DP-1 (HARD) #25,"An enterprise requires zero-downtime architecture while Deploy compute resources (GCE, GKE, Cloud Run) for Deploying and Implementing a Cloud Solution?",Use an approach that contradicts the exam objective and ignores documented constraints.,"Deploy without monitoring, backup, or access controls required by the blueprint.",Mix controls from unrelated domains that do not address the stated objective.,"Follow the documented approach for Deploy compute resources (GCE, GKE, Cloud Run), using recommended services and controls per the exam guide.",B,HARD,google-cloud-associate|deploying|DP-1|hard|blueprint-seed,"**Answer: B** — Deploy compute resources (GCE, GKE, Cloud Run). Review the official Google exam guide (Associate Cloud Engineer) and linked documentation. Objective: DP-1.",https://cloud.google.com/docs|https://cloud.google.com/certification/cloud-engineer
google-cloud-associate,deploying,DP-1,Associate Cloud Engineer — DP-1 (HARD) #26,"Given strict compliance, auditability, and multi-region constraints, how should you Deploy compute resources (GCE, GKE, Cloud Run) for Deploying and Implementing a Cloud Solution?","Deploy without monitoring, backup, or access controls required by the blueprint.",Mix controls from unrelated domains that do not address the stated objective.,"Implement Deploy compute resources (GCE, GKE, Cloud Run) using Google best practices for Deploying and Implementing a Cloud Solution, including monitoring and least privilege.",Use an approach that contradicts the exam objective and ignores documented constraints.,C,HARD,google-cloud-associate|deploying|DP-1|hard|blueprint-seed,"**Answer: C** — Deploy compute resources (GCE, GKE, Cloud Run). Review the official Google exam guide (Associate Cloud Engineer) and linked documentation. Objective: DP-1.",https://cloud.google.com/docs|https://cloud.google.com/certification/cloud-engineer
google-cloud-associate,deploying,DP-1,Associate Cloud Engineer — DP-1 (HARD) #27,"A production incident involves trade-offs between cost and resilience for Deploy compute resources (GCE, GKE, Cloud Run) for Deploying and Implementing a Cloud Solution?",Mix controls from unrelated domains that do not address the stated objective.,"Apply the official Deploying and Implementing a Cloud Solution guidance: Deploy compute resources (GCE, GKE, Cloud Run) — this aligns with exam blueprint expectations and vendor documentation.",Use an approach that contradicts the exam objective and ignores documented constraints.,"Deploy without monitoring, backup, or access controls required by the blueprint.",D,HARD,google-cloud-associate|deploying|DP-1|hard|blueprint-seed,"**Answer: D** — Deploy compute resources (GCE, GKE, Cloud Run). Review the official Google exam guide (Associate Cloud Engineer) and linked documentation. Objective: DP-1.",https://cloud.google.com/docs|https://cloud.google.com/certification/cloud-engineer
google-cloud-associate,deploying,DP-1,Associate Cloud Engineer — DP-1 (HARD) #28,"Complex regulatory requirements demand that you Deploy compute resources (GCE, GKE, Cloud Run) for Deploying and Implementing a Cloud Solution?","Follow the documented approach for Deploy compute resources (GCE, GKE, Cloud Run), using recommended services and controls per the exam guide.",Use an approach that contradicts the exam objective and ignores documented constraints.,"Deploy without monitoring, backup, or access controls required by the blueprint.",Mix controls from unrelated domains that do not address the stated objective.,A,HARD,google-cloud-associate|deploying|DP-1|hard|blueprint-seed,"**Answer: A** — Deploy compute resources (GCE, GKE, Cloud Run). Review the official Google exam guide (Associate Cloud Engineer) and linked documentation. Objective: DP-1.",https://cloud.google.com/docs|https://cloud.google.com/certification/cloud-engineer
google-cloud-associate,deploying,DP-1,Associate Cloud Engineer — DP-1 (HARD) #29,"A multi-team rollout must balance security and velocity for Deploy compute resources (GCE, GKE, Cloud Run) for Deploying and Implementing a Cloud Solution?",Use an approach that contradicts the exam objective and ignores documented constraints.,"Deploy without monitoring, backup, or access controls required by the blueprint.",Mix controls from unrelated domains that do not address the stated objective.,"Implement Deploy compute resources (GCE, GKE, Cloud Run) using Google best practices for Deploying and Implementing a Cloud Solution, including monitoring and least privilege.",B,HARD,google-cloud-associate|deploying|DP-1|hard|blueprint-seed,"**Answer: B** — Deploy compute resources (GCE, GKE, Cloud Run). Review the official Google exam guide (Associate Cloud Engineer) and linked documentation. Objective: DP-1.",https://cloud.google.com/docs|https://cloud.google.com/certification/cloud-engineer
google-cloud-associate,deploying,DP-1,Associate Cloud Engineer — DP-1 (HARD) #30,"An enterprise requires zero-downtime architecture while Deploy compute resources (GCE, GKE, Cloud Run) for Deploying and Implementing a Cloud Solution?","Deploy without monitoring, backup, or access controls required by the blueprint.",Mix controls from unrelated domains that do not address the stated objective.,"Apply the official Deploying and Implementing a Cloud Solution guidance: Deploy compute resources (GCE, GKE, Cloud Run) — this aligns with exam blueprint expectations and vendor documentation.",Use an approach that contradicts the exam objective and ignores documented constraints.,C,HARD,google-cloud-associate|deploying|DP-1|hard|blueprint-seed,"**Answer: C** — Deploy compute resources (GCE, GKE, Cloud Run). Review the official Google exam guide (Associate Cloud Engineer) and linked documentation. Objective: DP-1.",https://cloud.google.com/docs|https://cloud.google.com/certification/cloud-engineer
google-cloud-associate,deploying,DP-1,Associate Cloud Engineer — DP-1 (HARD) #31,"Given strict compliance, auditability, and multi-region constraints, how should you Deploy compute resources (GCE, GKE, Cloud Run) for Deploying and Implementing a Cloud Solution?",Mix controls from unrelated domains that do not address the stated objective.,"Follow the documented approach for Deploy compute resources (GCE, GKE, Cloud Run), using recommended services and controls per the exam guide.",Use an approach that contradicts the exam objective and ignores documented constraints.,"Deploy without monitoring, backup, or access controls required by the blueprint.",D,HARD,google-cloud-associate|deploying|DP-1|hard|blueprint-seed,"**Answer: D** — Deploy compute resources (GCE, GKE, Cloud Run). Review the official Google exam guide (Associate Cloud Engineer) and linked documentation. Objective: DP-1.",https://cloud.google.com/docs|https://cloud.google.com/certification/cloud-engineer
google-cloud-associate,deploying,DP-1,Associate Cloud Engineer — DP-1 (HARD) #32,"A production incident involves trade-offs between cost and resilience for Deploy compute resources (GCE, GKE, Cloud Run) for Deploying and Implementing a Cloud Solution?","Implement Deploy compute resources (GCE, GKE, Cloud Run) using Google best practices for Deploying and Implementing a Cloud Solution, including monitoring and least privilege.",Use an approach that contradicts the exam objective and ignores documented constraints.,"Deploy without monitoring, backup, or access controls required by the blueprint.",Mix controls from unrelated domains that do not address the stated objective.,A,HARD,google-cloud-associate|deploying|DP-1|hard|blueprint-seed,"**Answer: A** — Deploy compute resources (GCE, GKE, Cloud Run). Review the official Google exam guide (Associate Cloud Engineer) and linked documentation. Objective: DP-1.",https://cloud.google.com/docs|https://cloud.google.com/certification/cloud-engineer
google-cloud-associate,deploying,DP-2,Associate Cloud Engineer — DP-2 (EASY) #1,"What is the primary purpose of Deploy and manage networking (VPC, load balancers)?",Use an approach that contradicts the exam objective and ignores documented constraints.,"Deploy without monitoring, backup, or access controls required by the blueprint.",Mix controls from unrelated domains that do not address the stated objective.,"Follow the documented approach for Deploy and manage networking (VPC, load balancers), using recommended services and controls per the exam guide.",B,EASY,google-cloud-associate|deploying|DP-2|easy|blueprint-seed,"**Answer: B** — Deploy and manage networking (VPC, load balancers). Review the official Google exam guide (Associate Cloud Engineer) and linked documentation. Objective: DP-2.",https://cloud.google.com/docs|https://cloud.google.com/certification/cloud-engineer
google-cloud-associate,deploying,DP-2,Associate Cloud Engineer — DP-2 (EASY) #2,"Which concept is fundamental to Deploy and manage networking (VPC, load balancers)?","Deploy without monitoring, backup, or access controls required by the blueprint.",Mix controls from unrelated domains that do not address the stated objective.,"Implement Deploy and manage networking (VPC, load balancers) using Google best practices for Deploying and Implementing a Cloud Solution, including monitoring and least privilege.",Use an approach that contradicts the exam objective and ignores documented constraints.,C,EASY,google-cloud-associate|deploying|DP-2|easy|blueprint-seed,"**Answer: C** — Deploy and manage networking (VPC, load balancers). Review the official Google exam guide (Associate Cloud Engineer) and linked documentation. Objective: DP-2.",https://cloud.google.com/docs|https://cloud.google.com/certification/cloud-engineer
google-cloud-associate,deploying,DP-2,Associate Cloud Engineer — DP-2 (EASY) #3,"Identify the core principle behind Deploy and manage networking (VPC, load balancers)?",Mix controls from unrelated domains that do not address the stated objective.,"Apply the official Deploying and Implementing a Cloud Solution guidance: Deploy and manage networking (VPC, load balancers) — this aligns with exam blueprint expectations and vendor documentation.",Use an approach that contradicts the exam objective and ignores documented constraints.,"Deploy without monitoring, backup, or access controls required by the blueprint.",D,EASY,google-cloud-associate|deploying|DP-2|easy|blueprint-seed,"**Answer: D** — Deploy and manage networking (VPC, load balancers). Review the official Google exam guide (Associate Cloud Engineer) and linked documentation. Objective: DP-2.",https://cloud.google.com/docs|https://cloud.google.com/certification/cloud-engineer
google-cloud-associate,deploying,DP-2,Associate Cloud Engineer — DP-2 (EASY) #4,"Which description accurately reflects Deploy and manage networking (VPC, load balancers)?","Follow the documented approach for Deploy and manage networking (VPC, load balancers), using recommended services and controls per the exam guide.",Use an approach that contradicts the exam objective and ignores documented constraints.,"Deploy without monitoring, backup, or access controls required by the blueprint.",Mix controls from unrelated domains that do not address the stated objective.,A,EASY,google-cloud-associate|deploying|DP-2|easy|blueprint-seed,"**Answer: A** — Deploy and manage networking (VPC, load balancers). Review the official Google exam guide (Associate Cloud Engineer) and linked documentation. Objective: DP-2.",https://cloud.google.com/docs|https://cloud.google.com/certification/cloud-engineer
google-cloud-associate,deploying,DP-2,Associate Cloud Engineer — DP-2 (EASY) #5,"Which statement best defines the scope of Deploy and manage networking (VPC, load balancers)?",Use an approach that contradicts the exam objective and ignores documented constraints.,"Deploy without monitoring, backup, or access controls required by the blueprint.",Mix controls from unrelated domains that do not address the stated objective.,"Implement Deploy and manage networking (VPC, load balancers) using Google best practices for Deploying and Implementing a Cloud Solution, including monitoring and least privilege.",B,EASY,google-cloud-associate|deploying|DP-2|easy|blueprint-seed,"**Answer: B** — Deploy and manage networking (VPC, load balancers). Review the official Google exam guide (Associate Cloud Engineer) and linked documentation. Objective: DP-2.",https://cloud.google.com/docs|https://cloud.google.com/certification/cloud-engineer
google-cloud-associate,deploying,DP-2,Associate Cloud Engineer — DP-2 (EASY) #6,"What is the primary purpose of Deploy and manage networking (VPC, load balancers)?","Deploy without monitoring, backup, or access controls required by the blueprint.",Mix controls from unrelated domains that do not address the stated objective.,"Apply the official Deploying and Implementing a Cloud Solution guidance: Deploy and manage networking (VPC, load balancers) — this aligns with exam blueprint expectations and vendor documentation.",Use an approach that contradicts the exam objective and ignores documented constraints.,C,EASY,google-cloud-associate|deploying|DP-2|easy|blueprint-seed,"**Answer: C** — Deploy and manage networking (VPC, load balancers). Review the official Google exam guide (Associate Cloud Engineer) and linked documentation. Objective: DP-2.",https://cloud.google.com/docs|https://cloud.google.com/certification/cloud-engineer
google-cloud-associate,deploying,DP-2,Associate Cloud Engineer — DP-2 (EASY) #7,"Which concept is fundamental to Deploy and manage networking (VPC, load balancers)?",Mix controls from unrelated domains that do not address the stated objective.,"Follow the documented approach for Deploy and manage networking (VPC, load balancers), using recommended services and controls per the exam guide.",Use an approach that contradicts the exam objective and ignores documented constraints.,"Deploy without monitoring, backup, or access controls required by the blueprint.",D,EASY,google-cloud-associate|deploying|DP-2|easy|blueprint-seed,"**Answer: D** — Deploy and manage networking (VPC, load balancers). Review the official Google exam guide (Associate Cloud Engineer) and linked documentation. Objective: DP-2.",https://cloud.google.com/docs|https://cloud.google.com/certification/cloud-engineer
google-cloud-associate,deploying,DP-2,Associate Cloud Engineer — DP-2 (EASY) #8,"Identify the core principle behind Deploy and manage networking (VPC, load balancers)?","Implement Deploy and manage networking (VPC, load balancers) using Google best practices for Deploying and Implementing a Cloud Solution, including monitoring and least privilege.",Use an approach that contradicts the exam objective and ignores documented constraints.,"Deploy without monitoring, backup, or access controls required by the blueprint.",Mix controls from unrelated domains that do not address the stated objective.,A,EASY,google-cloud-associate|deploying|DP-2|easy|blueprint-seed,"**Answer: A** — Deploy and manage networking (VPC, load balancers). Review the official Google exam guide (Associate Cloud Engineer) and linked documentation. Objective: DP-2.",https://cloud.google.com/docs|https://cloud.google.com/certification/cloud-engineer
google-cloud-associate,deploying,DP-2,Associate Cloud Engineer — DP-2 (EASY) #9,"Which description accurately reflects Deploy and manage networking (VPC, load balancers)?",Use an approach that contradicts the exam objective and ignores documented constraints.,"Deploy without monitoring, backup, or access controls required by the blueprint.",Mix controls from unrelated domains that do not address the stated objective.,"Apply the official Deploying and Implementing a Cloud Solution guidance: Deploy and manage networking (VPC, load balancers) — this aligns with exam blueprint expectations and vendor documentation.",B,EASY,google-cloud-associate|deploying|DP-2|easy|blueprint-seed,"**Answer: B** — Deploy and manage networking (VPC, load balancers). Review the official Google exam guide (Associate Cloud Engineer) and linked documentation. Objective: DP-2.",https://cloud.google.com/docs|https://cloud.google.com/certification/cloud-engineer
google-cloud-associate,deploying,DP-2,Associate Cloud Engineer — DP-2 (EASY) #10,"Which statement best defines the scope of Deploy and manage networking (VPC, load balancers)?","Deploy without monitoring, backup, or access controls required by the blueprint.",Mix controls from unrelated domains that do not address the stated objective.,"Follow the documented approach for Deploy and manage networking (VPC, load balancers), using recommended services and controls per the exam guide.",Use an approach that contradicts the exam objective and ignores documented constraints.,C,EASY,google-cloud-associate|deploying|DP-2|easy|blueprint-seed,"**Answer: C** — Deploy and manage networking (VPC, load balancers). Review the official Google exam guide (Associate Cloud Engineer) and linked documentation. Objective: DP-2.",https://cloud.google.com/docs|https://cloud.google.com/certification/cloud-engineer
google-cloud-associate,deploying,DP-2,Associate Cloud Engineer — DP-2 (MEDIUM) #11,"Which approach aligns with best practices when Deploy and manage networking (VPC, load balancers) in the context of Google Cloud Associate Cloud Engineer?",Mix controls from unrelated domains that do not address the stated objective.,"Implement Deploy and manage networking (VPC, load balancers) using Google best practices for Deploying and Implementing a Cloud Solution, including monitoring and least privilege.",Use an approach that contradicts the exam objective and ignores documented constraints.,"Deploy without monitoring, backup, or access controls required by the blueprint.",D,MEDIUM,google-cloud-associate|deploying|DP-2|medium|blueprint-seed,"**Answer: D** — Deploy and manage networking (VPC, load balancers). Review the official Google exam guide (Associate Cloud Engineer) and linked documentation. Objective: DP-2.",https://cloud.google.com/docs|https://cloud.google.com/certification/cloud-engineer
google-cloud-associate,deploying,DP-2,Associate Cloud Engineer — DP-2 (MEDIUM) #12,"During a project review, stakeholders ask how to Deploy and manage networking (VPC, load balancers) in the context of Google Cloud Associate Cloud Engineer?","Apply the official Deploying and Implementing a Cloud Solution guidance: Deploy and manage networking (VPC, load balancers) — this aligns with exam blueprint expectations and vendor documentation.",Use an approach that contradicts the exam objective and ignores documented constraints.,"Deploy without monitoring, backup, or access controls required by the blueprint.",Mix controls from unrelated domains that do not address the stated objective.,A,MEDIUM,google-cloud-associate|deploying|DP-2|medium|blueprint-seed,"**Answer: A** — Deploy and manage networking (VPC, load balancers). Review the official Google exam guide (Associate Cloud Engineer) and linked documentation. Objective: DP-2.",https://cloud.google.com/docs|https://cloud.google.com/certification/cloud-engineer
google-cloud-associate,deploying,DP-2,Associate Cloud Engineer — DP-2 (MEDIUM) #13,"Which configuration satisfies requirements for Deploy and manage networking (VPC, load balancers) in the context of Google Cloud Associate Cloud Engineer?",Use an approach that contradicts the exam objective and ignores documented constraints.,"Deploy without monitoring, backup, or access controls required by the blueprint.",Mix controls from unrelated domains that do not address the stated objective.,"Follow the documented approach for Deploy and manage networking (VPC, load balancers), using recommended services and controls per the exam guide.",B,MEDIUM,google-cloud-associate|deploying|DP-2|medium|blueprint-seed,"**Answer: B** — Deploy and manage networking (VPC, load balancers). Review the official Google exam guide (Associate Cloud Engineer) and linked documentation. Objective: DP-2.",https://cloud.google.com/docs|https://cloud.google.com/certification/cloud-engineer
google-cloud-associate,deploying,DP-2,Associate Cloud Engineer — DP-2 (MEDIUM) #14,"What is the recommended design when applying Deploy and manage networking (VPC, load balancers) in the context of Google Cloud Associate Cloud Engineer?","Deploy without monitoring, backup, or access controls required by the blueprint.",Mix controls from unrelated domains that do not address the stated objective.,"Implement Deploy and manage networking (VPC, load balancers) using Google best practices for Deploying and Implementing a Cloud Solution, including monitoring and least privilege.",Use an approach that contradicts the exam objective and ignores documented constraints.,C,MEDIUM,google-cloud-associate|deploying|DP-2|medium|blueprint-seed,"**Answer: C** — Deploy and manage networking (VPC, load balancers). Review the official Google exam guide (Associate Cloud Engineer) and linked documentation. Objective: DP-2.",https://cloud.google.com/docs|https://cloud.google.com/certification/cloud-engineer
google-cloud-associate,deploying,DP-2,Associate Cloud Engineer — DP-2 (MEDIUM) #15,"A team must implement a solution for Deploy and manage networking (VPC, load balancers) in the context of Google Cloud Associate Cloud Engineer?",Mix controls from unrelated domains that do not address the stated objective.,"Apply the official Deploying and Implementing a Cloud Solution guidance: Deploy and manage networking (VPC, load balancers) — this aligns with exam blueprint expectations and vendor documentation.",Use an approach that contradicts the exam objective and ignores documented constraints.,"Deploy without monitoring, backup, or access controls required by the blueprint.",D,MEDIUM,google-cloud-associate|deploying|DP-2|medium|blueprint-seed,"**Answer: D** — Deploy and manage networking (VPC, load balancers). Review the official Google exam guide (Associate Cloud Engineer) and linked documentation. Objective: DP-2.",https://cloud.google.com/docs|https://cloud.google.com/certification/cloud-engineer
google-cloud-associate,deploying,DP-2,Associate Cloud Engineer — DP-2 (MEDIUM) #16,"Which approach aligns with best practices when Deploy and manage networking (VPC, load balancers) in the context of Google Cloud Associate Cloud Engineer?","Follow the documented approach for Deploy and manage networking (VPC, load balancers), using recommended services and controls per the exam guide.",Use an approach that contradicts the exam objective and ignores documented constraints.,"Deploy without monitoring, backup, or access controls required by the blueprint.",Mix controls from unrelated domains that do not address the stated objective.,A,MEDIUM,google-cloud-associate|deploying|DP-2|medium|blueprint-seed,"**Answer: A** — Deploy and manage networking (VPC, load balancers). Review the official Google exam guide (Associate Cloud Engineer) and linked documentation. Objective: DP-2.",https://cloud.google.com/docs|https://cloud.google.com/certification/cloud-engineer
google-cloud-associate,deploying,DP-2,Associate Cloud Engineer — DP-2 (MEDIUM) #17,"During a project review, stakeholders ask how to Deploy and manage networking (VPC, load balancers) in the context of Google Cloud Associate Cloud Engineer?",Use an approach that contradicts the exam objective and ignores documented constraints.,"Deploy without monitoring, backup, or access controls required by the blueprint.",Mix controls from unrelated domains that do not address the stated objective.,"Implement Deploy and manage networking (VPC, load balancers) using Google best practices for Deploying and Implementing a Cloud Solution, including monitoring and least privilege.",B,MEDIUM,google-cloud-associate|deploying|DP-2|medium|blueprint-seed,"**Answer: B** — Deploy and manage networking (VPC, load balancers). Review the official Google exam guide (Associate Cloud Engineer) and linked documentation. Objective: DP-2.",https://cloud.google.com/docs|https://cloud.google.com/certification/cloud-engineer
google-cloud-associate,deploying,DP-2,Associate Cloud Engineer — DP-2 (MEDIUM) #18,"Which configuration satisfies requirements for Deploy and manage networking (VPC, load balancers) in the context of Google Cloud Associate Cloud Engineer?","Deploy without monitoring, backup, or access controls required by the blueprint.",Mix controls from unrelated domains that do not address the stated objective.,"Apply the official Deploying and Implementing a Cloud Solution guidance: Deploy and manage networking (VPC, load balancers) — this aligns with exam blueprint expectations and vendor documentation.",Use an approach that contradicts the exam objective and ignores documented constraints.,C,MEDIUM,google-cloud-associate|deploying|DP-2|medium|blueprint-seed,"**Answer: C** — Deploy and manage networking (VPC, load balancers). Review the official Google exam guide (Associate Cloud Engineer) and linked documentation. Objective: DP-2.",https://cloud.google.com/docs|https://cloud.google.com/certification/cloud-engineer
google-cloud-associate,deploying,DP-2,Associate Cloud Engineer — DP-2 (MEDIUM) #19,"What is the recommended design when applying Deploy and manage networking (VPC, load balancers) in the context of Google Cloud Associate Cloud Engineer?",Mix controls from unrelated domains that do not address the stated objective.,"Follow the documented approach for Deploy and manage networking (VPC, load balancers), using recommended services and controls per the exam guide.",Use an approach that contradicts the exam objective and ignores documented constraints.,"Deploy without monitoring, backup, or access controls required by the blueprint.",D,MEDIUM,google-cloud-associate|deploying|DP-2|medium|blueprint-seed,"**Answer: D** — Deploy and manage networking (VPC, load balancers). Review the official Google exam guide (Associate Cloud Engineer) and linked documentation. Objective: DP-2.",https://cloud.google.com/docs|https://cloud.google.com/certification/cloud-engineer
google-cloud-associate,deploying,DP-2,Associate Cloud Engineer — DP-2 (MEDIUM) #20,"A team must implement a solution for Deploy and manage networking (VPC, load balancers) in the context of Google Cloud Associate Cloud Engineer?","Implement Deploy and manage networking (VPC, load balancers) using Google best practices for Deploying and Implementing a Cloud Solution, including monitoring and least privilege.",Use an approach that contradicts the exam objective and ignores documented constraints.,"Deploy without monitoring, backup, or access controls required by the blueprint.",Mix controls from unrelated domains that do not address the stated objective.,A,MEDIUM,google-cloud-associate|deploying|DP-2|medium|blueprint-seed,"**Answer: A** — Deploy and manage networking (VPC, load balancers). Review the official Google exam guide (Associate Cloud Engineer) and linked documentation. Objective: DP-2.",https://cloud.google.com/docs|https://cloud.google.com/certification/cloud-engineer
google-cloud-associate,deploying,DP-2,Associate Cloud Engineer — DP-2 (MEDIUM) #21,"Which approach aligns with best practices when Deploy and manage networking (VPC, load balancers) in the context of Google Cloud Associate Cloud Engineer?",Use an approach that contradicts the exam objective and ignores documented constraints.,"Deploy without monitoring, backup, or access controls required by the blueprint.",Mix controls from unrelated domains that do not address the stated objective.,"Apply the official Deploying and Implementing a Cloud Solution guidance: Deploy and manage networking (VPC, load balancers) — this aligns with exam blueprint expectations and vendor documentation.",B,MEDIUM,google-cloud-associate|deploying|DP-2|medium|blueprint-seed,"**Answer: B** — Deploy and manage networking (VPC, load balancers). Review the official Google exam guide (Associate Cloud Engineer) and linked documentation. Objective: DP-2.",https://cloud.google.com/docs|https://cloud.google.com/certification/cloud-engineer
google-cloud-associate,deploying,DP-2,Associate Cloud Engineer — DP-2 (MEDIUM) #22,"During a project review, stakeholders ask how to Deploy and manage networking (VPC, load balancers) in the context of Google Cloud Associate Cloud Engineer?","Deploy without monitoring, backup, or access controls required by the blueprint.",Mix controls from unrelated domains that do not address the stated objective.,"Follow the documented approach for Deploy and manage networking (VPC, load balancers), using recommended services and controls per the exam guide.",Use an approach that contradicts the exam objective and ignores documented constraints.,C,MEDIUM,google-cloud-associate|deploying|DP-2|medium|blueprint-seed,"**Answer: C** — Deploy and manage networking (VPC, load balancers). Review the official Google exam guide (Associate Cloud Engineer) and linked documentation. Objective: DP-2.",https://cloud.google.com/docs|https://cloud.google.com/certification/cloud-engineer
google-cloud-associate,deploying,DP-2,Associate Cloud Engineer — DP-2 (MEDIUM) #23,"Which configuration satisfies requirements for Deploy and manage networking (VPC, load balancers) in the context of Google Cloud Associate Cloud Engineer?",Mix controls from unrelated domains that do not address the stated objective.,"Implement Deploy and manage networking (VPC, load balancers) using Google best practices for Deploying and Implementing a Cloud Solution, including monitoring and least privilege.",Use an approach that contradicts the exam objective and ignores documented constraints.,"Deploy without monitoring, backup, or access controls required by the blueprint.",D,MEDIUM,google-cloud-associate|deploying|DP-2|medium|blueprint-seed,"**Answer: D** — Deploy and manage networking (VPC, load balancers). Review the official Google exam guide (Associate Cloud Engineer) and linked documentation. Objective: DP-2.",https://cloud.google.com/docs|https://cloud.google.com/certification/cloud-engineer
google-cloud-associate,deploying,DP-2,Associate Cloud Engineer — DP-2 (HARD) #24,"A multi-team rollout must balance security and velocity for Deploy and manage networking (VPC, load balancers) for Deploying and Implementing a Cloud Solution?","Apply the official Deploying and Implementing a Cloud Solution guidance: Deploy and manage networking (VPC, load balancers) — this aligns with exam blueprint expectations and vendor documentation.",Use an approach that contradicts the exam objective and ignores documented constraints.,"Deploy without monitoring, backup, or access controls required by the blueprint.",Mix controls from unrelated domains that do not address the stated objective.,A,HARD,google-cloud-associate|deploying|DP-2|hard|blueprint-seed,"**Answer: A** — Deploy and manage networking (VPC, load balancers). Review the official Google exam guide (Associate Cloud Engineer) and linked documentation. Objective: DP-2.",https://cloud.google.com/docs|https://cloud.google.com/certification/cloud-engineer
google-cloud-associate,deploying,DP-2,Associate Cloud Engineer — DP-2 (HARD) #25,"An enterprise requires zero-downtime architecture while Deploy and manage networking (VPC, load balancers) for Deploying and Implementing a Cloud Solution?",Use an approach that contradicts the exam objective and ignores documented constraints.,"Deploy without monitoring, backup, or access controls required by the blueprint.",Mix controls from unrelated domains that do not address the stated objective.,"Follow the documented approach for Deploy and manage networking (VPC, load balancers), using recommended services and controls per the exam guide.",B,HARD,google-cloud-associate|deploying|DP-2|hard|blueprint-seed,"**Answer: B** — Deploy and manage networking (VPC, load balancers). Review the official Google exam guide (Associate Cloud Engineer) and linked documentation. Objective: DP-2.",https://cloud.google.com/docs|https://cloud.google.com/certification/cloud-engineer
google-cloud-associate,deploying,DP-2,Associate Cloud Engineer — DP-2 (HARD) #26,"Given strict compliance, auditability, and multi-region constraints, how should you Deploy and manage networking (VPC, load balancers) for Deploying and Implementing a Cloud Solution?","Deploy without monitoring, backup, or access controls required by the blueprint.",Mix controls from unrelated domains that do not address the stated objective.,"Implement Deploy and manage networking (VPC, load balancers) using Google best practices for Deploying and Implementing a Cloud Solution, including monitoring and least privilege.",Use an approach that contradicts the exam objective and ignores documented constraints.,C,HARD,google-cloud-associate|deploying|DP-2|hard|blueprint-seed,"**Answer: C** — Deploy and manage networking (VPC, load balancers). Review the official Google exam guide (Associate Cloud Engineer) and linked documentation. Objective: DP-2.",https://cloud.google.com/docs|https://cloud.google.com/certification/cloud-engineer
google-cloud-associate,deploying,DP-2,Associate Cloud Engineer — DP-2 (HARD) #27,"A production incident involves trade-offs between cost and resilience for Deploy and manage networking (VPC, load balancers) for Deploying and Implementing a Cloud Solution?",Mix controls from unrelated domains that do not address the stated objective.,"Apply the official Deploying and Implementing a Cloud Solution guidance: Deploy and manage networking (VPC, load balancers) — this aligns with exam blueprint expectations and vendor documentation.",Use an approach that contradicts the exam objective and ignores documented constraints.,"Deploy without monitoring, backup, or access controls required by the blueprint.",D,HARD,google-cloud-associate|deploying|DP-2|hard|blueprint-seed,"**Answer: D** — Deploy and manage networking (VPC, load balancers). Review the official Google exam guide (Associate Cloud Engineer) and linked documentation. Objective: DP-2.",https://cloud.google.com/docs|https://cloud.google.com/certification/cloud-engineer
google-cloud-associate,deploying,DP-2,Associate Cloud Engineer — DP-2 (HARD) #28,"Complex regulatory requirements demand that you Deploy and manage networking (VPC, load balancers) for Deploying and Implementing a Cloud Solution?","Follow the documented approach for Deploy and manage networking (VPC, load balancers), using recommended services and controls per the exam guide.",Use an approach that contradicts the exam objective and ignores documented constraints.,"Deploy without monitoring, backup, or access controls required by the blueprint.",Mix controls from unrelated domains that do not address the stated objective.,A,HARD,google-cloud-associate|deploying|DP-2|hard|blueprint-seed,"**Answer: A** — Deploy and manage networking (VPC, load balancers). Review the official Google exam guide (Associate Cloud Engineer) and linked documentation. Objective: DP-2.",https://cloud.google.com/docs|https://cloud.google.com/certification/cloud-engineer
google-cloud-associate,deploying,DP-2,Associate Cloud Engineer — DP-2 (HARD) #29,"A multi-team rollout must balance security and velocity for Deploy and manage networking (VPC, load balancers) for Deploying and Implementing a Cloud Solution?",Use an approach that contradicts the exam objective and ignores documented constraints.,"Deploy without monitoring, backup, or access controls required by the blueprint.",Mix controls from unrelated domains that do not address the stated objective.,"Implement Deploy and manage networking (VPC, load balancers) using Google best practices for Deploying and Implementing a Cloud Solution, including monitoring and least privilege.",B,HARD,google-cloud-associate|deploying|DP-2|hard|blueprint-seed,"**Answer: B** — Deploy and manage networking (VPC, load balancers). Review the official Google exam guide (Associate Cloud Engineer) and linked documentation. Objective: DP-2.",https://cloud.google.com/docs|https://cloud.google.com/certification/cloud-engineer
google-cloud-associate,deploying,DP-2,Associate Cloud Engineer — DP-2 (HARD) #30,"An enterprise requires zero-downtime architecture while Deploy and manage networking (VPC, load balancers) for Deploying and Implementing a Cloud Solution?","Deploy without monitoring, backup, or access controls required by the blueprint.",Mix controls from unrelated domains that do not address the stated objective.,"Apply the official Deploying and Implementing a Cloud Solution guidance: Deploy and manage networking (VPC, load balancers) — this aligns with exam blueprint expectations and vendor documentation.",Use an approach that contradicts the exam objective and ignores documented constraints.,C,HARD,google-cloud-associate|deploying|DP-2|hard|blueprint-seed,"**Answer: C** — Deploy and manage networking (VPC, load balancers). Review the official Google exam guide (Associate Cloud Engineer) and linked documentation. Objective: DP-2.",https://cloud.google.com/docs|https://cloud.google.com/certification/cloud-engineer
google-cloud-associate,deploying,DP-2,Associate Cloud Engineer — DP-2 (HARD) #31,"Given strict compliance, auditability, and multi-region constraints, how should you Deploy and manage networking (VPC, load balancers) for Deploying and Implementing a Cloud Solution?",Mix controls from unrelated domains that do not address the stated objective.,"Follow the documented approach for Deploy and manage networking (VPC, load balancers), using recommended services and controls per the exam guide.",Use an approach that contradicts the exam objective and ignores documented constraints.,"Deploy without monitoring, backup, or access controls required by the blueprint.",D,HARD,google-cloud-associate|deploying|DP-2|hard|blueprint-seed,"**Answer: D** — Deploy and manage networking (VPC, load balancers). Review the official Google exam guide (Associate Cloud Engineer) and linked documentation. Objective: DP-2.",https://cloud.google.com/docs|https://cloud.google.com/certification/cloud-engineer
google-cloud-associate,deploying,DP-2,Associate Cloud Engineer — DP-2 (HARD) #32,"A production incident involves trade-offs between cost and resilience for Deploy and manage networking (VPC, load balancers) for Deploying and Implementing a Cloud Solution?","Implement Deploy and manage networking (VPC, load balancers) using Google best practices for Deploying and Implementing a Cloud Solution, including monitoring and least privilege.",Use an approach that contradicts the exam objective and ignores documented constraints.,"Deploy without monitoring, backup, or access controls required by the blueprint.",Mix controls from unrelated domains that do not address the stated objective.,A,HARD,google-cloud-associate|deploying|DP-2|hard|blueprint-seed,"**Answer: A** — Deploy and manage networking (VPC, load balancers). Review the official Google exam guide (Associate Cloud Engineer) and linked documentation. Objective: DP-2.",https://cloud.google.com/docs|https://cloud.google.com/certification/cloud-engineer
google-cloud-associate,deploying,DP-3,Associate Cloud Engineer — DP-3 (EASY) #1,"What is the primary purpose of Deploy data services (Cloud SQL, BigQuery, Storage)?",Use an approach that contradicts the exam objective and ignores documented constraints.,"Deploy without monitoring, backup, or access controls required by the blueprint.",Mix controls from unrelated domains that do not address the stated objective.,"Follow the documented approach for Deploy data services (Cloud SQL, BigQuery, Storage), using recommended services and controls per the exam guide.",B,EASY,google-cloud-associate|deploying|DP-3|easy|blueprint-seed,"**Answer: B** — Deploy data services (Cloud SQL, BigQuery, Storage). Review the official Google exam guide (Associate Cloud Engineer) and linked documentation. Objective: DP-3.",https://cloud.google.com/docs|https://cloud.google.com/certification/cloud-engineer
google-cloud-associate,deploying,DP-3,Associate Cloud Engineer — DP-3 (EASY) #2,"Which concept is fundamental to Deploy data services (Cloud SQL, BigQuery, Storage)?","Deploy without monitoring, backup, or access controls required by the blueprint.",Mix controls from unrelated domains that do not address the stated objective.,"Implement Deploy data services (Cloud SQL, BigQuery, Storage) using Google best practices for Deploying and Implementing a Cloud Solution, including monitoring and least privilege.",Use an approach that contradicts the exam objective and ignores documented constraints.,C,EASY,google-cloud-associate|deploying|DP-3|easy|blueprint-seed,"**Answer: C** — Deploy data services (Cloud SQL, BigQuery, Storage). Review the official Google exam guide (Associate Cloud Engineer) and linked documentation. Objective: DP-3.",https://cloud.google.com/docs|https://cloud.google.com/certification/cloud-engineer
google-cloud-associate,deploying,DP-3,Associate Cloud Engineer — DP-3 (EASY) #3,"Identify the core principle behind Deploy data services (Cloud SQL, BigQuery, Storage)?",Mix controls from unrelated domains that do not address the stated objective.,"Apply the official Deploying and Implementing a Cloud Solution guidance: Deploy data services (Cloud SQL, BigQuery, Storage) — this aligns with exam blueprint expectations and vendor documentation.",Use an approach that contradicts the exam objective and ignores documented constraints.,"Deploy without monitoring, backup, or access controls required by the blueprint.",D,EASY,google-cloud-associate|deploying|DP-3|easy|blueprint-seed,"**Answer: D** — Deploy data services (Cloud SQL, BigQuery, Storage). Review the official Google exam guide (Associate Cloud Engineer) and linked documentation. Objective: DP-3.",https://cloud.google.com/docs|https://cloud.google.com/certification/cloud-engineer
google-cloud-associate,deploying,DP-3,Associate Cloud Engineer — DP-3 (EASY) #4,"Which description accurately reflects Deploy data services (Cloud SQL, BigQuery, Storage)?","Follow the documented approach for Deploy data services (Cloud SQL, BigQuery, Storage), using recommended services and controls per the exam guide.",Use an approach that contradicts the exam objective and ignores documented constraints.,"Deploy without monitoring, backup, or access controls required by the blueprint.",Mix controls from unrelated domains that do not address the stated objective.,A,EASY,google-cloud-associate|deploying|DP-3|easy|blueprint-seed,"**Answer: A** — Deploy data services (Cloud SQL, BigQuery, Storage). Review the official Google exam guide (Associate Cloud Engineer) and linked documentation. Objective: DP-3.",https://cloud.google.com/docs|https://cloud.google.com/certification/cloud-engineer
google-cloud-associate,deploying,DP-3,Associate Cloud Engineer — DP-3 (EASY) #5,"Which statement best defines the scope of Deploy data services (Cloud SQL, BigQuery, Storage)?",Use an approach that contradicts the exam objective and ignores documented constraints.,"Deploy without monitoring, backup, or access controls required by the blueprint.",Mix controls from unrelated domains that do not address the stated objective.,"Implement Deploy data services (Cloud SQL, BigQuery, Storage) using Google best practices for Deploying and Implementing a Cloud Solution, including monitoring and least privilege.",B,EASY,google-cloud-associate|deploying|DP-3|easy|blueprint-seed,"**Answer: B** — Deploy data services (Cloud SQL, BigQuery, Storage). Review the official Google exam guide (Associate Cloud Engineer) and linked documentation. Objective: DP-3.",https://cloud.google.com/docs|https://cloud.google.com/certification/cloud-engineer
google-cloud-associate,deploying,DP-3,Associate Cloud Engineer — DP-3 (EASY) #6,"What is the primary purpose of Deploy data services (Cloud SQL, BigQuery, Storage)?","Deploy without monitoring, backup, or access controls required by the blueprint.",Mix controls from unrelated domains that do not address the stated objective.,"Apply the official Deploying and Implementing a Cloud Solution guidance: Deploy data services (Cloud SQL, BigQuery, Storage) — this aligns with exam blueprint expectations and vendor documentation.",Use an approach that contradicts the exam objective and ignores documented constraints.,C,EASY,google-cloud-associate|deploying|DP-3|easy|blueprint-seed,"**Answer: C** — Deploy data services (Cloud SQL, BigQuery, Storage). Review the official Google exam guide (Associate Cloud Engineer) and linked documentation. Objective: DP-3.",https://cloud.google.com/docs|https://cloud.google.com/certification/cloud-engineer
google-cloud-associate,deploying,DP-3,Associate Cloud Engineer — DP-3 (EASY) #7,"Which concept is fundamental to Deploy data services (Cloud SQL, BigQuery, Storage)?",Mix controls from unrelated domains that do not address the stated objective.,"Follow the documented approach for Deploy data services (Cloud SQL, BigQuery, Storage), using recommended services and controls per the exam guide.",Use an approach that contradicts the exam objective and ignores documented constraints.,"Deploy without monitoring, backup, or access controls required by the blueprint.",D,EASY,google-cloud-associate|deploying|DP-3|easy|blueprint-seed,"**Answer: D** — Deploy data services (Cloud SQL, BigQuery, Storage). Review the official Google exam guide (Associate Cloud Engineer) and linked documentation. Objective: DP-3.",https://cloud.google.com/docs|https://cloud.google.com/certification/cloud-engineer
google-cloud-associate,deploying,DP-3,Associate Cloud Engineer — DP-3 (EASY) #8,"Identify the core principle behind Deploy data services (Cloud SQL, BigQuery, Storage)?","Implement Deploy data services (Cloud SQL, BigQuery, Storage) using Google best practices for Deploying and Implementing a Cloud Solution, including monitoring and least privilege.",Use an approach that contradicts the exam objective and ignores documented constraints.,"Deploy without monitoring, backup, or access controls required by the blueprint.",Mix controls from unrelated domains that do not address the stated objective.,A,EASY,google-cloud-associate|deploying|DP-3|easy|blueprint-seed,"**Answer: A** — Deploy data services (Cloud SQL, BigQuery, Storage). Review the official Google exam guide (Associate Cloud Engineer) and linked documentation. Objective: DP-3.",https://cloud.google.com/docs|https://cloud.google.com/certification/cloud-engineer
google-cloud-associate,deploying,DP-3,Associate Cloud Engineer — DP-3 (EASY) #9,"Which description accurately reflects Deploy data services (Cloud SQL, BigQuery, Storage)?",Use an approach that contradicts the exam objective and ignores documented constraints.,"Deploy without monitoring, backup, or access controls required by the blueprint.",Mix controls from unrelated domains that do not address the stated objective.,"Apply the official Deploying and Implementing a Cloud Solution guidance: Deploy data services (Cloud SQL, BigQuery, Storage) — this aligns with exam blueprint expectations and vendor documentation.",B,EASY,google-cloud-associate|deploying|DP-3|easy|blueprint-seed,"**Answer: B** — Deploy data services (Cloud SQL, BigQuery, Storage). Review the official Google exam guide (Associate Cloud Engineer) and linked documentation. Objective: DP-3.",https://cloud.google.com/docs|https://cloud.google.com/certification/cloud-engineer
google-cloud-associate,deploying,DP-3,Associate Cloud Engineer — DP-3 (EASY) #10,"Which statement best defines the scope of Deploy data services (Cloud SQL, BigQuery, Storage)?","Deploy without monitoring, backup, or access controls required by the blueprint.",Mix controls from unrelated domains that do not address the stated objective.,"Follow the documented approach for Deploy data services (Cloud SQL, BigQuery, Storage), using recommended services and controls per the exam guide.",Use an approach that contradicts the exam objective and ignores documented constraints.,C,EASY,google-cloud-associate|deploying|DP-3|easy|blueprint-seed,"**Answer: C** — Deploy data services (Cloud SQL, BigQuery, Storage). Review the official Google exam guide (Associate Cloud Engineer) and linked documentation. Objective: DP-3.",https://cloud.google.com/docs|https://cloud.google.com/certification/cloud-engineer
google-cloud-associate,deploying,DP-3,Associate Cloud Engineer — DP-3 (MEDIUM) #11,"Which approach aligns with best practices when Deploy data services (Cloud SQL, BigQuery, Storage) in the context of Google Cloud Associate Cloud Engineer?",Mix controls from unrelated domains that do not address the stated objective.,"Implement Deploy data services (Cloud SQL, BigQuery, Storage) using Google best practices for Deploying and Implementing a Cloud Solution, including monitoring and least privilege.",Use an approach that contradicts the exam objective and ignores documented constraints.,"Deploy without monitoring, backup, or access controls required by the blueprint.",D,MEDIUM,google-cloud-associate|deploying|DP-3|medium|blueprint-seed,"**Answer: D** — Deploy data services (Cloud SQL, BigQuery, Storage). Review the official Google exam guide (Associate Cloud Engineer) and linked documentation. Objective: DP-3.",https://cloud.google.com/docs|https://cloud.google.com/certification/cloud-engineer
google-cloud-associate,deploying,DP-3,Associate Cloud Engineer — DP-3 (MEDIUM) #12,"During a project review, stakeholders ask how to Deploy data services (Cloud SQL, BigQuery, Storage) in the context of Google Cloud Associate Cloud Engineer?","Apply the official Deploying and Implementing a Cloud Solution guidance: Deploy data services (Cloud SQL, BigQuery, Storage) — this aligns with exam blueprint expectations and vendor documentation.",Use an approach that contradicts the exam objective and ignores documented constraints.,"Deploy without monitoring, backup, or access controls required by the blueprint.",Mix controls from unrelated domains that do not address the stated objective.,A,MEDIUM,google-cloud-associate|deploying|DP-3|medium|blueprint-seed,"**Answer: A** — Deploy data services (Cloud SQL, BigQuery, Storage). Review the official Google exam guide (Associate Cloud Engineer) and linked documentation. Objective: DP-3.",https://cloud.google.com/docs|https://cloud.google.com/certification/cloud-engineer
google-cloud-associate,deploying,DP-3,Associate Cloud Engineer — DP-3 (MEDIUM) #13,"Which configuration satisfies requirements for Deploy data services (Cloud SQL, BigQuery, Storage) in the context of Google Cloud Associate Cloud Engineer?",Use an approach that contradicts the exam objective and ignores documented constraints.,"Deploy without monitoring, backup, or access controls required by the blueprint.",Mix controls from unrelated domains that do not address the stated objective.,"Follow the documented approach for Deploy data services (Cloud SQL, BigQuery, Storage), using recommended services and controls per the exam guide.",B,MEDIUM,google-cloud-associate|deploying|DP-3|medium|blueprint-seed,"**Answer: B** — Deploy data services (Cloud SQL, BigQuery, Storage). Review the official Google exam guide (Associate Cloud Engineer) and linked documentation. Objective: DP-3.",https://cloud.google.com/docs|https://cloud.google.com/certification/cloud-engineer
google-cloud-associate,deploying,DP-3,Associate Cloud Engineer — DP-3 (MEDIUM) #14,"What is the recommended design when applying Deploy data services (Cloud SQL, BigQuery, Storage) in the context of Google Cloud Associate Cloud Engineer?","Deploy without monitoring, backup, or access controls required by the blueprint.",Mix controls from unrelated domains that do not address the stated objective.,"Implement Deploy data services (Cloud SQL, BigQuery, Storage) using Google best practices for Deploying and Implementing a Cloud Solution, including monitoring and least privilege.",Use an approach that contradicts the exam objective and ignores documented constraints.,C,MEDIUM,google-cloud-associate|deploying|DP-3|medium|blueprint-seed,"**Answer: C** — Deploy data services (Cloud SQL, BigQuery, Storage). Review the official Google exam guide (Associate Cloud Engineer) and linked documentation. Objective: DP-3.",https://cloud.google.com/docs|https://cloud.google.com/certification/cloud-engineer
google-cloud-associate,deploying,DP-3,Associate Cloud Engineer — DP-3 (MEDIUM) #15,"A team must implement a solution for Deploy data services (Cloud SQL, BigQuery, Storage) in the context of Google Cloud Associate Cloud Engineer?",Mix controls from unrelated domains that do not address the stated objective.,"Apply the official Deploying and Implementing a Cloud Solution guidance: Deploy data services (Cloud SQL, BigQuery, Storage) — this aligns with exam blueprint expectations and vendor documentation.",Use an approach that contradicts the exam objective and ignores documented constraints.,"Deploy without monitoring, backup, or access controls required by the blueprint.",D,MEDIUM,google-cloud-associate|deploying|DP-3|medium|blueprint-seed,"**Answer: D** — Deploy data services (Cloud SQL, BigQuery, Storage). Review the official Google exam guide (Associate Cloud Engineer) and linked documentation. Objective: DP-3.",https://cloud.google.com/docs|https://cloud.google.com/certification/cloud-engineer
google-cloud-associate,deploying,DP-3,Associate Cloud Engineer — DP-3 (MEDIUM) #16,"Which approach aligns with best practices when Deploy data services (Cloud SQL, BigQuery, Storage) in the context of Google Cloud Associate Cloud Engineer?","Follow the documented approach for Deploy data services (Cloud SQL, BigQuery, Storage), using recommended services and controls per the exam guide.",Use an approach that contradicts the exam objective and ignores documented constraints.,"Deploy without monitoring, backup, or access controls required by the blueprint.",Mix controls from unrelated domains that do not address the stated objective.,A,MEDIUM,google-cloud-associate|deploying|DP-3|medium|blueprint-seed,"**Answer: A** — Deploy data services (Cloud SQL, BigQuery, Storage). Review the official Google exam guide (Associate Cloud Engineer) and linked documentation. Objective: DP-3.",https://cloud.google.com/docs|https://cloud.google.com/certification/cloud-engineer
google-cloud-associate,deploying,DP-3,Associate Cloud Engineer — DP-3 (MEDIUM) #17,"During a project review, stakeholders ask how to Deploy data services (Cloud SQL, BigQuery, Storage) in the context of Google Cloud Associate Cloud Engineer?",Use an approach that contradicts the exam objective and ignores documented constraints.,"Deploy without monitoring, backup, or access controls required by the blueprint.",Mix controls from unrelated domains that do not address the stated objective.,"Implement Deploy data services (Cloud SQL, BigQuery, Storage) using Google best practices for Deploying and Implementing a Cloud Solution, including monitoring and least privilege.",B,MEDIUM,google-cloud-associate|deploying|DP-3|medium|blueprint-seed,"**Answer: B** — Deploy data services (Cloud SQL, BigQuery, Storage). Review the official Google exam guide (Associate Cloud Engineer) and linked documentation. Objective: DP-3.",https://cloud.google.com/docs|https://cloud.google.com/certification/cloud-engineer
google-cloud-associate,deploying,DP-3,Associate Cloud Engineer — DP-3 (MEDIUM) #18,"Which configuration satisfies requirements for Deploy data services (Cloud SQL, BigQuery, Storage) in the context of Google Cloud Associate Cloud Engineer?","Deploy without monitoring, backup, or access controls required by the blueprint.",Mix controls from unrelated domains that do not address the stated objective.,"Apply the official Deploying and Implementing a Cloud Solution guidance: Deploy data services (Cloud SQL, BigQuery, Storage) — this aligns with exam blueprint expectations and vendor documentation.",Use an approach that contradicts the exam objective and ignores documented constraints.,C,MEDIUM,google-cloud-associate|deploying|DP-3|medium|blueprint-seed,"**Answer: C** — Deploy data services (Cloud SQL, BigQuery, Storage). Review the official Google exam guide (Associate Cloud Engineer) and linked documentation. Objective: DP-3.",https://cloud.google.com/docs|https://cloud.google.com/certification/cloud-engineer
google-cloud-associate,deploying,DP-3,Associate Cloud Engineer — DP-3 (MEDIUM) #19,"What is the recommended design when applying Deploy data services (Cloud SQL, BigQuery, Storage) in the context of Google Cloud Associate Cloud Engineer?",Mix controls from unrelated domains that do not address the stated objective.,"Follow the documented approach for Deploy data services (Cloud SQL, BigQuery, Storage), using recommended services and controls per the exam guide.",Use an approach that contradicts the exam objective and ignores documented constraints.,"Deploy without monitoring, backup, or access controls required by the blueprint.",D,MEDIUM,google-cloud-associate|deploying|DP-3|medium|blueprint-seed,"**Answer: D** — Deploy data services (Cloud SQL, BigQuery, Storage). Review the official Google exam guide (Associate Cloud Engineer) and linked documentation. Objective: DP-3.",https://cloud.google.com/docs|https://cloud.google.com/certification/cloud-engineer
google-cloud-associate,deploying,DP-3,Associate Cloud Engineer — DP-3 (MEDIUM) #20,"A team must implement a solution for Deploy data services (Cloud SQL, BigQuery, Storage) in the context of Google Cloud Associate Cloud Engineer?","Implement Deploy data services (Cloud SQL, BigQuery, Storage) using Google best practices for Deploying and Implementing a Cloud Solution, including monitoring and least privilege.",Use an approach that contradicts the exam objective and ignores documented constraints.,"Deploy without monitoring, backup, or access controls required by the blueprint.",Mix controls from unrelated domains that do not address the stated objective.,A,MEDIUM,google-cloud-associate|deploying|DP-3|medium|blueprint-seed,"**Answer: A** — Deploy data services (Cloud SQL, BigQuery, Storage). Review the official Google exam guide (Associate Cloud Engineer) and linked documentation. Objective: DP-3.",https://cloud.google.com/docs|https://cloud.google.com/certification/cloud-engineer
google-cloud-associate,deploying,DP-3,Associate Cloud Engineer — DP-3 (MEDIUM) #21,"Which approach aligns with best practices when Deploy data services (Cloud SQL, BigQuery, Storage) in the context of Google Cloud Associate Cloud Engineer?",Use an approach that contradicts the exam objective and ignores documented constraints.,"Deploy without monitoring, backup, or access controls required by the blueprint.",Mix controls from unrelated domains that do not address the stated objective.,"Apply the official Deploying and Implementing a Cloud Solution guidance: Deploy data services (Cloud SQL, BigQuery, Storage) — this aligns with exam blueprint expectations and vendor documentation.",B,MEDIUM,google-cloud-associate|deploying|DP-3|medium|blueprint-seed,"**Answer: B** — Deploy data services (Cloud SQL, BigQuery, Storage). Review the official Google exam guide (Associate Cloud Engineer) and linked documentation. Objective: DP-3.",https://cloud.google.com/docs|https://cloud.google.com/certification/cloud-engineer
google-cloud-associate,deploying,DP-3,Associate Cloud Engineer — DP-3 (MEDIUM) #22,"During a project review, stakeholders ask how to Deploy data services (Cloud SQL, BigQuery, Storage) in the context of Google Cloud Associate Cloud Engineer?","Deploy without monitoring, backup, or access controls required by the blueprint.",Mix controls from unrelated domains that do not address the stated objective.,"Follow the documented approach for Deploy data services (Cloud SQL, BigQuery, Storage), using recommended services and controls per the exam guide.",Use an approach that contradicts the exam objective and ignores documented constraints.,C,MEDIUM,google-cloud-associate|deploying|DP-3|medium|blueprint-seed,"**Answer: C** — Deploy data services (Cloud SQL, BigQuery, Storage). Review the official Google exam guide (Associate Cloud Engineer) and linked documentation. Objective: DP-3.",https://cloud.google.com/docs|https://cloud.google.com/certification/cloud-engineer
google-cloud-associate,deploying,DP-3,Associate Cloud Engineer — DP-3 (MEDIUM) #23,"Which configuration satisfies requirements for Deploy data services (Cloud SQL, BigQuery, Storage) in the context of Google Cloud Associate Cloud Engineer?",Mix controls from unrelated domains that do not address the stated objective.,"Implement Deploy data services (Cloud SQL, BigQuery, Storage) using Google best practices for Deploying and Implementing a Cloud Solution, including monitoring and least privilege.",Use an approach that contradicts the exam objective and ignores documented constraints.,"Deploy without monitoring, backup, or access controls required by the blueprint.",D,MEDIUM,google-cloud-associate|deploying|DP-3|medium|blueprint-seed,"**Answer: D** — Deploy data services (Cloud SQL, BigQuery, Storage). Review the official Google exam guide (Associate Cloud Engineer) and linked documentation. Objective: DP-3.",https://cloud.google.com/docs|https://cloud.google.com/certification/cloud-engineer
google-cloud-associate,deploying,DP-3,Associate Cloud Engineer — DP-3 (HARD) #24,"A multi-team rollout must balance security and velocity for Deploy data services (Cloud SQL, BigQuery, Storage) for Deploying and Implementing a Cloud Solution?","Apply the official Deploying and Implementing a Cloud Solution guidance: Deploy data services (Cloud SQL, BigQuery, Storage) — this aligns with exam blueprint expectations and vendor documentation.",Use an approach that contradicts the exam objective and ignores documented constraints.,"Deploy without monitoring, backup, or access controls required by the blueprint.",Mix controls from unrelated domains that do not address the stated objective.,A,HARD,google-cloud-associate|deploying|DP-3|hard|blueprint-seed,"**Answer: A** — Deploy data services (Cloud SQL, BigQuery, Storage). Review the official Google exam guide (Associate Cloud Engineer) and linked documentation. Objective: DP-3.",https://cloud.google.com/docs|https://cloud.google.com/certification/cloud-engineer
google-cloud-associate,deploying,DP-3,Associate Cloud Engineer — DP-3 (HARD) #25,"An enterprise requires zero-downtime architecture while Deploy data services (Cloud SQL, BigQuery, Storage) for Deploying and Implementing a Cloud Solution?",Use an approach that contradicts the exam objective and ignores documented constraints.,"Deploy without monitoring, backup, or access controls required by the blueprint.",Mix controls from unrelated domains that do not address the stated objective.,"Follow the documented approach for Deploy data services (Cloud SQL, BigQuery, Storage), using recommended services and controls per the exam guide.",B,HARD,google-cloud-associate|deploying|DP-3|hard|blueprint-seed,"**Answer: B** — Deploy data services (Cloud SQL, BigQuery, Storage). Review the official Google exam guide (Associate Cloud Engineer) and linked documentation. Objective: DP-3.",https://cloud.google.com/docs|https://cloud.google.com/certification/cloud-engineer
google-cloud-associate,deploying,DP-3,Associate Cloud Engineer — DP-3 (HARD) #26,"Given strict compliance, auditability, and multi-region constraints, how should you Deploy data services (Cloud SQL, BigQuery, Storage) for Deploying and Implementing a Cloud Solution?","Deploy without monitoring, backup, or access controls required by the blueprint.",Mix controls from unrelated domains that do not address the stated objective.,"Implement Deploy data services (Cloud SQL, BigQuery, Storage) using Google best practices for Deploying and Implementing a Cloud Solution, including monitoring and least privilege.",Use an approach that contradicts the exam objective and ignores documented constraints.,C,HARD,google-cloud-associate|deploying|DP-3|hard|blueprint-seed,"**Answer: C** — Deploy data services (Cloud SQL, BigQuery, Storage). Review the official Google exam guide (Associate Cloud Engineer) and linked documentation. Objective: DP-3.",https://cloud.google.com/docs|https://cloud.google.com/certification/cloud-engineer
google-cloud-associate,deploying,DP-3,Associate Cloud Engineer — DP-3 (HARD) #27,"A production incident involves trade-offs between cost and resilience for Deploy data services (Cloud SQL, BigQuery, Storage) for Deploying and Implementing a Cloud Solution?",Mix controls from unrelated domains that do not address the stated objective.,"Apply the official Deploying and Implementing a Cloud Solution guidance: Deploy data services (Cloud SQL, BigQuery, Storage) — this aligns with exam blueprint expectations and vendor documentation.",Use an approach that contradicts the exam objective and ignores documented constraints.,"Deploy without monitoring, backup, or access controls required by the blueprint.",D,HARD,google-cloud-associate|deploying|DP-3|hard|blueprint-seed,"**Answer: D** — Deploy data services (Cloud SQL, BigQuery, Storage). Review the official Google exam guide (Associate Cloud Engineer) and linked documentation. Objective: DP-3.",https://cloud.google.com/docs|https://cloud.google.com/certification/cloud-engineer
google-cloud-associate,deploying,DP-3,Associate Cloud Engineer — DP-3 (HARD) #28,"Complex regulatory requirements demand that you Deploy data services (Cloud SQL, BigQuery, Storage) for Deploying and Implementing a Cloud Solution?","Follow the documented approach for Deploy data services (Cloud SQL, BigQuery, Storage), using recommended services and controls per the exam guide.",Use an approach that contradicts the exam objective and ignores documented constraints.,"Deploy without monitoring, backup, or access controls required by the blueprint.",Mix controls from unrelated domains that do not address the stated objective.,A,HARD,google-cloud-associate|deploying|DP-3|hard|blueprint-seed,"**Answer: A** — Deploy data services (Cloud SQL, BigQuery, Storage). Review the official Google exam guide (Associate Cloud Engineer) and linked documentation. Objective: DP-3.",https://cloud.google.com/docs|https://cloud.google.com/certification/cloud-engineer
google-cloud-associate,deploying,DP-3,Associate Cloud Engineer — DP-3 (HARD) #29,"A multi-team rollout must balance security and velocity for Deploy data services (Cloud SQL, BigQuery, Storage) for Deploying and Implementing a Cloud Solution?",Use an approach that contradicts the exam objective and ignores documented constraints.,"Deploy without monitoring, backup, or access controls required by the blueprint.",Mix controls from unrelated domains that do not address the stated objective.,"Implement Deploy data services (Cloud SQL, BigQuery, Storage) using Google best practices for Deploying and Implementing a Cloud Solution, including monitoring and least privilege.",B,HARD,google-cloud-associate|deploying|DP-3|hard|blueprint-seed,"**Answer: B** — Deploy data services (Cloud SQL, BigQuery, Storage). Review the official Google exam guide (Associate Cloud Engineer) and linked documentation. Objective: DP-3.",https://cloud.google.com/docs|https://cloud.google.com/certification/cloud-engineer
google-cloud-associate,deploying,DP-3,Associate Cloud Engineer — DP-3 (HARD) #30,"An enterprise requires zero-downtime architecture while Deploy data services (Cloud SQL, BigQuery, Storage) for Deploying and Implementing a Cloud Solution?","Deploy without monitoring, backup, or access controls required by the blueprint.",Mix controls from unrelated domains that do not address the stated objective.,"Apply the official Deploying and Implementing a Cloud Solution guidance: Deploy data services (Cloud SQL, BigQuery, Storage) — this aligns with exam blueprint expectations and vendor documentation.",Use an approach that contradicts the exam objective and ignores documented constraints.,C,HARD,google-cloud-associate|deploying|DP-3|hard|blueprint-seed,"**Answer: C** — Deploy data services (Cloud SQL, BigQuery, Storage). Review the official Google exam guide (Associate Cloud Engineer) and linked documentation. Objective: DP-3.",https://cloud.google.com/docs|https://cloud.google.com/certification/cloud-engineer
google-cloud-associate,deploying,DP-3,Associate Cloud Engineer — DP-3 (HARD) #31,"Given strict compliance, auditability, and multi-region constraints, how should you Deploy data services (Cloud SQL, BigQuery, Storage) for Deploying and Implementing a Cloud Solution?",Mix controls from unrelated domains that do not address the stated objective.,"Follow the documented approach for Deploy data services (Cloud SQL, BigQuery, Storage), using recommended services and controls per the exam guide.",Use an approach that contradicts the exam objective and ignores documented constraints.,"Deploy without monitoring, backup, or access controls required by the blueprint.",D,HARD,google-cloud-associate|deploying|DP-3|hard|blueprint-seed,"**Answer: D** — Deploy data services (Cloud SQL, BigQuery, Storage). Review the official Google exam guide (Associate Cloud Engineer) and linked documentation. Objective: DP-3.",https://cloud.google.com/docs|https://cloud.google.com/certification/cloud-engineer
google-cloud-associate,deploying,DP-3,Associate Cloud Engineer — DP-3 (HARD) #32,"A production incident involves trade-offs between cost and resilience for Deploy data services (Cloud SQL, BigQuery, Storage) for Deploying and Implementing a Cloud Solution?","Implement Deploy data services (Cloud SQL, BigQuery, Storage) using Google best practices for Deploying and Implementing a Cloud Solution, including monitoring and least privilege.",Use an approach that contradicts the exam objective and ignores documented constraints.,"Deploy without monitoring, backup, or access controls required by the blueprint.",Mix controls from unrelated domains that do not address the stated objective.,A,HARD,google-cloud-associate|deploying|DP-3|hard|blueprint-seed,"**Answer: A** — Deploy data services (Cloud SQL, BigQuery, Storage). Review the official Google exam guide (Associate Cloud Engineer) and linked documentation. Objective: DP-3.",https://cloud.google.com/docs|https://cloud.google.com/certification/cloud-engineer
google-cloud-associate,deploying,DP-4,Associate Cloud Engineer — DP-4 (EASY) #1,What is the primary purpose of Implement CI/CD with Cloud Build?,Use an approach that contradicts the exam objective and ignores documented constraints.,"Deploy without monitoring, backup, or access controls required by the blueprint.",Mix controls from unrelated domains that do not address the stated objective.,"Follow the documented approach for Implement CI/CD with Cloud Build, using recommended services and controls per the exam guide.",B,EASY,google-cloud-associate|deploying|DP-4|easy|blueprint-seed,**Answer: B** — Implement CI/CD with Cloud Build. Review the official Google exam guide (Associate Cloud Engineer) and linked documentation. Objective: DP-4.,https://cloud.google.com/docs|https://cloud.google.com/certification/cloud-engineer
google-cloud-associate,deploying,DP-4,Associate Cloud Engineer — DP-4 (EASY) #2,Which concept is fundamental to Implement CI/CD with Cloud Build?,"Deploy without monitoring, backup, or access controls required by the blueprint.",Mix controls from unrelated domains that do not address the stated objective.,"Implement Implement CI/CD with Cloud Build using Google best practices for Deploying and Implementing a Cloud Solution, including monitoring and least privilege.",Use an approach that contradicts the exam objective and ignores documented constraints.,C,EASY,google-cloud-associate|deploying|DP-4|easy|blueprint-seed,**Answer: C** — Implement CI/CD with Cloud Build. Review the official Google exam guide (Associate Cloud Engineer) and linked documentation. Objective: DP-4.,https://cloud.google.com/docs|https://cloud.google.com/certification/cloud-engineer
google-cloud-associate,deploying,DP-4,Associate Cloud Engineer — DP-4 (EASY) #3,Identify the core principle behind Implement CI/CD with Cloud Build?,Mix controls from unrelated domains that do not address the stated objective.,Apply the official Deploying and Implementing a Cloud Solution guidance: Implement CI/CD with Cloud Build — this aligns with exam blueprint expectations and vendor documentation.,Use an approach that contradicts the exam objective and ignores documented constraints.,"Deploy without monitoring, backup, or access controls required by the blueprint.",D,EASY,google-cloud-associate|deploying|DP-4|easy|blueprint-seed,**Answer: D** — Implement CI/CD with Cloud Build. Review the official Google exam guide (Associate Cloud Engineer) and linked documentation. Objective: DP-4.,https://cloud.google.com/docs|https://cloud.google.com/certification/cloud-engineer
google-cloud-associate,deploying,DP-4,Associate Cloud Engineer — DP-4 (EASY) #4,Which description accurately reflects Implement CI/CD with Cloud Build?,"Follow the documented approach for Implement CI/CD with Cloud Build, using recommended services and controls per the exam guide.",Use an approach that contradicts the exam objective and ignores documented constraints.,"Deploy without monitoring, backup, or access controls required by the blueprint.",Mix controls from unrelated domains that do not address the stated objective.,A,EASY,google-cloud-associate|deploying|DP-4|easy|blueprint-seed,**Answer: A** — Implement CI/CD with Cloud Build. Review the official Google exam guide (Associate Cloud Engineer) and linked documentation. Objective: DP-4.,https://cloud.google.com/docs|https://cloud.google.com/certification/cloud-engineer
google-cloud-associate,deploying,DP-4,Associate Cloud Engineer — DP-4 (EASY) #5,Which statement best defines the scope of Implement CI/CD with Cloud Build?,Use an approach that contradicts the exam objective and ignores documented constraints.,"Deploy without monitoring, backup, or access controls required by the blueprint.",Mix controls from unrelated domains that do not address the stated objective.,"Implement Implement CI/CD with Cloud Build using Google best practices for Deploying and Implementing a Cloud Solution, including monitoring and least privilege.",B,EASY,google-cloud-associate|deploying|DP-4|easy|blueprint-seed,**Answer: B** — Implement CI/CD with Cloud Build. Review the official Google exam guide (Associate Cloud Engineer) and linked documentation. Objective: DP-4.,https://cloud.google.com/docs|https://cloud.google.com/certification/cloud-engineer
google-cloud-associate,deploying,DP-4,Associate Cloud Engineer — DP-4 (EASY) #6,What is the primary purpose of Implement CI/CD with Cloud Build?,"Deploy without monitoring, backup, or access controls required by the blueprint.",Mix controls from unrelated domains that do not address the stated objective.,Apply the official Deploying and Implementing a Cloud Solution guidance: Implement CI/CD with Cloud Build — this aligns with exam blueprint expectations and vendor documentation.,Use an approach that contradicts the exam objective and ignores documented constraints.,C,EASY,google-cloud-associate|deploying|DP-4|easy|blueprint-seed,**Answer: C** — Implement CI/CD with Cloud Build. Review the official Google exam guide (Associate Cloud Engineer) and linked documentation. Objective: DP-4.,https://cloud.google.com/docs|https://cloud.google.com/certification/cloud-engineer
google-cloud-associate,deploying,DP-4,Associate Cloud Engineer — DP-4 (EASY) #7,Which concept is fundamental to Implement CI/CD with Cloud Build?,Mix controls from unrelated domains that do not address the stated objective.,"Follow the documented approach for Implement CI/CD with Cloud Build, using recommended services and controls per the exam guide.",Use an approach that contradicts the exam objective and ignores documented constraints.,"Deploy without monitoring, backup, or access controls required by the blueprint.",D,EASY,google-cloud-associate|deploying|DP-4|easy|blueprint-seed,**Answer: D** — Implement CI/CD with Cloud Build. Review the official Google exam guide (Associate Cloud Engineer) and linked documentation. Objective: DP-4.,https://cloud.google.com/docs|https://cloud.google.com/certification/cloud-engineer
google-cloud-associate,deploying,DP-4,Associate Cloud Engineer — DP-4 (EASY) #8,Identify the core principle behind Implement CI/CD with Cloud Build?,"Implement Implement CI/CD with Cloud Build using Google best practices for Deploying and Implementing a Cloud Solution, including monitoring and least privilege.",Use an approach that contradicts the exam objective and ignores documented constraints.,"Deploy without monitoring, backup, or access controls required by the blueprint.",Mix controls from unrelated domains that do not address the stated objective.,A,EASY,google-cloud-associate|deploying|DP-4|easy|blueprint-seed,**Answer: A** — Implement CI/CD with Cloud Build. Review the official Google exam guide (Associate Cloud Engineer) and linked documentation. Objective: DP-4.,https://cloud.google.com/docs|https://cloud.google.com/certification/cloud-engineer
google-cloud-associate,deploying,DP-4,Associate Cloud Engineer — DP-4 (EASY) #9,Which description accurately reflects Implement CI/CD with Cloud Build?,Use an approach that contradicts the exam objective and ignores documented constraints.,"Deploy without monitoring, backup, or access controls required by the blueprint.",Mix controls from unrelated domains that do not address the stated objective.,Apply the official Deploying and Implementing a Cloud Solution guidance: Implement CI/CD with Cloud Build — this aligns with exam blueprint expectations and vendor documentation.,B,EASY,google-cloud-associate|deploying|DP-4|easy|blueprint-seed,**Answer: B** — Implement CI/CD with Cloud Build. Review the official Google exam guide (Associate Cloud Engineer) and linked documentation. Objective: DP-4.,https://cloud.google.com/docs|https://cloud.google.com/certification/cloud-engineer
google-cloud-associate,deploying,DP-4,Associate Cloud Engineer — DP-4 (MEDIUM) #10,A team must implement a solution for Implement CI/CD with Cloud Build in the context of Google Cloud Associate Cloud Engineer?,"Deploy without monitoring, backup, or access controls required by the blueprint.",Mix controls from unrelated domains that do not address the stated objective.,"Follow the documented approach for Implement CI/CD with Cloud Build, using recommended services and controls per the exam guide.",Use an approach that contradicts the exam objective and ignores documented constraints.,C,MEDIUM,google-cloud-associate|deploying|DP-4|medium|blueprint-seed,**Answer: C** — Implement CI/CD with Cloud Build. Review the official Google exam guide (Associate Cloud Engineer) and linked documentation. Objective: DP-4.,https://cloud.google.com/docs|https://cloud.google.com/certification/cloud-engineer
google-cloud-associate,deploying,DP-4,Associate Cloud Engineer — DP-4 (MEDIUM) #11,Which approach aligns with best practices when Implement CI/CD with Cloud Build in the context of Google Cloud Associate Cloud Engineer?,Mix controls from unrelated domains that do not address the stated objective.,"Implement Implement CI/CD with Cloud Build using Google best practices for Deploying and Implementing a Cloud Solution, including monitoring and least privilege.",Use an approach that contradicts the exam objective and ignores documented constraints.,"Deploy without monitoring, backup, or access controls required by the blueprint.",D,MEDIUM,google-cloud-associate|deploying|DP-4|medium|blueprint-seed,**Answer: D** — Implement CI/CD with Cloud Build. Review the official Google exam guide (Associate Cloud Engineer) and linked documentation. Objective: DP-4.,https://cloud.google.com/docs|https://cloud.google.com/certification/cloud-engineer
google-cloud-associate,deploying,DP-4,Associate Cloud Engineer — DP-4 (MEDIUM) #12,"During a project review, stakeholders ask how to Implement CI/CD with Cloud Build in the context of Google Cloud Associate Cloud Engineer?",Apply the official Deploying and Implementing a Cloud Solution guidance: Implement CI/CD with Cloud Build — this aligns with exam blueprint expectations and vendor documentation.,Use an approach that contradicts the exam objective and ignores documented constraints.,"Deploy without monitoring, backup, or access controls required by the blueprint.",Mix controls from unrelated domains that do not address the stated objective.,A,MEDIUM,google-cloud-associate|deploying|DP-4|medium|blueprint-seed,**Answer: A** — Implement CI/CD with Cloud Build. Review the official Google exam guide (Associate Cloud Engineer) and linked documentation. Objective: DP-4.,https://cloud.google.com/docs|https://cloud.google.com/certification/cloud-engineer
google-cloud-associate,deploying,DP-4,Associate Cloud Engineer — DP-4 (MEDIUM) #13,Which configuration satisfies requirements for Implement CI/CD with Cloud Build in the context of Google Cloud Associate Cloud Engineer?,Use an approach that contradicts the exam objective and ignores documented constraints.,"Deploy without monitoring, backup, or access controls required by the blueprint.",Mix controls from unrelated domains that do not address the stated objective.,"Follow the documented approach for Implement CI/CD with Cloud Build, using recommended services and controls per the exam guide.",B,MEDIUM,google-cloud-associate|deploying|DP-4|medium|blueprint-seed,**Answer: B** — Implement CI/CD with Cloud Build. Review the official Google exam guide (Associate Cloud Engineer) and linked documentation. Objective: DP-4.,https://cloud.google.com/docs|https://cloud.google.com/certification/cloud-engineer
google-cloud-associate,deploying,DP-4,Associate Cloud Engineer — DP-4 (MEDIUM) #14,What is the recommended design when applying Implement CI/CD with Cloud Build in the context of Google Cloud Associate Cloud Engineer?,"Deploy without monitoring, backup, or access controls required by the blueprint.",Mix controls from unrelated domains that do not address the stated objective.,"Implement Implement CI/CD with Cloud Build using Google best practices for Deploying and Implementing a Cloud Solution, including monitoring and least privilege.",Use an approach that contradicts the exam objective and ignores documented constraints.,C,MEDIUM,google-cloud-associate|deploying|DP-4|medium|blueprint-seed,**Answer: C** — Implement CI/CD with Cloud Build. Review the official Google exam guide (Associate Cloud Engineer) and linked documentation. Objective: DP-4.,https://cloud.google.com/docs|https://cloud.google.com/certification/cloud-engineer
google-cloud-associate,deploying,DP-4,Associate Cloud Engineer — DP-4 (MEDIUM) #15,A team must implement a solution for Implement CI/CD with Cloud Build in the context of Google Cloud Associate Cloud Engineer?,Mix controls from unrelated domains that do not address the stated objective.,Apply the official Deploying and Implementing a Cloud Solution guidance: Implement CI/CD with Cloud Build — this aligns with exam blueprint expectations and vendor documentation.,Use an approach that contradicts the exam objective and ignores documented constraints.,"Deploy without monitoring, backup, or access controls required by the blueprint.",D,MEDIUM,google-cloud-associate|deploying|DP-4|medium|blueprint-seed,**Answer: D** — Implement CI/CD with Cloud Build. Review the official Google exam guide (Associate Cloud Engineer) and linked documentation. Objective: DP-4.,https://cloud.google.com/docs|https://cloud.google.com/certification/cloud-engineer
google-cloud-associate,deploying,DP-4,Associate Cloud Engineer — DP-4 (MEDIUM) #16,Which approach aligns with best practices when Implement CI/CD with Cloud Build in the context of Google Cloud Associate Cloud Engineer?,"Follow the documented approach for Implement CI/CD with Cloud Build, using recommended services and controls per the exam guide.",Use an approach that contradicts the exam objective and ignores documented constraints.,"Deploy without monitoring, backup, or access controls required by the blueprint.",Mix controls from unrelated domains that do not address the stated objective.,A,MEDIUM,google-cloud-associate|deploying|DP-4|medium|blueprint-seed,**Answer: A** — Implement CI/CD with Cloud Build. Review the official Google exam guide (Associate Cloud Engineer) and linked documentation. Objective: DP-4.,https://cloud.google.com/docs|https://cloud.google.com/certification/cloud-engineer
google-cloud-associate,deploying,DP-4,Associate Cloud Engineer — DP-4 (MEDIUM) #17,"During a project review, stakeholders ask how to Implement CI/CD with Cloud Build in the context of Google Cloud Associate Cloud Engineer?",Use an approach that contradicts the exam objective and ignores documented constraints.,"Deploy without monitoring, backup, or access controls required by the blueprint.",Mix controls from unrelated domains that do not address the stated objective.,"Implement Implement CI/CD with Cloud Build using Google best practices for Deploying and Implementing a Cloud Solution, including monitoring and least privilege.",B,MEDIUM,google-cloud-associate|deploying|DP-4|medium|blueprint-seed,**Answer: B** — Implement CI/CD with Cloud Build. Review the official Google exam guide (Associate Cloud Engineer) and linked documentation. Objective: DP-4.,https://cloud.google.com/docs|https://cloud.google.com/certification/cloud-engineer
google-cloud-associate,deploying,DP-4,Associate Cloud Engineer — DP-4 (MEDIUM) #18,Which configuration satisfies requirements for Implement CI/CD with Cloud Build in the context of Google Cloud Associate Cloud Engineer?,"Deploy without monitoring, backup, or access controls required by the blueprint.",Mix controls from unrelated domains that do not address the stated objective.,Apply the official Deploying and Implementing a Cloud Solution guidance: Implement CI/CD with Cloud Build — this aligns with exam blueprint expectations and vendor documentation.,Use an approach that contradicts the exam objective and ignores documented constraints.,C,MEDIUM,google-cloud-associate|deploying|DP-4|medium|blueprint-seed,**Answer: C** — Implement CI/CD with Cloud Build. Review the official Google exam guide (Associate Cloud Engineer) and linked documentation. Objective: DP-4.,https://cloud.google.com/docs|https://cloud.google.com/certification/cloud-engineer
google-cloud-associate,deploying,DP-4,Associate Cloud Engineer — DP-4 (MEDIUM) #19,What is the recommended design when applying Implement CI/CD with Cloud Build in the context of Google Cloud Associate Cloud Engineer?,Mix controls from unrelated domains that do not address the stated objective.,"Follow the documented approach for Implement CI/CD with Cloud Build, using recommended services and controls per the exam guide.",Use an approach that contradicts the exam objective and ignores documented constraints.,"Deploy without monitoring, backup, or access controls required by the blueprint.",D,MEDIUM,google-cloud-associate|deploying|DP-4|medium|blueprint-seed,**Answer: D** — Implement CI/CD with Cloud Build. Review the official Google exam guide (Associate Cloud Engineer) and linked documentation. Objective: DP-4.,https://cloud.google.com/docs|https://cloud.google.com/certification/cloud-engineer
google-cloud-associate,deploying,DP-4,Associate Cloud Engineer — DP-4 (MEDIUM) #20,A team must implement a solution for Implement CI/CD with Cloud Build in the context of Google Cloud Associate Cloud Engineer?,"Implement Implement CI/CD with Cloud Build using Google best practices for Deploying and Implementing a Cloud Solution, including monitoring and least privilege.",Use an approach that contradicts the exam objective and ignores documented constraints.,"Deploy without monitoring, backup, or access controls required by the blueprint.",Mix controls from unrelated domains that do not address the stated objective.,A,MEDIUM,google-cloud-associate|deploying|DP-4|medium|blueprint-seed,**Answer: A** — Implement CI/CD with Cloud Build. Review the official Google exam guide (Associate Cloud Engineer) and linked documentation. Objective: DP-4.,https://cloud.google.com/docs|https://cloud.google.com/certification/cloud-engineer
google-cloud-associate,deploying,DP-4,Associate Cloud Engineer — DP-4 (MEDIUM) #21,Which approach aligns with best practices when Implement CI/CD with Cloud Build in the context of Google Cloud Associate Cloud Engineer?,Use an approach that contradicts the exam objective and ignores documented constraints.,"Deploy without monitoring, backup, or access controls required by the blueprint.",Mix controls from unrelated domains that do not address the stated objective.,Apply the official Deploying and Implementing a Cloud Solution guidance: Implement CI/CD with Cloud Build — this aligns with exam blueprint expectations and vendor documentation.,B,MEDIUM,google-cloud-associate|deploying|DP-4|medium|blueprint-seed,**Answer: B** — Implement CI/CD with Cloud Build. Review the official Google exam guide (Associate Cloud Engineer) and linked documentation. Objective: DP-4.,https://cloud.google.com/docs|https://cloud.google.com/certification/cloud-engineer
google-cloud-associate,deploying,DP-4,Associate Cloud Engineer — DP-4 (HARD) #22,A production incident involves trade-offs between cost and resilience for Implement CI/CD with Cloud Build for Deploying and Implementing a Cloud Solution?,"Deploy without monitoring, backup, or access controls required by the blueprint.",Mix controls from unrelated domains that do not address the stated objective.,"Follow the documented approach for Implement CI/CD with Cloud Build, using recommended services and controls per the exam guide.",Use an approach that contradicts the exam objective and ignores documented constraints.,C,HARD,google-cloud-associate|deploying|DP-4|hard|blueprint-seed,**Answer: C** — Implement CI/CD with Cloud Build. Review the official Google exam guide (Associate Cloud Engineer) and linked documentation. Objective: DP-4.,https://cloud.google.com/docs|https://cloud.google.com/certification/cloud-engineer
google-cloud-associate,deploying,DP-4,Associate Cloud Engineer — DP-4 (HARD) #23,Complex regulatory requirements demand that you Implement CI/CD with Cloud Build for Deploying and Implementing a Cloud Solution?,Mix controls from unrelated domains that do not address the stated objective.,"Implement Implement CI/CD with Cloud Build using Google best practices for Deploying and Implementing a Cloud Solution, including monitoring and least privilege.",Use an approach that contradicts the exam objective and ignores documented constraints.,"Deploy without monitoring, backup, or access controls required by the blueprint.",D,HARD,google-cloud-associate|deploying|DP-4|hard|blueprint-seed,**Answer: D** — Implement CI/CD with Cloud Build. Review the official Google exam guide (Associate Cloud Engineer) and linked documentation. Objective: DP-4.,https://cloud.google.com/docs|https://cloud.google.com/certification/cloud-engineer
google-cloud-associate,deploying,DP-4,Associate Cloud Engineer — DP-4 (HARD) #24,A multi-team rollout must balance security and velocity for Implement CI/CD with Cloud Build for Deploying and Implementing a Cloud Solution?,Apply the official Deploying and Implementing a Cloud Solution guidance: Implement CI/CD with Cloud Build — this aligns with exam blueprint expectations and vendor documentation.,Use an approach that contradicts the exam objective and ignores documented constraints.,"Deploy without monitoring, backup, or access controls required by the blueprint.",Mix controls from unrelated domains that do not address the stated objective.,A,HARD,google-cloud-associate|deploying|DP-4|hard|blueprint-seed,**Answer: A** — Implement CI/CD with Cloud Build. Review the official Google exam guide (Associate Cloud Engineer) and linked documentation. Objective: DP-4.,https://cloud.google.com/docs|https://cloud.google.com/certification/cloud-engineer
google-cloud-associate,deploying,DP-4,Associate Cloud Engineer — DP-4 (HARD) #25,An enterprise requires zero-downtime architecture while Implement CI/CD with Cloud Build for Deploying and Implementing a Cloud Solution?,Use an approach that contradicts the exam objective and ignores documented constraints.,"Deploy without monitoring, backup, or access controls required by the blueprint.",Mix controls from unrelated domains that do not address the stated objective.,"Follow the documented approach for Implement CI/CD with Cloud Build, using recommended services and controls per the exam guide.",B,HARD,google-cloud-associate|deploying|DP-4|hard|blueprint-seed,**Answer: B** — Implement CI/CD with Cloud Build. Review the official Google exam guide (Associate Cloud Engineer) and linked documentation. Objective: DP-4.,https://cloud.google.com/docs|https://cloud.google.com/certification/cloud-engineer
google-cloud-associate,deploying,DP-4,Associate Cloud Engineer — DP-4 (HARD) #26,"Given strict compliance, auditability, and multi-region constraints, how should you Implement CI/CD with Cloud Build for Deploying and Implementing a Cloud Solution?","Deploy without monitoring, backup, or access controls required by the blueprint.",Mix controls from unrelated domains that do not address the stated objective.,"Implement Implement CI/CD with Cloud Build using Google best practices for Deploying and Implementing a Cloud Solution, including monitoring and least privilege.",Use an approach that contradicts the exam objective and ignores documented constraints.,C,HARD,google-cloud-associate|deploying|DP-4|hard|blueprint-seed,**Answer: C** — Implement CI/CD with Cloud Build. Review the official Google exam guide (Associate Cloud Engineer) and linked documentation. Objective: DP-4.,https://cloud.google.com/docs|https://cloud.google.com/certification/cloud-engineer
google-cloud-associate,deploying,DP-4,Associate Cloud Engineer — DP-4 (HARD) #27,A production incident involves trade-offs between cost and resilience for Implement CI/CD with Cloud Build for Deploying and Implementing a Cloud Solution?,Mix controls from unrelated domains that do not address the stated objective.,Apply the official Deploying and Implementing a Cloud Solution guidance: Implement CI/CD with Cloud Build — this aligns with exam blueprint expectations and vendor documentation.,Use an approach that contradicts the exam objective and ignores documented constraints.,"Deploy without monitoring, backup, or access controls required by the blueprint.",D,HARD,google-cloud-associate|deploying|DP-4|hard|blueprint-seed,**Answer: D** — Implement CI/CD with Cloud Build. Review the official Google exam guide (Associate Cloud Engineer) and linked documentation. Objective: DP-4.,https://cloud.google.com/docs|https://cloud.google.com/certification/cloud-engineer
google-cloud-associate,deploying,DP-4,Associate Cloud Engineer — DP-4 (HARD) #28,Complex regulatory requirements demand that you Implement CI/CD with Cloud Build for Deploying and Implementing a Cloud Solution?,"Follow the documented approach for Implement CI/CD with Cloud Build, using recommended services and controls per the exam guide.",Use an approach that contradicts the exam objective and ignores documented constraints.,"Deploy without monitoring, backup, or access controls required by the blueprint.",Mix controls from unrelated domains that do not address the stated objective.,A,HARD,google-cloud-associate|deploying|DP-4|hard|blueprint-seed,**Answer: A** — Implement CI/CD with Cloud Build. Review the official Google exam guide (Associate Cloud Engineer) and linked documentation. Objective: DP-4.,https://cloud.google.com/docs|https://cloud.google.com/certification/cloud-engineer
google-cloud-associate,deploying,DP-4,Associate Cloud Engineer — DP-4 (HARD) #29,A multi-team rollout must balance security and velocity for Implement CI/CD with Cloud Build for Deploying and Implementing a Cloud Solution?,Use an approach that contradicts the exam objective and ignores documented constraints.,"Deploy without monitoring, backup, or access controls required by the blueprint.",Mix controls from unrelated domains that do not address the stated objective.,"Implement Implement CI/CD with Cloud Build using Google best practices for Deploying and Implementing a Cloud Solution, including monitoring and least privilege.",B,HARD,google-cloud-associate|deploying|DP-4|hard|blueprint-seed,**Answer: B** — Implement CI/CD with Cloud Build. Review the official Google exam guide (Associate Cloud Engineer) and linked documentation. Objective: DP-4.,https://cloud.google.com/docs|https://cloud.google.com/certification/cloud-engineer
google-cloud-associate,operations,OP-1,Associate Cloud Engineer — OP-1 (EASY) #1,What is the primary purpose of Monitor and log with Cloud Operations?,Use an approach that contradicts the exam objective and ignores documented constraints.,"Deploy without monitoring, backup, or access controls required by the blueprint.",Mix controls from unrelated domains that do not address the stated objective.,"Follow the documented approach for Monitor and log with Cloud Operations, using recommended services and controls per the exam guide.",B,EASY,google-cloud-associate|operations|OP-1|easy|blueprint-seed,**Answer: B** — Monitor and log with Cloud Operations. Review the official Google exam guide (Associate Cloud Engineer) and linked documentation. Objective: OP-1.,https://cloud.google.com/docs|https://cloud.google.com/certification/cloud-engineer
google-cloud-associate,operations,OP-1,Associate Cloud Engineer — OP-1 (EASY) #2,Which concept is fundamental to Monitor and log with Cloud Operations?,"Deploy without monitoring, backup, or access controls required by the blueprint.",Mix controls from unrelated domains that do not address the stated objective.,"Implement Monitor and log with Cloud Operations using Google best practices for Ensuring Successful Operation of a Cloud Solution, including monitoring and least privilege.",Use an approach that contradicts the exam objective and ignores documented constraints.,C,EASY,google-cloud-associate|operations|OP-1|easy|blueprint-seed,**Answer: C** — Monitor and log with Cloud Operations. Review the official Google exam guide (Associate Cloud Engineer) and linked documentation. Objective: OP-1.,https://cloud.google.com/docs|https://cloud.google.com/certification/cloud-engineer
google-cloud-associate,operations,OP-1,Associate Cloud Engineer — OP-1 (EASY) #3,Identify the core principle behind Monitor and log with Cloud Operations?,Mix controls from unrelated domains that do not address the stated objective.,Apply the official Ensuring Successful Operation of a Cloud Solution guidance: Monitor and log with Cloud Operations — this aligns with exam blueprint expectations and vendor documentation.,Use an approach that contradicts the exam objective and ignores documented constraints.,"Deploy without monitoring, backup, or access controls required by the blueprint.",D,EASY,google-cloud-associate|operations|OP-1|easy|blueprint-seed,**Answer: D** — Monitor and log with Cloud Operations. Review the official Google exam guide (Associate Cloud Engineer) and linked documentation. Objective: OP-1.,https://cloud.google.com/docs|https://cloud.google.com/certification/cloud-engineer
google-cloud-associate,operations,OP-1,Associate Cloud Engineer — OP-1 (EASY) #4,Which description accurately reflects Monitor and log with Cloud Operations?,"Follow the documented approach for Monitor and log with Cloud Operations, using recommended services and controls per the exam guide.",Use an approach that contradicts the exam objective and ignores documented constraints.,"Deploy without monitoring, backup, or access controls required by the blueprint.",Mix controls from unrelated domains that do not address the stated objective.,A,EASY,google-cloud-associate|operations|OP-1|easy|blueprint-seed,**Answer: A** — Monitor and log with Cloud Operations. Review the official Google exam guide (Associate Cloud Engineer) and linked documentation. Objective: OP-1.,https://cloud.google.com/docs|https://cloud.google.com/certification/cloud-engineer
google-cloud-associate,operations,OP-1,Associate Cloud Engineer — OP-1 (EASY) #5,Which statement best defines the scope of Monitor and log with Cloud Operations?,Use an approach that contradicts the exam objective and ignores documented constraints.,"Deploy without monitoring, backup, or access controls required by the blueprint.",Mix controls from unrelated domains that do not address the stated objective.,"Implement Monitor and log with Cloud Operations using Google best practices for Ensuring Successful Operation of a Cloud Solution, including monitoring and least privilege.",B,EASY,google-cloud-associate|operations|OP-1|easy|blueprint-seed,**Answer: B** — Monitor and log with Cloud Operations. Review the official Google exam guide (Associate Cloud Engineer) and linked documentation. Objective: OP-1.,https://cloud.google.com/docs|https://cloud.google.com/certification/cloud-engineer
google-cloud-associate,operations,OP-1,Associate Cloud Engineer — OP-1 (EASY) #6,What is the primary purpose of Monitor and log with Cloud Operations?,"Deploy without monitoring, backup, or access controls required by the blueprint.",Mix controls from unrelated domains that do not address the stated objective.,Apply the official Ensuring Successful Operation of a Cloud Solution guidance: Monitor and log with Cloud Operations — this aligns with exam blueprint expectations and vendor documentation.,Use an approach that contradicts the exam objective and ignores documented constraints.,C,EASY,google-cloud-associate|operations|OP-1|easy|blueprint-seed,**Answer: C** — Monitor and log with Cloud Operations. Review the official Google exam guide (Associate Cloud Engineer) and linked documentation. Objective: OP-1.,https://cloud.google.com/docs|https://cloud.google.com/certification/cloud-engineer
google-cloud-associate,operations,OP-1,Associate Cloud Engineer — OP-1 (EASY) #7,Which concept is fundamental to Monitor and log with Cloud Operations?,Mix controls from unrelated domains that do not address the stated objective.,"Follow the documented approach for Monitor and log with Cloud Operations, using recommended services and controls per the exam guide.",Use an approach that contradicts the exam objective and ignores documented constraints.,"Deploy without monitoring, backup, or access controls required by the blueprint.",D,EASY,google-cloud-associate|operations|OP-1|easy|blueprint-seed,**Answer: D** — Monitor and log with Cloud Operations. Review the official Google exam guide (Associate Cloud Engineer) and linked documentation. Objective: OP-1.,https://cloud.google.com/docs|https://cloud.google.com/certification/cloud-engineer
google-cloud-associate,operations,OP-1,Associate Cloud Engineer — OP-1 (EASY) #8,Identify the core principle behind Monitor and log with Cloud Operations?,"Implement Monitor and log with Cloud Operations using Google best practices for Ensuring Successful Operation of a Cloud Solution, including monitoring and least privilege.",Use an approach that contradicts the exam objective and ignores documented constraints.,"Deploy without monitoring, backup, or access controls required by the blueprint.",Mix controls from unrelated domains that do not address the stated objective.,A,EASY,google-cloud-associate|operations|OP-1|easy|blueprint-seed,**Answer: A** — Monitor and log with Cloud Operations. Review the official Google exam guide (Associate Cloud Engineer) and linked documentation. Objective: OP-1.,https://cloud.google.com/docs|https://cloud.google.com/certification/cloud-engineer
google-cloud-associate,operations,OP-1,Associate Cloud Engineer — OP-1 (EASY) #9,Which description accurately reflects Monitor and log with Cloud Operations?,Use an approach that contradicts the exam objective and ignores documented constraints.,"Deploy without monitoring, backup, or access controls required by the blueprint.",Mix controls from unrelated domains that do not address the stated objective.,Apply the official Ensuring Successful Operation of a Cloud Solution guidance: Monitor and log with Cloud Operations — this aligns with exam blueprint expectations and vendor documentation.,B,EASY,google-cloud-associate|operations|OP-1|easy|blueprint-seed,**Answer: B** — Monitor and log with Cloud Operations. Review the official Google exam guide (Associate Cloud Engineer) and linked documentation. Objective: OP-1.,https://cloud.google.com/docs|https://cloud.google.com/certification/cloud-engineer
google-cloud-associate,operations,OP-1,Associate Cloud Engineer — OP-1 (MEDIUM) #10,A team must implement a solution for Monitor and log with Cloud Operations in the context of Google Cloud Associate Cloud Engineer?,"Deploy without monitoring, backup, or access controls required by the blueprint.",Mix controls from unrelated domains that do not address the stated objective.,"Follow the documented approach for Monitor and log with Cloud Operations, using recommended services and controls per the exam guide.",Use an approach that contradicts the exam objective and ignores documented constraints.,C,MEDIUM,google-cloud-associate|operations|OP-1|medium|blueprint-seed,**Answer: C** — Monitor and log with Cloud Operations. Review the official Google exam guide (Associate Cloud Engineer) and linked documentation. Objective: OP-1.,https://cloud.google.com/docs|https://cloud.google.com/certification/cloud-engineer
google-cloud-associate,operations,OP-1,Associate Cloud Engineer — OP-1 (MEDIUM) #11,Which approach aligns with best practices when Monitor and log with Cloud Operations in the context of Google Cloud Associate Cloud Engineer?,Mix controls from unrelated domains that do not address the stated objective.,"Implement Monitor and log with Cloud Operations using Google best practices for Ensuring Successful Operation of a Cloud Solution, including monitoring and least privilege.",Use an approach that contradicts the exam objective and ignores documented constraints.,"Deploy without monitoring, backup, or access controls required by the blueprint.",D,MEDIUM,google-cloud-associate|operations|OP-1|medium|blueprint-seed,**Answer: D** — Monitor and log with Cloud Operations. Review the official Google exam guide (Associate Cloud Engineer) and linked documentation. Objective: OP-1.,https://cloud.google.com/docs|https://cloud.google.com/certification/cloud-engineer
google-cloud-associate,operations,OP-1,Associate Cloud Engineer — OP-1 (MEDIUM) #12,"During a project review, stakeholders ask how to Monitor and log with Cloud Operations in the context of Google Cloud Associate Cloud Engineer?",Apply the official Ensuring Successful Operation of a Cloud Solution guidance: Monitor and log with Cloud Operations — this aligns with exam blueprint expectations and vendor documentation.,Use an approach that contradicts the exam objective and ignores documented constraints.,"Deploy without monitoring, backup, or access controls required by the blueprint.",Mix controls from unrelated domains that do not address the stated objective.,A,MEDIUM,google-cloud-associate|operations|OP-1|medium|blueprint-seed,**Answer: A** — Monitor and log with Cloud Operations. Review the official Google exam guide (Associate Cloud Engineer) and linked documentation. Objective: OP-1.,https://cloud.google.com/docs|https://cloud.google.com/certification/cloud-engineer
google-cloud-associate,operations,OP-1,Associate Cloud Engineer — OP-1 (MEDIUM) #13,Which configuration satisfies requirements for Monitor and log with Cloud Operations in the context of Google Cloud Associate Cloud Engineer?,Use an approach that contradicts the exam objective and ignores documented constraints.,"Deploy without monitoring, backup, or access controls required by the blueprint.",Mix controls from unrelated domains that do not address the stated objective.,"Follow the documented approach for Monitor and log with Cloud Operations, using recommended services and controls per the exam guide.",B,MEDIUM,google-cloud-associate|operations|OP-1|medium|blueprint-seed,**Answer: B** — Monitor and log with Cloud Operations. Review the official Google exam guide (Associate Cloud Engineer) and linked documentation. Objective: OP-1.,https://cloud.google.com/docs|https://cloud.google.com/certification/cloud-engineer
google-cloud-associate,operations,OP-1,Associate Cloud Engineer — OP-1 (MEDIUM) #14,What is the recommended design when applying Monitor and log with Cloud Operations in the context of Google Cloud Associate Cloud Engineer?,"Deploy without monitoring, backup, or access controls required by the blueprint.",Mix controls from unrelated domains that do not address the stated objective.,"Implement Monitor and log with Cloud Operations using Google best practices for Ensuring Successful Operation of a Cloud Solution, including monitoring and least privilege.",Use an approach that contradicts the exam objective and ignores documented constraints.,C,MEDIUM,google-cloud-associate|operations|OP-1|medium|blueprint-seed,**Answer: C** — Monitor and log with Cloud Operations. Review the official Google exam guide (Associate Cloud Engineer) and linked documentation. Objective: OP-1.,https://cloud.google.com/docs|https://cloud.google.com/certification/cloud-engineer
google-cloud-associate,operations,OP-1,Associate Cloud Engineer — OP-1 (MEDIUM) #15,A team must implement a solution for Monitor and log with Cloud Operations in the context of Google Cloud Associate Cloud Engineer?,Mix controls from unrelated domains that do not address the stated objective.,Apply the official Ensuring Successful Operation of a Cloud Solution guidance: Monitor and log with Cloud Operations — this aligns with exam blueprint expectations and vendor documentation.,Use an approach that contradicts the exam objective and ignores documented constraints.,"Deploy without monitoring, backup, or access controls required by the blueprint.",D,MEDIUM,google-cloud-associate|operations|OP-1|medium|blueprint-seed,**Answer: D** — Monitor and log with Cloud Operations. Review the official Google exam guide (Associate Cloud Engineer) and linked documentation. Objective: OP-1.,https://cloud.google.com/docs|https://cloud.google.com/certification/cloud-engineer
google-cloud-associate,operations,OP-1,Associate Cloud Engineer — OP-1 (MEDIUM) #16,Which approach aligns with best practices when Monitor and log with Cloud Operations in the context of Google Cloud Associate Cloud Engineer?,"Follow the documented approach for Monitor and log with Cloud Operations, using recommended services and controls per the exam guide.",Use an approach that contradicts the exam objective and ignores documented constraints.,"Deploy without monitoring, backup, or access controls required by the blueprint.",Mix controls from unrelated domains that do not address the stated objective.,A,MEDIUM,google-cloud-associate|operations|OP-1|medium|blueprint-seed,**Answer: A** — Monitor and log with Cloud Operations. Review the official Google exam guide (Associate Cloud Engineer) and linked documentation. Objective: OP-1.,https://cloud.google.com/docs|https://cloud.google.com/certification/cloud-engineer
google-cloud-associate,operations,OP-1,Associate Cloud Engineer — OP-1 (MEDIUM) #17,"During a project review, stakeholders ask how to Monitor and log with Cloud Operations in the context of Google Cloud Associate Cloud Engineer?",Use an approach that contradicts the exam objective and ignores documented constraints.,"Deploy without monitoring, backup, or access controls required by the blueprint.",Mix controls from unrelated domains that do not address the stated objective.,"Implement Monitor and log with Cloud Operations using Google best practices for Ensuring Successful Operation of a Cloud Solution, including monitoring and least privilege.",B,MEDIUM,google-cloud-associate|operations|OP-1|medium|blueprint-seed,**Answer: B** — Monitor and log with Cloud Operations. Review the official Google exam guide (Associate Cloud Engineer) and linked documentation. Objective: OP-1.,https://cloud.google.com/docs|https://cloud.google.com/certification/cloud-engineer
google-cloud-associate,operations,OP-1,Associate Cloud Engineer — OP-1 (MEDIUM) #18,Which configuration satisfies requirements for Monitor and log with Cloud Operations in the context of Google Cloud Associate Cloud Engineer?,"Deploy without monitoring, backup, or access controls required by the blueprint.",Mix controls from unrelated domains that do not address the stated objective.,Apply the official Ensuring Successful Operation of a Cloud Solution guidance: Monitor and log with Cloud Operations — this aligns with exam blueprint expectations and vendor documentation.,Use an approach that contradicts the exam objective and ignores documented constraints.,C,MEDIUM,google-cloud-associate|operations|OP-1|medium|blueprint-seed,**Answer: C** — Monitor and log with Cloud Operations. Review the official Google exam guide (Associate Cloud Engineer) and linked documentation. Objective: OP-1.,https://cloud.google.com/docs|https://cloud.google.com/certification/cloud-engineer
google-cloud-associate,operations,OP-1,Associate Cloud Engineer — OP-1 (MEDIUM) #19,What is the recommended design when applying Monitor and log with Cloud Operations in the context of Google Cloud Associate Cloud Engineer?,Mix controls from unrelated domains that do not address the stated objective.,"Follow the documented approach for Monitor and log with Cloud Operations, using recommended services and controls per the exam guide.",Use an approach that contradicts the exam objective and ignores documented constraints.,"Deploy without monitoring, backup, or access controls required by the blueprint.",D,MEDIUM,google-cloud-associate|operations|OP-1|medium|blueprint-seed,**Answer: D** — Monitor and log with Cloud Operations. Review the official Google exam guide (Associate Cloud Engineer) and linked documentation. Objective: OP-1.,https://cloud.google.com/docs|https://cloud.google.com/certification/cloud-engineer
google-cloud-associate,operations,OP-1,Associate Cloud Engineer — OP-1 (MEDIUM) #20,A team must implement a solution for Monitor and log with Cloud Operations in the context of Google Cloud Associate Cloud Engineer?,"Implement Monitor and log with Cloud Operations using Google best practices for Ensuring Successful Operation of a Cloud Solution, including monitoring and least privilege.",Use an approach that contradicts the exam objective and ignores documented constraints.,"Deploy without monitoring, backup, or access controls required by the blueprint.",Mix controls from unrelated domains that do not address the stated objective.,A,MEDIUM,google-cloud-associate|operations|OP-1|medium|blueprint-seed,**Answer: A** — Monitor and log with Cloud Operations. Review the official Google exam guide (Associate Cloud Engineer) and linked documentation. Objective: OP-1.,https://cloud.google.com/docs|https://cloud.google.com/certification/cloud-engineer
google-cloud-associate,operations,OP-1,Associate Cloud Engineer — OP-1 (MEDIUM) #21,Which approach aligns with best practices when Monitor and log with Cloud Operations in the context of Google Cloud Associate Cloud Engineer?,Use an approach that contradicts the exam objective and ignores documented constraints.,"Deploy without monitoring, backup, or access controls required by the blueprint.",Mix controls from unrelated domains that do not address the stated objective.,Apply the official Ensuring Successful Operation of a Cloud Solution guidance: Monitor and log with Cloud Operations — this aligns with exam blueprint expectations and vendor documentation.,B,MEDIUM,google-cloud-associate|operations|OP-1|medium|blueprint-seed,**Answer: B** — Monitor and log with Cloud Operations. Review the official Google exam guide (Associate Cloud Engineer) and linked documentation. Objective: OP-1.,https://cloud.google.com/docs|https://cloud.google.com/certification/cloud-engineer
google-cloud-associate,operations,OP-1,Associate Cloud Engineer — OP-1 (HARD) #22,A production incident involves trade-offs between cost and resilience for Monitor and log with Cloud Operations for Ensuring Successful Operation of a Cloud Solution?,"Deploy without monitoring, backup, or access controls required by the blueprint.",Mix controls from unrelated domains that do not address the stated objective.,"Follow the documented approach for Monitor and log with Cloud Operations, using recommended services and controls per the exam guide.",Use an approach that contradicts the exam objective and ignores documented constraints.,C,HARD,google-cloud-associate|operations|OP-1|hard|blueprint-seed,**Answer: C** — Monitor and log with Cloud Operations. Review the official Google exam guide (Associate Cloud Engineer) and linked documentation. Objective: OP-1.,https://cloud.google.com/docs|https://cloud.google.com/certification/cloud-engineer
google-cloud-associate,operations,OP-1,Associate Cloud Engineer — OP-1 (HARD) #23,Complex regulatory requirements demand that you Monitor and log with Cloud Operations for Ensuring Successful Operation of a Cloud Solution?,Mix controls from unrelated domains that do not address the stated objective.,"Implement Monitor and log with Cloud Operations using Google best practices for Ensuring Successful Operation of a Cloud Solution, including monitoring and least privilege.",Use an approach that contradicts the exam objective and ignores documented constraints.,"Deploy without monitoring, backup, or access controls required by the blueprint.",D,HARD,google-cloud-associate|operations|OP-1|hard|blueprint-seed,**Answer: D** — Monitor and log with Cloud Operations. Review the official Google exam guide (Associate Cloud Engineer) and linked documentation. Objective: OP-1.,https://cloud.google.com/docs|https://cloud.google.com/certification/cloud-engineer
google-cloud-associate,operations,OP-1,Associate Cloud Engineer — OP-1 (HARD) #24,A multi-team rollout must balance security and velocity for Monitor and log with Cloud Operations for Ensuring Successful Operation of a Cloud Solution?,Apply the official Ensuring Successful Operation of a Cloud Solution guidance: Monitor and log with Cloud Operations — this aligns with exam blueprint expectations and vendor documentation.,Use an approach that contradicts the exam objective and ignores documented constraints.,"Deploy without monitoring, backup, or access controls required by the blueprint.",Mix controls from unrelated domains that do not address the stated objective.,A,HARD,google-cloud-associate|operations|OP-1|hard|blueprint-seed,**Answer: A** — Monitor and log with Cloud Operations. Review the official Google exam guide (Associate Cloud Engineer) and linked documentation. Objective: OP-1.,https://cloud.google.com/docs|https://cloud.google.com/certification/cloud-engineer
google-cloud-associate,operations,OP-1,Associate Cloud Engineer — OP-1 (HARD) #25,An enterprise requires zero-downtime architecture while Monitor and log with Cloud Operations for Ensuring Successful Operation of a Cloud Solution?,Use an approach that contradicts the exam objective and ignores documented constraints.,"Deploy without monitoring, backup, or access controls required by the blueprint.",Mix controls from unrelated domains that do not address the stated objective.,"Follow the documented approach for Monitor and log with Cloud Operations, using recommended services and controls per the exam guide.",B,HARD,google-cloud-associate|operations|OP-1|hard|blueprint-seed,**Answer: B** — Monitor and log with Cloud Operations. Review the official Google exam guide (Associate Cloud Engineer) and linked documentation. Objective: OP-1.,https://cloud.google.com/docs|https://cloud.google.com/certification/cloud-engineer
google-cloud-associate,operations,OP-1,Associate Cloud Engineer — OP-1 (HARD) #26,"Given strict compliance, auditability, and multi-region constraints, how should you Monitor and log with Cloud Operations for Ensuring Successful Operation of a Cloud Solution?","Deploy without monitoring, backup, or access controls required by the blueprint.",Mix controls from unrelated domains that do not address the stated objective.,"Implement Monitor and log with Cloud Operations using Google best practices for Ensuring Successful Operation of a Cloud Solution, including monitoring and least privilege.",Use an approach that contradicts the exam objective and ignores documented constraints.,C,HARD,google-cloud-associate|operations|OP-1|hard|blueprint-seed,**Answer: C** — Monitor and log with Cloud Operations. Review the official Google exam guide (Associate Cloud Engineer) and linked documentation. Objective: OP-1.,https://cloud.google.com/docs|https://cloud.google.com/certification/cloud-engineer
google-cloud-associate,operations,OP-1,Associate Cloud Engineer — OP-1 (HARD) #27,A production incident involves trade-offs between cost and resilience for Monitor and log with Cloud Operations for Ensuring Successful Operation of a Cloud Solution?,Mix controls from unrelated domains that do not address the stated objective.,Apply the official Ensuring Successful Operation of a Cloud Solution guidance: Monitor and log with Cloud Operations — this aligns with exam blueprint expectations and vendor documentation.,Use an approach that contradicts the exam objective and ignores documented constraints.,"Deploy without monitoring, backup, or access controls required by the blueprint.",D,HARD,google-cloud-associate|operations|OP-1|hard|blueprint-seed,**Answer: D** — Monitor and log with Cloud Operations. Review the official Google exam guide (Associate Cloud Engineer) and linked documentation. Objective: OP-1.,https://cloud.google.com/docs|https://cloud.google.com/certification/cloud-engineer
google-cloud-associate,operations,OP-1,Associate Cloud Engineer — OP-1 (HARD) #28,Complex regulatory requirements demand that you Monitor and log with Cloud Operations for Ensuring Successful Operation of a Cloud Solution?,"Follow the documented approach for Monitor and log with Cloud Operations, using recommended services and controls per the exam guide.",Use an approach that contradicts the exam objective and ignores documented constraints.,"Deploy without monitoring, backup, or access controls required by the blueprint.",Mix controls from unrelated domains that do not address the stated objective.,A,HARD,google-cloud-associate|operations|OP-1|hard|blueprint-seed,**Answer: A** — Monitor and log with Cloud Operations. Review the official Google exam guide (Associate Cloud Engineer) and linked documentation. Objective: OP-1.,https://cloud.google.com/docs|https://cloud.google.com/certification/cloud-engineer
google-cloud-associate,operations,OP-1,Associate Cloud Engineer — OP-1 (HARD) #29,A multi-team rollout must balance security and velocity for Monitor and log with Cloud Operations for Ensuring Successful Operation of a Cloud Solution?,Use an approach that contradicts the exam objective and ignores documented constraints.,"Deploy without monitoring, backup, or access controls required by the blueprint.",Mix controls from unrelated domains that do not address the stated objective.,"Implement Monitor and log with Cloud Operations using Google best practices for Ensuring Successful Operation of a Cloud Solution, including monitoring and least privilege.",B,HARD,google-cloud-associate|operations|OP-1|hard|blueprint-seed,**Answer: B** — Monitor and log with Cloud Operations. Review the official Google exam guide (Associate Cloud Engineer) and linked documentation. Objective: OP-1.,https://cloud.google.com/docs|https://cloud.google.com/certification/cloud-engineer
google-cloud-associate,operations,OP-2,Associate Cloud Engineer — OP-2 (EASY) #1,What is the primary purpose of Manage incidents and optimize performance?,Use an approach that contradicts the exam objective and ignores documented constraints.,"Deploy without monitoring, backup, or access controls required by the blueprint.",Mix controls from unrelated domains that do not address the stated objective.,"Follow the documented approach for Manage incidents and optimize performance, using recommended services and controls per the exam guide.",B,EASY,google-cloud-associate|operations|OP-2|easy|blueprint-seed,**Answer: B** — Manage incidents and optimize performance. Review the official Google exam guide (Associate Cloud Engineer) and linked documentation. Objective: OP-2.,https://cloud.google.com/docs|https://cloud.google.com/certification/cloud-engineer
google-cloud-associate,operations,OP-2,Associate Cloud Engineer — OP-2 (EASY) #2,Which concept is fundamental to Manage incidents and optimize performance?,"Deploy without monitoring, backup, or access controls required by the blueprint.",Mix controls from unrelated domains that do not address the stated objective.,"Implement Manage incidents and optimize performance using Google best practices for Ensuring Successful Operation of a Cloud Solution, including monitoring and least privilege.",Use an approach that contradicts the exam objective and ignores documented constraints.,C,EASY,google-cloud-associate|operations|OP-2|easy|blueprint-seed,**Answer: C** — Manage incidents and optimize performance. Review the official Google exam guide (Associate Cloud Engineer) and linked documentation. Objective: OP-2.,https://cloud.google.com/docs|https://cloud.google.com/certification/cloud-engineer
google-cloud-associate,operations,OP-2,Associate Cloud Engineer — OP-2 (EASY) #3,Identify the core principle behind Manage incidents and optimize performance?,Mix controls from unrelated domains that do not address the stated objective.,Apply the official Ensuring Successful Operation of a Cloud Solution guidance: Manage incidents and optimize performance — this aligns with exam blueprint expectations and vendor documentation.,Use an approach that contradicts the exam objective and ignores documented constraints.,"Deploy without monitoring, backup, or access controls required by the blueprint.",D,EASY,google-cloud-associate|operations|OP-2|easy|blueprint-seed,**Answer: D** — Manage incidents and optimize performance. Review the official Google exam guide (Associate Cloud Engineer) and linked documentation. Objective: OP-2.,https://cloud.google.com/docs|https://cloud.google.com/certification/cloud-engineer
google-cloud-associate,operations,OP-2,Associate Cloud Engineer — OP-2 (EASY) #4,Which description accurately reflects Manage incidents and optimize performance?,"Follow the documented approach for Manage incidents and optimize performance, using recommended services and controls per the exam guide.",Use an approach that contradicts the exam objective and ignores documented constraints.,"Deploy without monitoring, backup, or access controls required by the blueprint.",Mix controls from unrelated domains that do not address the stated objective.,A,EASY,google-cloud-associate|operations|OP-2|easy|blueprint-seed,**Answer: A** — Manage incidents and optimize performance. Review the official Google exam guide (Associate Cloud Engineer) and linked documentation. Objective: OP-2.,https://cloud.google.com/docs|https://cloud.google.com/certification/cloud-engineer
google-cloud-associate,operations,OP-2,Associate Cloud Engineer — OP-2 (EASY) #5,Which statement best defines the scope of Manage incidents and optimize performance?,Use an approach that contradicts the exam objective and ignores documented constraints.,"Deploy without monitoring, backup, or access controls required by the blueprint.",Mix controls from unrelated domains that do not address the stated objective.,"Implement Manage incidents and optimize performance using Google best practices for Ensuring Successful Operation of a Cloud Solution, including monitoring and least privilege.",B,EASY,google-cloud-associate|operations|OP-2|easy|blueprint-seed,**Answer: B** — Manage incidents and optimize performance. Review the official Google exam guide (Associate Cloud Engineer) and linked documentation. Objective: OP-2.,https://cloud.google.com/docs|https://cloud.google.com/certification/cloud-engineer
google-cloud-associate,operations,OP-2,Associate Cloud Engineer — OP-2 (EASY) #6,What is the primary purpose of Manage incidents and optimize performance?,"Deploy without monitoring, backup, or access controls required by the blueprint.",Mix controls from unrelated domains that do not address the stated objective.,Apply the official Ensuring Successful Operation of a Cloud Solution guidance: Manage incidents and optimize performance — this aligns with exam blueprint expectations and vendor documentation.,Use an approach that contradicts the exam objective and ignores documented constraints.,C,EASY,google-cloud-associate|operations|OP-2|easy|blueprint-seed,**Answer: C** — Manage incidents and optimize performance. Review the official Google exam guide (Associate Cloud Engineer) and linked documentation. Objective: OP-2.,https://cloud.google.com/docs|https://cloud.google.com/certification/cloud-engineer
google-cloud-associate,operations,OP-2,Associate Cloud Engineer — OP-2 (EASY) #7,Which concept is fundamental to Manage incidents and optimize performance?,Mix controls from unrelated domains that do not address the stated objective.,"Follow the documented approach for Manage incidents and optimize performance, using recommended services and controls per the exam guide.",Use an approach that contradicts the exam objective and ignores documented constraints.,"Deploy without monitoring, backup, or access controls required by the blueprint.",D,EASY,google-cloud-associate|operations|OP-2|easy|blueprint-seed,**Answer: D** — Manage incidents and optimize performance. Review the official Google exam guide (Associate Cloud Engineer) and linked documentation. Objective: OP-2.,https://cloud.google.com/docs|https://cloud.google.com/certification/cloud-engineer
google-cloud-associate,operations,OP-2,Associate Cloud Engineer — OP-2 (EASY) #8,Identify the core principle behind Manage incidents and optimize performance?,"Implement Manage incidents and optimize performance using Google best practices for Ensuring Successful Operation of a Cloud Solution, including monitoring and least privilege.",Use an approach that contradicts the exam objective and ignores documented constraints.,"Deploy without monitoring, backup, or access controls required by the blueprint.",Mix controls from unrelated domains that do not address the stated objective.,A,EASY,google-cloud-associate|operations|OP-2|easy|blueprint-seed,**Answer: A** — Manage incidents and optimize performance. Review the official Google exam guide (Associate Cloud Engineer) and linked documentation. Objective: OP-2.,https://cloud.google.com/docs|https://cloud.google.com/certification/cloud-engineer
google-cloud-associate,operations,OP-2,Associate Cloud Engineer — OP-2 (EASY) #9,Which description accurately reflects Manage incidents and optimize performance?,Use an approach that contradicts the exam objective and ignores documented constraints.,"Deploy without monitoring, backup, or access controls required by the blueprint.",Mix controls from unrelated domains that do not address the stated objective.,Apply the official Ensuring Successful Operation of a Cloud Solution guidance: Manage incidents and optimize performance — this aligns with exam blueprint expectations and vendor documentation.,B,EASY,google-cloud-associate|operations|OP-2|easy|blueprint-seed,**Answer: B** — Manage incidents and optimize performance. Review the official Google exam guide (Associate Cloud Engineer) and linked documentation. Objective: OP-2.,https://cloud.google.com/docs|https://cloud.google.com/certification/cloud-engineer
google-cloud-associate,operations,OP-2,Associate Cloud Engineer — OP-2 (MEDIUM) #10,A team must implement a solution for Manage incidents and optimize performance in the context of Google Cloud Associate Cloud Engineer?,"Deploy without monitoring, backup, or access controls required by the blueprint.",Mix controls from unrelated domains that do not address the stated objective.,"Follow the documented approach for Manage incidents and optimize performance, using recommended services and controls per the exam guide.",Use an approach that contradicts the exam objective and ignores documented constraints.,C,MEDIUM,google-cloud-associate|operations|OP-2|medium|blueprint-seed,**Answer: C** — Manage incidents and optimize performance. Review the official Google exam guide (Associate Cloud Engineer) and linked documentation. Objective: OP-2.,https://cloud.google.com/docs|https://cloud.google.com/certification/cloud-engineer
google-cloud-associate,operations,OP-2,Associate Cloud Engineer — OP-2 (MEDIUM) #11,Which approach aligns with best practices when Manage incidents and optimize performance in the context of Google Cloud Associate Cloud Engineer?,Mix controls from unrelated domains that do not address the stated objective.,"Implement Manage incidents and optimize performance using Google best practices for Ensuring Successful Operation of a Cloud Solution, including monitoring and least privilege.",Use an approach that contradicts the exam objective and ignores documented constraints.,"Deploy without monitoring, backup, or access controls required by the blueprint.",D,MEDIUM,google-cloud-associate|operations|OP-2|medium|blueprint-seed,**Answer: D** — Manage incidents and optimize performance. Review the official Google exam guide (Associate Cloud Engineer) and linked documentation. Objective: OP-2.,https://cloud.google.com/docs|https://cloud.google.com/certification/cloud-engineer
google-cloud-associate,operations,OP-2,Associate Cloud Engineer — OP-2 (MEDIUM) #12,"During a project review, stakeholders ask how to Manage incidents and optimize performance in the context of Google Cloud Associate Cloud Engineer?",Apply the official Ensuring Successful Operation of a Cloud Solution guidance: Manage incidents and optimize performance — this aligns with exam blueprint expectations and vendor documentation.,Use an approach that contradicts the exam objective and ignores documented constraints.,"Deploy without monitoring, backup, or access controls required by the blueprint.",Mix controls from unrelated domains that do not address the stated objective.,A,MEDIUM,google-cloud-associate|operations|OP-2|medium|blueprint-seed,**Answer: A** — Manage incidents and optimize performance. Review the official Google exam guide (Associate Cloud Engineer) and linked documentation. Objective: OP-2.,https://cloud.google.com/docs|https://cloud.google.com/certification/cloud-engineer
google-cloud-associate,operations,OP-2,Associate Cloud Engineer — OP-2 (MEDIUM) #13,Which configuration satisfies requirements for Manage incidents and optimize performance in the context of Google Cloud Associate Cloud Engineer?,Use an approach that contradicts the exam objective and ignores documented constraints.,"Deploy without monitoring, backup, or access controls required by the blueprint.",Mix controls from unrelated domains that do not address the stated objective.,"Follow the documented approach for Manage incidents and optimize performance, using recommended services and controls per the exam guide.",B,MEDIUM,google-cloud-associate|operations|OP-2|medium|blueprint-seed,**Answer: B** — Manage incidents and optimize performance. Review the official Google exam guide (Associate Cloud Engineer) and linked documentation. Objective: OP-2.,https://cloud.google.com/docs|https://cloud.google.com/certification/cloud-engineer
google-cloud-associate,operations,OP-2,Associate Cloud Engineer — OP-2 (MEDIUM) #14,What is the recommended design when applying Manage incidents and optimize performance in the context of Google Cloud Associate Cloud Engineer?,"Deploy without monitoring, backup, or access controls required by the blueprint.",Mix controls from unrelated domains that do not address the stated objective.,"Implement Manage incidents and optimize performance using Google best practices for Ensuring Successful Operation of a Cloud Solution, including monitoring and least privilege.",Use an approach that contradicts the exam objective and ignores documented constraints.,C,MEDIUM,google-cloud-associate|operations|OP-2|medium|blueprint-seed,**Answer: C** — Manage incidents and optimize performance. Review the official Google exam guide (Associate Cloud Engineer) and linked documentation. Objective: OP-2.,https://cloud.google.com/docs|https://cloud.google.com/certification/cloud-engineer
google-cloud-associate,operations,OP-2,Associate Cloud Engineer — OP-2 (MEDIUM) #15,A team must implement a solution for Manage incidents and optimize performance in the context of Google Cloud Associate Cloud Engineer?,Mix controls from unrelated domains that do not address the stated objective.,Apply the official Ensuring Successful Operation of a Cloud Solution guidance: Manage incidents and optimize performance — this aligns with exam blueprint expectations and vendor documentation.,Use an approach that contradicts the exam objective and ignores documented constraints.,"Deploy without monitoring, backup, or access controls required by the blueprint.",D,MEDIUM,google-cloud-associate|operations|OP-2|medium|blueprint-seed,**Answer: D** — Manage incidents and optimize performance. Review the official Google exam guide (Associate Cloud Engineer) and linked documentation. Objective: OP-2.,https://cloud.google.com/docs|https://cloud.google.com/certification/cloud-engineer
google-cloud-associate,operations,OP-2,Associate Cloud Engineer — OP-2 (MEDIUM) #16,Which approach aligns with best practices when Manage incidents and optimize performance in the context of Google Cloud Associate Cloud Engineer?,"Follow the documented approach for Manage incidents and optimize performance, using recommended services and controls per the exam guide.",Use an approach that contradicts the exam objective and ignores documented constraints.,"Deploy without monitoring, backup, or access controls required by the blueprint.",Mix controls from unrelated domains that do not address the stated objective.,A,MEDIUM,google-cloud-associate|operations|OP-2|medium|blueprint-seed,**Answer: A** — Manage incidents and optimize performance. Review the official Google exam guide (Associate Cloud Engineer) and linked documentation. Objective: OP-2.,https://cloud.google.com/docs|https://cloud.google.com/certification/cloud-engineer
google-cloud-associate,operations,OP-2,Associate Cloud Engineer — OP-2 (MEDIUM) #17,"During a project review, stakeholders ask how to Manage incidents and optimize performance in the context of Google Cloud Associate Cloud Engineer?",Use an approach that contradicts the exam objective and ignores documented constraints.,"Deploy without monitoring, backup, or access controls required by the blueprint.",Mix controls from unrelated domains that do not address the stated objective.,"Implement Manage incidents and optimize performance using Google best practices for Ensuring Successful Operation of a Cloud Solution, including monitoring and least privilege.",B,MEDIUM,google-cloud-associate|operations|OP-2|medium|blueprint-seed,**Answer: B** — Manage incidents and optimize performance. Review the official Google exam guide (Associate Cloud Engineer) and linked documentation. Objective: OP-2.,https://cloud.google.com/docs|https://cloud.google.com/certification/cloud-engineer
google-cloud-associate,operations,OP-2,Associate Cloud Engineer — OP-2 (MEDIUM) #18,Which configuration satisfies requirements for Manage incidents and optimize performance in the context of Google Cloud Associate Cloud Engineer?,"Deploy without monitoring, backup, or access controls required by the blueprint.",Mix controls from unrelated domains that do not address the stated objective.,Apply the official Ensuring Successful Operation of a Cloud Solution guidance: Manage incidents and optimize performance — this aligns with exam blueprint expectations and vendor documentation.,Use an approach that contradicts the exam objective and ignores documented constraints.,C,MEDIUM,google-cloud-associate|operations|OP-2|medium|blueprint-seed,**Answer: C** — Manage incidents and optimize performance. Review the official Google exam guide (Associate Cloud Engineer) and linked documentation. Objective: OP-2.,https://cloud.google.com/docs|https://cloud.google.com/certification/cloud-engineer
google-cloud-associate,operations,OP-2,Associate Cloud Engineer — OP-2 (MEDIUM) #19,What is the recommended design when applying Manage incidents and optimize performance in the context of Google Cloud Associate Cloud Engineer?,Mix controls from unrelated domains that do not address the stated objective.,"Follow the documented approach for Manage incidents and optimize performance, using recommended services and controls per the exam guide.",Use an approach that contradicts the exam objective and ignores documented constraints.,"Deploy without monitoring, backup, or access controls required by the blueprint.",D,MEDIUM,google-cloud-associate|operations|OP-2|medium|blueprint-seed,**Answer: D** — Manage incidents and optimize performance. Review the official Google exam guide (Associate Cloud Engineer) and linked documentation. Objective: OP-2.,https://cloud.google.com/docs|https://cloud.google.com/certification/cloud-engineer
google-cloud-associate,operations,OP-2,Associate Cloud Engineer — OP-2 (MEDIUM) #20,A team must implement a solution for Manage incidents and optimize performance in the context of Google Cloud Associate Cloud Engineer?,"Implement Manage incidents and optimize performance using Google best practices for Ensuring Successful Operation of a Cloud Solution, including monitoring and least privilege.",Use an approach that contradicts the exam objective and ignores documented constraints.,"Deploy without monitoring, backup, or access controls required by the blueprint.",Mix controls from unrelated domains that do not address the stated objective.,A,MEDIUM,google-cloud-associate|operations|OP-2|medium|blueprint-seed,**Answer: A** — Manage incidents and optimize performance. Review the official Google exam guide (Associate Cloud Engineer) and linked documentation. Objective: OP-2.,https://cloud.google.com/docs|https://cloud.google.com/certification/cloud-engineer
google-cloud-associate,operations,OP-2,Associate Cloud Engineer — OP-2 (MEDIUM) #21,Which approach aligns with best practices when Manage incidents and optimize performance in the context of Google Cloud Associate Cloud Engineer?,Use an approach that contradicts the exam objective and ignores documented constraints.,"Deploy without monitoring, backup, or access controls required by the blueprint.",Mix controls from unrelated domains that do not address the stated objective.,Apply the official Ensuring Successful Operation of a Cloud Solution guidance: Manage incidents and optimize performance — this aligns with exam blueprint expectations and vendor documentation.,B,MEDIUM,google-cloud-associate|operations|OP-2|medium|blueprint-seed,**Answer: B** — Manage incidents and optimize performance. Review the official Google exam guide (Associate Cloud Engineer) and linked documentation. Objective: OP-2.,https://cloud.google.com/docs|https://cloud.google.com/certification/cloud-engineer
google-cloud-associate,operations,OP-2,Associate Cloud Engineer — OP-2 (HARD) #22,A production incident involves trade-offs between cost and resilience for Manage incidents and optimize performance for Ensuring Successful Operation of a Cloud Solution?,"Deploy without monitoring, backup, or access controls required by the blueprint.",Mix controls from unrelated domains that do not address the stated objective.,"Follow the documented approach for Manage incidents and optimize performance, using recommended services and controls per the exam guide.",Use an approach that contradicts the exam objective and ignores documented constraints.,C,HARD,google-cloud-associate|operations|OP-2|hard|blueprint-seed,**Answer: C** — Manage incidents and optimize performance. Review the official Google exam guide (Associate Cloud Engineer) and linked documentation. Objective: OP-2.,https://cloud.google.com/docs|https://cloud.google.com/certification/cloud-engineer
google-cloud-associate,operations,OP-2,Associate Cloud Engineer — OP-2 (HARD) #23,Complex regulatory requirements demand that you Manage incidents and optimize performance for Ensuring Successful Operation of a Cloud Solution?,Mix controls from unrelated domains that do not address the stated objective.,"Implement Manage incidents and optimize performance using Google best practices for Ensuring Successful Operation of a Cloud Solution, including monitoring and least privilege.",Use an approach that contradicts the exam objective and ignores documented constraints.,"Deploy without monitoring, backup, or access controls required by the blueprint.",D,HARD,google-cloud-associate|operations|OP-2|hard|blueprint-seed,**Answer: D** — Manage incidents and optimize performance. Review the official Google exam guide (Associate Cloud Engineer) and linked documentation. Objective: OP-2.,https://cloud.google.com/docs|https://cloud.google.com/certification/cloud-engineer
google-cloud-associate,operations,OP-2,Associate Cloud Engineer — OP-2 (HARD) #24,A multi-team rollout must balance security and velocity for Manage incidents and optimize performance for Ensuring Successful Operation of a Cloud Solution?,Apply the official Ensuring Successful Operation of a Cloud Solution guidance: Manage incidents and optimize performance — this aligns with exam blueprint expectations and vendor documentation.,Use an approach that contradicts the exam objective and ignores documented constraints.,"Deploy without monitoring, backup, or access controls required by the blueprint.",Mix controls from unrelated domains that do not address the stated objective.,A,HARD,google-cloud-associate|operations|OP-2|hard|blueprint-seed,**Answer: A** — Manage incidents and optimize performance. Review the official Google exam guide (Associate Cloud Engineer) and linked documentation. Objective: OP-2.,https://cloud.google.com/docs|https://cloud.google.com/certification/cloud-engineer
google-cloud-associate,operations,OP-2,Associate Cloud Engineer — OP-2 (HARD) #25,An enterprise requires zero-downtime architecture while Manage incidents and optimize performance for Ensuring Successful Operation of a Cloud Solution?,Use an approach that contradicts the exam objective and ignores documented constraints.,"Deploy without monitoring, backup, or access controls required by the blueprint.",Mix controls from unrelated domains that do not address the stated objective.,"Follow the documented approach for Manage incidents and optimize performance, using recommended services and controls per the exam guide.",B,HARD,google-cloud-associate|operations|OP-2|hard|blueprint-seed,**Answer: B** — Manage incidents and optimize performance. Review the official Google exam guide (Associate Cloud Engineer) and linked documentation. Objective: OP-2.,https://cloud.google.com/docs|https://cloud.google.com/certification/cloud-engineer
google-cloud-associate,operations,OP-2,Associate Cloud Engineer — OP-2 (HARD) #26,"Given strict compliance, auditability, and multi-region constraints, how should you Manage incidents and optimize performance for Ensuring Successful Operation of a Cloud Solution?","Deploy without monitoring, backup, or access controls required by the blueprint.",Mix controls from unrelated domains that do not address the stated objective.,"Implement Manage incidents and optimize performance using Google best practices for Ensuring Successful Operation of a Cloud Solution, including monitoring and least privilege.",Use an approach that contradicts the exam objective and ignores documented constraints.,C,HARD,google-cloud-associate|operations|OP-2|hard|blueprint-seed,**Answer: C** — Manage incidents and optimize performance. Review the official Google exam guide (Associate Cloud Engineer) and linked documentation. Objective: OP-2.,https://cloud.google.com/docs|https://cloud.google.com/certification/cloud-engineer
google-cloud-associate,operations,OP-2,Associate Cloud Engineer — OP-2 (HARD) #27,A production incident involves trade-offs between cost and resilience for Manage incidents and optimize performance for Ensuring Successful Operation of a Cloud Solution?,Mix controls from unrelated domains that do not address the stated objective.,Apply the official Ensuring Successful Operation of a Cloud Solution guidance: Manage incidents and optimize performance — this aligns with exam blueprint expectations and vendor documentation.,Use an approach that contradicts the exam objective and ignores documented constraints.,"Deploy without monitoring, backup, or access controls required by the blueprint.",D,HARD,google-cloud-associate|operations|OP-2|hard|blueprint-seed,**Answer: D** — Manage incidents and optimize performance. Review the official Google exam guide (Associate Cloud Engineer) and linked documentation. Objective: OP-2.,https://cloud.google.com/docs|https://cloud.google.com/certification/cloud-engineer
google-cloud-associate,operations,OP-2,Associate Cloud Engineer — OP-2 (HARD) #28,Complex regulatory requirements demand that you Manage incidents and optimize performance for Ensuring Successful Operation of a Cloud Solution?,"Follow the documented approach for Manage incidents and optimize performance, using recommended services and controls per the exam guide.",Use an approach that contradicts the exam objective and ignores documented constraints.,"Deploy without monitoring, backup, or access controls required by the blueprint.",Mix controls from unrelated domains that do not address the stated objective.,A,HARD,google-cloud-associate|operations|OP-2|hard|blueprint-seed,**Answer: A** — Manage incidents and optimize performance. Review the official Google exam guide (Associate Cloud Engineer) and linked documentation. Objective: OP-2.,https://cloud.google.com/docs|https://cloud.google.com/certification/cloud-engineer
google-cloud-associate,operations,OP-2,Associate Cloud Engineer — OP-2 (HARD) #29,A multi-team rollout must balance security and velocity for Manage incidents and optimize performance for Ensuring Successful Operation of a Cloud Solution?,Use an approach that contradicts the exam objective and ignores documented constraints.,"Deploy without monitoring, backup, or access controls required by the blueprint.",Mix controls from unrelated domains that do not address the stated objective.,"Implement Manage incidents and optimize performance using Google best practices for Ensuring Successful Operation of a Cloud Solution, including monitoring and least privilege.",B,HARD,google-cloud-associate|operations|OP-2|hard|blueprint-seed,**Answer: B** — Manage incidents and optimize performance. Review the official Google exam guide (Associate Cloud Engineer) and linked documentation. Objective: OP-2.,https://cloud.google.com/docs|https://cloud.google.com/certification/cloud-engineer
google-cloud-associate,operations,OP-3,Associate Cloud Engineer — OP-3 (EASY) #1,What is the primary purpose of Maintain managed services?,Use an approach that contradicts the exam objective and ignores documented constraints.,"Deploy without monitoring, backup, or access controls required by the blueprint.",Mix controls from unrelated domains that do not address the stated objective.,"Follow the documented approach for Maintain managed services, using recommended services and controls per the exam guide.",B,EASY,google-cloud-associate|operations|OP-3|easy|blueprint-seed,**Answer: B** — Maintain managed services. Review the official Google exam guide (Associate Cloud Engineer) and linked documentation. Objective: OP-3.,https://cloud.google.com/docs|https://cloud.google.com/certification/cloud-engineer
google-cloud-associate,operations,OP-3,Associate Cloud Engineer — OP-3 (EASY) #2,Which concept is fundamental to Maintain managed services?,"Deploy without monitoring, backup, or access controls required by the blueprint.",Mix controls from unrelated domains that do not address the stated objective.,"Implement Maintain managed services using Google best practices for Ensuring Successful Operation of a Cloud Solution, including monitoring and least privilege.",Use an approach that contradicts the exam objective and ignores documented constraints.,C,EASY,google-cloud-associate|operations|OP-3|easy|blueprint-seed,**Answer: C** — Maintain managed services. Review the official Google exam guide (Associate Cloud Engineer) and linked documentation. Objective: OP-3.,https://cloud.google.com/docs|https://cloud.google.com/certification/cloud-engineer
google-cloud-associate,operations,OP-3,Associate Cloud Engineer — OP-3 (EASY) #3,Identify the core principle behind Maintain managed services?,Mix controls from unrelated domains that do not address the stated objective.,Apply the official Ensuring Successful Operation of a Cloud Solution guidance: Maintain managed services — this aligns with exam blueprint expectations and vendor documentation.,Use an approach that contradicts the exam objective and ignores documented constraints.,"Deploy without monitoring, backup, or access controls required by the blueprint.",D,EASY,google-cloud-associate|operations|OP-3|easy|blueprint-seed,**Answer: D** — Maintain managed services. Review the official Google exam guide (Associate Cloud Engineer) and linked documentation. Objective: OP-3.,https://cloud.google.com/docs|https://cloud.google.com/certification/cloud-engineer
google-cloud-associate,operations,OP-3,Associate Cloud Engineer — OP-3 (EASY) #4,Which description accurately reflects Maintain managed services?,"Follow the documented approach for Maintain managed services, using recommended services and controls per the exam guide.",Use an approach that contradicts the exam objective and ignores documented constraints.,"Deploy without monitoring, backup, or access controls required by the blueprint.",Mix controls from unrelated domains that do not address the stated objective.,A,EASY,google-cloud-associate|operations|OP-3|easy|blueprint-seed,**Answer: A** — Maintain managed services. Review the official Google exam guide (Associate Cloud Engineer) and linked documentation. Objective: OP-3.,https://cloud.google.com/docs|https://cloud.google.com/certification/cloud-engineer
google-cloud-associate,operations,OP-3,Associate Cloud Engineer — OP-3 (EASY) #5,Which statement best defines the scope of Maintain managed services?,Use an approach that contradicts the exam objective and ignores documented constraints.,"Deploy without monitoring, backup, or access controls required by the blueprint.",Mix controls from unrelated domains that do not address the stated objective.,"Implement Maintain managed services using Google best practices for Ensuring Successful Operation of a Cloud Solution, including monitoring and least privilege.",B,EASY,google-cloud-associate|operations|OP-3|easy|blueprint-seed,**Answer: B** — Maintain managed services. Review the official Google exam guide (Associate Cloud Engineer) and linked documentation. Objective: OP-3.,https://cloud.google.com/docs|https://cloud.google.com/certification/cloud-engineer
google-cloud-associate,operations,OP-3,Associate Cloud Engineer — OP-3 (EASY) #6,What is the primary purpose of Maintain managed services?,"Deploy without monitoring, backup, or access controls required by the blueprint.",Mix controls from unrelated domains that do not address the stated objective.,Apply the official Ensuring Successful Operation of a Cloud Solution guidance: Maintain managed services — this aligns with exam blueprint expectations and vendor documentation.,Use an approach that contradicts the exam objective and ignores documented constraints.,C,EASY,google-cloud-associate|operations|OP-3|easy|blueprint-seed,**Answer: C** — Maintain managed services. Review the official Google exam guide (Associate Cloud Engineer) and linked documentation. Objective: OP-3.,https://cloud.google.com/docs|https://cloud.google.com/certification/cloud-engineer
google-cloud-associate,operations,OP-3,Associate Cloud Engineer — OP-3 (EASY) #7,Which concept is fundamental to Maintain managed services?,Mix controls from unrelated domains that do not address the stated objective.,"Follow the documented approach for Maintain managed services, using recommended services and controls per the exam guide.",Use an approach that contradicts the exam objective and ignores documented constraints.,"Deploy without monitoring, backup, or access controls required by the blueprint.",D,EASY,google-cloud-associate|operations|OP-3|easy|blueprint-seed,**Answer: D** — Maintain managed services. Review the official Google exam guide (Associate Cloud Engineer) and linked documentation. Objective: OP-3.,https://cloud.google.com/docs|https://cloud.google.com/certification/cloud-engineer
google-cloud-associate,operations,OP-3,Associate Cloud Engineer — OP-3 (EASY) #8,Identify the core principle behind Maintain managed services?,"Implement Maintain managed services using Google best practices for Ensuring Successful Operation of a Cloud Solution, including monitoring and least privilege.",Use an approach that contradicts the exam objective and ignores documented constraints.,"Deploy without monitoring, backup, or access controls required by the blueprint.",Mix controls from unrelated domains that do not address the stated objective.,A,EASY,google-cloud-associate|operations|OP-3|easy|blueprint-seed,**Answer: A** — Maintain managed services. Review the official Google exam guide (Associate Cloud Engineer) and linked documentation. Objective: OP-3.,https://cloud.google.com/docs|https://cloud.google.com/certification/cloud-engineer
google-cloud-associate,operations,OP-3,Associate Cloud Engineer — OP-3 (EASY) #9,Which description accurately reflects Maintain managed services?,Use an approach that contradicts the exam objective and ignores documented constraints.,"Deploy without monitoring, backup, or access controls required by the blueprint.",Mix controls from unrelated domains that do not address the stated objective.,Apply the official Ensuring Successful Operation of a Cloud Solution guidance: Maintain managed services — this aligns with exam blueprint expectations and vendor documentation.,B,EASY,google-cloud-associate|operations|OP-3|easy|blueprint-seed,**Answer: B** — Maintain managed services. Review the official Google exam guide (Associate Cloud Engineer) and linked documentation. Objective: OP-3.,https://cloud.google.com/docs|https://cloud.google.com/certification/cloud-engineer
google-cloud-associate,operations,OP-3,Associate Cloud Engineer — OP-3 (MEDIUM) #10,A team must implement a solution for Maintain managed services in the context of Google Cloud Associate Cloud Engineer?,"Deploy without monitoring, backup, or access controls required by the blueprint.",Mix controls from unrelated domains that do not address the stated objective.,"Follow the documented approach for Maintain managed services, using recommended services and controls per the exam guide.",Use an approach that contradicts the exam objective and ignores documented constraints.,C,MEDIUM,google-cloud-associate|operations|OP-3|medium|blueprint-seed,**Answer: C** — Maintain managed services. Review the official Google exam guide (Associate Cloud Engineer) and linked documentation. Objective: OP-3.,https://cloud.google.com/docs|https://cloud.google.com/certification/cloud-engineer
google-cloud-associate,operations,OP-3,Associate Cloud Engineer — OP-3 (MEDIUM) #11,Which approach aligns with best practices when Maintain managed services in the context of Google Cloud Associate Cloud Engineer?,Mix controls from unrelated domains that do not address the stated objective.,"Implement Maintain managed services using Google best practices for Ensuring Successful Operation of a Cloud Solution, including monitoring and least privilege.",Use an approach that contradicts the exam objective and ignores documented constraints.,"Deploy without monitoring, backup, or access controls required by the blueprint.",D,MEDIUM,google-cloud-associate|operations|OP-3|medium|blueprint-seed,**Answer: D** — Maintain managed services. Review the official Google exam guide (Associate Cloud Engineer) and linked documentation. Objective: OP-3.,https://cloud.google.com/docs|https://cloud.google.com/certification/cloud-engineer
google-cloud-associate,operations,OP-3,Associate Cloud Engineer — OP-3 (MEDIUM) #12,"During a project review, stakeholders ask how to Maintain managed services in the context of Google Cloud Associate Cloud Engineer?",Apply the official Ensuring Successful Operation of a Cloud Solution guidance: Maintain managed services — this aligns with exam blueprint expectations and vendor documentation.,Use an approach that contradicts the exam objective and ignores documented constraints.,"Deploy without monitoring, backup, or access controls required by the blueprint.",Mix controls from unrelated domains that do not address the stated objective.,A,MEDIUM,google-cloud-associate|operations|OP-3|medium|blueprint-seed,**Answer: A** — Maintain managed services. Review the official Google exam guide (Associate Cloud Engineer) and linked documentation. Objective: OP-3.,https://cloud.google.com/docs|https://cloud.google.com/certification/cloud-engineer
google-cloud-associate,operations,OP-3,Associate Cloud Engineer — OP-3 (MEDIUM) #13,Which configuration satisfies requirements for Maintain managed services in the context of Google Cloud Associate Cloud Engineer?,Use an approach that contradicts the exam objective and ignores documented constraints.,"Deploy without monitoring, backup, or access controls required by the blueprint.",Mix controls from unrelated domains that do not address the stated objective.,"Follow the documented approach for Maintain managed services, using recommended services and controls per the exam guide.",B,MEDIUM,google-cloud-associate|operations|OP-3|medium|blueprint-seed,**Answer: B** — Maintain managed services. Review the official Google exam guide (Associate Cloud Engineer) and linked documentation. Objective: OP-3.,https://cloud.google.com/docs|https://cloud.google.com/certification/cloud-engineer
google-cloud-associate,operations,OP-3,Associate Cloud Engineer — OP-3 (MEDIUM) #14,What is the recommended design when applying Maintain managed services in the context of Google Cloud Associate Cloud Engineer?,"Deploy without monitoring, backup, or access controls required by the blueprint.",Mix controls from unrelated domains that do not address the stated objective.,"Implement Maintain managed services using Google best practices for Ensuring Successful Operation of a Cloud Solution, including monitoring and least privilege.",Use an approach that contradicts the exam objective and ignores documented constraints.,C,MEDIUM,google-cloud-associate|operations|OP-3|medium|blueprint-seed,**Answer: C** — Maintain managed services. Review the official Google exam guide (Associate Cloud Engineer) and linked documentation. Objective: OP-3.,https://cloud.google.com/docs|https://cloud.google.com/certification/cloud-engineer
google-cloud-associate,operations,OP-3,Associate Cloud Engineer — OP-3 (MEDIUM) #15,A team must implement a solution for Maintain managed services in the context of Google Cloud Associate Cloud Engineer?,Mix controls from unrelated domains that do not address the stated objective.,Apply the official Ensuring Successful Operation of a Cloud Solution guidance: Maintain managed services — this aligns with exam blueprint expectations and vendor documentation.,Use an approach that contradicts the exam objective and ignores documented constraints.,"Deploy without monitoring, backup, or access controls required by the blueprint.",D,MEDIUM,google-cloud-associate|operations|OP-3|medium|blueprint-seed,**Answer: D** — Maintain managed services. Review the official Google exam guide (Associate Cloud Engineer) and linked documentation. Objective: OP-3.,https://cloud.google.com/docs|https://cloud.google.com/certification/cloud-engineer
google-cloud-associate,operations,OP-3,Associate Cloud Engineer — OP-3 (MEDIUM) #16,Which approach aligns with best practices when Maintain managed services in the context of Google Cloud Associate Cloud Engineer?,"Follow the documented approach for Maintain managed services, using recommended services and controls per the exam guide.",Use an approach that contradicts the exam objective and ignores documented constraints.,"Deploy without monitoring, backup, or access controls required by the blueprint.",Mix controls from unrelated domains that do not address the stated objective.,A,MEDIUM,google-cloud-associate|operations|OP-3|medium|blueprint-seed,**Answer: A** — Maintain managed services. Review the official Google exam guide (Associate Cloud Engineer) and linked documentation. Objective: OP-3.,https://cloud.google.com/docs|https://cloud.google.com/certification/cloud-engineer
google-cloud-associate,operations,OP-3,Associate Cloud Engineer — OP-3 (MEDIUM) #17,"During a project review, stakeholders ask how to Maintain managed services in the context of Google Cloud Associate Cloud Engineer?",Use an approach that contradicts the exam objective and ignores documented constraints.,"Deploy without monitoring, backup, or access controls required by the blueprint.",Mix controls from unrelated domains that do not address the stated objective.,"Implement Maintain managed services using Google best practices for Ensuring Successful Operation of a Cloud Solution, including monitoring and least privilege.",B,MEDIUM,google-cloud-associate|operations|OP-3|medium|blueprint-seed,**Answer: B** — Maintain managed services. Review the official Google exam guide (Associate Cloud Engineer) and linked documentation. Objective: OP-3.,https://cloud.google.com/docs|https://cloud.google.com/certification/cloud-engineer
google-cloud-associate,operations,OP-3,Associate Cloud Engineer — OP-3 (MEDIUM) #18,Which configuration satisfies requirements for Maintain managed services in the context of Google Cloud Associate Cloud Engineer?,"Deploy without monitoring, backup, or access controls required by the blueprint.",Mix controls from unrelated domains that do not address the stated objective.,Apply the official Ensuring Successful Operation of a Cloud Solution guidance: Maintain managed services — this aligns with exam blueprint expectations and vendor documentation.,Use an approach that contradicts the exam objective and ignores documented constraints.,C,MEDIUM,google-cloud-associate|operations|OP-3|medium|blueprint-seed,**Answer: C** — Maintain managed services. Review the official Google exam guide (Associate Cloud Engineer) and linked documentation. Objective: OP-3.,https://cloud.google.com/docs|https://cloud.google.com/certification/cloud-engineer
google-cloud-associate,operations,OP-3,Associate Cloud Engineer — OP-3 (MEDIUM) #19,What is the recommended design when applying Maintain managed services in the context of Google Cloud Associate Cloud Engineer?,Mix controls from unrelated domains that do not address the stated objective.,"Follow the documented approach for Maintain managed services, using recommended services and controls per the exam guide.",Use an approach that contradicts the exam objective and ignores documented constraints.,"Deploy without monitoring, backup, or access controls required by the blueprint.",D,MEDIUM,google-cloud-associate|operations|OP-3|medium|blueprint-seed,**Answer: D** — Maintain managed services. Review the official Google exam guide (Associate Cloud Engineer) and linked documentation. Objective: OP-3.,https://cloud.google.com/docs|https://cloud.google.com/certification/cloud-engineer
google-cloud-associate,operations,OP-3,Associate Cloud Engineer — OP-3 (MEDIUM) #20,A team must implement a solution for Maintain managed services in the context of Google Cloud Associate Cloud Engineer?,"Implement Maintain managed services using Google best practices for Ensuring Successful Operation of a Cloud Solution, including monitoring and least privilege.",Use an approach that contradicts the exam objective and ignores documented constraints.,"Deploy without monitoring, backup, or access controls required by the blueprint.",Mix controls from unrelated domains that do not address the stated objective.,A,MEDIUM,google-cloud-associate|operations|OP-3|medium|blueprint-seed,**Answer: A** — Maintain managed services. Review the official Google exam guide (Associate Cloud Engineer) and linked documentation. Objective: OP-3.,https://cloud.google.com/docs|https://cloud.google.com/certification/cloud-engineer
google-cloud-associate,operations,OP-3,Associate Cloud Engineer — OP-3 (MEDIUM) #21,Which approach aligns with best practices when Maintain managed services in the context of Google Cloud Associate Cloud Engineer?,Use an approach that contradicts the exam objective and ignores documented constraints.,"Deploy without monitoring, backup, or access controls required by the blueprint.",Mix controls from unrelated domains that do not address the stated objective.,Apply the official Ensuring Successful Operation of a Cloud Solution guidance: Maintain managed services — this aligns with exam blueprint expectations and vendor documentation.,B,MEDIUM,google-cloud-associate|operations|OP-3|medium|blueprint-seed,**Answer: B** — Maintain managed services. Review the official Google exam guide (Associate Cloud Engineer) and linked documentation. Objective: OP-3.,https://cloud.google.com/docs|https://cloud.google.com/certification/cloud-engineer
google-cloud-associate,operations,OP-3,Associate Cloud Engineer — OP-3 (HARD) #22,A production incident involves trade-offs between cost and resilience for Maintain managed services for Ensuring Successful Operation of a Cloud Solution?,"Deploy without monitoring, backup, or access controls required by the blueprint.",Mix controls from unrelated domains that do not address the stated objective.,"Follow the documented approach for Maintain managed services, using recommended services and controls per the exam guide.",Use an approach that contradicts the exam objective and ignores documented constraints.,C,HARD,google-cloud-associate|operations|OP-3|hard|blueprint-seed,**Answer: C** — Maintain managed services. Review the official Google exam guide (Associate Cloud Engineer) and linked documentation. Objective: OP-3.,https://cloud.google.com/docs|https://cloud.google.com/certification/cloud-engineer
google-cloud-associate,operations,OP-3,Associate Cloud Engineer — OP-3 (HARD) #23,Complex regulatory requirements demand that you Maintain managed services for Ensuring Successful Operation of a Cloud Solution?,Mix controls from unrelated domains that do not address the stated objective.,"Implement Maintain managed services using Google best practices for Ensuring Successful Operation of a Cloud Solution, including monitoring and least privilege.",Use an approach that contradicts the exam objective and ignores documented constraints.,"Deploy without monitoring, backup, or access controls required by the blueprint.",D,HARD,google-cloud-associate|operations|OP-3|hard|blueprint-seed,**Answer: D** — Maintain managed services. Review the official Google exam guide (Associate Cloud Engineer) and linked documentation. Objective: OP-3.,https://cloud.google.com/docs|https://cloud.google.com/certification/cloud-engineer
google-cloud-associate,operations,OP-3,Associate Cloud Engineer — OP-3 (HARD) #24,A multi-team rollout must balance security and velocity for Maintain managed services for Ensuring Successful Operation of a Cloud Solution?,Apply the official Ensuring Successful Operation of a Cloud Solution guidance: Maintain managed services — this aligns with exam blueprint expectations and vendor documentation.,Use an approach that contradicts the exam objective and ignores documented constraints.,"Deploy without monitoring, backup, or access controls required by the blueprint.",Mix controls from unrelated domains that do not address the stated objective.,A,HARD,google-cloud-associate|operations|OP-3|hard|blueprint-seed,**Answer: A** — Maintain managed services. Review the official Google exam guide (Associate Cloud Engineer) and linked documentation. Objective: OP-3.,https://cloud.google.com/docs|https://cloud.google.com/certification/cloud-engineer
google-cloud-associate,operations,OP-3,Associate Cloud Engineer — OP-3 (HARD) #25,An enterprise requires zero-downtime architecture while Maintain managed services for Ensuring Successful Operation of a Cloud Solution?,Use an approach that contradicts the exam objective and ignores documented constraints.,"Deploy without monitoring, backup, or access controls required by the blueprint.",Mix controls from unrelated domains that do not address the stated objective.,"Follow the documented approach for Maintain managed services, using recommended services and controls per the exam guide.",B,HARD,google-cloud-associate|operations|OP-3|hard|blueprint-seed,**Answer: B** — Maintain managed services. Review the official Google exam guide (Associate Cloud Engineer) and linked documentation. Objective: OP-3.,https://cloud.google.com/docs|https://cloud.google.com/certification/cloud-engineer
google-cloud-associate,operations,OP-3,Associate Cloud Engineer — OP-3 (HARD) #26,"Given strict compliance, auditability, and multi-region constraints, how should you Maintain managed services for Ensuring Successful Operation of a Cloud Solution?","Deploy without monitoring, backup, or access controls required by the blueprint.",Mix controls from unrelated domains that do not address the stated objective.,"Implement Maintain managed services using Google best practices for Ensuring Successful Operation of a Cloud Solution, including monitoring and least privilege.",Use an approach that contradicts the exam objective and ignores documented constraints.,C,HARD,google-cloud-associate|operations|OP-3|hard|blueprint-seed,**Answer: C** — Maintain managed services. Review the official Google exam guide (Associate Cloud Engineer) and linked documentation. Objective: OP-3.,https://cloud.google.com/docs|https://cloud.google.com/certification/cloud-engineer
google-cloud-associate,operations,OP-3,Associate Cloud Engineer — OP-3 (HARD) #27,A production incident involves trade-offs between cost and resilience for Maintain managed services for Ensuring Successful Operation of a Cloud Solution?,Mix controls from unrelated domains that do not address the stated objective.,Apply the official Ensuring Successful Operation of a Cloud Solution guidance: Maintain managed services — this aligns with exam blueprint expectations and vendor documentation.,Use an approach that contradicts the exam objective and ignores documented constraints.,"Deploy without monitoring, backup, or access controls required by the blueprint.",D,HARD,google-cloud-associate|operations|OP-3|hard|blueprint-seed,**Answer: D** — Maintain managed services. Review the official Google exam guide (Associate Cloud Engineer) and linked documentation. Objective: OP-3.,https://cloud.google.com/docs|https://cloud.google.com/certification/cloud-engineer
google-cloud-associate,operations,OP-3,Associate Cloud Engineer — OP-3 (HARD) #28,Complex regulatory requirements demand that you Maintain managed services for Ensuring Successful Operation of a Cloud Solution?,"Follow the documented approach for Maintain managed services, using recommended services and controls per the exam guide.",Use an approach that contradicts the exam objective and ignores documented constraints.,"Deploy without monitoring, backup, or access controls required by the blueprint.",Mix controls from unrelated domains that do not address the stated objective.,A,HARD,google-cloud-associate|operations|OP-3|hard|blueprint-seed,**Answer: A** — Maintain managed services. Review the official Google exam guide (Associate Cloud Engineer) and linked documentation. Objective: OP-3.,https://cloud.google.com/docs|https://cloud.google.com/certification/cloud-engineer
google-cloud-associate,operations,OP-3,Associate Cloud Engineer — OP-3 (HARD) #29,A multi-team rollout must balance security and velocity for Maintain managed services for Ensuring Successful Operation of a Cloud Solution?,Use an approach that contradicts the exam objective and ignores documented constraints.,"Deploy without monitoring, backup, or access controls required by the blueprint.",Mix controls from unrelated domains that do not address the stated objective.,"Implement Maintain managed services using Google best practices for Ensuring Successful Operation of a Cloud Solution, including monitoring and least privilege.",B,HARD,google-cloud-associate|operations|OP-3|hard|blueprint-seed,**Answer: B** — Maintain managed services. Review the official Google exam guide (Associate Cloud Engineer) and linked documentation. Objective: OP-3.,https://cloud.google.com/docs|https://cloud.google.com/certification/cloud-engineer
google-cloud-associate,access-security,AS-1,Associate Cloud Engineer — AS-1 (EASY) #1,What is the primary purpose of Configure IAM roles and permissions?,Use an approach that contradicts the exam objective and ignores documented constraints.,"Deploy without monitoring, backup, or access controls required by the blueprint.",Mix controls from unrelated domains that do not address the stated objective.,"Follow the documented approach for Configure IAM roles and permissions, using recommended services and controls per the exam guide.",B,EASY,google-cloud-associate|access-security|AS-1|easy|blueprint-seed,**Answer: B** — Configure IAM roles and permissions. Review the official Google exam guide (Associate Cloud Engineer) and linked documentation. Objective: AS-1.,https://cloud.google.com/docs|https://cloud.google.com/certification/cloud-engineer
google-cloud-associate,access-security,AS-1,Associate Cloud Engineer — AS-1 (EASY) #2,Which concept is fundamental to Configure IAM roles and permissions?,"Deploy without monitoring, backup, or access controls required by the blueprint.",Mix controls from unrelated domains that do not address the stated objective.,"Implement Configure IAM roles and permissions using Google best practices for Configuring Access and Security, including monitoring and least privilege.",Use an approach that contradicts the exam objective and ignores documented constraints.,C,EASY,google-cloud-associate|access-security|AS-1|easy|blueprint-seed,**Answer: C** — Configure IAM roles and permissions. Review the official Google exam guide (Associate Cloud Engineer) and linked documentation. Objective: AS-1.,https://cloud.google.com/docs|https://cloud.google.com/certification/cloud-engineer
google-cloud-associate,access-security,AS-1,Associate Cloud Engineer — AS-1 (EASY) #3,Identify the core principle behind Configure IAM roles and permissions?,Mix controls from unrelated domains that do not address the stated objective.,Apply the official Configuring Access and Security guidance: Configure IAM roles and permissions — this aligns with exam blueprint expectations and vendor documentation.,Use an approach that contradicts the exam objective and ignores documented constraints.,"Deploy without monitoring, backup, or access controls required by the blueprint.",D,EASY,google-cloud-associate|access-security|AS-1|easy|blueprint-seed,**Answer: D** — Configure IAM roles and permissions. Review the official Google exam guide (Associate Cloud Engineer) and linked documentation. Objective: AS-1.,https://cloud.google.com/docs|https://cloud.google.com/certification/cloud-engineer
google-cloud-associate,access-security,AS-1,Associate Cloud Engineer — AS-1 (EASY) #4,Which description accurately reflects Configure IAM roles and permissions?,"Follow the documented approach for Configure IAM roles and permissions, using recommended services and controls per the exam guide.",Use an approach that contradicts the exam objective and ignores documented constraints.,"Deploy without monitoring, backup, or access controls required by the blueprint.",Mix controls from unrelated domains that do not address the stated objective.,A,EASY,google-cloud-associate|access-security|AS-1|easy|blueprint-seed,**Answer: A** — Configure IAM roles and permissions. Review the official Google exam guide (Associate Cloud Engineer) and linked documentation. Objective: AS-1.,https://cloud.google.com/docs|https://cloud.google.com/certification/cloud-engineer
google-cloud-associate,access-security,AS-1,Associate Cloud Engineer — AS-1 (EASY) #5,Which statement best defines the scope of Configure IAM roles and permissions?,Use an approach that contradicts the exam objective and ignores documented constraints.,"Deploy without monitoring, backup, or access controls required by the blueprint.",Mix controls from unrelated domains that do not address the stated objective.,"Implement Configure IAM roles and permissions using Google best practices for Configuring Access and Security, including monitoring and least privilege.",B,EASY,google-cloud-associate|access-security|AS-1|easy|blueprint-seed,**Answer: B** — Configure IAM roles and permissions. Review the official Google exam guide (Associate Cloud Engineer) and linked documentation. Objective: AS-1.,https://cloud.google.com/docs|https://cloud.google.com/certification/cloud-engineer
google-cloud-associate,access-security,AS-1,Associate Cloud Engineer — AS-1 (EASY) #6,What is the primary purpose of Configure IAM roles and permissions?,"Deploy without monitoring, backup, or access controls required by the blueprint.",Mix controls from unrelated domains that do not address the stated objective.,Apply the official Configuring Access and Security guidance: Configure IAM roles and permissions — this aligns with exam blueprint expectations and vendor documentation.,Use an approach that contradicts the exam objective and ignores documented constraints.,C,EASY,google-cloud-associate|access-security|AS-1|easy|blueprint-seed,**Answer: C** — Configure IAM roles and permissions. Review the official Google exam guide (Associate Cloud Engineer) and linked documentation. Objective: AS-1.,https://cloud.google.com/docs|https://cloud.google.com/certification/cloud-engineer
google-cloud-associate,access-security,AS-1,Associate Cloud Engineer — AS-1 (EASY) #7,Which concept is fundamental to Configure IAM roles and permissions?,Mix controls from unrelated domains that do not address the stated objective.,"Follow the documented approach for Configure IAM roles and permissions, using recommended services and controls per the exam guide.",Use an approach that contradicts the exam objective and ignores documented constraints.,"Deploy without monitoring, backup, or access controls required by the blueprint.",D,EASY,google-cloud-associate|access-security|AS-1|easy|blueprint-seed,**Answer: D** — Configure IAM roles and permissions. Review the official Google exam guide (Associate Cloud Engineer) and linked documentation. Objective: AS-1.,https://cloud.google.com/docs|https://cloud.google.com/certification/cloud-engineer
google-cloud-associate,access-security,AS-1,Associate Cloud Engineer — AS-1 (EASY) #8,Identify the core principle behind Configure IAM roles and permissions?,"Implement Configure IAM roles and permissions using Google best practices for Configuring Access and Security, including monitoring and least privilege.",Use an approach that contradicts the exam objective and ignores documented constraints.,"Deploy without monitoring, backup, or access controls required by the blueprint.",Mix controls from unrelated domains that do not address the stated objective.,A,EASY,google-cloud-associate|access-security|AS-1|easy|blueprint-seed,**Answer: A** — Configure IAM roles and permissions. Review the official Google exam guide (Associate Cloud Engineer) and linked documentation. Objective: AS-1.,https://cloud.google.com/docs|https://cloud.google.com/certification/cloud-engineer
google-cloud-associate,access-security,AS-1,Associate Cloud Engineer — AS-1 (EASY) #9,Which description accurately reflects Configure IAM roles and permissions?,Use an approach that contradicts the exam objective and ignores documented constraints.,"Deploy without monitoring, backup, or access controls required by the blueprint.",Mix controls from unrelated domains that do not address the stated objective.,Apply the official Configuring Access and Security guidance: Configure IAM roles and permissions — this aligns with exam blueprint expectations and vendor documentation.,B,EASY,google-cloud-associate|access-security|AS-1|easy|blueprint-seed,**Answer: B** — Configure IAM roles and permissions. Review the official Google exam guide (Associate Cloud Engineer) and linked documentation. Objective: AS-1.,https://cloud.google.com/docs|https://cloud.google.com/certification/cloud-engineer
google-cloud-associate,access-security,AS-1,Associate Cloud Engineer — AS-1 (EASY) #10,Which statement best defines the scope of Configure IAM roles and permissions?,"Deploy without monitoring, backup, or access controls required by the blueprint.",Mix controls from unrelated domains that do not address the stated objective.,"Follow the documented approach for Configure IAM roles and permissions, using recommended services and controls per the exam guide.",Use an approach that contradicts the exam objective and ignores documented constraints.,C,EASY,google-cloud-associate|access-security|AS-1|easy|blueprint-seed,**Answer: C** — Configure IAM roles and permissions. Review the official Google exam guide (Associate Cloud Engineer) and linked documentation. Objective: AS-1.,https://cloud.google.com/docs|https://cloud.google.com/certification/cloud-engineer
google-cloud-associate,access-security,AS-1,Associate Cloud Engineer — AS-1 (EASY) #11,What is the primary purpose of Configure IAM roles and permissions?,Mix controls from unrelated domains that do not address the stated objective.,"Implement Configure IAM roles and permissions using Google best practices for Configuring Access and Security, including monitoring and least privilege.",Use an approach that contradicts the exam objective and ignores documented constraints.,"Deploy without monitoring, backup, or access controls required by the blueprint.",D,EASY,google-cloud-associate|access-security|AS-1|easy|blueprint-seed,**Answer: D** — Configure IAM roles and permissions. Review the official Google exam guide (Associate Cloud Engineer) and linked documentation. Objective: AS-1.,https://cloud.google.com/docs|https://cloud.google.com/certification/cloud-engineer
google-cloud-associate,access-security,AS-1,Associate Cloud Engineer — AS-1 (MEDIUM) #12,"During a project review, stakeholders ask how to Configure IAM roles and permissions in the context of Google Cloud Associate Cloud Engineer?",Apply the official Configuring Access and Security guidance: Configure IAM roles and permissions — this aligns with exam blueprint expectations and vendor documentation.,Use an approach that contradicts the exam objective and ignores documented constraints.,"Deploy without monitoring, backup, or access controls required by the blueprint.",Mix controls from unrelated domains that do not address the stated objective.,A,MEDIUM,google-cloud-associate|access-security|AS-1|medium|blueprint-seed,**Answer: A** — Configure IAM roles and permissions. Review the official Google exam guide (Associate Cloud Engineer) and linked documentation. Objective: AS-1.,https://cloud.google.com/docs|https://cloud.google.com/certification/cloud-engineer
google-cloud-associate,access-security,AS-1,Associate Cloud Engineer — AS-1 (MEDIUM) #13,Which configuration satisfies requirements for Configure IAM roles and permissions in the context of Google Cloud Associate Cloud Engineer?,Use an approach that contradicts the exam objective and ignores documented constraints.,"Deploy without monitoring, backup, or access controls required by the blueprint.",Mix controls from unrelated domains that do not address the stated objective.,"Follow the documented approach for Configure IAM roles and permissions, using recommended services and controls per the exam guide.",B,MEDIUM,google-cloud-associate|access-security|AS-1|medium|blueprint-seed,**Answer: B** — Configure IAM roles and permissions. Review the official Google exam guide (Associate Cloud Engineer) and linked documentation. Objective: AS-1.,https://cloud.google.com/docs|https://cloud.google.com/certification/cloud-engineer
google-cloud-associate,access-security,AS-1,Associate Cloud Engineer — AS-1 (MEDIUM) #14,What is the recommended design when applying Configure IAM roles and permissions in the context of Google Cloud Associate Cloud Engineer?,"Deploy without monitoring, backup, or access controls required by the blueprint.",Mix controls from unrelated domains that do not address the stated objective.,"Implement Configure IAM roles and permissions using Google best practices for Configuring Access and Security, including monitoring and least privilege.",Use an approach that contradicts the exam objective and ignores documented constraints.,C,MEDIUM,google-cloud-associate|access-security|AS-1|medium|blueprint-seed,**Answer: C** — Configure IAM roles and permissions. Review the official Google exam guide (Associate Cloud Engineer) and linked documentation. Objective: AS-1.,https://cloud.google.com/docs|https://cloud.google.com/certification/cloud-engineer
google-cloud-associate,access-security,AS-1,Associate Cloud Engineer — AS-1 (MEDIUM) #15,A team must implement a solution for Configure IAM roles and permissions in the context of Google Cloud Associate Cloud Engineer?,Mix controls from unrelated domains that do not address the stated objective.,Apply the official Configuring Access and Security guidance: Configure IAM roles and permissions — this aligns with exam blueprint expectations and vendor documentation.,Use an approach that contradicts the exam objective and ignores documented constraints.,"Deploy without monitoring, backup, or access controls required by the blueprint.",D,MEDIUM,google-cloud-associate|access-security|AS-1|medium|blueprint-seed,**Answer: D** — Configure IAM roles and permissions. Review the official Google exam guide (Associate Cloud Engineer) and linked documentation. Objective: AS-1.,https://cloud.google.com/docs|https://cloud.google.com/certification/cloud-engineer
google-cloud-associate,access-security,AS-1,Associate Cloud Engineer — AS-1 (MEDIUM) #16,Which approach aligns with best practices when Configure IAM roles and permissions in the context of Google Cloud Associate Cloud Engineer?,"Follow the documented approach for Configure IAM roles and permissions, using recommended services and controls per the exam guide.",Use an approach that contradicts the exam objective and ignores documented constraints.,"Deploy without monitoring, backup, or access controls required by the blueprint.",Mix controls from unrelated domains that do not address the stated objective.,A,MEDIUM,google-cloud-associate|access-security|AS-1|medium|blueprint-seed,**Answer: A** — Configure IAM roles and permissions. Review the official Google exam guide (Associate Cloud Engineer) and linked documentation. Objective: AS-1.,https://cloud.google.com/docs|https://cloud.google.com/certification/cloud-engineer
google-cloud-associate,access-security,AS-1,Associate Cloud Engineer — AS-1 (MEDIUM) #17,"During a project review, stakeholders ask how to Configure IAM roles and permissions in the context of Google Cloud Associate Cloud Engineer?",Use an approach that contradicts the exam objective and ignores documented constraints.,"Deploy without monitoring, backup, or access controls required by the blueprint.",Mix controls from unrelated domains that do not address the stated objective.,"Implement Configure IAM roles and permissions using Google best practices for Configuring Access and Security, including monitoring and least privilege.",B,MEDIUM,google-cloud-associate|access-security|AS-1|medium|blueprint-seed,**Answer: B** — Configure IAM roles and permissions. Review the official Google exam guide (Associate Cloud Engineer) and linked documentation. Objective: AS-1.,https://cloud.google.com/docs|https://cloud.google.com/certification/cloud-engineer
google-cloud-associate,access-security,AS-1,Associate Cloud Engineer — AS-1 (MEDIUM) #18,Which configuration satisfies requirements for Configure IAM roles and permissions in the context of Google Cloud Associate Cloud Engineer?,"Deploy without monitoring, backup, or access controls required by the blueprint.",Mix controls from unrelated domains that do not address the stated objective.,Apply the official Configuring Access and Security guidance: Configure IAM roles and permissions — this aligns with exam blueprint expectations and vendor documentation.,Use an approach that contradicts the exam objective and ignores documented constraints.,C,MEDIUM,google-cloud-associate|access-security|AS-1|medium|blueprint-seed,**Answer: C** — Configure IAM roles and permissions. Review the official Google exam guide (Associate Cloud Engineer) and linked documentation. Objective: AS-1.,https://cloud.google.com/docs|https://cloud.google.com/certification/cloud-engineer
google-cloud-associate,access-security,AS-1,Associate Cloud Engineer — AS-1 (MEDIUM) #19,What is the recommended design when applying Configure IAM roles and permissions in the context of Google Cloud Associate Cloud Engineer?,Mix controls from unrelated domains that do not address the stated objective.,"Follow the documented approach for Configure IAM roles and permissions, using recommended services and controls per the exam guide.",Use an approach that contradicts the exam objective and ignores documented constraints.,"Deploy without monitoring, backup, or access controls required by the blueprint.",D,MEDIUM,google-cloud-associate|access-security|AS-1|medium|blueprint-seed,**Answer: D** — Configure IAM roles and permissions. Review the official Google exam guide (Associate Cloud Engineer) and linked documentation. Objective: AS-1.,https://cloud.google.com/docs|https://cloud.google.com/certification/cloud-engineer
google-cloud-associate,access-security,AS-1,Associate Cloud Engineer — AS-1 (MEDIUM) #20,A team must implement a solution for Configure IAM roles and permissions in the context of Google Cloud Associate Cloud Engineer?,"Implement Configure IAM roles and permissions using Google best practices for Configuring Access and Security, including monitoring and least privilege.",Use an approach that contradicts the exam objective and ignores documented constraints.,"Deploy without monitoring, backup, or access controls required by the blueprint.",Mix controls from unrelated domains that do not address the stated objective.,A,MEDIUM,google-cloud-associate|access-security|AS-1|medium|blueprint-seed,**Answer: A** — Configure IAM roles and permissions. Review the official Google exam guide (Associate Cloud Engineer) and linked documentation. Objective: AS-1.,https://cloud.google.com/docs|https://cloud.google.com/certification/cloud-engineer
google-cloud-associate,access-security,AS-1,Associate Cloud Engineer — AS-1 (MEDIUM) #21,Which approach aligns with best practices when Configure IAM roles and permissions in the context of Google Cloud Associate Cloud Engineer?,Use an approach that contradicts the exam objective and ignores documented constraints.,"Deploy without monitoring, backup, or access controls required by the blueprint.",Mix controls from unrelated domains that do not address the stated objective.,Apply the official Configuring Access and Security guidance: Configure IAM roles and permissions — this aligns with exam blueprint expectations and vendor documentation.,B,MEDIUM,google-cloud-associate|access-security|AS-1|medium|blueprint-seed,**Answer: B** — Configure IAM roles and permissions. Review the official Google exam guide (Associate Cloud Engineer) and linked documentation. Objective: AS-1.,https://cloud.google.com/docs|https://cloud.google.com/certification/cloud-engineer
google-cloud-associate,access-security,AS-1,Associate Cloud Engineer — AS-1 (MEDIUM) #22,"During a project review, stakeholders ask how to Configure IAM roles and permissions in the context of Google Cloud Associate Cloud Engineer?","Deploy without monitoring, backup, or access controls required by the blueprint.",Mix controls from unrelated domains that do not address the stated objective.,"Follow the documented approach for Configure IAM roles and permissions, using recommended services and controls per the exam guide.",Use an approach that contradicts the exam objective and ignores documented constraints.,C,MEDIUM,google-cloud-associate|access-security|AS-1|medium|blueprint-seed,**Answer: C** — Configure IAM roles and permissions. Review the official Google exam guide (Associate Cloud Engineer) and linked documentation. Objective: AS-1.,https://cloud.google.com/docs|https://cloud.google.com/certification/cloud-engineer
google-cloud-associate,access-security,AS-1,Associate Cloud Engineer — AS-1 (MEDIUM) #23,Which configuration satisfies requirements for Configure IAM roles and permissions in the context of Google Cloud Associate Cloud Engineer?,Mix controls from unrelated domains that do not address the stated objective.,"Implement Configure IAM roles and permissions using Google best practices for Configuring Access and Security, including monitoring and least privilege.",Use an approach that contradicts the exam objective and ignores documented constraints.,"Deploy without monitoring, backup, or access controls required by the blueprint.",D,MEDIUM,google-cloud-associate|access-security|AS-1|medium|blueprint-seed,**Answer: D** — Configure IAM roles and permissions. Review the official Google exam guide (Associate Cloud Engineer) and linked documentation. Objective: AS-1.,https://cloud.google.com/docs|https://cloud.google.com/certification/cloud-engineer
google-cloud-associate,access-security,AS-1,Associate Cloud Engineer — AS-1 (MEDIUM) #24,What is the recommended design when applying Configure IAM roles and permissions in the context of Google Cloud Associate Cloud Engineer?,Apply the official Configuring Access and Security guidance: Configure IAM roles and permissions — this aligns with exam blueprint expectations and vendor documentation.,Use an approach that contradicts the exam objective and ignores documented constraints.,"Deploy without monitoring, backup, or access controls required by the blueprint.",Mix controls from unrelated domains that do not address the stated objective.,A,MEDIUM,google-cloud-associate|access-security|AS-1|medium|blueprint-seed,**Answer: A** — Configure IAM roles and permissions. Review the official Google exam guide (Associate Cloud Engineer) and linked documentation. Objective: AS-1.,https://cloud.google.com/docs|https://cloud.google.com/certification/cloud-engineer
google-cloud-associate,access-security,AS-1,Associate Cloud Engineer — AS-1 (MEDIUM) #25,A team must implement a solution for Configure IAM roles and permissions in the context of Google Cloud Associate Cloud Engineer?,Use an approach that contradicts the exam objective and ignores documented constraints.,"Deploy without monitoring, backup, or access controls required by the blueprint.",Mix controls from unrelated domains that do not address the stated objective.,"Follow the documented approach for Configure IAM roles and permissions, using recommended services and controls per the exam guide.",B,MEDIUM,google-cloud-associate|access-security|AS-1|medium|blueprint-seed,**Answer: B** — Configure IAM roles and permissions. Review the official Google exam guide (Associate Cloud Engineer) and linked documentation. Objective: AS-1.,https://cloud.google.com/docs|https://cloud.google.com/certification/cloud-engineer
google-cloud-associate,access-security,AS-1,Associate Cloud Engineer — AS-1 (MEDIUM) #26,Which approach aligns with best practices when Configure IAM roles and permissions in the context of Google Cloud Associate Cloud Engineer?,"Deploy without monitoring, backup, or access controls required by the blueprint.",Mix controls from unrelated domains that do not address the stated objective.,"Implement Configure IAM roles and permissions using Google best practices for Configuring Access and Security, including monitoring and least privilege.",Use an approach that contradicts the exam objective and ignores documented constraints.,C,MEDIUM,google-cloud-associate|access-security|AS-1|medium|blueprint-seed,**Answer: C** — Configure IAM roles and permissions. Review the official Google exam guide (Associate Cloud Engineer) and linked documentation. Objective: AS-1.,https://cloud.google.com/docs|https://cloud.google.com/certification/cloud-engineer
google-cloud-associate,access-security,AS-1,Associate Cloud Engineer — AS-1 (HARD) #27,A production incident involves trade-offs between cost and resilience for Configure IAM roles and permissions for Configuring Access and Security?,Mix controls from unrelated domains that do not address the stated objective.,Apply the official Configuring Access and Security guidance: Configure IAM roles and permissions — this aligns with exam blueprint expectations and vendor documentation.,Use an approach that contradicts the exam objective and ignores documented constraints.,"Deploy without monitoring, backup, or access controls required by the blueprint.",D,HARD,google-cloud-associate|access-security|AS-1|hard|blueprint-seed,**Answer: D** — Configure IAM roles and permissions. Review the official Google exam guide (Associate Cloud Engineer) and linked documentation. Objective: AS-1.,https://cloud.google.com/docs|https://cloud.google.com/certification/cloud-engineer
google-cloud-associate,access-security,AS-1,Associate Cloud Engineer — AS-1 (HARD) #28,Complex regulatory requirements demand that you Configure IAM roles and permissions for Configuring Access and Security?,"Follow the documented approach for Configure IAM roles and permissions, using recommended services and controls per the exam guide.",Use an approach that contradicts the exam objective and ignores documented constraints.,"Deploy without monitoring, backup, or access controls required by the blueprint.",Mix controls from unrelated domains that do not address the stated objective.,A,HARD,google-cloud-associate|access-security|AS-1|hard|blueprint-seed,**Answer: A** — Configure IAM roles and permissions. Review the official Google exam guide (Associate Cloud Engineer) and linked documentation. Objective: AS-1.,https://cloud.google.com/docs|https://cloud.google.com/certification/cloud-engineer
google-cloud-associate,access-security,AS-1,Associate Cloud Engineer — AS-1 (HARD) #29,A multi-team rollout must balance security and velocity for Configure IAM roles and permissions for Configuring Access and Security?,Use an approach that contradicts the exam objective and ignores documented constraints.,"Deploy without monitoring, backup, or access controls required by the blueprint.",Mix controls from unrelated domains that do not address the stated objective.,"Implement Configure IAM roles and permissions using Google best practices for Configuring Access and Security, including monitoring and least privilege.",B,HARD,google-cloud-associate|access-security|AS-1|hard|blueprint-seed,**Answer: B** — Configure IAM roles and permissions. Review the official Google exam guide (Associate Cloud Engineer) and linked documentation. Objective: AS-1.,https://cloud.google.com/docs|https://cloud.google.com/certification/cloud-engineer
google-cloud-associate,access-security,AS-1,Associate Cloud Engineer — AS-1 (HARD) #30,An enterprise requires zero-downtime architecture while Configure IAM roles and permissions for Configuring Access and Security?,"Deploy without monitoring, backup, or access controls required by the blueprint.",Mix controls from unrelated domains that do not address the stated objective.,Apply the official Configuring Access and Security guidance: Configure IAM roles and permissions — this aligns with exam blueprint expectations and vendor documentation.,Use an approach that contradicts the exam objective and ignores documented constraints.,C,HARD,google-cloud-associate|access-security|AS-1|hard|blueprint-seed,**Answer: C** — Configure IAM roles and permissions. Review the official Google exam guide (Associate Cloud Engineer) and linked documentation. Objective: AS-1.,https://cloud.google.com/docs|https://cloud.google.com/certification/cloud-engineer
google-cloud-associate,access-security,AS-1,Associate Cloud Engineer — AS-1 (HARD) #31,"Given strict compliance, auditability, and multi-region constraints, how should you Configure IAM roles and permissions for Configuring Access and Security?",Mix controls from unrelated domains that do not address the stated objective.,"Follow the documented approach for Configure IAM roles and permissions, using recommended services and controls per the exam guide.",Use an approach that contradicts the exam objective and ignores documented constraints.,"Deploy without monitoring, backup, or access controls required by the blueprint.",D,HARD,google-cloud-associate|access-security|AS-1|hard|blueprint-seed,**Answer: D** — Configure IAM roles and permissions. Review the official Google exam guide (Associate Cloud Engineer) and linked documentation. Objective: AS-1.,https://cloud.google.com/docs|https://cloud.google.com/certification/cloud-engineer
google-cloud-associate,access-security,AS-1,Associate Cloud Engineer — AS-1 (HARD) #32,A production incident involves trade-offs between cost and resilience for Configure IAM roles and permissions for Configuring Access and Security?,"Implement Configure IAM roles and permissions using Google best practices for Configuring Access and Security, including monitoring and least privilege.",Use an approach that contradicts the exam objective and ignores documented constraints.,"Deploy without monitoring, backup, or access controls required by the blueprint.",Mix controls from unrelated domains that do not address the stated objective.,A,HARD,google-cloud-associate|access-security|AS-1|hard|blueprint-seed,**Answer: A** — Configure IAM roles and permissions. Review the official Google exam guide (Associate Cloud Engineer) and linked documentation. Objective: AS-1.,https://cloud.google.com/docs|https://cloud.google.com/certification/cloud-engineer
google-cloud-associate,access-security,AS-1,Associate Cloud Engineer — AS-1 (HARD) #33,Complex regulatory requirements demand that you Configure IAM roles and permissions for Configuring Access and Security?,Use an approach that contradicts the exam objective and ignores documented constraints.,"Deploy without monitoring, backup, or access controls required by the blueprint.",Mix controls from unrelated domains that do not address the stated objective.,Apply the official Configuring Access and Security guidance: Configure IAM roles and permissions — this aligns with exam blueprint expectations and vendor documentation.,B,HARD,google-cloud-associate|access-security|AS-1|hard|blueprint-seed,**Answer: B** — Configure IAM roles and permissions. Review the official Google exam guide (Associate Cloud Engineer) and linked documentation. Objective: AS-1.,https://cloud.google.com/docs|https://cloud.google.com/certification/cloud-engineer
google-cloud-associate,access-security,AS-1,Associate Cloud Engineer — AS-1 (HARD) #34,A multi-team rollout must balance security and velocity for Configure IAM roles and permissions for Configuring Access and Security?,"Deploy without monitoring, backup, or access controls required by the blueprint.",Mix controls from unrelated domains that do not address the stated objective.,"Follow the documented approach for Configure IAM roles and permissions, using recommended services and controls per the exam guide.",Use an approach that contradicts the exam objective and ignores documented constraints.,C,HARD,google-cloud-associate|access-security|AS-1|hard|blueprint-seed,**Answer: C** — Configure IAM roles and permissions. Review the official Google exam guide (Associate Cloud Engineer) and linked documentation. Objective: AS-1.,https://cloud.google.com/docs|https://cloud.google.com/certification/cloud-engineer
google-cloud-associate,access-security,AS-1,Associate Cloud Engineer — AS-1 (HARD) #35,An enterprise requires zero-downtime architecture while Configure IAM roles and permissions for Configuring Access and Security?,Mix controls from unrelated domains that do not address the stated objective.,"Implement Configure IAM roles and permissions using Google best practices for Configuring Access and Security, including monitoring and least privilege.",Use an approach that contradicts the exam objective and ignores documented constraints.,"Deploy without monitoring, backup, or access controls required by the blueprint.",D,HARD,google-cloud-associate|access-security|AS-1|hard|blueprint-seed,**Answer: D** — Configure IAM roles and permissions. Review the official Google exam guide (Associate Cloud Engineer) and linked documentation. Objective: AS-1.,https://cloud.google.com/docs|https://cloud.google.com/certification/cloud-engineer
google-cloud-associate,access-security,AS-1,Associate Cloud Engineer — AS-1 (HARD) #36,"Given strict compliance, auditability, and multi-region constraints, how should you Configure IAM roles and permissions for Configuring Access and Security?",Apply the official Configuring Access and Security guidance: Configure IAM roles and permissions — this aligns with exam blueprint expectations and vendor documentation.,Use an approach that contradicts the exam objective and ignores documented constraints.,"Deploy without monitoring, backup, or access controls required by the blueprint.",Mix controls from unrelated domains that do not address the stated objective.,A,HARD,google-cloud-associate|access-security|AS-1|hard|blueprint-seed,**Answer: A** — Configure IAM roles and permissions. Review the official Google exam guide (Associate Cloud Engineer) and linked documentation. Objective: AS-1.,https://cloud.google.com/docs|https://cloud.google.com/certification/cloud-engineer
google-cloud-associate,access-security,AS-1,Associate Cloud Engineer — AS-1 (HARD) #37,A production incident involves trade-offs between cost and resilience for Configure IAM roles and permissions for Configuring Access and Security?,Use an approach that contradicts the exam objective and ignores documented constraints.,"Deploy without monitoring, backup, or access controls required by the blueprint.",Mix controls from unrelated domains that do not address the stated objective.,"Follow the documented approach for Configure IAM roles and permissions, using recommended services and controls per the exam guide.",B,HARD,google-cloud-associate|access-security|AS-1|hard|blueprint-seed,**Answer: B** — Configure IAM roles and permissions. Review the official Google exam guide (Associate Cloud Engineer) and linked documentation. Objective: AS-1.,https://cloud.google.com/docs|https://cloud.google.com/certification/cloud-engineer
google-cloud-associate,access-security,AS-1,Associate Cloud Engineer — AS-1 (HARD) #38,Complex regulatory requirements demand that you Configure IAM roles and permissions for Configuring Access and Security?,"Deploy without monitoring, backup, or access controls required by the blueprint.",Mix controls from unrelated domains that do not address the stated objective.,"Implement Configure IAM roles and permissions using Google best practices for Configuring Access and Security, including monitoring and least privilege.",Use an approach that contradicts the exam objective and ignores documented constraints.,C,HARD,google-cloud-associate|access-security|AS-1|hard|blueprint-seed,**Answer: C** — Configure IAM roles and permissions. Review the official Google exam guide (Associate Cloud Engineer) and linked documentation. Objective: AS-1.,https://cloud.google.com/docs|https://cloud.google.com/certification/cloud-engineer
google-cloud-associate,access-security,AS-2,Associate Cloud Engineer — AS-2 (EASY) #1,What is the primary purpose of Implement VPC security controls?,Use an approach that contradicts the exam objective and ignores documented constraints.,"Deploy without monitoring, backup, or access controls required by the blueprint.",Mix controls from unrelated domains that do not address the stated objective.,"Follow the documented approach for Implement VPC security controls, using recommended services and controls per the exam guide.",B,EASY,google-cloud-associate|access-security|AS-2|easy|blueprint-seed,**Answer: B** — Implement VPC security controls. Review the official Google exam guide (Associate Cloud Engineer) and linked documentation. Objective: AS-2.,https://cloud.google.com/docs|https://cloud.google.com/certification/cloud-engineer
google-cloud-associate,access-security,AS-2,Associate Cloud Engineer — AS-2 (EASY) #2,Which concept is fundamental to Implement VPC security controls?,"Deploy without monitoring, backup, or access controls required by the blueprint.",Mix controls from unrelated domains that do not address the stated objective.,"Implement Implement VPC security controls using Google best practices for Configuring Access and Security, including monitoring and least privilege.",Use an approach that contradicts the exam objective and ignores documented constraints.,C,EASY,google-cloud-associate|access-security|AS-2|easy|blueprint-seed,**Answer: C** — Implement VPC security controls. Review the official Google exam guide (Associate Cloud Engineer) and linked documentation. Objective: AS-2.,https://cloud.google.com/docs|https://cloud.google.com/certification/cloud-engineer
google-cloud-associate,access-security,AS-2,Associate Cloud Engineer — AS-2 (EASY) #3,Identify the core principle behind Implement VPC security controls?,Mix controls from unrelated domains that do not address the stated objective.,Apply the official Configuring Access and Security guidance: Implement VPC security controls — this aligns with exam blueprint expectations and vendor documentation.,Use an approach that contradicts the exam objective and ignores documented constraints.,"Deploy without monitoring, backup, or access controls required by the blueprint.",D,EASY,google-cloud-associate|access-security|AS-2|easy|blueprint-seed,**Answer: D** — Implement VPC security controls. Review the official Google exam guide (Associate Cloud Engineer) and linked documentation. Objective: AS-2.,https://cloud.google.com/docs|https://cloud.google.com/certification/cloud-engineer
google-cloud-associate,access-security,AS-2,Associate Cloud Engineer — AS-2 (EASY) #4,Which description accurately reflects Implement VPC security controls?,"Follow the documented approach for Implement VPC security controls, using recommended services and controls per the exam guide.",Use an approach that contradicts the exam objective and ignores documented constraints.,"Deploy without monitoring, backup, or access controls required by the blueprint.",Mix controls from unrelated domains that do not address the stated objective.,A,EASY,google-cloud-associate|access-security|AS-2|easy|blueprint-seed,**Answer: A** — Implement VPC security controls. Review the official Google exam guide (Associate Cloud Engineer) and linked documentation. Objective: AS-2.,https://cloud.google.com/docs|https://cloud.google.com/certification/cloud-engineer
google-cloud-associate,access-security,AS-2,Associate Cloud Engineer — AS-2 (EASY) #5,Which statement best defines the scope of Implement VPC security controls?,Use an approach that contradicts the exam objective and ignores documented constraints.,"Deploy without monitoring, backup, or access controls required by the blueprint.",Mix controls from unrelated domains that do not address the stated objective.,"Implement Implement VPC security controls using Google best practices for Configuring Access and Security, including monitoring and least privilege.",B,EASY,google-cloud-associate|access-security|AS-2|easy|blueprint-seed,**Answer: B** — Implement VPC security controls. Review the official Google exam guide (Associate Cloud Engineer) and linked documentation. Objective: AS-2.,https://cloud.google.com/docs|https://cloud.google.com/certification/cloud-engineer
google-cloud-associate,access-security,AS-2,Associate Cloud Engineer — AS-2 (EASY) #6,What is the primary purpose of Implement VPC security controls?,"Deploy without monitoring, backup, or access controls required by the blueprint.",Mix controls from unrelated domains that do not address the stated objective.,Apply the official Configuring Access and Security guidance: Implement VPC security controls — this aligns with exam blueprint expectations and vendor documentation.,Use an approach that contradicts the exam objective and ignores documented constraints.,C,EASY,google-cloud-associate|access-security|AS-2|easy|blueprint-seed,**Answer: C** — Implement VPC security controls. Review the official Google exam guide (Associate Cloud Engineer) and linked documentation. Objective: AS-2.,https://cloud.google.com/docs|https://cloud.google.com/certification/cloud-engineer
google-cloud-associate,access-security,AS-2,Associate Cloud Engineer — AS-2 (EASY) #7,Which concept is fundamental to Implement VPC security controls?,Mix controls from unrelated domains that do not address the stated objective.,"Follow the documented approach for Implement VPC security controls, using recommended services and controls per the exam guide.",Use an approach that contradicts the exam objective and ignores documented constraints.,"Deploy without monitoring, backup, or access controls required by the blueprint.",D,EASY,google-cloud-associate|access-security|AS-2|easy|blueprint-seed,**Answer: D** — Implement VPC security controls. Review the official Google exam guide (Associate Cloud Engineer) and linked documentation. Objective: AS-2.,https://cloud.google.com/docs|https://cloud.google.com/certification/cloud-engineer
google-cloud-associate,access-security,AS-2,Associate Cloud Engineer — AS-2 (EASY) #8,Identify the core principle behind Implement VPC security controls?,"Implement Implement VPC security controls using Google best practices for Configuring Access and Security, including monitoring and least privilege.",Use an approach that contradicts the exam objective and ignores documented constraints.,"Deploy without monitoring, backup, or access controls required by the blueprint.",Mix controls from unrelated domains that do not address the stated objective.,A,EASY,google-cloud-associate|access-security|AS-2|easy|blueprint-seed,**Answer: A** — Implement VPC security controls. Review the official Google exam guide (Associate Cloud Engineer) and linked documentation. Objective: AS-2.,https://cloud.google.com/docs|https://cloud.google.com/certification/cloud-engineer
google-cloud-associate,access-security,AS-2,Associate Cloud Engineer — AS-2 (EASY) #9,Which description accurately reflects Implement VPC security controls?,Use an approach that contradicts the exam objective and ignores documented constraints.,"Deploy without monitoring, backup, or access controls required by the blueprint.",Mix controls from unrelated domains that do not address the stated objective.,Apply the official Configuring Access and Security guidance: Implement VPC security controls — this aligns with exam blueprint expectations and vendor documentation.,B,EASY,google-cloud-associate|access-security|AS-2|easy|blueprint-seed,**Answer: B** — Implement VPC security controls. Review the official Google exam guide (Associate Cloud Engineer) and linked documentation. Objective: AS-2.,https://cloud.google.com/docs|https://cloud.google.com/certification/cloud-engineer
google-cloud-associate,access-security,AS-2,Associate Cloud Engineer — AS-2 (EASY) #10,Which statement best defines the scope of Implement VPC security controls?,"Deploy without monitoring, backup, or access controls required by the blueprint.",Mix controls from unrelated domains that do not address the stated objective.,"Follow the documented approach for Implement VPC security controls, using recommended services and controls per the exam guide.",Use an approach that contradicts the exam objective and ignores documented constraints.,C,EASY,google-cloud-associate|access-security|AS-2|easy|blueprint-seed,**Answer: C** — Implement VPC security controls. Review the official Google exam guide (Associate Cloud Engineer) and linked documentation. Objective: AS-2.,https://cloud.google.com/docs|https://cloud.google.com/certification/cloud-engineer
google-cloud-associate,access-security,AS-2,Associate Cloud Engineer — AS-2 (EASY) #11,What is the primary purpose of Implement VPC security controls?,Mix controls from unrelated domains that do not address the stated objective.,"Implement Implement VPC security controls using Google best practices for Configuring Access and Security, including monitoring and least privilege.",Use an approach that contradicts the exam objective and ignores documented constraints.,"Deploy without monitoring, backup, or access controls required by the blueprint.",D,EASY,google-cloud-associate|access-security|AS-2|easy|blueprint-seed,**Answer: D** — Implement VPC security controls. Review the official Google exam guide (Associate Cloud Engineer) and linked documentation. Objective: AS-2.,https://cloud.google.com/docs|https://cloud.google.com/certification/cloud-engineer
google-cloud-associate,access-security,AS-2,Associate Cloud Engineer — AS-2 (MEDIUM) #12,"During a project review, stakeholders ask how to Implement VPC security controls in the context of Google Cloud Associate Cloud Engineer?",Apply the official Configuring Access and Security guidance: Implement VPC security controls — this aligns with exam blueprint expectations and vendor documentation.,Use an approach that contradicts the exam objective and ignores documented constraints.,"Deploy without monitoring, backup, or access controls required by the blueprint.",Mix controls from unrelated domains that do not address the stated objective.,A,MEDIUM,google-cloud-associate|access-security|AS-2|medium|blueprint-seed,**Answer: A** — Implement VPC security controls. Review the official Google exam guide (Associate Cloud Engineer) and linked documentation. Objective: AS-2.,https://cloud.google.com/docs|https://cloud.google.com/certification/cloud-engineer
google-cloud-associate,access-security,AS-2,Associate Cloud Engineer — AS-2 (MEDIUM) #13,Which configuration satisfies requirements for Implement VPC security controls in the context of Google Cloud Associate Cloud Engineer?,Use an approach that contradicts the exam objective and ignores documented constraints.,"Deploy without monitoring, backup, or access controls required by the blueprint.",Mix controls from unrelated domains that do not address the stated objective.,"Follow the documented approach for Implement VPC security controls, using recommended services and controls per the exam guide.",B,MEDIUM,google-cloud-associate|access-security|AS-2|medium|blueprint-seed,**Answer: B** — Implement VPC security controls. Review the official Google exam guide (Associate Cloud Engineer) and linked documentation. Objective: AS-2.,https://cloud.google.com/docs|https://cloud.google.com/certification/cloud-engineer
google-cloud-associate,access-security,AS-2,Associate Cloud Engineer — AS-2 (MEDIUM) #14,What is the recommended design when applying Implement VPC security controls in the context of Google Cloud Associate Cloud Engineer?,"Deploy without monitoring, backup, or access controls required by the blueprint.",Mix controls from unrelated domains that do not address the stated objective.,"Implement Implement VPC security controls using Google best practices for Configuring Access and Security, including monitoring and least privilege.",Use an approach that contradicts the exam objective and ignores documented constraints.,C,MEDIUM,google-cloud-associate|access-security|AS-2|medium|blueprint-seed,**Answer: C** — Implement VPC security controls. Review the official Google exam guide (Associate Cloud Engineer) and linked documentation. Objective: AS-2.,https://cloud.google.com/docs|https://cloud.google.com/certification/cloud-engineer
google-cloud-associate,access-security,AS-2,Associate Cloud Engineer — AS-2 (MEDIUM) #15,A team must implement a solution for Implement VPC security controls in the context of Google Cloud Associate Cloud Engineer?,Mix controls from unrelated domains that do not address the stated objective.,Apply the official Configuring Access and Security guidance: Implement VPC security controls — this aligns with exam blueprint expectations and vendor documentation.,Use an approach that contradicts the exam objective and ignores documented constraints.,"Deploy without monitoring, backup, or access controls required by the blueprint.",D,MEDIUM,google-cloud-associate|access-security|AS-2|medium|blueprint-seed,**Answer: D** — Implement VPC security controls. Review the official Google exam guide (Associate Cloud Engineer) and linked documentation. Objective: AS-2.,https://cloud.google.com/docs|https://cloud.google.com/certification/cloud-engineer
google-cloud-associate,access-security,AS-2,Associate Cloud Engineer — AS-2 (MEDIUM) #16,Which approach aligns with best practices when Implement VPC security controls in the context of Google Cloud Associate Cloud Engineer?,"Follow the documented approach for Implement VPC security controls, using recommended services and controls per the exam guide.",Use an approach that contradicts the exam objective and ignores documented constraints.,"Deploy without monitoring, backup, or access controls required by the blueprint.",Mix controls from unrelated domains that do not address the stated objective.,A,MEDIUM,google-cloud-associate|access-security|AS-2|medium|blueprint-seed,**Answer: A** — Implement VPC security controls. Review the official Google exam guide (Associate Cloud Engineer) and linked documentation. Objective: AS-2.,https://cloud.google.com/docs|https://cloud.google.com/certification/cloud-engineer
google-cloud-associate,access-security,AS-2,Associate Cloud Engineer — AS-2 (MEDIUM) #17,"During a project review, stakeholders ask how to Implement VPC security controls in the context of Google Cloud Associate Cloud Engineer?",Use an approach that contradicts the exam objective and ignores documented constraints.,"Deploy without monitoring, backup, or access controls required by the blueprint.",Mix controls from unrelated domains that do not address the stated objective.,"Implement Implement VPC security controls using Google best practices for Configuring Access and Security, including monitoring and least privilege.",B,MEDIUM,google-cloud-associate|access-security|AS-2|medium|blueprint-seed,**Answer: B** — Implement VPC security controls. Review the official Google exam guide (Associate Cloud Engineer) and linked documentation. Objective: AS-2.,https://cloud.google.com/docs|https://cloud.google.com/certification/cloud-engineer
google-cloud-associate,access-security,AS-2,Associate Cloud Engineer — AS-2 (MEDIUM) #18,Which configuration satisfies requirements for Implement VPC security controls in the context of Google Cloud Associate Cloud Engineer?,"Deploy without monitoring, backup, or access controls required by the blueprint.",Mix controls from unrelated domains that do not address the stated objective.,Apply the official Configuring Access and Security guidance: Implement VPC security controls — this aligns with exam blueprint expectations and vendor documentation.,Use an approach that contradicts the exam objective and ignores documented constraints.,C,MEDIUM,google-cloud-associate|access-security|AS-2|medium|blueprint-seed,**Answer: C** — Implement VPC security controls. Review the official Google exam guide (Associate Cloud Engineer) and linked documentation. Objective: AS-2.,https://cloud.google.com/docs|https://cloud.google.com/certification/cloud-engineer
google-cloud-associate,access-security,AS-2,Associate Cloud Engineer — AS-2 (MEDIUM) #19,What is the recommended design when applying Implement VPC security controls in the context of Google Cloud Associate Cloud Engineer?,Mix controls from unrelated domains that do not address the stated objective.,"Follow the documented approach for Implement VPC security controls, using recommended services and controls per the exam guide.",Use an approach that contradicts the exam objective and ignores documented constraints.,"Deploy without monitoring, backup, or access controls required by the blueprint.",D,MEDIUM,google-cloud-associate|access-security|AS-2|medium|blueprint-seed,**Answer: D** — Implement VPC security controls. Review the official Google exam guide (Associate Cloud Engineer) and linked documentation. Objective: AS-2.,https://cloud.google.com/docs|https://cloud.google.com/certification/cloud-engineer
google-cloud-associate,access-security,AS-2,Associate Cloud Engineer — AS-2 (MEDIUM) #20,A team must implement a solution for Implement VPC security controls in the context of Google Cloud Associate Cloud Engineer?,"Implement Implement VPC security controls using Google best practices for Configuring Access and Security, including monitoring and least privilege.",Use an approach that contradicts the exam objective and ignores documented constraints.,"Deploy without monitoring, backup, or access controls required by the blueprint.",Mix controls from unrelated domains that do not address the stated objective.,A,MEDIUM,google-cloud-associate|access-security|AS-2|medium|blueprint-seed,**Answer: A** — Implement VPC security controls. Review the official Google exam guide (Associate Cloud Engineer) and linked documentation. Objective: AS-2.,https://cloud.google.com/docs|https://cloud.google.com/certification/cloud-engineer
google-cloud-associate,access-security,AS-2,Associate Cloud Engineer — AS-2 (MEDIUM) #21,Which approach aligns with best practices when Implement VPC security controls in the context of Google Cloud Associate Cloud Engineer?,Use an approach that contradicts the exam objective and ignores documented constraints.,"Deploy without monitoring, backup, or access controls required by the blueprint.",Mix controls from unrelated domains that do not address the stated objective.,Apply the official Configuring Access and Security guidance: Implement VPC security controls — this aligns with exam blueprint expectations and vendor documentation.,B,MEDIUM,google-cloud-associate|access-security|AS-2|medium|blueprint-seed,**Answer: B** — Implement VPC security controls. Review the official Google exam guide (Associate Cloud Engineer) and linked documentation. Objective: AS-2.,https://cloud.google.com/docs|https://cloud.google.com/certification/cloud-engineer
google-cloud-associate,access-security,AS-2,Associate Cloud Engineer — AS-2 (MEDIUM) #22,"During a project review, stakeholders ask how to Implement VPC security controls in the context of Google Cloud Associate Cloud Engineer?","Deploy without monitoring, backup, or access controls required by the blueprint.",Mix controls from unrelated domains that do not address the stated objective.,"Follow the documented approach for Implement VPC security controls, using recommended services and controls per the exam guide.",Use an approach that contradicts the exam objective and ignores documented constraints.,C,MEDIUM,google-cloud-associate|access-security|AS-2|medium|blueprint-seed,**Answer: C** — Implement VPC security controls. Review the official Google exam guide (Associate Cloud Engineer) and linked documentation. Objective: AS-2.,https://cloud.google.com/docs|https://cloud.google.com/certification/cloud-engineer
google-cloud-associate,access-security,AS-2,Associate Cloud Engineer — AS-2 (MEDIUM) #23,Which configuration satisfies requirements for Implement VPC security controls in the context of Google Cloud Associate Cloud Engineer?,Mix controls from unrelated domains that do not address the stated objective.,"Implement Implement VPC security controls using Google best practices for Configuring Access and Security, including monitoring and least privilege.",Use an approach that contradicts the exam objective and ignores documented constraints.,"Deploy without monitoring, backup, or access controls required by the blueprint.",D,MEDIUM,google-cloud-associate|access-security|AS-2|medium|blueprint-seed,**Answer: D** — Implement VPC security controls. Review the official Google exam guide (Associate Cloud Engineer) and linked documentation. Objective: AS-2.,https://cloud.google.com/docs|https://cloud.google.com/certification/cloud-engineer
google-cloud-associate,access-security,AS-2,Associate Cloud Engineer — AS-2 (MEDIUM) #24,What is the recommended design when applying Implement VPC security controls in the context of Google Cloud Associate Cloud Engineer?,Apply the official Configuring Access and Security guidance: Implement VPC security controls — this aligns with exam blueprint expectations and vendor documentation.,Use an approach that contradicts the exam objective and ignores documented constraints.,"Deploy without monitoring, backup, or access controls required by the blueprint.",Mix controls from unrelated domains that do not address the stated objective.,A,MEDIUM,google-cloud-associate|access-security|AS-2|medium|blueprint-seed,**Answer: A** — Implement VPC security controls. Review the official Google exam guide (Associate Cloud Engineer) and linked documentation. Objective: AS-2.,https://cloud.google.com/docs|https://cloud.google.com/certification/cloud-engineer
google-cloud-associate,access-security,AS-2,Associate Cloud Engineer — AS-2 (MEDIUM) #25,A team must implement a solution for Implement VPC security controls in the context of Google Cloud Associate Cloud Engineer?,Use an approach that contradicts the exam objective and ignores documented constraints.,"Deploy without monitoring, backup, or access controls required by the blueprint.",Mix controls from unrelated domains that do not address the stated objective.,"Follow the documented approach for Implement VPC security controls, using recommended services and controls per the exam guide.",B,MEDIUM,google-cloud-associate|access-security|AS-2|medium|blueprint-seed,**Answer: B** — Implement VPC security controls. Review the official Google exam guide (Associate Cloud Engineer) and linked documentation. Objective: AS-2.,https://cloud.google.com/docs|https://cloud.google.com/certification/cloud-engineer
google-cloud-associate,access-security,AS-2,Associate Cloud Engineer — AS-2 (MEDIUM) #26,Which approach aligns with best practices when Implement VPC security controls in the context of Google Cloud Associate Cloud Engineer?,"Deploy without monitoring, backup, or access controls required by the blueprint.",Mix controls from unrelated domains that do not address the stated objective.,"Implement Implement VPC security controls using Google best practices for Configuring Access and Security, including monitoring and least privilege.",Use an approach that contradicts the exam objective and ignores documented constraints.,C,MEDIUM,google-cloud-associate|access-security|AS-2|medium|blueprint-seed,**Answer: C** — Implement VPC security controls. Review the official Google exam guide (Associate Cloud Engineer) and linked documentation. Objective: AS-2.,https://cloud.google.com/docs|https://cloud.google.com/certification/cloud-engineer
google-cloud-associate,access-security,AS-2,Associate Cloud Engineer — AS-2 (HARD) #27,A production incident involves trade-offs between cost and resilience for Implement VPC security controls for Configuring Access and Security?,Mix controls from unrelated domains that do not address the stated objective.,Apply the official Configuring Access and Security guidance: Implement VPC security controls — this aligns with exam blueprint expectations and vendor documentation.,Use an approach that contradicts the exam objective and ignores documented constraints.,"Deploy without monitoring, backup, or access controls required by the blueprint.",D,HARD,google-cloud-associate|access-security|AS-2|hard|blueprint-seed,**Answer: D** — Implement VPC security controls. Review the official Google exam guide (Associate Cloud Engineer) and linked documentation. Objective: AS-2.,https://cloud.google.com/docs|https://cloud.google.com/certification/cloud-engineer
google-cloud-associate,access-security,AS-2,Associate Cloud Engineer — AS-2 (HARD) #28,Complex regulatory requirements demand that you Implement VPC security controls for Configuring Access and Security?,"Follow the documented approach for Implement VPC security controls, using recommended services and controls per the exam guide.",Use an approach that contradicts the exam objective and ignores documented constraints.,"Deploy without monitoring, backup, or access controls required by the blueprint.",Mix controls from unrelated domains that do not address the stated objective.,A,HARD,google-cloud-associate|access-security|AS-2|hard|blueprint-seed,**Answer: A** — Implement VPC security controls. Review the official Google exam guide (Associate Cloud Engineer) and linked documentation. Objective: AS-2.,https://cloud.google.com/docs|https://cloud.google.com/certification/cloud-engineer
google-cloud-associate,access-security,AS-2,Associate Cloud Engineer — AS-2 (HARD) #29,A multi-team rollout must balance security and velocity for Implement VPC security controls for Configuring Access and Security?,Use an approach that contradicts the exam objective and ignores documented constraints.,"Deploy without monitoring, backup, or access controls required by the blueprint.",Mix controls from unrelated domains that do not address the stated objective.,"Implement Implement VPC security controls using Google best practices for Configuring Access and Security, including monitoring and least privilege.",B,HARD,google-cloud-associate|access-security|AS-2|hard|blueprint-seed,**Answer: B** — Implement VPC security controls. Review the official Google exam guide (Associate Cloud Engineer) and linked documentation. Objective: AS-2.,https://cloud.google.com/docs|https://cloud.google.com/certification/cloud-engineer
google-cloud-associate,access-security,AS-2,Associate Cloud Engineer — AS-2 (HARD) #30,An enterprise requires zero-downtime architecture while Implement VPC security controls for Configuring Access and Security?,"Deploy without monitoring, backup, or access controls required by the blueprint.",Mix controls from unrelated domains that do not address the stated objective.,Apply the official Configuring Access and Security guidance: Implement VPC security controls — this aligns with exam blueprint expectations and vendor documentation.,Use an approach that contradicts the exam objective and ignores documented constraints.,C,HARD,google-cloud-associate|access-security|AS-2|hard|blueprint-seed,**Answer: C** — Implement VPC security controls. Review the official Google exam guide (Associate Cloud Engineer) and linked documentation. Objective: AS-2.,https://cloud.google.com/docs|https://cloud.google.com/certification/cloud-engineer
google-cloud-associate,access-security,AS-2,Associate Cloud Engineer — AS-2 (HARD) #31,"Given strict compliance, auditability, and multi-region constraints, how should you Implement VPC security controls for Configuring Access and Security?",Mix controls from unrelated domains that do not address the stated objective.,"Follow the documented approach for Implement VPC security controls, using recommended services and controls per the exam guide.",Use an approach that contradicts the exam objective and ignores documented constraints.,"Deploy without monitoring, backup, or access controls required by the blueprint.",D,HARD,google-cloud-associate|access-security|AS-2|hard|blueprint-seed,**Answer: D** — Implement VPC security controls. Review the official Google exam guide (Associate Cloud Engineer) and linked documentation. Objective: AS-2.,https://cloud.google.com/docs|https://cloud.google.com/certification/cloud-engineer
google-cloud-associate,access-security,AS-2,Associate Cloud Engineer — AS-2 (HARD) #32,A production incident involves trade-offs between cost and resilience for Implement VPC security controls for Configuring Access and Security?,"Implement Implement VPC security controls using Google best practices for Configuring Access and Security, including monitoring and least privilege.",Use an approach that contradicts the exam objective and ignores documented constraints.,"Deploy without monitoring, backup, or access controls required by the blueprint.",Mix controls from unrelated domains that do not address the stated objective.,A,HARD,google-cloud-associate|access-security|AS-2|hard|blueprint-seed,**Answer: A** — Implement VPC security controls. Review the official Google exam guide (Associate Cloud Engineer) and linked documentation. Objective: AS-2.,https://cloud.google.com/docs|https://cloud.google.com/certification/cloud-engineer
google-cloud-associate,access-security,AS-2,Associate Cloud Engineer — AS-2 (HARD) #33,Complex regulatory requirements demand that you Implement VPC security controls for Configuring Access and Security?,Use an approach that contradicts the exam objective and ignores documented constraints.,"Deploy without monitoring, backup, or access controls required by the blueprint.",Mix controls from unrelated domains that do not address the stated objective.,Apply the official Configuring Access and Security guidance: Implement VPC security controls — this aligns with exam blueprint expectations and vendor documentation.,B,HARD,google-cloud-associate|access-security|AS-2|hard|blueprint-seed,**Answer: B** — Implement VPC security controls. Review the official Google exam guide (Associate Cloud Engineer) and linked documentation. Objective: AS-2.,https://cloud.google.com/docs|https://cloud.google.com/certification/cloud-engineer
google-cloud-associate,access-security,AS-2,Associate Cloud Engineer — AS-2 (HARD) #34,A multi-team rollout must balance security and velocity for Implement VPC security controls for Configuring Access and Security?,"Deploy without monitoring, backup, or access controls required by the blueprint.",Mix controls from unrelated domains that do not address the stated objective.,"Follow the documented approach for Implement VPC security controls, using recommended services and controls per the exam guide.",Use an approach that contradicts the exam objective and ignores documented constraints.,C,HARD,google-cloud-associate|access-security|AS-2|hard|blueprint-seed,**Answer: C** — Implement VPC security controls. Review the official Google exam guide (Associate Cloud Engineer) and linked documentation. Objective: AS-2.,https://cloud.google.com/docs|https://cloud.google.com/certification/cloud-engineer
google-cloud-associate,access-security,AS-2,Associate Cloud Engineer — AS-2 (HARD) #35,An enterprise requires zero-downtime architecture while Implement VPC security controls for Configuring Access and Security?,Mix controls from unrelated domains that do not address the stated objective.,"Implement Implement VPC security controls using Google best practices for Configuring Access and Security, including monitoring and least privilege.",Use an approach that contradicts the exam objective and ignores documented constraints.,"Deploy without monitoring, backup, or access controls required by the blueprint.",D,HARD,google-cloud-associate|access-security|AS-2|hard|blueprint-seed,**Answer: D** — Implement VPC security controls. Review the official Google exam guide (Associate Cloud Engineer) and linked documentation. Objective: AS-2.,https://cloud.google.com/docs|https://cloud.google.com/certification/cloud-engineer
google-cloud-associate,access-security,AS-2,Associate Cloud Engineer — AS-2 (HARD) #36,"Given strict compliance, auditability, and multi-region constraints, how should you Implement VPC security controls for Configuring Access and Security?",Apply the official Configuring Access and Security guidance: Implement VPC security controls — this aligns with exam blueprint expectations and vendor documentation.,Use an approach that contradicts the exam objective and ignores documented constraints.,"Deploy without monitoring, backup, or access controls required by the blueprint.",Mix controls from unrelated domains that do not address the stated objective.,A,HARD,google-cloud-associate|access-security|AS-2|hard|blueprint-seed,**Answer: A** — Implement VPC security controls. Review the official Google exam guide (Associate Cloud Engineer) and linked documentation. Objective: AS-2.,https://cloud.google.com/docs|https://cloud.google.com/certification/cloud-engineer
google-cloud-associate,access-security,AS-2,Associate Cloud Engineer — AS-2 (HARD) #37,A production incident involves trade-offs between cost and resilience for Implement VPC security controls for Configuring Access and Security?,Use an approach that contradicts the exam objective and ignores documented constraints.,"Deploy without monitoring, backup, or access controls required by the blueprint.",Mix controls from unrelated domains that do not address the stated objective.,"Follow the documented approach for Implement VPC security controls, using recommended services and controls per the exam guide.",B,HARD,google-cloud-associate|access-security|AS-2|hard|blueprint-seed,**Answer: B** — Implement VPC security controls. Review the official Google exam guide (Associate Cloud Engineer) and linked documentation. Objective: AS-2.,https://cloud.google.com/docs|https://cloud.google.com/certification/cloud-engineer
google-cloud-associate,access-security,AS-2,Associate Cloud Engineer — AS-2 (HARD) #38,Complex regulatory requirements demand that you Implement VPC security controls for Configuring Access and Security?,"Deploy without monitoring, backup, or access controls required by the blueprint.",Mix controls from unrelated domains that do not address the stated objective.,"Implement Implement VPC security controls using Google best practices for Configuring Access and Security, including monitoring and least privilege.",Use an approach that contradicts the exam objective and ignores documented constraints.,C,HARD,google-cloud-associate|access-security|AS-2|hard|blueprint-seed,**Answer: C** — Implement VPC security controls. Review the official Google exam guide (Associate Cloud Engineer) and linked documentation. Objective: AS-2.,https://cloud.google.com/docs|https://cloud.google.com/certification/cloud-engineer
google-cloud-associate,access-security,AS-3,Associate Cloud Engineer — AS-3 (EASY) #1,What is the primary purpose of Manage encryption and secrets?,Use an approach that contradicts the exam objective and ignores documented constraints.,"Deploy without monitoring, backup, or access controls required by the blueprint.",Mix controls from unrelated domains that do not address the stated objective.,"Follow the documented approach for Manage encryption and secrets, using recommended services and controls per the exam guide.",B,EASY,google-cloud-associate|access-security|AS-3|easy|blueprint-seed,**Answer: B** — Manage encryption and secrets. Review the official Google exam guide (Associate Cloud Engineer) and linked documentation. Objective: AS-3.,https://cloud.google.com/docs|https://cloud.google.com/certification/cloud-engineer
google-cloud-associate,access-security,AS-3,Associate Cloud Engineer — AS-3 (EASY) #2,Which concept is fundamental to Manage encryption and secrets?,"Deploy without monitoring, backup, or access controls required by the blueprint.",Mix controls from unrelated domains that do not address the stated objective.,"Implement Manage encryption and secrets using Google best practices for Configuring Access and Security, including monitoring and least privilege.",Use an approach that contradicts the exam objective and ignores documented constraints.,C,EASY,google-cloud-associate|access-security|AS-3|easy|blueprint-seed,**Answer: C** — Manage encryption and secrets. Review the official Google exam guide (Associate Cloud Engineer) and linked documentation. Objective: AS-3.,https://cloud.google.com/docs|https://cloud.google.com/certification/cloud-engineer
google-cloud-associate,access-security,AS-3,Associate Cloud Engineer — AS-3 (EASY) #3,Identify the core principle behind Manage encryption and secrets?,Mix controls from unrelated domains that do not address the stated objective.,Apply the official Configuring Access and Security guidance: Manage encryption and secrets — this aligns with exam blueprint expectations and vendor documentation.,Use an approach that contradicts the exam objective and ignores documented constraints.,"Deploy without monitoring, backup, or access controls required by the blueprint.",D,EASY,google-cloud-associate|access-security|AS-3|easy|blueprint-seed,**Answer: D** — Manage encryption and secrets. Review the official Google exam guide (Associate Cloud Engineer) and linked documentation. Objective: AS-3.,https://cloud.google.com/docs|https://cloud.google.com/certification/cloud-engineer
google-cloud-associate,access-security,AS-3,Associate Cloud Engineer — AS-3 (EASY) #4,Which description accurately reflects Manage encryption and secrets?,"Follow the documented approach for Manage encryption and secrets, using recommended services and controls per the exam guide.",Use an approach that contradicts the exam objective and ignores documented constraints.,"Deploy without monitoring, backup, or access controls required by the blueprint.",Mix controls from unrelated domains that do not address the stated objective.,A,EASY,google-cloud-associate|access-security|AS-3|easy|blueprint-seed,**Answer: A** — Manage encryption and secrets. Review the official Google exam guide (Associate Cloud Engineer) and linked documentation. Objective: AS-3.,https://cloud.google.com/docs|https://cloud.google.com/certification/cloud-engineer
google-cloud-associate,access-security,AS-3,Associate Cloud Engineer — AS-3 (EASY) #5,Which statement best defines the scope of Manage encryption and secrets?,Use an approach that contradicts the exam objective and ignores documented constraints.,"Deploy without monitoring, backup, or access controls required by the blueprint.",Mix controls from unrelated domains that do not address the stated objective.,"Implement Manage encryption and secrets using Google best practices for Configuring Access and Security, including monitoring and least privilege.",B,EASY,google-cloud-associate|access-security|AS-3|easy|blueprint-seed,**Answer: B** — Manage encryption and secrets. Review the official Google exam guide (Associate Cloud Engineer) and linked documentation. Objective: AS-3.,https://cloud.google.com/docs|https://cloud.google.com/certification/cloud-engineer
google-cloud-associate,access-security,AS-3,Associate Cloud Engineer — AS-3 (EASY) #6,What is the primary purpose of Manage encryption and secrets?,"Deploy without monitoring, backup, or access controls required by the blueprint.",Mix controls from unrelated domains that do not address the stated objective.,Apply the official Configuring Access and Security guidance: Manage encryption and secrets — this aligns with exam blueprint expectations and vendor documentation.,Use an approach that contradicts the exam objective and ignores documented constraints.,C,EASY,google-cloud-associate|access-security|AS-3|easy|blueprint-seed,**Answer: C** — Manage encryption and secrets. Review the official Google exam guide (Associate Cloud Engineer) and linked documentation. Objective: AS-3.,https://cloud.google.com/docs|https://cloud.google.com/certification/cloud-engineer
google-cloud-associate,access-security,AS-3,Associate Cloud Engineer — AS-3 (EASY) #7,Which concept is fundamental to Manage encryption and secrets?,Mix controls from unrelated domains that do not address the stated objective.,"Follow the documented approach for Manage encryption and secrets, using recommended services and controls per the exam guide.",Use an approach that contradicts the exam objective and ignores documented constraints.,"Deploy without monitoring, backup, or access controls required by the blueprint.",D,EASY,google-cloud-associate|access-security|AS-3|easy|blueprint-seed,**Answer: D** — Manage encryption and secrets. Review the official Google exam guide (Associate Cloud Engineer) and linked documentation. Objective: AS-3.,https://cloud.google.com/docs|https://cloud.google.com/certification/cloud-engineer
google-cloud-associate,access-security,AS-3,Associate Cloud Engineer — AS-3 (EASY) #8,Identify the core principle behind Manage encryption and secrets?,"Implement Manage encryption and secrets using Google best practices for Configuring Access and Security, including monitoring and least privilege.",Use an approach that contradicts the exam objective and ignores documented constraints.,"Deploy without monitoring, backup, or access controls required by the blueprint.",Mix controls from unrelated domains that do not address the stated objective.,A,EASY,google-cloud-associate|access-security|AS-3|easy|blueprint-seed,**Answer: A** — Manage encryption and secrets. Review the official Google exam guide (Associate Cloud Engineer) and linked documentation. Objective: AS-3.,https://cloud.google.com/docs|https://cloud.google.com/certification/cloud-engineer
google-cloud-associate,access-security,AS-3,Associate Cloud Engineer — AS-3 (EASY) #9,Which description accurately reflects Manage encryption and secrets?,Use an approach that contradicts the exam objective and ignores documented constraints.,"Deploy without monitoring, backup, or access controls required by the blueprint.",Mix controls from unrelated domains that do not address the stated objective.,Apply the official Configuring Access and Security guidance: Manage encryption and secrets — this aligns with exam blueprint expectations and vendor documentation.,B,EASY,google-cloud-associate|access-security|AS-3|easy|blueprint-seed,**Answer: B** — Manage encryption and secrets. Review the official Google exam guide (Associate Cloud Engineer) and linked documentation. Objective: AS-3.,https://cloud.google.com/docs|https://cloud.google.com/certification/cloud-engineer
google-cloud-associate,access-security,AS-3,Associate Cloud Engineer — AS-3 (EASY) #10,Which statement best defines the scope of Manage encryption and secrets?,"Deploy without monitoring, backup, or access controls required by the blueprint.",Mix controls from unrelated domains that do not address the stated objective.,"Follow the documented approach for Manage encryption and secrets, using recommended services and controls per the exam guide.",Use an approach that contradicts the exam objective and ignores documented constraints.,C,EASY,google-cloud-associate|access-security|AS-3|easy|blueprint-seed,**Answer: C** — Manage encryption and secrets. Review the official Google exam guide (Associate Cloud Engineer) and linked documentation. Objective: AS-3.,https://cloud.google.com/docs|https://cloud.google.com/certification/cloud-engineer
google-cloud-associate,access-security,AS-3,Associate Cloud Engineer — AS-3 (EASY) #11,What is the primary purpose of Manage encryption and secrets?,Mix controls from unrelated domains that do not address the stated objective.,"Implement Manage encryption and secrets using Google best practices for Configuring Access and Security, including monitoring and least privilege.",Use an approach that contradicts the exam objective and ignores documented constraints.,"Deploy without monitoring, backup, or access controls required by the blueprint.",D,EASY,google-cloud-associate|access-security|AS-3|easy|blueprint-seed,**Answer: D** — Manage encryption and secrets. Review the official Google exam guide (Associate Cloud Engineer) and linked documentation. Objective: AS-3.,https://cloud.google.com/docs|https://cloud.google.com/certification/cloud-engineer
google-cloud-associate,access-security,AS-3,Associate Cloud Engineer — AS-3 (MEDIUM) #12,"During a project review, stakeholders ask how to Manage encryption and secrets in the context of Google Cloud Associate Cloud Engineer?",Apply the official Configuring Access and Security guidance: Manage encryption and secrets — this aligns with exam blueprint expectations and vendor documentation.,Use an approach that contradicts the exam objective and ignores documented constraints.,"Deploy without monitoring, backup, or access controls required by the blueprint.",Mix controls from unrelated domains that do not address the stated objective.,A,MEDIUM,google-cloud-associate|access-security|AS-3|medium|blueprint-seed,**Answer: A** — Manage encryption and secrets. Review the official Google exam guide (Associate Cloud Engineer) and linked documentation. Objective: AS-3.,https://cloud.google.com/docs|https://cloud.google.com/certification/cloud-engineer
google-cloud-associate,access-security,AS-3,Associate Cloud Engineer — AS-3 (MEDIUM) #13,Which configuration satisfies requirements for Manage encryption and secrets in the context of Google Cloud Associate Cloud Engineer?,Use an approach that contradicts the exam objective and ignores documented constraints.,"Deploy without monitoring, backup, or access controls required by the blueprint.",Mix controls from unrelated domains that do not address the stated objective.,"Follow the documented approach for Manage encryption and secrets, using recommended services and controls per the exam guide.",B,MEDIUM,google-cloud-associate|access-security|AS-3|medium|blueprint-seed,**Answer: B** — Manage encryption and secrets. Review the official Google exam guide (Associate Cloud Engineer) and linked documentation. Objective: AS-3.,https://cloud.google.com/docs|https://cloud.google.com/certification/cloud-engineer
google-cloud-associate,access-security,AS-3,Associate Cloud Engineer — AS-3 (MEDIUM) #14,What is the recommended design when applying Manage encryption and secrets in the context of Google Cloud Associate Cloud Engineer?,"Deploy without monitoring, backup, or access controls required by the blueprint.",Mix controls from unrelated domains that do not address the stated objective.,"Implement Manage encryption and secrets using Google best practices for Configuring Access and Security, including monitoring and least privilege.",Use an approach that contradicts the exam objective and ignores documented constraints.,C,MEDIUM,google-cloud-associate|access-security|AS-3|medium|blueprint-seed,**Answer: C** — Manage encryption and secrets. Review the official Google exam guide (Associate Cloud Engineer) and linked documentation. Objective: AS-3.,https://cloud.google.com/docs|https://cloud.google.com/certification/cloud-engineer
google-cloud-associate,access-security,AS-3,Associate Cloud Engineer — AS-3 (MEDIUM) #15,A team must implement a solution for Manage encryption and secrets in the context of Google Cloud Associate Cloud Engineer?,Mix controls from unrelated domains that do not address the stated objective.,Apply the official Configuring Access and Security guidance: Manage encryption and secrets — this aligns with exam blueprint expectations and vendor documentation.,Use an approach that contradicts the exam objective and ignores documented constraints.,"Deploy without monitoring, backup, or access controls required by the blueprint.",D,MEDIUM,google-cloud-associate|access-security|AS-3|medium|blueprint-seed,**Answer: D** — Manage encryption and secrets. Review the official Google exam guide (Associate Cloud Engineer) and linked documentation. Objective: AS-3.,https://cloud.google.com/docs|https://cloud.google.com/certification/cloud-engineer
google-cloud-associate,access-security,AS-3,Associate Cloud Engineer — AS-3 (MEDIUM) #16,Which approach aligns with best practices when Manage encryption and secrets in the context of Google Cloud Associate Cloud Engineer?,"Follow the documented approach for Manage encryption and secrets, using recommended services and controls per the exam guide.",Use an approach that contradicts the exam objective and ignores documented constraints.,"Deploy without monitoring, backup, or access controls required by the blueprint.",Mix controls from unrelated domains that do not address the stated objective.,A,MEDIUM,google-cloud-associate|access-security|AS-3|medium|blueprint-seed,**Answer: A** — Manage encryption and secrets. Review the official Google exam guide (Associate Cloud Engineer) and linked documentation. Objective: AS-3.,https://cloud.google.com/docs|https://cloud.google.com/certification/cloud-engineer
google-cloud-associate,access-security,AS-3,Associate Cloud Engineer — AS-3 (MEDIUM) #17,"During a project review, stakeholders ask how to Manage encryption and secrets in the context of Google Cloud Associate Cloud Engineer?",Use an approach that contradicts the exam objective and ignores documented constraints.,"Deploy without monitoring, backup, or access controls required by the blueprint.",Mix controls from unrelated domains that do not address the stated objective.,"Implement Manage encryption and secrets using Google best practices for Configuring Access and Security, including monitoring and least privilege.",B,MEDIUM,google-cloud-associate|access-security|AS-3|medium|blueprint-seed,**Answer: B** — Manage encryption and secrets. Review the official Google exam guide (Associate Cloud Engineer) and linked documentation. Objective: AS-3.,https://cloud.google.com/docs|https://cloud.google.com/certification/cloud-engineer
google-cloud-associate,access-security,AS-3,Associate Cloud Engineer — AS-3 (MEDIUM) #18,Which configuration satisfies requirements for Manage encryption and secrets in the context of Google Cloud Associate Cloud Engineer?,"Deploy without monitoring, backup, or access controls required by the blueprint.",Mix controls from unrelated domains that do not address the stated objective.,Apply the official Configuring Access and Security guidance: Manage encryption and secrets — this aligns with exam blueprint expectations and vendor documentation.,Use an approach that contradicts the exam objective and ignores documented constraints.,C,MEDIUM,google-cloud-associate|access-security|AS-3|medium|blueprint-seed,**Answer: C** — Manage encryption and secrets. Review the official Google exam guide (Associate Cloud Engineer) and linked documentation. Objective: AS-3.,https://cloud.google.com/docs|https://cloud.google.com/certification/cloud-engineer
google-cloud-associate,access-security,AS-3,Associate Cloud Engineer — AS-3 (MEDIUM) #19,What is the recommended design when applying Manage encryption and secrets in the context of Google Cloud Associate Cloud Engineer?,Mix controls from unrelated domains that do not address the stated objective.,"Follow the documented approach for Manage encryption and secrets, using recommended services and controls per the exam guide.",Use an approach that contradicts the exam objective and ignores documented constraints.,"Deploy without monitoring, backup, or access controls required by the blueprint.",D,MEDIUM,google-cloud-associate|access-security|AS-3|medium|blueprint-seed,**Answer: D** — Manage encryption and secrets. Review the official Google exam guide (Associate Cloud Engineer) and linked documentation. Objective: AS-3.,https://cloud.google.com/docs|https://cloud.google.com/certification/cloud-engineer
google-cloud-associate,access-security,AS-3,Associate Cloud Engineer — AS-3 (MEDIUM) #20,A team must implement a solution for Manage encryption and secrets in the context of Google Cloud Associate Cloud Engineer?,"Implement Manage encryption and secrets using Google best practices for Configuring Access and Security, including monitoring and least privilege.",Use an approach that contradicts the exam objective and ignores documented constraints.,"Deploy without monitoring, backup, or access controls required by the blueprint.",Mix controls from unrelated domains that do not address the stated objective.,A,MEDIUM,google-cloud-associate|access-security|AS-3|medium|blueprint-seed,**Answer: A** — Manage encryption and secrets. Review the official Google exam guide (Associate Cloud Engineer) and linked documentation. Objective: AS-3.,https://cloud.google.com/docs|https://cloud.google.com/certification/cloud-engineer
google-cloud-associate,access-security,AS-3,Associate Cloud Engineer — AS-3 (MEDIUM) #21,Which approach aligns with best practices when Manage encryption and secrets in the context of Google Cloud Associate Cloud Engineer?,Use an approach that contradicts the exam objective and ignores documented constraints.,"Deploy without monitoring, backup, or access controls required by the blueprint.",Mix controls from unrelated domains that do not address the stated objective.,Apply the official Configuring Access and Security guidance: Manage encryption and secrets — this aligns with exam blueprint expectations and vendor documentation.,B,MEDIUM,google-cloud-associate|access-security|AS-3|medium|blueprint-seed,**Answer: B** — Manage encryption and secrets. Review the official Google exam guide (Associate Cloud Engineer) and linked documentation. Objective: AS-3.,https://cloud.google.com/docs|https://cloud.google.com/certification/cloud-engineer
google-cloud-associate,access-security,AS-3,Associate Cloud Engineer — AS-3 (MEDIUM) #22,"During a project review, stakeholders ask how to Manage encryption and secrets in the context of Google Cloud Associate Cloud Engineer?","Deploy without monitoring, backup, or access controls required by the blueprint.",Mix controls from unrelated domains that do not address the stated objective.,"Follow the documented approach for Manage encryption and secrets, using recommended services and controls per the exam guide.",Use an approach that contradicts the exam objective and ignores documented constraints.,C,MEDIUM,google-cloud-associate|access-security|AS-3|medium|blueprint-seed,**Answer: C** — Manage encryption and secrets. Review the official Google exam guide (Associate Cloud Engineer) and linked documentation. Objective: AS-3.,https://cloud.google.com/docs|https://cloud.google.com/certification/cloud-engineer
google-cloud-associate,access-security,AS-3,Associate Cloud Engineer — AS-3 (MEDIUM) #23,Which configuration satisfies requirements for Manage encryption and secrets in the context of Google Cloud Associate Cloud Engineer?,Mix controls from unrelated domains that do not address the stated objective.,"Implement Manage encryption and secrets using Google best practices for Configuring Access and Security, including monitoring and least privilege.",Use an approach that contradicts the exam objective and ignores documented constraints.,"Deploy without monitoring, backup, or access controls required by the blueprint.",D,MEDIUM,google-cloud-associate|access-security|AS-3|medium|blueprint-seed,**Answer: D** — Manage encryption and secrets. Review the official Google exam guide (Associate Cloud Engineer) and linked documentation. Objective: AS-3.,https://cloud.google.com/docs|https://cloud.google.com/certification/cloud-engineer
google-cloud-associate,access-security,AS-3,Associate Cloud Engineer — AS-3 (MEDIUM) #24,What is the recommended design when applying Manage encryption and secrets in the context of Google Cloud Associate Cloud Engineer?,Apply the official Configuring Access and Security guidance: Manage encryption and secrets — this aligns with exam blueprint expectations and vendor documentation.,Use an approach that contradicts the exam objective and ignores documented constraints.,"Deploy without monitoring, backup, or access controls required by the blueprint.",Mix controls from unrelated domains that do not address the stated objective.,A,MEDIUM,google-cloud-associate|access-security|AS-3|medium|blueprint-seed,**Answer: A** — Manage encryption and secrets. Review the official Google exam guide (Associate Cloud Engineer) and linked documentation. Objective: AS-3.,https://cloud.google.com/docs|https://cloud.google.com/certification/cloud-engineer
google-cloud-associate,access-security,AS-3,Associate Cloud Engineer — AS-3 (MEDIUM) #25,A team must implement a solution for Manage encryption and secrets in the context of Google Cloud Associate Cloud Engineer?,Use an approach that contradicts the exam objective and ignores documented constraints.,"Deploy without monitoring, backup, or access controls required by the blueprint.",Mix controls from unrelated domains that do not address the stated objective.,"Follow the documented approach for Manage encryption and secrets, using recommended services and controls per the exam guide.",B,MEDIUM,google-cloud-associate|access-security|AS-3|medium|blueprint-seed,**Answer: B** — Manage encryption and secrets. Review the official Google exam guide (Associate Cloud Engineer) and linked documentation. Objective: AS-3.,https://cloud.google.com/docs|https://cloud.google.com/certification/cloud-engineer
google-cloud-associate,access-security,AS-3,Associate Cloud Engineer — AS-3 (HARD) #26,"Given strict compliance, auditability, and multi-region constraints, how should you Manage encryption and secrets for Configuring Access and Security?","Deploy without monitoring, backup, or access controls required by the blueprint.",Mix controls from unrelated domains that do not address the stated objective.,"Implement Manage encryption and secrets using Google best practices for Configuring Access and Security, including monitoring and least privilege.",Use an approach that contradicts the exam objective and ignores documented constraints.,C,HARD,google-cloud-associate|access-security|AS-3|hard|blueprint-seed,**Answer: C** — Manage encryption and secrets. Review the official Google exam guide (Associate Cloud Engineer) and linked documentation. Objective: AS-3.,https://cloud.google.com/docs|https://cloud.google.com/certification/cloud-engineer
google-cloud-associate,access-security,AS-3,Associate Cloud Engineer — AS-3 (HARD) #27,A production incident involves trade-offs between cost and resilience for Manage encryption and secrets for Configuring Access and Security?,Mix controls from unrelated domains that do not address the stated objective.,Apply the official Configuring Access and Security guidance: Manage encryption and secrets — this aligns with exam blueprint expectations and vendor documentation.,Use an approach that contradicts the exam objective and ignores documented constraints.,"Deploy without monitoring, backup, or access controls required by the blueprint.",D,HARD,google-cloud-associate|access-security|AS-3|hard|blueprint-seed,**Answer: D** — Manage encryption and secrets. Review the official Google exam guide (Associate Cloud Engineer) and linked documentation. Objective: AS-3.,https://cloud.google.com/docs|https://cloud.google.com/certification/cloud-engineer
google-cloud-associate,access-security,AS-3,Associate Cloud Engineer — AS-3 (HARD) #28,Complex regulatory requirements demand that you Manage encryption and secrets for Configuring Access and Security?,"Follow the documented approach for Manage encryption and secrets, using recommended services and controls per the exam guide.",Use an approach that contradicts the exam objective and ignores documented constraints.,"Deploy without monitoring, backup, or access controls required by the blueprint.",Mix controls from unrelated domains that do not address the stated objective.,A,HARD,google-cloud-associate|access-security|AS-3|hard|blueprint-seed,**Answer: A** — Manage encryption and secrets. Review the official Google exam guide (Associate Cloud Engineer) and linked documentation. Objective: AS-3.,https://cloud.google.com/docs|https://cloud.google.com/certification/cloud-engineer
google-cloud-associate,access-security,AS-3,Associate Cloud Engineer — AS-3 (HARD) #29,A multi-team rollout must balance security and velocity for Manage encryption and secrets for Configuring Access and Security?,Use an approach that contradicts the exam objective and ignores documented constraints.,"Deploy without monitoring, backup, or access controls required by the blueprint.",Mix controls from unrelated domains that do not address the stated objective.,"Implement Manage encryption and secrets using Google best practices for Configuring Access and Security, including monitoring and least privilege.",B,HARD,google-cloud-associate|access-security|AS-3|hard|blueprint-seed,**Answer: B** — Manage encryption and secrets. Review the official Google exam guide (Associate Cloud Engineer) and linked documentation. Objective: AS-3.,https://cloud.google.com/docs|https://cloud.google.com/certification/cloud-engineer
google-cloud-associate,access-security,AS-3,Associate Cloud Engineer — AS-3 (HARD) #30,An enterprise requires zero-downtime architecture while Manage encryption and secrets for Configuring Access and Security?,"Deploy without monitoring, backup, or access controls required by the blueprint.",Mix controls from unrelated domains that do not address the stated objective.,Apply the official Configuring Access and Security guidance: Manage encryption and secrets — this aligns with exam blueprint expectations and vendor documentation.,Use an approach that contradicts the exam objective and ignores documented constraints.,C,HARD,google-cloud-associate|access-security|AS-3|hard|blueprint-seed,**Answer: C** — Manage encryption and secrets. Review the official Google exam guide (Associate Cloud Engineer) and linked documentation. Objective: AS-3.,https://cloud.google.com/docs|https://cloud.google.com/certification/cloud-engineer
google-cloud-associate,access-security,AS-3,Associate Cloud Engineer — AS-3 (HARD) #31,"Given strict compliance, auditability, and multi-region constraints, how should you Manage encryption and secrets for Configuring Access and Security?",Mix controls from unrelated domains that do not address the stated objective.,"Follow the documented approach for Manage encryption and secrets, using recommended services and controls per the exam guide.",Use an approach that contradicts the exam objective and ignores documented constraints.,"Deploy without monitoring, backup, or access controls required by the blueprint.",D,HARD,google-cloud-associate|access-security|AS-3|hard|blueprint-seed,**Answer: D** — Manage encryption and secrets. Review the official Google exam guide (Associate Cloud Engineer) and linked documentation. Objective: AS-3.,https://cloud.google.com/docs|https://cloud.google.com/certification/cloud-engineer
google-cloud-associate,access-security,AS-3,Associate Cloud Engineer — AS-3 (HARD) #32,A production incident involves trade-offs between cost and resilience for Manage encryption and secrets for Configuring Access and Security?,"Implement Manage encryption and secrets using Google best practices for Configuring Access and Security, including monitoring and least privilege.",Use an approach that contradicts the exam objective and ignores documented constraints.,"Deploy without monitoring, backup, or access controls required by the blueprint.",Mix controls from unrelated domains that do not address the stated objective.,A,HARD,google-cloud-associate|access-security|AS-3|hard|blueprint-seed,**Answer: A** — Manage encryption and secrets. Review the official Google exam guide (Associate Cloud Engineer) and linked documentation. Objective: AS-3.,https://cloud.google.com/docs|https://cloud.google.com/certification/cloud-engineer
google-cloud-associate,access-security,AS-3,Associate Cloud Engineer — AS-3 (HARD) #33,Complex regulatory requirements demand that you Manage encryption and secrets for Configuring Access and Security?,Use an approach that contradicts the exam objective and ignores documented constraints.,"Deploy without monitoring, backup, or access controls required by the blueprint.",Mix controls from unrelated domains that do not address the stated objective.,Apply the official Configuring Access and Security guidance: Manage encryption and secrets — this aligns with exam blueprint expectations and vendor documentation.,B,HARD,google-cloud-associate|access-security|AS-3|hard|blueprint-seed,**Answer: B** — Manage encryption and secrets. Review the official Google exam guide (Associate Cloud Engineer) and linked documentation. Objective: AS-3.,https://cloud.google.com/docs|https://cloud.google.com/certification/cloud-engineer
google-cloud-associate,access-security,AS-3,Associate Cloud Engineer — AS-3 (HARD) #34,A multi-team rollout must balance security and velocity for Manage encryption and secrets for Configuring Access and Security?,"Deploy without monitoring, backup, or access controls required by the blueprint.",Mix controls from unrelated domains that do not address the stated objective.,"Follow the documented approach for Manage encryption and secrets, using recommended services and controls per the exam guide.",Use an approach that contradicts the exam objective and ignores documented constraints.,C,HARD,google-cloud-associate|access-security|AS-3|hard|blueprint-seed,**Answer: C** — Manage encryption and secrets. Review the official Google exam guide (Associate Cloud Engineer) and linked documentation. Objective: AS-3.,https://cloud.google.com/docs|https://cloud.google.com/certification/cloud-engineer
google-cloud-associate,access-security,AS-3,Associate Cloud Engineer — AS-3 (HARD) #35,An enterprise requires zero-downtime architecture while Manage encryption and secrets for Configuring Access and Security?,Mix controls from unrelated domains that do not address the stated objective.,"Implement Manage encryption and secrets using Google best practices for Configuring Access and Security, including monitoring and least privilege.",Use an approach that contradicts the exam objective and ignores documented constraints.,"Deploy without monitoring, backup, or access controls required by the blueprint.",D,HARD,google-cloud-associate|access-security|AS-3|hard|blueprint-seed,**Answer: D** — Manage encryption and secrets. Review the official Google exam guide (Associate Cloud Engineer) and linked documentation. Objective: AS-3.,https://cloud.google.com/docs|https://cloud.google.com/certification/cloud-engineer
google-cloud-associate,access-security,AS-3,Associate Cloud Engineer — AS-3 (HARD) #36,"Given strict compliance, auditability, and multi-region constraints, how should you Manage encryption and secrets for Configuring Access and Security?",Apply the official Configuring Access and Security guidance: Manage encryption and secrets — this aligns with exam blueprint expectations and vendor documentation.,Use an approach that contradicts the exam objective and ignores documented constraints.,"Deploy without monitoring, backup, or access controls required by the blueprint.",Mix controls from unrelated domains that do not address the stated objective.,A,HARD,google-cloud-associate|access-security|AS-3|hard|blueprint-seed,**Answer: A** — Manage encryption and secrets. Review the official Google exam guide (Associate Cloud Engineer) and linked documentation. Objective: AS-3.,https://cloud.google.com/docs|https://cloud.google.com/certification/cloud-engineer