certification_slug,domain_slug,objective_id,title,description,option_a,option_b,option_c,option_d,correct_option,difficulty,tags,explanation,reference_urls
itil-foundation,service-management,SM-1,ITIL 4 Foundation — SM-1 (EASY) #1,"What is the primary purpose of Define service, value, and stakeholders?",Use an approach that contradicts the exam objective and ignores documented constraints.,"Deploy without monitoring, backup, or access controls required by the blueprint.",Mix controls from unrelated domains that do not address the stated objective.,"Follow the documented approach for Define service, value, and stakeholders, using recommended services and controls per the exam guide.",B,EASY,itil-foundation|service-management|SM-1|easy|blueprint-seed,"**Answer: B** — Define service, value, and stakeholders. Review the official AXELOS exam guide (ITIL 4 Foundation) and linked documentation. Objective: SM-1.",https://www.axelos.com/certifications/itil-service-management/itil-4-foundation
itil-foundation,service-management,SM-1,ITIL 4 Foundation — SM-1 (EASY) #2,"Which concept is fundamental to Define service, value, and stakeholders?","Deploy without monitoring, backup, or access controls required by the blueprint.",Mix controls from unrelated domains that do not address the stated objective.,"Implement Define service, value, and stakeholders using AXELOS best practices for Understand Key Concepts of Service Management, including monitoring and least privilege.",Use an approach that contradicts the exam objective and ignores documented constraints.,C,EASY,itil-foundation|service-management|SM-1|easy|blueprint-seed,"**Answer: C** — Define service, value, and stakeholders. Review the official AXELOS exam guide (ITIL 4 Foundation) and linked documentation. Objective: SM-1.",https://www.axelos.com/certifications/itil-service-management/itil-4-foundation
itil-foundation,service-management,SM-1,ITIL 4 Foundation — SM-1 (EASY) #3,"Identify the core principle behind Define service, value, and stakeholders?",Mix controls from unrelated domains that do not address the stated objective.,"Apply the official Understand Key Concepts of Service Management guidance: Define service, value, and stakeholders — this aligns with exam blueprint expectations and vendor documentation.",Use an approach that contradicts the exam objective and ignores documented constraints.,"Deploy without monitoring, backup, or access controls required by the blueprint.",D,EASY,itil-foundation|service-management|SM-1|easy|blueprint-seed,"**Answer: D** — Define service, value, and stakeholders. Review the official AXELOS exam guide (ITIL 4 Foundation) and linked documentation. Objective: SM-1.",https://www.axelos.com/certifications/itil-service-management/itil-4-foundation
itil-foundation,service-management,SM-1,ITIL 4 Foundation — SM-1 (EASY) #4,"Which description accurately reflects Define service, value, and stakeholders?","Follow the documented approach for Define service, value, and stakeholders, using recommended services and controls per the exam guide.",Use an approach that contradicts the exam objective and ignores documented constraints.,"Deploy without monitoring, backup, or access controls required by the blueprint.",Mix controls from unrelated domains that do not address the stated objective.,A,EASY,itil-foundation|service-management|SM-1|easy|blueprint-seed,"**Answer: A** — Define service, value, and stakeholders. Review the official AXELOS exam guide (ITIL 4 Foundation) and linked documentation. Objective: SM-1.",https://www.axelos.com/certifications/itil-service-management/itil-4-foundation
itil-foundation,service-management,SM-1,ITIL 4 Foundation — SM-1 (EASY) #5,"Which statement best defines the scope of Define service, value, and stakeholders?",Use an approach that contradicts the exam objective and ignores documented constraints.,"Deploy without monitoring, backup, or access controls required by the blueprint.",Mix controls from unrelated domains that do not address the stated objective.,"Implement Define service, value, and stakeholders using AXELOS best practices for Understand Key Concepts of Service Management, including monitoring and least privilege.",B,EASY,itil-foundation|service-management|SM-1|easy|blueprint-seed,"**Answer: B** — Define service, value, and stakeholders. Review the official AXELOS exam guide (ITIL 4 Foundation) and linked documentation. Objective: SM-1.",https://www.axelos.com/certifications/itil-service-management/itil-4-foundation
itil-foundation,service-management,SM-1,ITIL 4 Foundation — SM-1 (EASY) #6,"What is the primary purpose of Define service, value, and stakeholders?","Deploy without monitoring, backup, or access controls required by the blueprint.",Mix controls from unrelated domains that do not address the stated objective.,"Apply the official Understand Key Concepts of Service Management guidance: Define service, value, and stakeholders — this aligns with exam blueprint expectations and vendor documentation.",Use an approach that contradicts the exam objective and ignores documented constraints.,C,EASY,itil-foundation|service-management|SM-1|easy|blueprint-seed,"**Answer: C** — Define service, value, and stakeholders. Review the official AXELOS exam guide (ITIL 4 Foundation) and linked documentation. Objective: SM-1.",https://www.axelos.com/certifications/itil-service-management/itil-4-foundation
itil-foundation,service-management,SM-1,ITIL 4 Foundation — SM-1 (EASY) #7,"Which concept is fundamental to Define service, value, and stakeholders?",Mix controls from unrelated domains that do not address the stated objective.,"Follow the documented approach for Define service, value, and stakeholders, using recommended services and controls per the exam guide.",Use an approach that contradicts the exam objective and ignores documented constraints.,"Deploy without monitoring, backup, or access controls required by the blueprint.",D,EASY,itil-foundation|service-management|SM-1|easy|blueprint-seed,"**Answer: D** — Define service, value, and stakeholders. Review the official AXELOS exam guide (ITIL 4 Foundation) and linked documentation. Objective: SM-1.",https://www.axelos.com/certifications/itil-service-management/itil-4-foundation
itil-foundation,service-management,SM-1,ITIL 4 Foundation — SM-1 (EASY) #8,"Identify the core principle behind Define service, value, and stakeholders?","Implement Define service, value, and stakeholders using AXELOS best practices for Understand Key Concepts of Service Management, including monitoring and least privilege.",Use an approach that contradicts the exam objective and ignores documented constraints.,"Deploy without monitoring, backup, or access controls required by the blueprint.",Mix controls from unrelated domains that do not address the stated objective.,A,EASY,itil-foundation|service-management|SM-1|easy|blueprint-seed,"**Answer: A** — Define service, value, and stakeholders. Review the official AXELOS exam guide (ITIL 4 Foundation) and linked documentation. Objective: SM-1.",https://www.axelos.com/certifications/itil-service-management/itil-4-foundation
itil-foundation,service-management,SM-1,ITIL 4 Foundation — SM-1 (EASY) #9,"Which description accurately reflects Define service, value, and stakeholders?",Use an approach that contradicts the exam objective and ignores documented constraints.,"Deploy without monitoring, backup, or access controls required by the blueprint.",Mix controls from unrelated domains that do not address the stated objective.,"Apply the official Understand Key Concepts of Service Management guidance: Define service, value, and stakeholders — this aligns with exam blueprint expectations and vendor documentation.",B,EASY,itil-foundation|service-management|SM-1|easy|blueprint-seed,"**Answer: B** — Define service, value, and stakeholders. Review the official AXELOS exam guide (ITIL 4 Foundation) and linked documentation. Objective: SM-1.",https://www.axelos.com/certifications/itil-service-management/itil-4-foundation
itil-foundation,service-management,SM-1,ITIL 4 Foundation — SM-1 (EASY) #10,"Which statement best defines the scope of Define service, value, and stakeholders?","Deploy without monitoring, backup, or access controls required by the blueprint.",Mix controls from unrelated domains that do not address the stated objective.,"Follow the documented approach for Define service, value, and stakeholders, using recommended services and controls per the exam guide.",Use an approach that contradicts the exam objective and ignores documented constraints.,C,EASY,itil-foundation|service-management|SM-1|easy|blueprint-seed,"**Answer: C** — Define service, value, and stakeholders. Review the official AXELOS exam guide (ITIL 4 Foundation) and linked documentation. Objective: SM-1.",https://www.axelos.com/certifications/itil-service-management/itil-4-foundation
itil-foundation,service-management,SM-1,ITIL 4 Foundation — SM-1 (EASY) #11,"What is the primary purpose of Define service, value, and stakeholders?",Mix controls from unrelated domains that do not address the stated objective.,"Implement Define service, value, and stakeholders using AXELOS best practices for Understand Key Concepts of Service Management, including monitoring and least privilege.",Use an approach that contradicts the exam objective and ignores documented constraints.,"Deploy without monitoring, backup, or access controls required by the blueprint.",D,EASY,itil-foundation|service-management|SM-1|easy|blueprint-seed,"**Answer: D** — Define service, value, and stakeholders. Review the official AXELOS exam guide (ITIL 4 Foundation) and linked documentation. Objective: SM-1.",https://www.axelos.com/certifications/itil-service-management/itil-4-foundation
itil-foundation,service-management,SM-1,ITIL 4 Foundation — SM-1 (MEDIUM) #12,"During a project review, stakeholders ask how to Define service, value, and stakeholders in the context of ITIL 4 Foundation?","Apply the official Understand Key Concepts of Service Management guidance: Define service, value, and stakeholders — this aligns with exam blueprint expectations and vendor documentation.",Use an approach that contradicts the exam objective and ignores documented constraints.,"Deploy without monitoring, backup, or access controls required by the blueprint.",Mix controls from unrelated domains that do not address the stated objective.,A,MEDIUM,itil-foundation|service-management|SM-1|medium|blueprint-seed,"**Answer: A** — Define service, value, and stakeholders. Review the official AXELOS exam guide (ITIL 4 Foundation) and linked documentation. Objective: SM-1.",https://www.axelos.com/certifications/itil-service-management/itil-4-foundation
itil-foundation,service-management,SM-1,ITIL 4 Foundation — SM-1 (MEDIUM) #13,"Which configuration satisfies requirements for Define service, value, and stakeholders in the context of ITIL 4 Foundation?",Use an approach that contradicts the exam objective and ignores documented constraints.,"Deploy without monitoring, backup, or access controls required by the blueprint.",Mix controls from unrelated domains that do not address the stated objective.,"Follow the documented approach for Define service, value, and stakeholders, using recommended services and controls per the exam guide.",B,MEDIUM,itil-foundation|service-management|SM-1|medium|blueprint-seed,"**Answer: B** — Define service, value, and stakeholders. Review the official AXELOS exam guide (ITIL 4 Foundation) and linked documentation. Objective: SM-1.",https://www.axelos.com/certifications/itil-service-management/itil-4-foundation
itil-foundation,service-management,SM-1,ITIL 4 Foundation — SM-1 (MEDIUM) #14,"What is the recommended design when applying Define service, value, and stakeholders in the context of ITIL 4 Foundation?","Deploy without monitoring, backup, or access controls required by the blueprint.",Mix controls from unrelated domains that do not address the stated objective.,"Implement Define service, value, and stakeholders using AXELOS best practices for Understand Key Concepts of Service Management, including monitoring and least privilege.",Use an approach that contradicts the exam objective and ignores documented constraints.,C,MEDIUM,itil-foundation|service-management|SM-1|medium|blueprint-seed,"**Answer: C** — Define service, value, and stakeholders. Review the official AXELOS exam guide (ITIL 4 Foundation) and linked documentation. Objective: SM-1.",https://www.axelos.com/certifications/itil-service-management/itil-4-foundation
itil-foundation,service-management,SM-1,ITIL 4 Foundation — SM-1 (MEDIUM) #15,"A team must implement a solution for Define service, value, and stakeholders in the context of ITIL 4 Foundation?",Mix controls from unrelated domains that do not address the stated objective.,"Apply the official Understand Key Concepts of Service Management guidance: Define service, value, and stakeholders — this aligns with exam blueprint expectations and vendor documentation.",Use an approach that contradicts the exam objective and ignores documented constraints.,"Deploy without monitoring, backup, or access controls required by the blueprint.",D,MEDIUM,itil-foundation|service-management|SM-1|medium|blueprint-seed,"**Answer: D** — Define service, value, and stakeholders. Review the official AXELOS exam guide (ITIL 4 Foundation) and linked documentation. Objective: SM-1.",https://www.axelos.com/certifications/itil-service-management/itil-4-foundation
itil-foundation,service-management,SM-1,ITIL 4 Foundation — SM-1 (MEDIUM) #16,"Which approach aligns with best practices when Define service, value, and stakeholders in the context of ITIL 4 Foundation?","Follow the documented approach for Define service, value, and stakeholders, using recommended services and controls per the exam guide.",Use an approach that contradicts the exam objective and ignores documented constraints.,"Deploy without monitoring, backup, or access controls required by the blueprint.",Mix controls from unrelated domains that do not address the stated objective.,A,MEDIUM,itil-foundation|service-management|SM-1|medium|blueprint-seed,"**Answer: A** — Define service, value, and stakeholders. Review the official AXELOS exam guide (ITIL 4 Foundation) and linked documentation. Objective: SM-1.",https://www.axelos.com/certifications/itil-service-management/itil-4-foundation
itil-foundation,service-management,SM-1,ITIL 4 Foundation — SM-1 (MEDIUM) #17,"During a project review, stakeholders ask how to Define service, value, and stakeholders in the context of ITIL 4 Foundation?",Use an approach that contradicts the exam objective and ignores documented constraints.,"Deploy without monitoring, backup, or access controls required by the blueprint.",Mix controls from unrelated domains that do not address the stated objective.,"Implement Define service, value, and stakeholders using AXELOS best practices for Understand Key Concepts of Service Management, including monitoring and least privilege.",B,MEDIUM,itil-foundation|service-management|SM-1|medium|blueprint-seed,"**Answer: B** — Define service, value, and stakeholders. Review the official AXELOS exam guide (ITIL 4 Foundation) and linked documentation. Objective: SM-1.",https://www.axelos.com/certifications/itil-service-management/itil-4-foundation
itil-foundation,service-management,SM-1,ITIL 4 Foundation — SM-1 (MEDIUM) #18,"Which configuration satisfies requirements for Define service, value, and stakeholders in the context of ITIL 4 Foundation?","Deploy without monitoring, backup, or access controls required by the blueprint.",Mix controls from unrelated domains that do not address the stated objective.,"Apply the official Understand Key Concepts of Service Management guidance: Define service, value, and stakeholders — this aligns with exam blueprint expectations and vendor documentation.",Use an approach that contradicts the exam objective and ignores documented constraints.,C,MEDIUM,itil-foundation|service-management|SM-1|medium|blueprint-seed,"**Answer: C** — Define service, value, and stakeholders. Review the official AXELOS exam guide (ITIL 4 Foundation) and linked documentation. Objective: SM-1.",https://www.axelos.com/certifications/itil-service-management/itil-4-foundation
itil-foundation,service-management,SM-1,ITIL 4 Foundation — SM-1 (MEDIUM) #19,"What is the recommended design when applying Define service, value, and stakeholders in the context of ITIL 4 Foundation?",Mix controls from unrelated domains that do not address the stated objective.,"Follow the documented approach for Define service, value, and stakeholders, using recommended services and controls per the exam guide.",Use an approach that contradicts the exam objective and ignores documented constraints.,"Deploy without monitoring, backup, or access controls required by the blueprint.",D,MEDIUM,itil-foundation|service-management|SM-1|medium|blueprint-seed,"**Answer: D** — Define service, value, and stakeholders. Review the official AXELOS exam guide (ITIL 4 Foundation) and linked documentation. Objective: SM-1.",https://www.axelos.com/certifications/itil-service-management/itil-4-foundation
itil-foundation,service-management,SM-1,ITIL 4 Foundation — SM-1 (MEDIUM) #20,"A team must implement a solution for Define service, value, and stakeholders in the context of ITIL 4 Foundation?","Implement Define service, value, and stakeholders using AXELOS best practices for Understand Key Concepts of Service Management, including monitoring and least privilege.",Use an approach that contradicts the exam objective and ignores documented constraints.,"Deploy without monitoring, backup, or access controls required by the blueprint.",Mix controls from unrelated domains that do not address the stated objective.,A,MEDIUM,itil-foundation|service-management|SM-1|medium|blueprint-seed,"**Answer: A** — Define service, value, and stakeholders. Review the official AXELOS exam guide (ITIL 4 Foundation) and linked documentation. Objective: SM-1.",https://www.axelos.com/certifications/itil-service-management/itil-4-foundation
itil-foundation,service-management,SM-1,ITIL 4 Foundation — SM-1 (MEDIUM) #21,"Which approach aligns with best practices when Define service, value, and stakeholders in the context of ITIL 4 Foundation?",Use an approach that contradicts the exam objective and ignores documented constraints.,"Deploy without monitoring, backup, or access controls required by the blueprint.",Mix controls from unrelated domains that do not address the stated objective.,"Apply the official Understand Key Concepts of Service Management guidance: Define service, value, and stakeholders — this aligns with exam blueprint expectations and vendor documentation.",B,MEDIUM,itil-foundation|service-management|SM-1|medium|blueprint-seed,"**Answer: B** — Define service, value, and stakeholders. Review the official AXELOS exam guide (ITIL 4 Foundation) and linked documentation. Objective: SM-1.",https://www.axelos.com/certifications/itil-service-management/itil-4-foundation
itil-foundation,service-management,SM-1,ITIL 4 Foundation — SM-1 (MEDIUM) #22,"During a project review, stakeholders ask how to Define service, value, and stakeholders in the context of ITIL 4 Foundation?","Deploy without monitoring, backup, or access controls required by the blueprint.",Mix controls from unrelated domains that do not address the stated objective.,"Follow the documented approach for Define service, value, and stakeholders, using recommended services and controls per the exam guide.",Use an approach that contradicts the exam objective and ignores documented constraints.,C,MEDIUM,itil-foundation|service-management|SM-1|medium|blueprint-seed,"**Answer: C** — Define service, value, and stakeholders. Review the official AXELOS exam guide (ITIL 4 Foundation) and linked documentation. Objective: SM-1.",https://www.axelos.com/certifications/itil-service-management/itil-4-foundation
itil-foundation,service-management,SM-1,ITIL 4 Foundation — SM-1 (MEDIUM) #23,"Which configuration satisfies requirements for Define service, value, and stakeholders in the context of ITIL 4 Foundation?",Mix controls from unrelated domains that do not address the stated objective.,"Implement Define service, value, and stakeholders using AXELOS best practices for Understand Key Concepts of Service Management, including monitoring and least privilege.",Use an approach that contradicts the exam objective and ignores documented constraints.,"Deploy without monitoring, backup, or access controls required by the blueprint.",D,MEDIUM,itil-foundation|service-management|SM-1|medium|blueprint-seed,"**Answer: D** — Define service, value, and stakeholders. Review the official AXELOS exam guide (ITIL 4 Foundation) and linked documentation. Objective: SM-1.",https://www.axelos.com/certifications/itil-service-management/itil-4-foundation
itil-foundation,service-management,SM-1,ITIL 4 Foundation — SM-1 (MEDIUM) #24,"What is the recommended design when applying Define service, value, and stakeholders in the context of ITIL 4 Foundation?","Apply the official Understand Key Concepts of Service Management guidance: Define service, value, and stakeholders — this aligns with exam blueprint expectations and vendor documentation.",Use an approach that contradicts the exam objective and ignores documented constraints.,"Deploy without monitoring, backup, or access controls required by the blueprint.",Mix controls from unrelated domains that do not address the stated objective.,A,MEDIUM,itil-foundation|service-management|SM-1|medium|blueprint-seed,"**Answer: A** — Define service, value, and stakeholders. Review the official AXELOS exam guide (ITIL 4 Foundation) and linked documentation. Objective: SM-1.",https://www.axelos.com/certifications/itil-service-management/itil-4-foundation
itil-foundation,service-management,SM-1,ITIL 4 Foundation — SM-1 (MEDIUM) #25,"A team must implement a solution for Define service, value, and stakeholders in the context of ITIL 4 Foundation?",Use an approach that contradicts the exam objective and ignores documented constraints.,"Deploy without monitoring, backup, or access controls required by the blueprint.",Mix controls from unrelated domains that do not address the stated objective.,"Follow the documented approach for Define service, value, and stakeholders, using recommended services and controls per the exam guide.",B,MEDIUM,itil-foundation|service-management|SM-1|medium|blueprint-seed,"**Answer: B** — Define service, value, and stakeholders. Review the official AXELOS exam guide (ITIL 4 Foundation) and linked documentation. Objective: SM-1.",https://www.axelos.com/certifications/itil-service-management/itil-4-foundation
itil-foundation,service-management,SM-1,ITIL 4 Foundation — SM-1 (MEDIUM) #26,"Which approach aligns with best practices when Define service, value, and stakeholders in the context of ITIL 4 Foundation?","Deploy without monitoring, backup, or access controls required by the blueprint.",Mix controls from unrelated domains that do not address the stated objective.,"Implement Define service, value, and stakeholders using AXELOS best practices for Understand Key Concepts of Service Management, including monitoring and least privilege.",Use an approach that contradicts the exam objective and ignores documented constraints.,C,MEDIUM,itil-foundation|service-management|SM-1|medium|blueprint-seed,"**Answer: C** — Define service, value, and stakeholders. Review the official AXELOS exam guide (ITIL 4 Foundation) and linked documentation. Objective: SM-1.",https://www.axelos.com/certifications/itil-service-management/itil-4-foundation
itil-foundation,service-management,SM-1,ITIL 4 Foundation — SM-1 (HARD) #27,"A production incident involves trade-offs between cost and resilience for Define service, value, and stakeholders for Understand Key Concepts of Service Management?",Mix controls from unrelated domains that do not address the stated objective.,"Apply the official Understand Key Concepts of Service Management guidance: Define service, value, and stakeholders — this aligns with exam blueprint expectations and vendor documentation.",Use an approach that contradicts the exam objective and ignores documented constraints.,"Deploy without monitoring, backup, or access controls required by the blueprint.",D,HARD,itil-foundation|service-management|SM-1|hard|blueprint-seed,"**Answer: D** — Define service, value, and stakeholders. Review the official AXELOS exam guide (ITIL 4 Foundation) and linked documentation. Objective: SM-1.",https://www.axelos.com/certifications/itil-service-management/itil-4-foundation
itil-foundation,service-management,SM-1,ITIL 4 Foundation — SM-1 (HARD) #28,"Complex regulatory requirements demand that you Define service, value, and stakeholders for Understand Key Concepts of Service Management?","Follow the documented approach for Define service, value, and stakeholders, using recommended services and controls per the exam guide.",Use an approach that contradicts the exam objective and ignores documented constraints.,"Deploy without monitoring, backup, or access controls required by the blueprint.",Mix controls from unrelated domains that do not address the stated objective.,A,HARD,itil-foundation|service-management|SM-1|hard|blueprint-seed,"**Answer: A** — Define service, value, and stakeholders. Review the official AXELOS exam guide (ITIL 4 Foundation) and linked documentation. Objective: SM-1.",https://www.axelos.com/certifications/itil-service-management/itil-4-foundation
itil-foundation,service-management,SM-1,ITIL 4 Foundation — SM-1 (HARD) #29,"A multi-team rollout must balance security and velocity for Define service, value, and stakeholders for Understand Key Concepts of Service Management?",Use an approach that contradicts the exam objective and ignores documented constraints.,"Deploy without monitoring, backup, or access controls required by the blueprint.",Mix controls from unrelated domains that do not address the stated objective.,"Implement Define service, value, and stakeholders using AXELOS best practices for Understand Key Concepts of Service Management, including monitoring and least privilege.",B,HARD,itil-foundation|service-management|SM-1|hard|blueprint-seed,"**Answer: B** — Define service, value, and stakeholders. Review the official AXELOS exam guide (ITIL 4 Foundation) and linked documentation. Objective: SM-1.",https://www.axelos.com/certifications/itil-service-management/itil-4-foundation
itil-foundation,service-management,SM-1,ITIL 4 Foundation — SM-1 (HARD) #30,"An enterprise requires zero-downtime architecture while Define service, value, and stakeholders for Understand Key Concepts of Service Management?","Deploy without monitoring, backup, or access controls required by the blueprint.",Mix controls from unrelated domains that do not address the stated objective.,"Apply the official Understand Key Concepts of Service Management guidance: Define service, value, and stakeholders — this aligns with exam blueprint expectations and vendor documentation.",Use an approach that contradicts the exam objective and ignores documented constraints.,C,HARD,itil-foundation|service-management|SM-1|hard|blueprint-seed,"**Answer: C** — Define service, value, and stakeholders. Review the official AXELOS exam guide (ITIL 4 Foundation) and linked documentation. Objective: SM-1.",https://www.axelos.com/certifications/itil-service-management/itil-4-foundation
itil-foundation,service-management,SM-1,ITIL 4 Foundation — SM-1 (HARD) #31,"Given strict compliance, auditability, and multi-region constraints, how should you Define service, value, and stakeholders for Understand Key Concepts of Service Management?",Mix controls from unrelated domains that do not address the stated objective.,"Follow the documented approach for Define service, value, and stakeholders, using recommended services and controls per the exam guide.",Use an approach that contradicts the exam objective and ignores documented constraints.,"Deploy without monitoring, backup, or access controls required by the blueprint.",D,HARD,itil-foundation|service-management|SM-1|hard|blueprint-seed,"**Answer: D** — Define service, value, and stakeholders. Review the official AXELOS exam guide (ITIL 4 Foundation) and linked documentation. Objective: SM-1.",https://www.axelos.com/certifications/itil-service-management/itil-4-foundation
itil-foundation,service-management,SM-1,ITIL 4 Foundation — SM-1 (HARD) #32,"A production incident involves trade-offs between cost and resilience for Define service, value, and stakeholders for Understand Key Concepts of Service Management?","Implement Define service, value, and stakeholders using AXELOS best practices for Understand Key Concepts of Service Management, including monitoring and least privilege.",Use an approach that contradicts the exam objective and ignores documented constraints.,"Deploy without monitoring, backup, or access controls required by the blueprint.",Mix controls from unrelated domains that do not address the stated objective.,A,HARD,itil-foundation|service-management|SM-1|hard|blueprint-seed,"**Answer: A** — Define service, value, and stakeholders. Review the official AXELOS exam guide (ITIL 4 Foundation) and linked documentation. Objective: SM-1.",https://www.axelos.com/certifications/itil-service-management/itil-4-foundation
itil-foundation,service-management,SM-1,ITIL 4 Foundation — SM-1 (HARD) #33,"Complex regulatory requirements demand that you Define service, value, and stakeholders for Understand Key Concepts of Service Management?",Use an approach that contradicts the exam objective and ignores documented constraints.,"Deploy without monitoring, backup, or access controls required by the blueprint.",Mix controls from unrelated domains that do not address the stated objective.,"Apply the official Understand Key Concepts of Service Management guidance: Define service, value, and stakeholders — this aligns with exam blueprint expectations and vendor documentation.",B,HARD,itil-foundation|service-management|SM-1|hard|blueprint-seed,"**Answer: B** — Define service, value, and stakeholders. Review the official AXELOS exam guide (ITIL 4 Foundation) and linked documentation. Objective: SM-1.",https://www.axelos.com/certifications/itil-service-management/itil-4-foundation
itil-foundation,service-management,SM-1,ITIL 4 Foundation — SM-1 (HARD) #34,"A multi-team rollout must balance security and velocity for Define service, value, and stakeholders for Understand Key Concepts of Service Management?","Deploy without monitoring, backup, or access controls required by the blueprint.",Mix controls from unrelated domains that do not address the stated objective.,"Follow the documented approach for Define service, value, and stakeholders, using recommended services and controls per the exam guide.",Use an approach that contradicts the exam objective and ignores documented constraints.,C,HARD,itil-foundation|service-management|SM-1|hard|blueprint-seed,"**Answer: C** — Define service, value, and stakeholders. Review the official AXELOS exam guide (ITIL 4 Foundation) and linked documentation. Objective: SM-1.",https://www.axelos.com/certifications/itil-service-management/itil-4-foundation
itil-foundation,service-management,SM-1,ITIL 4 Foundation — SM-1 (HARD) #35,"An enterprise requires zero-downtime architecture while Define service, value, and stakeholders for Understand Key Concepts of Service Management?",Mix controls from unrelated domains that do not address the stated objective.,"Implement Define service, value, and stakeholders using AXELOS best practices for Understand Key Concepts of Service Management, including monitoring and least privilege.",Use an approach that contradicts the exam objective and ignores documented constraints.,"Deploy without monitoring, backup, or access controls required by the blueprint.",D,HARD,itil-foundation|service-management|SM-1|hard|blueprint-seed,"**Answer: D** — Define service, value, and stakeholders. Review the official AXELOS exam guide (ITIL 4 Foundation) and linked documentation. Objective: SM-1.",https://www.axelos.com/certifications/itil-service-management/itil-4-foundation
itil-foundation,service-management,SM-1,ITIL 4 Foundation — SM-1 (HARD) #36,"Given strict compliance, auditability, and multi-region constraints, how should you Define service, value, and stakeholders for Understand Key Concepts of Service Management?","Apply the official Understand Key Concepts of Service Management guidance: Define service, value, and stakeholders — this aligns with exam blueprint expectations and vendor documentation.",Use an approach that contradicts the exam objective and ignores documented constraints.,"Deploy without monitoring, backup, or access controls required by the blueprint.",Mix controls from unrelated domains that do not address the stated objective.,A,HARD,itil-foundation|service-management|SM-1|hard|blueprint-seed,"**Answer: A** — Define service, value, and stakeholders. Review the official AXELOS exam guide (ITIL 4 Foundation) and linked documentation. Objective: SM-1.",https://www.axelos.com/certifications/itil-service-management/itil-4-foundation
itil-foundation,service-management,SM-1,ITIL 4 Foundation — SM-1 (HARD) #37,"A production incident involves trade-offs between cost and resilience for Define service, value, and stakeholders for Understand Key Concepts of Service Management?",Use an approach that contradicts the exam objective and ignores documented constraints.,"Deploy without monitoring, backup, or access controls required by the blueprint.",Mix controls from unrelated domains that do not address the stated objective.,"Follow the documented approach for Define service, value, and stakeholders, using recommended services and controls per the exam guide.",B,HARD,itil-foundation|service-management|SM-1|hard|blueprint-seed,"**Answer: B** — Define service, value, and stakeholders. Review the official AXELOS exam guide (ITIL 4 Foundation) and linked documentation. Objective: SM-1.",https://www.axelos.com/certifications/itil-service-management/itil-4-foundation
itil-foundation,service-management,SM-1,ITIL 4 Foundation — SM-1 (HARD) #38,"Complex regulatory requirements demand that you Define service, value, and stakeholders for Understand Key Concepts of Service Management?","Deploy without monitoring, backup, or access controls required by the blueprint.",Mix controls from unrelated domains that do not address the stated objective.,"Implement Define service, value, and stakeholders using AXELOS best practices for Understand Key Concepts of Service Management, including monitoring and least privilege.",Use an approach that contradicts the exam objective and ignores documented constraints.,C,HARD,itil-foundation|service-management|SM-1|hard|blueprint-seed,"**Answer: C** — Define service, value, and stakeholders. Review the official AXELOS exam guide (ITIL 4 Foundation) and linked documentation. Objective: SM-1.",https://www.axelos.com/certifications/itil-service-management/itil-4-foundation
itil-foundation,service-management,SM-2,ITIL 4 Foundation — SM-2 (EASY) #1,What is the primary purpose of Describe service relationships and value chain?,Use an approach that contradicts the exam objective and ignores documented constraints.,"Deploy without monitoring, backup, or access controls required by the blueprint.",Mix controls from unrelated domains that do not address the stated objective.,"Follow the documented approach for Describe service relationships and value chain, using recommended services and controls per the exam guide.",B,EASY,itil-foundation|service-management|SM-2|easy|blueprint-seed,**Answer: B** — Describe service relationships and value chain. Review the official AXELOS exam guide (ITIL 4 Foundation) and linked documentation. Objective: SM-2.,https://www.axelos.com/certifications/itil-service-management/itil-4-foundation
itil-foundation,service-management,SM-2,ITIL 4 Foundation — SM-2 (EASY) #2,Which concept is fundamental to Describe service relationships and value chain?,"Deploy without monitoring, backup, or access controls required by the blueprint.",Mix controls from unrelated domains that do not address the stated objective.,"Implement Describe service relationships and value chain using AXELOS best practices for Understand Key Concepts of Service Management, including monitoring and least privilege.",Use an approach that contradicts the exam objective and ignores documented constraints.,C,EASY,itil-foundation|service-management|SM-2|easy|blueprint-seed,**Answer: C** — Describe service relationships and value chain. Review the official AXELOS exam guide (ITIL 4 Foundation) and linked documentation. Objective: SM-2.,https://www.axelos.com/certifications/itil-service-management/itil-4-foundation
itil-foundation,service-management,SM-2,ITIL 4 Foundation — SM-2 (EASY) #3,Identify the core principle behind Describe service relationships and value chain?,Mix controls from unrelated domains that do not address the stated objective.,Apply the official Understand Key Concepts of Service Management guidance: Describe service relationships and value chain — this aligns with exam blueprint expectations and vendor documentation.,Use an approach that contradicts the exam objective and ignores documented constraints.,"Deploy without monitoring, backup, or access controls required by the blueprint.",D,EASY,itil-foundation|service-management|SM-2|easy|blueprint-seed,**Answer: D** — Describe service relationships and value chain. Review the official AXELOS exam guide (ITIL 4 Foundation) and linked documentation. Objective: SM-2.,https://www.axelos.com/certifications/itil-service-management/itil-4-foundation
itil-foundation,service-management,SM-2,ITIL 4 Foundation — SM-2 (EASY) #4,Which description accurately reflects Describe service relationships and value chain?,"Follow the documented approach for Describe service relationships and value chain, using recommended services and controls per the exam guide.",Use an approach that contradicts the exam objective and ignores documented constraints.,"Deploy without monitoring, backup, or access controls required by the blueprint.",Mix controls from unrelated domains that do not address the stated objective.,A,EASY,itil-foundation|service-management|SM-2|easy|blueprint-seed,**Answer: A** — Describe service relationships and value chain. Review the official AXELOS exam guide (ITIL 4 Foundation) and linked documentation. Objective: SM-2.,https://www.axelos.com/certifications/itil-service-management/itil-4-foundation
itil-foundation,service-management,SM-2,ITIL 4 Foundation — SM-2 (EASY) #5,Which statement best defines the scope of Describe service relationships and value chain?,Use an approach that contradicts the exam objective and ignores documented constraints.,"Deploy without monitoring, backup, or access controls required by the blueprint.",Mix controls from unrelated domains that do not address the stated objective.,"Implement Describe service relationships and value chain using AXELOS best practices for Understand Key Concepts of Service Management, including monitoring and least privilege.",B,EASY,itil-foundation|service-management|SM-2|easy|blueprint-seed,**Answer: B** — Describe service relationships and value chain. Review the official AXELOS exam guide (ITIL 4 Foundation) and linked documentation. Objective: SM-2.,https://www.axelos.com/certifications/itil-service-management/itil-4-foundation
itil-foundation,service-management,SM-2,ITIL 4 Foundation — SM-2 (EASY) #6,What is the primary purpose of Describe service relationships and value chain?,"Deploy without monitoring, backup, or access controls required by the blueprint.",Mix controls from unrelated domains that do not address the stated objective.,Apply the official Understand Key Concepts of Service Management guidance: Describe service relationships and value chain — this aligns with exam blueprint expectations and vendor documentation.,Use an approach that contradicts the exam objective and ignores documented constraints.,C,EASY,itil-foundation|service-management|SM-2|easy|blueprint-seed,**Answer: C** — Describe service relationships and value chain. Review the official AXELOS exam guide (ITIL 4 Foundation) and linked documentation. Objective: SM-2.,https://www.axelos.com/certifications/itil-service-management/itil-4-foundation
itil-foundation,service-management,SM-2,ITIL 4 Foundation — SM-2 (EASY) #7,Which concept is fundamental to Describe service relationships and value chain?,Mix controls from unrelated domains that do not address the stated objective.,"Follow the documented approach for Describe service relationships and value chain, using recommended services and controls per the exam guide.",Use an approach that contradicts the exam objective and ignores documented constraints.,"Deploy without monitoring, backup, or access controls required by the blueprint.",D,EASY,itil-foundation|service-management|SM-2|easy|blueprint-seed,**Answer: D** — Describe service relationships and value chain. Review the official AXELOS exam guide (ITIL 4 Foundation) and linked documentation. Objective: SM-2.,https://www.axelos.com/certifications/itil-service-management/itil-4-foundation
itil-foundation,service-management,SM-2,ITIL 4 Foundation — SM-2 (EASY) #8,Identify the core principle behind Describe service relationships and value chain?,"Implement Describe service relationships and value chain using AXELOS best practices for Understand Key Concepts of Service Management, including monitoring and least privilege.",Use an approach that contradicts the exam objective and ignores documented constraints.,"Deploy without monitoring, backup, or access controls required by the blueprint.",Mix controls from unrelated domains that do not address the stated objective.,A,EASY,itil-foundation|service-management|SM-2|easy|blueprint-seed,**Answer: A** — Describe service relationships and value chain. Review the official AXELOS exam guide (ITIL 4 Foundation) and linked documentation. Objective: SM-2.,https://www.axelos.com/certifications/itil-service-management/itil-4-foundation
itil-foundation,service-management,SM-2,ITIL 4 Foundation — SM-2 (EASY) #9,Which description accurately reflects Describe service relationships and value chain?,Use an approach that contradicts the exam objective and ignores documented constraints.,"Deploy without monitoring, backup, or access controls required by the blueprint.",Mix controls from unrelated domains that do not address the stated objective.,Apply the official Understand Key Concepts of Service Management guidance: Describe service relationships and value chain — this aligns with exam blueprint expectations and vendor documentation.,B,EASY,itil-foundation|service-management|SM-2|easy|blueprint-seed,**Answer: B** — Describe service relationships and value chain. Review the official AXELOS exam guide (ITIL 4 Foundation) and linked documentation. Objective: SM-2.,https://www.axelos.com/certifications/itil-service-management/itil-4-foundation
itil-foundation,service-management,SM-2,ITIL 4 Foundation — SM-2 (EASY) #10,Which statement best defines the scope of Describe service relationships and value chain?,"Deploy without monitoring, backup, or access controls required by the blueprint.",Mix controls from unrelated domains that do not address the stated objective.,"Follow the documented approach for Describe service relationships and value chain, using recommended services and controls per the exam guide.",Use an approach that contradicts the exam objective and ignores documented constraints.,C,EASY,itil-foundation|service-management|SM-2|easy|blueprint-seed,**Answer: C** — Describe service relationships and value chain. Review the official AXELOS exam guide (ITIL 4 Foundation) and linked documentation. Objective: SM-2.,https://www.axelos.com/certifications/itil-service-management/itil-4-foundation
itil-foundation,service-management,SM-2,ITIL 4 Foundation — SM-2 (EASY) #11,What is the primary purpose of Describe service relationships and value chain?,Mix controls from unrelated domains that do not address the stated objective.,"Implement Describe service relationships and value chain using AXELOS best practices for Understand Key Concepts of Service Management, including monitoring and least privilege.",Use an approach that contradicts the exam objective and ignores documented constraints.,"Deploy without monitoring, backup, or access controls required by the blueprint.",D,EASY,itil-foundation|service-management|SM-2|easy|blueprint-seed,**Answer: D** — Describe service relationships and value chain. Review the official AXELOS exam guide (ITIL 4 Foundation) and linked documentation. Objective: SM-2.,https://www.axelos.com/certifications/itil-service-management/itil-4-foundation
itil-foundation,service-management,SM-2,ITIL 4 Foundation — SM-2 (MEDIUM) #12,"During a project review, stakeholders ask how to Describe service relationships and value chain in the context of ITIL 4 Foundation?",Apply the official Understand Key Concepts of Service Management guidance: Describe service relationships and value chain — this aligns with exam blueprint expectations and vendor documentation.,Use an approach that contradicts the exam objective and ignores documented constraints.,"Deploy without monitoring, backup, or access controls required by the blueprint.",Mix controls from unrelated domains that do not address the stated objective.,A,MEDIUM,itil-foundation|service-management|SM-2|medium|blueprint-seed,**Answer: A** — Describe service relationships and value chain. Review the official AXELOS exam guide (ITIL 4 Foundation) and linked documentation. Objective: SM-2.,https://www.axelos.com/certifications/itil-service-management/itil-4-foundation
itil-foundation,service-management,SM-2,ITIL 4 Foundation — SM-2 (MEDIUM) #13,Which configuration satisfies requirements for Describe service relationships and value chain in the context of ITIL 4 Foundation?,Use an approach that contradicts the exam objective and ignores documented constraints.,"Deploy without monitoring, backup, or access controls required by the blueprint.",Mix controls from unrelated domains that do not address the stated objective.,"Follow the documented approach for Describe service relationships and value chain, using recommended services and controls per the exam guide.",B,MEDIUM,itil-foundation|service-management|SM-2|medium|blueprint-seed,**Answer: B** — Describe service relationships and value chain. Review the official AXELOS exam guide (ITIL 4 Foundation) and linked documentation. Objective: SM-2.,https://www.axelos.com/certifications/itil-service-management/itil-4-foundation
itil-foundation,service-management,SM-2,ITIL 4 Foundation — SM-2 (MEDIUM) #14,What is the recommended design when applying Describe service relationships and value chain in the context of ITIL 4 Foundation?,"Deploy without monitoring, backup, or access controls required by the blueprint.",Mix controls from unrelated domains that do not address the stated objective.,"Implement Describe service relationships and value chain using AXELOS best practices for Understand Key Concepts of Service Management, including monitoring and least privilege.",Use an approach that contradicts the exam objective and ignores documented constraints.,C,MEDIUM,itil-foundation|service-management|SM-2|medium|blueprint-seed,**Answer: C** — Describe service relationships and value chain. Review the official AXELOS exam guide (ITIL 4 Foundation) and linked documentation. Objective: SM-2.,https://www.axelos.com/certifications/itil-service-management/itil-4-foundation
itil-foundation,service-management,SM-2,ITIL 4 Foundation — SM-2 (MEDIUM) #15,A team must implement a solution for Describe service relationships and value chain in the context of ITIL 4 Foundation?,Mix controls from unrelated domains that do not address the stated objective.,Apply the official Understand Key Concepts of Service Management guidance: Describe service relationships and value chain — this aligns with exam blueprint expectations and vendor documentation.,Use an approach that contradicts the exam objective and ignores documented constraints.,"Deploy without monitoring, backup, or access controls required by the blueprint.",D,MEDIUM,itil-foundation|service-management|SM-2|medium|blueprint-seed,**Answer: D** — Describe service relationships and value chain. Review the official AXELOS exam guide (ITIL 4 Foundation) and linked documentation. Objective: SM-2.,https://www.axelos.com/certifications/itil-service-management/itil-4-foundation
itil-foundation,service-management,SM-2,ITIL 4 Foundation — SM-2 (MEDIUM) #16,Which approach aligns with best practices when Describe service relationships and value chain in the context of ITIL 4 Foundation?,"Follow the documented approach for Describe service relationships and value chain, using recommended services and controls per the exam guide.",Use an approach that contradicts the exam objective and ignores documented constraints.,"Deploy without monitoring, backup, or access controls required by the blueprint.",Mix controls from unrelated domains that do not address the stated objective.,A,MEDIUM,itil-foundation|service-management|SM-2|medium|blueprint-seed,**Answer: A** — Describe service relationships and value chain. Review the official AXELOS exam guide (ITIL 4 Foundation) and linked documentation. Objective: SM-2.,https://www.axelos.com/certifications/itil-service-management/itil-4-foundation
itil-foundation,service-management,SM-2,ITIL 4 Foundation — SM-2 (MEDIUM) #17,"During a project review, stakeholders ask how to Describe service relationships and value chain in the context of ITIL 4 Foundation?",Use an approach that contradicts the exam objective and ignores documented constraints.,"Deploy without monitoring, backup, or access controls required by the blueprint.",Mix controls from unrelated domains that do not address the stated objective.,"Implement Describe service relationships and value chain using AXELOS best practices for Understand Key Concepts of Service Management, including monitoring and least privilege.",B,MEDIUM,itil-foundation|service-management|SM-2|medium|blueprint-seed,**Answer: B** — Describe service relationships and value chain. Review the official AXELOS exam guide (ITIL 4 Foundation) and linked documentation. Objective: SM-2.,https://www.axelos.com/certifications/itil-service-management/itil-4-foundation
itil-foundation,service-management,SM-2,ITIL 4 Foundation — SM-2 (MEDIUM) #18,Which configuration satisfies requirements for Describe service relationships and value chain in the context of ITIL 4 Foundation?,"Deploy without monitoring, backup, or access controls required by the blueprint.",Mix controls from unrelated domains that do not address the stated objective.,Apply the official Understand Key Concepts of Service Management guidance: Describe service relationships and value chain — this aligns with exam blueprint expectations and vendor documentation.,Use an approach that contradicts the exam objective and ignores documented constraints.,C,MEDIUM,itil-foundation|service-management|SM-2|medium|blueprint-seed,**Answer: C** — Describe service relationships and value chain. Review the official AXELOS exam guide (ITIL 4 Foundation) and linked documentation. Objective: SM-2.,https://www.axelos.com/certifications/itil-service-management/itil-4-foundation
itil-foundation,service-management,SM-2,ITIL 4 Foundation — SM-2 (MEDIUM) #19,What is the recommended design when applying Describe service relationships and value chain in the context of ITIL 4 Foundation?,Mix controls from unrelated domains that do not address the stated objective.,"Follow the documented approach for Describe service relationships and value chain, using recommended services and controls per the exam guide.",Use an approach that contradicts the exam objective and ignores documented constraints.,"Deploy without monitoring, backup, or access controls required by the blueprint.",D,MEDIUM,itil-foundation|service-management|SM-2|medium|blueprint-seed,**Answer: D** — Describe service relationships and value chain. Review the official AXELOS exam guide (ITIL 4 Foundation) and linked documentation. Objective: SM-2.,https://www.axelos.com/certifications/itil-service-management/itil-4-foundation
itil-foundation,service-management,SM-2,ITIL 4 Foundation — SM-2 (MEDIUM) #20,A team must implement a solution for Describe service relationships and value chain in the context of ITIL 4 Foundation?,"Implement Describe service relationships and value chain using AXELOS best practices for Understand Key Concepts of Service Management, including monitoring and least privilege.",Use an approach that contradicts the exam objective and ignores documented constraints.,"Deploy without monitoring, backup, or access controls required by the blueprint.",Mix controls from unrelated domains that do not address the stated objective.,A,MEDIUM,itil-foundation|service-management|SM-2|medium|blueprint-seed,**Answer: A** — Describe service relationships and value chain. Review the official AXELOS exam guide (ITIL 4 Foundation) and linked documentation. Objective: SM-2.,https://www.axelos.com/certifications/itil-service-management/itil-4-foundation
itil-foundation,service-management,SM-2,ITIL 4 Foundation — SM-2 (MEDIUM) #21,Which approach aligns with best practices when Describe service relationships and value chain in the context of ITIL 4 Foundation?,Use an approach that contradicts the exam objective and ignores documented constraints.,"Deploy without monitoring, backup, or access controls required by the blueprint.",Mix controls from unrelated domains that do not address the stated objective.,Apply the official Understand Key Concepts of Service Management guidance: Describe service relationships and value chain — this aligns with exam blueprint expectations and vendor documentation.,B,MEDIUM,itil-foundation|service-management|SM-2|medium|blueprint-seed,**Answer: B** — Describe service relationships and value chain. Review the official AXELOS exam guide (ITIL 4 Foundation) and linked documentation. Objective: SM-2.,https://www.axelos.com/certifications/itil-service-management/itil-4-foundation
itil-foundation,service-management,SM-2,ITIL 4 Foundation — SM-2 (MEDIUM) #22,"During a project review, stakeholders ask how to Describe service relationships and value chain in the context of ITIL 4 Foundation?","Deploy without monitoring, backup, or access controls required by the blueprint.",Mix controls from unrelated domains that do not address the stated objective.,"Follow the documented approach for Describe service relationships and value chain, using recommended services and controls per the exam guide.",Use an approach that contradicts the exam objective and ignores documented constraints.,C,MEDIUM,itil-foundation|service-management|SM-2|medium|blueprint-seed,**Answer: C** — Describe service relationships and value chain. Review the official AXELOS exam guide (ITIL 4 Foundation) and linked documentation. Objective: SM-2.,https://www.axelos.com/certifications/itil-service-management/itil-4-foundation
itil-foundation,service-management,SM-2,ITIL 4 Foundation — SM-2 (MEDIUM) #23,Which configuration satisfies requirements for Describe service relationships and value chain in the context of ITIL 4 Foundation?,Mix controls from unrelated domains that do not address the stated objective.,"Implement Describe service relationships and value chain using AXELOS best practices for Understand Key Concepts of Service Management, including monitoring and least privilege.",Use an approach that contradicts the exam objective and ignores documented constraints.,"Deploy without monitoring, backup, or access controls required by the blueprint.",D,MEDIUM,itil-foundation|service-management|SM-2|medium|blueprint-seed,**Answer: D** — Describe service relationships and value chain. Review the official AXELOS exam guide (ITIL 4 Foundation) and linked documentation. Objective: SM-2.,https://www.axelos.com/certifications/itil-service-management/itil-4-foundation
itil-foundation,service-management,SM-2,ITIL 4 Foundation — SM-2 (MEDIUM) #24,What is the recommended design when applying Describe service relationships and value chain in the context of ITIL 4 Foundation?,Apply the official Understand Key Concepts of Service Management guidance: Describe service relationships and value chain — this aligns with exam blueprint expectations and vendor documentation.,Use an approach that contradicts the exam objective and ignores documented constraints.,"Deploy without monitoring, backup, or access controls required by the blueprint.",Mix controls from unrelated domains that do not address the stated objective.,A,MEDIUM,itil-foundation|service-management|SM-2|medium|blueprint-seed,**Answer: A** — Describe service relationships and value chain. Review the official AXELOS exam guide (ITIL 4 Foundation) and linked documentation. Objective: SM-2.,https://www.axelos.com/certifications/itil-service-management/itil-4-foundation
itil-foundation,service-management,SM-2,ITIL 4 Foundation — SM-2 (MEDIUM) #25,A team must implement a solution for Describe service relationships and value chain in the context of ITIL 4 Foundation?,Use an approach that contradicts the exam objective and ignores documented constraints.,"Deploy without monitoring, backup, or access controls required by the blueprint.",Mix controls from unrelated domains that do not address the stated objective.,"Follow the documented approach for Describe service relationships and value chain, using recommended services and controls per the exam guide.",B,MEDIUM,itil-foundation|service-management|SM-2|medium|blueprint-seed,**Answer: B** — Describe service relationships and value chain. Review the official AXELOS exam guide (ITIL 4 Foundation) and linked documentation. Objective: SM-2.,https://www.axelos.com/certifications/itil-service-management/itil-4-foundation
itil-foundation,service-management,SM-2,ITIL 4 Foundation — SM-2 (MEDIUM) #26,Which approach aligns with best practices when Describe service relationships and value chain in the context of ITIL 4 Foundation?,"Deploy without monitoring, backup, or access controls required by the blueprint.",Mix controls from unrelated domains that do not address the stated objective.,"Implement Describe service relationships and value chain using AXELOS best practices for Understand Key Concepts of Service Management, including monitoring and least privilege.",Use an approach that contradicts the exam objective and ignores documented constraints.,C,MEDIUM,itil-foundation|service-management|SM-2|medium|blueprint-seed,**Answer: C** — Describe service relationships and value chain. Review the official AXELOS exam guide (ITIL 4 Foundation) and linked documentation. Objective: SM-2.,https://www.axelos.com/certifications/itil-service-management/itil-4-foundation
itil-foundation,service-management,SM-2,ITIL 4 Foundation — SM-2 (HARD) #27,A production incident involves trade-offs between cost and resilience for Describe service relationships and value chain for Understand Key Concepts of Service Management?,Mix controls from unrelated domains that do not address the stated objective.,Apply the official Understand Key Concepts of Service Management guidance: Describe service relationships and value chain — this aligns with exam blueprint expectations and vendor documentation.,Use an approach that contradicts the exam objective and ignores documented constraints.,"Deploy without monitoring, backup, or access controls required by the blueprint.",D,HARD,itil-foundation|service-management|SM-2|hard|blueprint-seed,**Answer: D** — Describe service relationships and value chain. Review the official AXELOS exam guide (ITIL 4 Foundation) and linked documentation. Objective: SM-2.,https://www.axelos.com/certifications/itil-service-management/itil-4-foundation
itil-foundation,service-management,SM-2,ITIL 4 Foundation — SM-2 (HARD) #28,Complex regulatory requirements demand that you Describe service relationships and value chain for Understand Key Concepts of Service Management?,"Follow the documented approach for Describe service relationships and value chain, using recommended services and controls per the exam guide.",Use an approach that contradicts the exam objective and ignores documented constraints.,"Deploy without monitoring, backup, or access controls required by the blueprint.",Mix controls from unrelated domains that do not address the stated objective.,A,HARD,itil-foundation|service-management|SM-2|hard|blueprint-seed,**Answer: A** — Describe service relationships and value chain. Review the official AXELOS exam guide (ITIL 4 Foundation) and linked documentation. Objective: SM-2.,https://www.axelos.com/certifications/itil-service-management/itil-4-foundation
itil-foundation,service-management,SM-2,ITIL 4 Foundation — SM-2 (HARD) #29,A multi-team rollout must balance security and velocity for Describe service relationships and value chain for Understand Key Concepts of Service Management?,Use an approach that contradicts the exam objective and ignores documented constraints.,"Deploy without monitoring, backup, or access controls required by the blueprint.",Mix controls from unrelated domains that do not address the stated objective.,"Implement Describe service relationships and value chain using AXELOS best practices for Understand Key Concepts of Service Management, including monitoring and least privilege.",B,HARD,itil-foundation|service-management|SM-2|hard|blueprint-seed,**Answer: B** — Describe service relationships and value chain. Review the official AXELOS exam guide (ITIL 4 Foundation) and linked documentation. Objective: SM-2.,https://www.axelos.com/certifications/itil-service-management/itil-4-foundation
itil-foundation,service-management,SM-2,ITIL 4 Foundation — SM-2 (HARD) #30,An enterprise requires zero-downtime architecture while Describe service relationships and value chain for Understand Key Concepts of Service Management?,"Deploy without monitoring, backup, or access controls required by the blueprint.",Mix controls from unrelated domains that do not address the stated objective.,Apply the official Understand Key Concepts of Service Management guidance: Describe service relationships and value chain — this aligns with exam blueprint expectations and vendor documentation.,Use an approach that contradicts the exam objective and ignores documented constraints.,C,HARD,itil-foundation|service-management|SM-2|hard|blueprint-seed,**Answer: C** — Describe service relationships and value chain. Review the official AXELOS exam guide (ITIL 4 Foundation) and linked documentation. Objective: SM-2.,https://www.axelos.com/certifications/itil-service-management/itil-4-foundation
itil-foundation,service-management,SM-2,ITIL 4 Foundation — SM-2 (HARD) #31,"Given strict compliance, auditability, and multi-region constraints, how should you Describe service relationships and value chain for Understand Key Concepts of Service Management?",Mix controls from unrelated domains that do not address the stated objective.,"Follow the documented approach for Describe service relationships and value chain, using recommended services and controls per the exam guide.",Use an approach that contradicts the exam objective and ignores documented constraints.,"Deploy without monitoring, backup, or access controls required by the blueprint.",D,HARD,itil-foundation|service-management|SM-2|hard|blueprint-seed,**Answer: D** — Describe service relationships and value chain. Review the official AXELOS exam guide (ITIL 4 Foundation) and linked documentation. Objective: SM-2.,https://www.axelos.com/certifications/itil-service-management/itil-4-foundation
itil-foundation,service-management,SM-2,ITIL 4 Foundation — SM-2 (HARD) #32,A production incident involves trade-offs between cost and resilience for Describe service relationships and value chain for Understand Key Concepts of Service Management?,"Implement Describe service relationships and value chain using AXELOS best practices for Understand Key Concepts of Service Management, including monitoring and least privilege.",Use an approach that contradicts the exam objective and ignores documented constraints.,"Deploy without monitoring, backup, or access controls required by the blueprint.",Mix controls from unrelated domains that do not address the stated objective.,A,HARD,itil-foundation|service-management|SM-2|hard|blueprint-seed,**Answer: A** — Describe service relationships and value chain. Review the official AXELOS exam guide (ITIL 4 Foundation) and linked documentation. Objective: SM-2.,https://www.axelos.com/certifications/itil-service-management/itil-4-foundation
itil-foundation,service-management,SM-2,ITIL 4 Foundation — SM-2 (HARD) #33,Complex regulatory requirements demand that you Describe service relationships and value chain for Understand Key Concepts of Service Management?,Use an approach that contradicts the exam objective and ignores documented constraints.,"Deploy without monitoring, backup, or access controls required by the blueprint.",Mix controls from unrelated domains that do not address the stated objective.,Apply the official Understand Key Concepts of Service Management guidance: Describe service relationships and value chain — this aligns with exam blueprint expectations and vendor documentation.,B,HARD,itil-foundation|service-management|SM-2|hard|blueprint-seed,**Answer: B** — Describe service relationships and value chain. Review the official AXELOS exam guide (ITIL 4 Foundation) and linked documentation. Objective: SM-2.,https://www.axelos.com/certifications/itil-service-management/itil-4-foundation
itil-foundation,service-management,SM-2,ITIL 4 Foundation — SM-2 (HARD) #34,A multi-team rollout must balance security and velocity for Describe service relationships and value chain for Understand Key Concepts of Service Management?,"Deploy without monitoring, backup, or access controls required by the blueprint.",Mix controls from unrelated domains that do not address the stated objective.,"Follow the documented approach for Describe service relationships and value chain, using recommended services and controls per the exam guide.",Use an approach that contradicts the exam objective and ignores documented constraints.,C,HARD,itil-foundation|service-management|SM-2|hard|blueprint-seed,**Answer: C** — Describe service relationships and value chain. Review the official AXELOS exam guide (ITIL 4 Foundation) and linked documentation. Objective: SM-2.,https://www.axelos.com/certifications/itil-service-management/itil-4-foundation
itil-foundation,service-management,SM-2,ITIL 4 Foundation — SM-2 (HARD) #35,An enterprise requires zero-downtime architecture while Describe service relationships and value chain for Understand Key Concepts of Service Management?,Mix controls from unrelated domains that do not address the stated objective.,"Implement Describe service relationships and value chain using AXELOS best practices for Understand Key Concepts of Service Management, including monitoring and least privilege.",Use an approach that contradicts the exam objective and ignores documented constraints.,"Deploy without monitoring, backup, or access controls required by the blueprint.",D,HARD,itil-foundation|service-management|SM-2|hard|blueprint-seed,**Answer: D** — Describe service relationships and value chain. Review the official AXELOS exam guide (ITIL 4 Foundation) and linked documentation. Objective: SM-2.,https://www.axelos.com/certifications/itil-service-management/itil-4-foundation
itil-foundation,service-management,SM-2,ITIL 4 Foundation — SM-2 (HARD) #36,"Given strict compliance, auditability, and multi-region constraints, how should you Describe service relationships and value chain for Understand Key Concepts of Service Management?",Apply the official Understand Key Concepts of Service Management guidance: Describe service relationships and value chain — this aligns with exam blueprint expectations and vendor documentation.,Use an approach that contradicts the exam objective and ignores documented constraints.,"Deploy without monitoring, backup, or access controls required by the blueprint.",Mix controls from unrelated domains that do not address the stated objective.,A,HARD,itil-foundation|service-management|SM-2|hard|blueprint-seed,**Answer: A** — Describe service relationships and value chain. Review the official AXELOS exam guide (ITIL 4 Foundation) and linked documentation. Objective: SM-2.,https://www.axelos.com/certifications/itil-service-management/itil-4-foundation
itil-foundation,service-management,SM-2,ITIL 4 Foundation — SM-2 (HARD) #37,A production incident involves trade-offs between cost and resilience for Describe service relationships and value chain for Understand Key Concepts of Service Management?,Use an approach that contradicts the exam objective and ignores documented constraints.,"Deploy without monitoring, backup, or access controls required by the blueprint.",Mix controls from unrelated domains that do not address the stated objective.,"Follow the documented approach for Describe service relationships and value chain, using recommended services and controls per the exam guide.",B,HARD,itil-foundation|service-management|SM-2|hard|blueprint-seed,**Answer: B** — Describe service relationships and value chain. Review the official AXELOS exam guide (ITIL 4 Foundation) and linked documentation. Objective: SM-2.,https://www.axelos.com/certifications/itil-service-management/itil-4-foundation
itil-foundation,guiding-principles,GP-1,ITIL 4 Foundation — GP-1 (EASY) #1,What is the primary purpose of Apply ITIL guiding principles?,Use an approach that contradicts the exam objective and ignores documented constraints.,"Deploy without monitoring, backup, or access controls required by the blueprint.",Mix controls from unrelated domains that do not address the stated objective.,"Follow the documented approach for Apply ITIL guiding principles, using recommended services and controls per the exam guide.",B,EASY,itil-foundation|guiding-principles|GP-1|easy|blueprint-seed,**Answer: B** — Apply ITIL guiding principles. Review the official AXELOS exam guide (ITIL 4 Foundation) and linked documentation. Objective: GP-1.,https://www.axelos.com/certifications/itil-service-management/itil-4-foundation
itil-foundation,guiding-principles,GP-1,ITIL 4 Foundation — GP-1 (EASY) #2,Which concept is fundamental to Apply ITIL guiding principles?,"Deploy without monitoring, backup, or access controls required by the blueprint.",Mix controls from unrelated domains that do not address the stated objective.,"Implement Apply ITIL guiding principles using AXELOS best practices for Understand Guiding Principles, including monitoring and least privilege.",Use an approach that contradicts the exam objective and ignores documented constraints.,C,EASY,itil-foundation|guiding-principles|GP-1|easy|blueprint-seed,**Answer: C** — Apply ITIL guiding principles. Review the official AXELOS exam guide (ITIL 4 Foundation) and linked documentation. Objective: GP-1.,https://www.axelos.com/certifications/itil-service-management/itil-4-foundation
itil-foundation,guiding-principles,GP-1,ITIL 4 Foundation — GP-1 (EASY) #3,Identify the core principle behind Apply ITIL guiding principles?,Mix controls from unrelated domains that do not address the stated objective.,Apply the official Understand Guiding Principles guidance: Apply ITIL guiding principles — this aligns with exam blueprint expectations and vendor documentation.,Use an approach that contradicts the exam objective and ignores documented constraints.,"Deploy without monitoring, backup, or access controls required by the blueprint.",D,EASY,itil-foundation|guiding-principles|GP-1|easy|blueprint-seed,**Answer: D** — Apply ITIL guiding principles. Review the official AXELOS exam guide (ITIL 4 Foundation) and linked documentation. Objective: GP-1.,https://www.axelos.com/certifications/itil-service-management/itil-4-foundation
itil-foundation,guiding-principles,GP-1,ITIL 4 Foundation — GP-1 (EASY) #4,Which description accurately reflects Apply ITIL guiding principles?,"Follow the documented approach for Apply ITIL guiding principles, using recommended services and controls per the exam guide.",Use an approach that contradicts the exam objective and ignores documented constraints.,"Deploy without monitoring, backup, or access controls required by the blueprint.",Mix controls from unrelated domains that do not address the stated objective.,A,EASY,itil-foundation|guiding-principles|GP-1|easy|blueprint-seed,**Answer: A** — Apply ITIL guiding principles. Review the official AXELOS exam guide (ITIL 4 Foundation) and linked documentation. Objective: GP-1.,https://www.axelos.com/certifications/itil-service-management/itil-4-foundation
itil-foundation,guiding-principles,GP-1,ITIL 4 Foundation — GP-1 (EASY) #5,Which statement best defines the scope of Apply ITIL guiding principles?,Use an approach that contradicts the exam objective and ignores documented constraints.,"Deploy without monitoring, backup, or access controls required by the blueprint.",Mix controls from unrelated domains that do not address the stated objective.,"Implement Apply ITIL guiding principles using AXELOS best practices for Understand Guiding Principles, including monitoring and least privilege.",B,EASY,itil-foundation|guiding-principles|GP-1|easy|blueprint-seed,**Answer: B** — Apply ITIL guiding principles. Review the official AXELOS exam guide (ITIL 4 Foundation) and linked documentation. Objective: GP-1.,https://www.axelos.com/certifications/itil-service-management/itil-4-foundation
itil-foundation,guiding-principles,GP-1,ITIL 4 Foundation — GP-1 (EASY) #6,What is the primary purpose of Apply ITIL guiding principles?,"Deploy without monitoring, backup, or access controls required by the blueprint.",Mix controls from unrelated domains that do not address the stated objective.,Apply the official Understand Guiding Principles guidance: Apply ITIL guiding principles — this aligns with exam blueprint expectations and vendor documentation.,Use an approach that contradicts the exam objective and ignores documented constraints.,C,EASY,itil-foundation|guiding-principles|GP-1|easy|blueprint-seed,**Answer: C** — Apply ITIL guiding principles. Review the official AXELOS exam guide (ITIL 4 Foundation) and linked documentation. Objective: GP-1.,https://www.axelos.com/certifications/itil-service-management/itil-4-foundation
itil-foundation,guiding-principles,GP-1,ITIL 4 Foundation — GP-1 (EASY) #7,Which concept is fundamental to Apply ITIL guiding principles?,Mix controls from unrelated domains that do not address the stated objective.,"Follow the documented approach for Apply ITIL guiding principles, using recommended services and controls per the exam guide.",Use an approach that contradicts the exam objective and ignores documented constraints.,"Deploy without monitoring, backup, or access controls required by the blueprint.",D,EASY,itil-foundation|guiding-principles|GP-1|easy|blueprint-seed,**Answer: D** — Apply ITIL guiding principles. Review the official AXELOS exam guide (ITIL 4 Foundation) and linked documentation. Objective: GP-1.,https://www.axelos.com/certifications/itil-service-management/itil-4-foundation
itil-foundation,guiding-principles,GP-1,ITIL 4 Foundation — GP-1 (EASY) #8,Identify the core principle behind Apply ITIL guiding principles?,"Implement Apply ITIL guiding principles using AXELOS best practices for Understand Guiding Principles, including monitoring and least privilege.",Use an approach that contradicts the exam objective and ignores documented constraints.,"Deploy without monitoring, backup, or access controls required by the blueprint.",Mix controls from unrelated domains that do not address the stated objective.,A,EASY,itil-foundation|guiding-principles|GP-1|easy|blueprint-seed,**Answer: A** — Apply ITIL guiding principles. Review the official AXELOS exam guide (ITIL 4 Foundation) and linked documentation. Objective: GP-1.,https://www.axelos.com/certifications/itil-service-management/itil-4-foundation
itil-foundation,guiding-principles,GP-1,ITIL 4 Foundation — GP-1 (EASY) #9,Which description accurately reflects Apply ITIL guiding principles?,Use an approach that contradicts the exam objective and ignores documented constraints.,"Deploy without monitoring, backup, or access controls required by the blueprint.",Mix controls from unrelated domains that do not address the stated objective.,Apply the official Understand Guiding Principles guidance: Apply ITIL guiding principles — this aligns with exam blueprint expectations and vendor documentation.,B,EASY,itil-foundation|guiding-principles|GP-1|easy|blueprint-seed,**Answer: B** — Apply ITIL guiding principles. Review the official AXELOS exam guide (ITIL 4 Foundation) and linked documentation. Objective: GP-1.,https://www.axelos.com/certifications/itil-service-management/itil-4-foundation
itil-foundation,guiding-principles,GP-1,ITIL 4 Foundation — GP-1 (EASY) #10,Which statement best defines the scope of Apply ITIL guiding principles?,"Deploy without monitoring, backup, or access controls required by the blueprint.",Mix controls from unrelated domains that do not address the stated objective.,"Follow the documented approach for Apply ITIL guiding principles, using recommended services and controls per the exam guide.",Use an approach that contradicts the exam objective and ignores documented constraints.,C,EASY,itil-foundation|guiding-principles|GP-1|easy|blueprint-seed,**Answer: C** — Apply ITIL guiding principles. Review the official AXELOS exam guide (ITIL 4 Foundation) and linked documentation. Objective: GP-1.,https://www.axelos.com/certifications/itil-service-management/itil-4-foundation
itil-foundation,guiding-principles,GP-1,ITIL 4 Foundation — GP-1 (EASY) #11,What is the primary purpose of Apply ITIL guiding principles?,Mix controls from unrelated domains that do not address the stated objective.,"Implement Apply ITIL guiding principles using AXELOS best practices for Understand Guiding Principles, including monitoring and least privilege.",Use an approach that contradicts the exam objective and ignores documented constraints.,"Deploy without monitoring, backup, or access controls required by the blueprint.",D,EASY,itil-foundation|guiding-principles|GP-1|easy|blueprint-seed,**Answer: D** — Apply ITIL guiding principles. Review the official AXELOS exam guide (ITIL 4 Foundation) and linked documentation. Objective: GP-1.,https://www.axelos.com/certifications/itil-service-management/itil-4-foundation
itil-foundation,guiding-principles,GP-1,ITIL 4 Foundation — GP-1 (MEDIUM) #12,"During a project review, stakeholders ask how to Apply ITIL guiding principles in the context of ITIL 4 Foundation?",Apply the official Understand Guiding Principles guidance: Apply ITIL guiding principles — this aligns with exam blueprint expectations and vendor documentation.,Use an approach that contradicts the exam objective and ignores documented constraints.,"Deploy without monitoring, backup, or access controls required by the blueprint.",Mix controls from unrelated domains that do not address the stated objective.,A,MEDIUM,itil-foundation|guiding-principles|GP-1|medium|blueprint-seed,**Answer: A** — Apply ITIL guiding principles. Review the official AXELOS exam guide (ITIL 4 Foundation) and linked documentation. Objective: GP-1.,https://www.axelos.com/certifications/itil-service-management/itil-4-foundation
itil-foundation,guiding-principles,GP-1,ITIL 4 Foundation — GP-1 (MEDIUM) #13,Which configuration satisfies requirements for Apply ITIL guiding principles in the context of ITIL 4 Foundation?,Use an approach that contradicts the exam objective and ignores documented constraints.,"Deploy without monitoring, backup, or access controls required by the blueprint.",Mix controls from unrelated domains that do not address the stated objective.,"Follow the documented approach for Apply ITIL guiding principles, using recommended services and controls per the exam guide.",B,MEDIUM,itil-foundation|guiding-principles|GP-1|medium|blueprint-seed,**Answer: B** — Apply ITIL guiding principles. Review the official AXELOS exam guide (ITIL 4 Foundation) and linked documentation. Objective: GP-1.,https://www.axelos.com/certifications/itil-service-management/itil-4-foundation
itil-foundation,guiding-principles,GP-1,ITIL 4 Foundation — GP-1 (MEDIUM) #14,What is the recommended design when applying Apply ITIL guiding principles in the context of ITIL 4 Foundation?,"Deploy without monitoring, backup, or access controls required by the blueprint.",Mix controls from unrelated domains that do not address the stated objective.,"Implement Apply ITIL guiding principles using AXELOS best practices for Understand Guiding Principles, including monitoring and least privilege.",Use an approach that contradicts the exam objective and ignores documented constraints.,C,MEDIUM,itil-foundation|guiding-principles|GP-1|medium|blueprint-seed,**Answer: C** — Apply ITIL guiding principles. Review the official AXELOS exam guide (ITIL 4 Foundation) and linked documentation. Objective: GP-1.,https://www.axelos.com/certifications/itil-service-management/itil-4-foundation
itil-foundation,guiding-principles,GP-1,ITIL 4 Foundation — GP-1 (MEDIUM) #15,A team must implement a solution for Apply ITIL guiding principles in the context of ITIL 4 Foundation?,Mix controls from unrelated domains that do not address the stated objective.,Apply the official Understand Guiding Principles guidance: Apply ITIL guiding principles — this aligns with exam blueprint expectations and vendor documentation.,Use an approach that contradicts the exam objective and ignores documented constraints.,"Deploy without monitoring, backup, or access controls required by the blueprint.",D,MEDIUM,itil-foundation|guiding-principles|GP-1|medium|blueprint-seed,**Answer: D** — Apply ITIL guiding principles. Review the official AXELOS exam guide (ITIL 4 Foundation) and linked documentation. Objective: GP-1.,https://www.axelos.com/certifications/itil-service-management/itil-4-foundation
itil-foundation,guiding-principles,GP-1,ITIL 4 Foundation — GP-1 (MEDIUM) #16,Which approach aligns with best practices when Apply ITIL guiding principles in the context of ITIL 4 Foundation?,"Follow the documented approach for Apply ITIL guiding principles, using recommended services and controls per the exam guide.",Use an approach that contradicts the exam objective and ignores documented constraints.,"Deploy without monitoring, backup, or access controls required by the blueprint.",Mix controls from unrelated domains that do not address the stated objective.,A,MEDIUM,itil-foundation|guiding-principles|GP-1|medium|blueprint-seed,**Answer: A** — Apply ITIL guiding principles. Review the official AXELOS exam guide (ITIL 4 Foundation) and linked documentation. Objective: GP-1.,https://www.axelos.com/certifications/itil-service-management/itil-4-foundation
itil-foundation,guiding-principles,GP-1,ITIL 4 Foundation — GP-1 (MEDIUM) #17,"During a project review, stakeholders ask how to Apply ITIL guiding principles in the context of ITIL 4 Foundation?",Use an approach that contradicts the exam objective and ignores documented constraints.,"Deploy without monitoring, backup, or access controls required by the blueprint.",Mix controls from unrelated domains that do not address the stated objective.,"Implement Apply ITIL guiding principles using AXELOS best practices for Understand Guiding Principles, including monitoring and least privilege.",B,MEDIUM,itil-foundation|guiding-principles|GP-1|medium|blueprint-seed,**Answer: B** — Apply ITIL guiding principles. Review the official AXELOS exam guide (ITIL 4 Foundation) and linked documentation. Objective: GP-1.,https://www.axelos.com/certifications/itil-service-management/itil-4-foundation
itil-foundation,guiding-principles,GP-1,ITIL 4 Foundation — GP-1 (MEDIUM) #18,Which configuration satisfies requirements for Apply ITIL guiding principles in the context of ITIL 4 Foundation?,"Deploy without monitoring, backup, or access controls required by the blueprint.",Mix controls from unrelated domains that do not address the stated objective.,Apply the official Understand Guiding Principles guidance: Apply ITIL guiding principles — this aligns with exam blueprint expectations and vendor documentation.,Use an approach that contradicts the exam objective and ignores documented constraints.,C,MEDIUM,itil-foundation|guiding-principles|GP-1|medium|blueprint-seed,**Answer: C** — Apply ITIL guiding principles. Review the official AXELOS exam guide (ITIL 4 Foundation) and linked documentation. Objective: GP-1.,https://www.axelos.com/certifications/itil-service-management/itil-4-foundation
itil-foundation,guiding-principles,GP-1,ITIL 4 Foundation — GP-1 (MEDIUM) #19,What is the recommended design when applying Apply ITIL guiding principles in the context of ITIL 4 Foundation?,Mix controls from unrelated domains that do not address the stated objective.,"Follow the documented approach for Apply ITIL guiding principles, using recommended services and controls per the exam guide.",Use an approach that contradicts the exam objective and ignores documented constraints.,"Deploy without monitoring, backup, or access controls required by the blueprint.",D,MEDIUM,itil-foundation|guiding-principles|GP-1|medium|blueprint-seed,**Answer: D** — Apply ITIL guiding principles. Review the official AXELOS exam guide (ITIL 4 Foundation) and linked documentation. Objective: GP-1.,https://www.axelos.com/certifications/itil-service-management/itil-4-foundation
itil-foundation,guiding-principles,GP-1,ITIL 4 Foundation — GP-1 (MEDIUM) #20,A team must implement a solution for Apply ITIL guiding principles in the context of ITIL 4 Foundation?,"Implement Apply ITIL guiding principles using AXELOS best practices for Understand Guiding Principles, including monitoring and least privilege.",Use an approach that contradicts the exam objective and ignores documented constraints.,"Deploy without monitoring, backup, or access controls required by the blueprint.",Mix controls from unrelated domains that do not address the stated objective.,A,MEDIUM,itil-foundation|guiding-principles|GP-1|medium|blueprint-seed,**Answer: A** — Apply ITIL guiding principles. Review the official AXELOS exam guide (ITIL 4 Foundation) and linked documentation. Objective: GP-1.,https://www.axelos.com/certifications/itil-service-management/itil-4-foundation
itil-foundation,guiding-principles,GP-1,ITIL 4 Foundation — GP-1 (MEDIUM) #21,Which approach aligns with best practices when Apply ITIL guiding principles in the context of ITIL 4 Foundation?,Use an approach that contradicts the exam objective and ignores documented constraints.,"Deploy without monitoring, backup, or access controls required by the blueprint.",Mix controls from unrelated domains that do not address the stated objective.,Apply the official Understand Guiding Principles guidance: Apply ITIL guiding principles — this aligns with exam blueprint expectations and vendor documentation.,B,MEDIUM,itil-foundation|guiding-principles|GP-1|medium|blueprint-seed,**Answer: B** — Apply ITIL guiding principles. Review the official AXELOS exam guide (ITIL 4 Foundation) and linked documentation. Objective: GP-1.,https://www.axelos.com/certifications/itil-service-management/itil-4-foundation
itil-foundation,guiding-principles,GP-1,ITIL 4 Foundation — GP-1 (MEDIUM) #22,"During a project review, stakeholders ask how to Apply ITIL guiding principles in the context of ITIL 4 Foundation?","Deploy without monitoring, backup, or access controls required by the blueprint.",Mix controls from unrelated domains that do not address the stated objective.,"Follow the documented approach for Apply ITIL guiding principles, using recommended services and controls per the exam guide.",Use an approach that contradicts the exam objective and ignores documented constraints.,C,MEDIUM,itil-foundation|guiding-principles|GP-1|medium|blueprint-seed,**Answer: C** — Apply ITIL guiding principles. Review the official AXELOS exam guide (ITIL 4 Foundation) and linked documentation. Objective: GP-1.,https://www.axelos.com/certifications/itil-service-management/itil-4-foundation
itil-foundation,guiding-principles,GP-1,ITIL 4 Foundation — GP-1 (MEDIUM) #23,Which configuration satisfies requirements for Apply ITIL guiding principles in the context of ITIL 4 Foundation?,Mix controls from unrelated domains that do not address the stated objective.,"Implement Apply ITIL guiding principles using AXELOS best practices for Understand Guiding Principles, including monitoring and least privilege.",Use an approach that contradicts the exam objective and ignores documented constraints.,"Deploy without monitoring, backup, or access controls required by the blueprint.",D,MEDIUM,itil-foundation|guiding-principles|GP-1|medium|blueprint-seed,**Answer: D** — Apply ITIL guiding principles. Review the official AXELOS exam guide (ITIL 4 Foundation) and linked documentation. Objective: GP-1.,https://www.axelos.com/certifications/itil-service-management/itil-4-foundation
itil-foundation,guiding-principles,GP-1,ITIL 4 Foundation — GP-1 (MEDIUM) #24,What is the recommended design when applying Apply ITIL guiding principles in the context of ITIL 4 Foundation?,Apply the official Understand Guiding Principles guidance: Apply ITIL guiding principles — this aligns with exam blueprint expectations and vendor documentation.,Use an approach that contradicts the exam objective and ignores documented constraints.,"Deploy without monitoring, backup, or access controls required by the blueprint.",Mix controls from unrelated domains that do not address the stated objective.,A,MEDIUM,itil-foundation|guiding-principles|GP-1|medium|blueprint-seed,**Answer: A** — Apply ITIL guiding principles. Review the official AXELOS exam guide (ITIL 4 Foundation) and linked documentation. Objective: GP-1.,https://www.axelos.com/certifications/itil-service-management/itil-4-foundation
itil-foundation,guiding-principles,GP-1,ITIL 4 Foundation — GP-1 (MEDIUM) #25,A team must implement a solution for Apply ITIL guiding principles in the context of ITIL 4 Foundation?,Use an approach that contradicts the exam objective and ignores documented constraints.,"Deploy without monitoring, backup, or access controls required by the blueprint.",Mix controls from unrelated domains that do not address the stated objective.,"Follow the documented approach for Apply ITIL guiding principles, using recommended services and controls per the exam guide.",B,MEDIUM,itil-foundation|guiding-principles|GP-1|medium|blueprint-seed,**Answer: B** — Apply ITIL guiding principles. Review the official AXELOS exam guide (ITIL 4 Foundation) and linked documentation. Objective: GP-1.,https://www.axelos.com/certifications/itil-service-management/itil-4-foundation
itil-foundation,guiding-principles,GP-1,ITIL 4 Foundation — GP-1 (MEDIUM) #26,Which approach aligns with best practices when Apply ITIL guiding principles in the context of ITIL 4 Foundation?,"Deploy without monitoring, backup, or access controls required by the blueprint.",Mix controls from unrelated domains that do not address the stated objective.,"Implement Apply ITIL guiding principles using AXELOS best practices for Understand Guiding Principles, including monitoring and least privilege.",Use an approach that contradicts the exam objective and ignores documented constraints.,C,MEDIUM,itil-foundation|guiding-principles|GP-1|medium|blueprint-seed,**Answer: C** — Apply ITIL guiding principles. Review the official AXELOS exam guide (ITIL 4 Foundation) and linked documentation. Objective: GP-1.,https://www.axelos.com/certifications/itil-service-management/itil-4-foundation
itil-foundation,guiding-principles,GP-1,ITIL 4 Foundation — GP-1 (HARD) #27,A production incident involves trade-offs between cost and resilience for Apply ITIL guiding principles for Understand Guiding Principles?,Mix controls from unrelated domains that do not address the stated objective.,Apply the official Understand Guiding Principles guidance: Apply ITIL guiding principles — this aligns with exam blueprint expectations and vendor documentation.,Use an approach that contradicts the exam objective and ignores documented constraints.,"Deploy without monitoring, backup, or access controls required by the blueprint.",D,HARD,itil-foundation|guiding-principles|GP-1|hard|blueprint-seed,**Answer: D** — Apply ITIL guiding principles. Review the official AXELOS exam guide (ITIL 4 Foundation) and linked documentation. Objective: GP-1.,https://www.axelos.com/certifications/itil-service-management/itil-4-foundation
itil-foundation,guiding-principles,GP-1,ITIL 4 Foundation — GP-1 (HARD) #28,Complex regulatory requirements demand that you Apply ITIL guiding principles for Understand Guiding Principles?,"Follow the documented approach for Apply ITIL guiding principles, using recommended services and controls per the exam guide.",Use an approach that contradicts the exam objective and ignores documented constraints.,"Deploy without monitoring, backup, or access controls required by the blueprint.",Mix controls from unrelated domains that do not address the stated objective.,A,HARD,itil-foundation|guiding-principles|GP-1|hard|blueprint-seed,**Answer: A** — Apply ITIL guiding principles. Review the official AXELOS exam guide (ITIL 4 Foundation) and linked documentation. Objective: GP-1.,https://www.axelos.com/certifications/itil-service-management/itil-4-foundation
itil-foundation,guiding-principles,GP-1,ITIL 4 Foundation — GP-1 (HARD) #29,A multi-team rollout must balance security and velocity for Apply ITIL guiding principles for Understand Guiding Principles?,Use an approach that contradicts the exam objective and ignores documented constraints.,"Deploy without monitoring, backup, or access controls required by the blueprint.",Mix controls from unrelated domains that do not address the stated objective.,"Implement Apply ITIL guiding principles using AXELOS best practices for Understand Guiding Principles, including monitoring and least privilege.",B,HARD,itil-foundation|guiding-principles|GP-1|hard|blueprint-seed,**Answer: B** — Apply ITIL guiding principles. Review the official AXELOS exam guide (ITIL 4 Foundation) and linked documentation. Objective: GP-1.,https://www.axelos.com/certifications/itil-service-management/itil-4-foundation
itil-foundation,guiding-principles,GP-1,ITIL 4 Foundation — GP-1 (HARD) #30,An enterprise requires zero-downtime architecture while Apply ITIL guiding principles for Understand Guiding Principles?,"Deploy without monitoring, backup, or access controls required by the blueprint.",Mix controls from unrelated domains that do not address the stated objective.,Apply the official Understand Guiding Principles guidance: Apply ITIL guiding principles — this aligns with exam blueprint expectations and vendor documentation.,Use an approach that contradicts the exam objective and ignores documented constraints.,C,HARD,itil-foundation|guiding-principles|GP-1|hard|blueprint-seed,**Answer: C** — Apply ITIL guiding principles. Review the official AXELOS exam guide (ITIL 4 Foundation) and linked documentation. Objective: GP-1.,https://www.axelos.com/certifications/itil-service-management/itil-4-foundation
itil-foundation,guiding-principles,GP-1,ITIL 4 Foundation — GP-1 (HARD) #31,"Given strict compliance, auditability, and multi-region constraints, how should you Apply ITIL guiding principles for Understand Guiding Principles?",Mix controls from unrelated domains that do not address the stated objective.,"Follow the documented approach for Apply ITIL guiding principles, using recommended services and controls per the exam guide.",Use an approach that contradicts the exam objective and ignores documented constraints.,"Deploy without monitoring, backup, or access controls required by the blueprint.",D,HARD,itil-foundation|guiding-principles|GP-1|hard|blueprint-seed,**Answer: D** — Apply ITIL guiding principles. Review the official AXELOS exam guide (ITIL 4 Foundation) and linked documentation. Objective: GP-1.,https://www.axelos.com/certifications/itil-service-management/itil-4-foundation
itil-foundation,guiding-principles,GP-1,ITIL 4 Foundation — GP-1 (HARD) #32,A production incident involves trade-offs between cost and resilience for Apply ITIL guiding principles for Understand Guiding Principles?,"Implement Apply ITIL guiding principles using AXELOS best practices for Understand Guiding Principles, including monitoring and least privilege.",Use an approach that contradicts the exam objective and ignores documented constraints.,"Deploy without monitoring, backup, or access controls required by the blueprint.",Mix controls from unrelated domains that do not address the stated objective.,A,HARD,itil-foundation|guiding-principles|GP-1|hard|blueprint-seed,**Answer: A** — Apply ITIL guiding principles. Review the official AXELOS exam guide (ITIL 4 Foundation) and linked documentation. Objective: GP-1.,https://www.axelos.com/certifications/itil-service-management/itil-4-foundation
itil-foundation,guiding-principles,GP-1,ITIL 4 Foundation — GP-1 (HARD) #33,Complex regulatory requirements demand that you Apply ITIL guiding principles for Understand Guiding Principles?,Use an approach that contradicts the exam objective and ignores documented constraints.,"Deploy without monitoring, backup, or access controls required by the blueprint.",Mix controls from unrelated domains that do not address the stated objective.,Apply the official Understand Guiding Principles guidance: Apply ITIL guiding principles — this aligns with exam blueprint expectations and vendor documentation.,B,HARD,itil-foundation|guiding-principles|GP-1|hard|blueprint-seed,**Answer: B** — Apply ITIL guiding principles. Review the official AXELOS exam guide (ITIL 4 Foundation) and linked documentation. Objective: GP-1.,https://www.axelos.com/certifications/itil-service-management/itil-4-foundation
itil-foundation,guiding-principles,GP-1,ITIL 4 Foundation — GP-1 (HARD) #34,A multi-team rollout must balance security and velocity for Apply ITIL guiding principles for Understand Guiding Principles?,"Deploy without monitoring, backup, or access controls required by the blueprint.",Mix controls from unrelated domains that do not address the stated objective.,"Follow the documented approach for Apply ITIL guiding principles, using recommended services and controls per the exam guide.",Use an approach that contradicts the exam objective and ignores documented constraints.,C,HARD,itil-foundation|guiding-principles|GP-1|hard|blueprint-seed,**Answer: C** — Apply ITIL guiding principles. Review the official AXELOS exam guide (ITIL 4 Foundation) and linked documentation. Objective: GP-1.,https://www.axelos.com/certifications/itil-service-management/itil-4-foundation
itil-foundation,guiding-principles,GP-1,ITIL 4 Foundation — GP-1 (HARD) #35,An enterprise requires zero-downtime architecture while Apply ITIL guiding principles for Understand Guiding Principles?,Mix controls from unrelated domains that do not address the stated objective.,"Implement Apply ITIL guiding principles using AXELOS best practices for Understand Guiding Principles, including monitoring and least privilege.",Use an approach that contradicts the exam objective and ignores documented constraints.,"Deploy without monitoring, backup, or access controls required by the blueprint.",D,HARD,itil-foundation|guiding-principles|GP-1|hard|blueprint-seed,**Answer: D** — Apply ITIL guiding principles. Review the official AXELOS exam guide (ITIL 4 Foundation) and linked documentation. Objective: GP-1.,https://www.axelos.com/certifications/itil-service-management/itil-4-foundation
itil-foundation,guiding-principles,GP-1,ITIL 4 Foundation — GP-1 (HARD) #36,"Given strict compliance, auditability, and multi-region constraints, how should you Apply ITIL guiding principles for Understand Guiding Principles?",Apply the official Understand Guiding Principles guidance: Apply ITIL guiding principles — this aligns with exam blueprint expectations and vendor documentation.,Use an approach that contradicts the exam objective and ignores documented constraints.,"Deploy without monitoring, backup, or access controls required by the blueprint.",Mix controls from unrelated domains that do not address the stated objective.,A,HARD,itil-foundation|guiding-principles|GP-1|hard|blueprint-seed,**Answer: A** — Apply ITIL guiding principles. Review the official AXELOS exam guide (ITIL 4 Foundation) and linked documentation. Objective: GP-1.,https://www.axelos.com/certifications/itil-service-management/itil-4-foundation
itil-foundation,guiding-principles,GP-1,ITIL 4 Foundation — GP-1 (HARD) #37,A production incident involves trade-offs between cost and resilience for Apply ITIL guiding principles for Understand Guiding Principles?,Use an approach that contradicts the exam objective and ignores documented constraints.,"Deploy without monitoring, backup, or access controls required by the blueprint.",Mix controls from unrelated domains that do not address the stated objective.,"Follow the documented approach for Apply ITIL guiding principles, using recommended services and controls per the exam guide.",B,HARD,itil-foundation|guiding-principles|GP-1|hard|blueprint-seed,**Answer: B** — Apply ITIL guiding principles. Review the official AXELOS exam guide (ITIL 4 Foundation) and linked documentation. Objective: GP-1.,https://www.axelos.com/certifications/itil-service-management/itil-4-foundation
itil-foundation,guiding-principles,GP-1,ITIL 4 Foundation — GP-1 (HARD) #38,Complex regulatory requirements demand that you Apply ITIL guiding principles for Understand Guiding Principles?,"Deploy without monitoring, backup, or access controls required by the blueprint.",Mix controls from unrelated domains that do not address the stated objective.,"Implement Apply ITIL guiding principles using AXELOS best practices for Understand Guiding Principles, including monitoring and least privilege.",Use an approach that contradicts the exam objective and ignores documented constraints.,C,HARD,itil-foundation|guiding-principles|GP-1|hard|blueprint-seed,**Answer: C** — Apply ITIL guiding principles. Review the official AXELOS exam guide (ITIL 4 Foundation) and linked documentation. Objective: GP-1.,https://www.axelos.com/certifications/itil-service-management/itil-4-foundation
itil-foundation,guiding-principles,GP-2,ITIL 4 Foundation — GP-2 (EASY) #1,What is the primary purpose of Focus on value and start where you are?,Use an approach that contradicts the exam objective and ignores documented constraints.,"Deploy without monitoring, backup, or access controls required by the blueprint.",Mix controls from unrelated domains that do not address the stated objective.,"Follow the documented approach for Focus on value and start where you are, using recommended services and controls per the exam guide.",B,EASY,itil-foundation|guiding-principles|GP-2|easy|blueprint-seed,**Answer: B** — Focus on value and start where you are. Review the official AXELOS exam guide (ITIL 4 Foundation) and linked documentation. Objective: GP-2.,https://www.axelos.com/certifications/itil-service-management/itil-4-foundation
itil-foundation,guiding-principles,GP-2,ITIL 4 Foundation — GP-2 (EASY) #2,Which concept is fundamental to Focus on value and start where you are?,"Deploy without monitoring, backup, or access controls required by the blueprint.",Mix controls from unrelated domains that do not address the stated objective.,"Implement Focus on value and start where you are using AXELOS best practices for Understand Guiding Principles, including monitoring and least privilege.",Use an approach that contradicts the exam objective and ignores documented constraints.,C,EASY,itil-foundation|guiding-principles|GP-2|easy|blueprint-seed,**Answer: C** — Focus on value and start where you are. Review the official AXELOS exam guide (ITIL 4 Foundation) and linked documentation. Objective: GP-2.,https://www.axelos.com/certifications/itil-service-management/itil-4-foundation
itil-foundation,guiding-principles,GP-2,ITIL 4 Foundation — GP-2 (EASY) #3,Identify the core principle behind Focus on value and start where you are?,Mix controls from unrelated domains that do not address the stated objective.,Apply the official Understand Guiding Principles guidance: Focus on value and start where you are — this aligns with exam blueprint expectations and vendor documentation.,Use an approach that contradicts the exam objective and ignores documented constraints.,"Deploy without monitoring, backup, or access controls required by the blueprint.",D,EASY,itil-foundation|guiding-principles|GP-2|easy|blueprint-seed,**Answer: D** — Focus on value and start where you are. Review the official AXELOS exam guide (ITIL 4 Foundation) and linked documentation. Objective: GP-2.,https://www.axelos.com/certifications/itil-service-management/itil-4-foundation
itil-foundation,guiding-principles,GP-2,ITIL 4 Foundation — GP-2 (EASY) #4,Which description accurately reflects Focus on value and start where you are?,"Follow the documented approach for Focus on value and start where you are, using recommended services and controls per the exam guide.",Use an approach that contradicts the exam objective and ignores documented constraints.,"Deploy without monitoring, backup, or access controls required by the blueprint.",Mix controls from unrelated domains that do not address the stated objective.,A,EASY,itil-foundation|guiding-principles|GP-2|easy|blueprint-seed,**Answer: A** — Focus on value and start where you are. Review the official AXELOS exam guide (ITIL 4 Foundation) and linked documentation. Objective: GP-2.,https://www.axelos.com/certifications/itil-service-management/itil-4-foundation
itil-foundation,guiding-principles,GP-2,ITIL 4 Foundation — GP-2 (EASY) #5,Which statement best defines the scope of Focus on value and start where you are?,Use an approach that contradicts the exam objective and ignores documented constraints.,"Deploy without monitoring, backup, or access controls required by the blueprint.",Mix controls from unrelated domains that do not address the stated objective.,"Implement Focus on value and start where you are using AXELOS best practices for Understand Guiding Principles, including monitoring and least privilege.",B,EASY,itil-foundation|guiding-principles|GP-2|easy|blueprint-seed,**Answer: B** — Focus on value and start where you are. Review the official AXELOS exam guide (ITIL 4 Foundation) and linked documentation. Objective: GP-2.,https://www.axelos.com/certifications/itil-service-management/itil-4-foundation
itil-foundation,guiding-principles,GP-2,ITIL 4 Foundation — GP-2 (EASY) #6,What is the primary purpose of Focus on value and start where you are?,"Deploy without monitoring, backup, or access controls required by the blueprint.",Mix controls from unrelated domains that do not address the stated objective.,Apply the official Understand Guiding Principles guidance: Focus on value and start where you are — this aligns with exam blueprint expectations and vendor documentation.,Use an approach that contradicts the exam objective and ignores documented constraints.,C,EASY,itil-foundation|guiding-principles|GP-2|easy|blueprint-seed,**Answer: C** — Focus on value and start where you are. Review the official AXELOS exam guide (ITIL 4 Foundation) and linked documentation. Objective: GP-2.,https://www.axelos.com/certifications/itil-service-management/itil-4-foundation
itil-foundation,guiding-principles,GP-2,ITIL 4 Foundation — GP-2 (EASY) #7,Which concept is fundamental to Focus on value and start where you are?,Mix controls from unrelated domains that do not address the stated objective.,"Follow the documented approach for Focus on value and start where you are, using recommended services and controls per the exam guide.",Use an approach that contradicts the exam objective and ignores documented constraints.,"Deploy without monitoring, backup, or access controls required by the blueprint.",D,EASY,itil-foundation|guiding-principles|GP-2|easy|blueprint-seed,**Answer: D** — Focus on value and start where you are. Review the official AXELOS exam guide (ITIL 4 Foundation) and linked documentation. Objective: GP-2.,https://www.axelos.com/certifications/itil-service-management/itil-4-foundation
itil-foundation,guiding-principles,GP-2,ITIL 4 Foundation — GP-2 (EASY) #8,Identify the core principle behind Focus on value and start where you are?,"Implement Focus on value and start where you are using AXELOS best practices for Understand Guiding Principles, including monitoring and least privilege.",Use an approach that contradicts the exam objective and ignores documented constraints.,"Deploy without monitoring, backup, or access controls required by the blueprint.",Mix controls from unrelated domains that do not address the stated objective.,A,EASY,itil-foundation|guiding-principles|GP-2|easy|blueprint-seed,**Answer: A** — Focus on value and start where you are. Review the official AXELOS exam guide (ITIL 4 Foundation) and linked documentation. Objective: GP-2.,https://www.axelos.com/certifications/itil-service-management/itil-4-foundation
itil-foundation,guiding-principles,GP-2,ITIL 4 Foundation — GP-2 (EASY) #9,Which description accurately reflects Focus on value and start where you are?,Use an approach that contradicts the exam objective and ignores documented constraints.,"Deploy without monitoring, backup, or access controls required by the blueprint.",Mix controls from unrelated domains that do not address the stated objective.,Apply the official Understand Guiding Principles guidance: Focus on value and start where you are — this aligns with exam blueprint expectations and vendor documentation.,B,EASY,itil-foundation|guiding-principles|GP-2|easy|blueprint-seed,**Answer: B** — Focus on value and start where you are. Review the official AXELOS exam guide (ITIL 4 Foundation) and linked documentation. Objective: GP-2.,https://www.axelos.com/certifications/itil-service-management/itil-4-foundation
itil-foundation,guiding-principles,GP-2,ITIL 4 Foundation — GP-2 (EASY) #10,Which statement best defines the scope of Focus on value and start where you are?,"Deploy without monitoring, backup, or access controls required by the blueprint.",Mix controls from unrelated domains that do not address the stated objective.,"Follow the documented approach for Focus on value and start where you are, using recommended services and controls per the exam guide.",Use an approach that contradicts the exam objective and ignores documented constraints.,C,EASY,itil-foundation|guiding-principles|GP-2|easy|blueprint-seed,**Answer: C** — Focus on value and start where you are. Review the official AXELOS exam guide (ITIL 4 Foundation) and linked documentation. Objective: GP-2.,https://www.axelos.com/certifications/itil-service-management/itil-4-foundation
itil-foundation,guiding-principles,GP-2,ITIL 4 Foundation — GP-2 (EASY) #11,What is the primary purpose of Focus on value and start where you are?,Mix controls from unrelated domains that do not address the stated objective.,"Implement Focus on value and start where you are using AXELOS best practices for Understand Guiding Principles, including monitoring and least privilege.",Use an approach that contradicts the exam objective and ignores documented constraints.,"Deploy without monitoring, backup, or access controls required by the blueprint.",D,EASY,itil-foundation|guiding-principles|GP-2|easy|blueprint-seed,**Answer: D** — Focus on value and start where you are. Review the official AXELOS exam guide (ITIL 4 Foundation) and linked documentation. Objective: GP-2.,https://www.axelos.com/certifications/itil-service-management/itil-4-foundation
itil-foundation,guiding-principles,GP-2,ITIL 4 Foundation — GP-2 (MEDIUM) #12,"During a project review, stakeholders ask how to Focus on value and start where you are in the context of ITIL 4 Foundation?",Apply the official Understand Guiding Principles guidance: Focus on value and start where you are — this aligns with exam blueprint expectations and vendor documentation.,Use an approach that contradicts the exam objective and ignores documented constraints.,"Deploy without monitoring, backup, or access controls required by the blueprint.",Mix controls from unrelated domains that do not address the stated objective.,A,MEDIUM,itil-foundation|guiding-principles|GP-2|medium|blueprint-seed,**Answer: A** — Focus on value and start where you are. Review the official AXELOS exam guide (ITIL 4 Foundation) and linked documentation. Objective: GP-2.,https://www.axelos.com/certifications/itil-service-management/itil-4-foundation
itil-foundation,guiding-principles,GP-2,ITIL 4 Foundation — GP-2 (MEDIUM) #13,Which configuration satisfies requirements for Focus on value and start where you are in the context of ITIL 4 Foundation?,Use an approach that contradicts the exam objective and ignores documented constraints.,"Deploy without monitoring, backup, or access controls required by the blueprint.",Mix controls from unrelated domains that do not address the stated objective.,"Follow the documented approach for Focus on value and start where you are, using recommended services and controls per the exam guide.",B,MEDIUM,itil-foundation|guiding-principles|GP-2|medium|blueprint-seed,**Answer: B** — Focus on value and start where you are. Review the official AXELOS exam guide (ITIL 4 Foundation) and linked documentation. Objective: GP-2.,https://www.axelos.com/certifications/itil-service-management/itil-4-foundation
itil-foundation,guiding-principles,GP-2,ITIL 4 Foundation — GP-2 (MEDIUM) #14,What is the recommended design when applying Focus on value and start where you are in the context of ITIL 4 Foundation?,"Deploy without monitoring, backup, or access controls required by the blueprint.",Mix controls from unrelated domains that do not address the stated objective.,"Implement Focus on value and start where you are using AXELOS best practices for Understand Guiding Principles, including monitoring and least privilege.",Use an approach that contradicts the exam objective and ignores documented constraints.,C,MEDIUM,itil-foundation|guiding-principles|GP-2|medium|blueprint-seed,**Answer: C** — Focus on value and start where you are. Review the official AXELOS exam guide (ITIL 4 Foundation) and linked documentation. Objective: GP-2.,https://www.axelos.com/certifications/itil-service-management/itil-4-foundation
itil-foundation,guiding-principles,GP-2,ITIL 4 Foundation — GP-2 (MEDIUM) #15,A team must implement a solution for Focus on value and start where you are in the context of ITIL 4 Foundation?,Mix controls from unrelated domains that do not address the stated objective.,Apply the official Understand Guiding Principles guidance: Focus on value and start where you are — this aligns with exam blueprint expectations and vendor documentation.,Use an approach that contradicts the exam objective and ignores documented constraints.,"Deploy without monitoring, backup, or access controls required by the blueprint.",D,MEDIUM,itil-foundation|guiding-principles|GP-2|medium|blueprint-seed,**Answer: D** — Focus on value and start where you are. Review the official AXELOS exam guide (ITIL 4 Foundation) and linked documentation. Objective: GP-2.,https://www.axelos.com/certifications/itil-service-management/itil-4-foundation
itil-foundation,guiding-principles,GP-2,ITIL 4 Foundation — GP-2 (MEDIUM) #16,Which approach aligns with best practices when Focus on value and start where you are in the context of ITIL 4 Foundation?,"Follow the documented approach for Focus on value and start where you are, using recommended services and controls per the exam guide.",Use an approach that contradicts the exam objective and ignores documented constraints.,"Deploy without monitoring, backup, or access controls required by the blueprint.",Mix controls from unrelated domains that do not address the stated objective.,A,MEDIUM,itil-foundation|guiding-principles|GP-2|medium|blueprint-seed,**Answer: A** — Focus on value and start where you are. Review the official AXELOS exam guide (ITIL 4 Foundation) and linked documentation. Objective: GP-2.,https://www.axelos.com/certifications/itil-service-management/itil-4-foundation
itil-foundation,guiding-principles,GP-2,ITIL 4 Foundation — GP-2 (MEDIUM) #17,"During a project review, stakeholders ask how to Focus on value and start where you are in the context of ITIL 4 Foundation?",Use an approach that contradicts the exam objective and ignores documented constraints.,"Deploy without monitoring, backup, or access controls required by the blueprint.",Mix controls from unrelated domains that do not address the stated objective.,"Implement Focus on value and start where you are using AXELOS best practices for Understand Guiding Principles, including monitoring and least privilege.",B,MEDIUM,itil-foundation|guiding-principles|GP-2|medium|blueprint-seed,**Answer: B** — Focus on value and start where you are. Review the official AXELOS exam guide (ITIL 4 Foundation) and linked documentation. Objective: GP-2.,https://www.axelos.com/certifications/itil-service-management/itil-4-foundation
itil-foundation,guiding-principles,GP-2,ITIL 4 Foundation — GP-2 (MEDIUM) #18,Which configuration satisfies requirements for Focus on value and start where you are in the context of ITIL 4 Foundation?,"Deploy without monitoring, backup, or access controls required by the blueprint.",Mix controls from unrelated domains that do not address the stated objective.,Apply the official Understand Guiding Principles guidance: Focus on value and start where you are — this aligns with exam blueprint expectations and vendor documentation.,Use an approach that contradicts the exam objective and ignores documented constraints.,C,MEDIUM,itil-foundation|guiding-principles|GP-2|medium|blueprint-seed,**Answer: C** — Focus on value and start where you are. Review the official AXELOS exam guide (ITIL 4 Foundation) and linked documentation. Objective: GP-2.,https://www.axelos.com/certifications/itil-service-management/itil-4-foundation
itil-foundation,guiding-principles,GP-2,ITIL 4 Foundation — GP-2 (MEDIUM) #19,What is the recommended design when applying Focus on value and start where you are in the context of ITIL 4 Foundation?,Mix controls from unrelated domains that do not address the stated objective.,"Follow the documented approach for Focus on value and start where you are, using recommended services and controls per the exam guide.",Use an approach that contradicts the exam objective and ignores documented constraints.,"Deploy without monitoring, backup, or access controls required by the blueprint.",D,MEDIUM,itil-foundation|guiding-principles|GP-2|medium|blueprint-seed,**Answer: D** — Focus on value and start where you are. Review the official AXELOS exam guide (ITIL 4 Foundation) and linked documentation. Objective: GP-2.,https://www.axelos.com/certifications/itil-service-management/itil-4-foundation
itil-foundation,guiding-principles,GP-2,ITIL 4 Foundation — GP-2 (MEDIUM) #20,A team must implement a solution for Focus on value and start where you are in the context of ITIL 4 Foundation?,"Implement Focus on value and start where you are using AXELOS best practices for Understand Guiding Principles, including monitoring and least privilege.",Use an approach that contradicts the exam objective and ignores documented constraints.,"Deploy without monitoring, backup, or access controls required by the blueprint.",Mix controls from unrelated domains that do not address the stated objective.,A,MEDIUM,itil-foundation|guiding-principles|GP-2|medium|blueprint-seed,**Answer: A** — Focus on value and start where you are. Review the official AXELOS exam guide (ITIL 4 Foundation) and linked documentation. Objective: GP-2.,https://www.axelos.com/certifications/itil-service-management/itil-4-foundation
itil-foundation,guiding-principles,GP-2,ITIL 4 Foundation — GP-2 (MEDIUM) #21,Which approach aligns with best practices when Focus on value and start where you are in the context of ITIL 4 Foundation?,Use an approach that contradicts the exam objective and ignores documented constraints.,"Deploy without monitoring, backup, or access controls required by the blueprint.",Mix controls from unrelated domains that do not address the stated objective.,Apply the official Understand Guiding Principles guidance: Focus on value and start where you are — this aligns with exam blueprint expectations and vendor documentation.,B,MEDIUM,itil-foundation|guiding-principles|GP-2|medium|blueprint-seed,**Answer: B** — Focus on value and start where you are. Review the official AXELOS exam guide (ITIL 4 Foundation) and linked documentation. Objective: GP-2.,https://www.axelos.com/certifications/itil-service-management/itil-4-foundation
itil-foundation,guiding-principles,GP-2,ITIL 4 Foundation — GP-2 (MEDIUM) #22,"During a project review, stakeholders ask how to Focus on value and start where you are in the context of ITIL 4 Foundation?","Deploy without monitoring, backup, or access controls required by the blueprint.",Mix controls from unrelated domains that do not address the stated objective.,"Follow the documented approach for Focus on value and start where you are, using recommended services and controls per the exam guide.",Use an approach that contradicts the exam objective and ignores documented constraints.,C,MEDIUM,itil-foundation|guiding-principles|GP-2|medium|blueprint-seed,**Answer: C** — Focus on value and start where you are. Review the official AXELOS exam guide (ITIL 4 Foundation) and linked documentation. Objective: GP-2.,https://www.axelos.com/certifications/itil-service-management/itil-4-foundation
itil-foundation,guiding-principles,GP-2,ITIL 4 Foundation — GP-2 (MEDIUM) #23,Which configuration satisfies requirements for Focus on value and start where you are in the context of ITIL 4 Foundation?,Mix controls from unrelated domains that do not address the stated objective.,"Implement Focus on value and start where you are using AXELOS best practices for Understand Guiding Principles, including monitoring and least privilege.",Use an approach that contradicts the exam objective and ignores documented constraints.,"Deploy without monitoring, backup, or access controls required by the blueprint.",D,MEDIUM,itil-foundation|guiding-principles|GP-2|medium|blueprint-seed,**Answer: D** — Focus on value and start where you are. Review the official AXELOS exam guide (ITIL 4 Foundation) and linked documentation. Objective: GP-2.,https://www.axelos.com/certifications/itil-service-management/itil-4-foundation
itil-foundation,guiding-principles,GP-2,ITIL 4 Foundation — GP-2 (MEDIUM) #24,What is the recommended design when applying Focus on value and start where you are in the context of ITIL 4 Foundation?,Apply the official Understand Guiding Principles guidance: Focus on value and start where you are — this aligns with exam blueprint expectations and vendor documentation.,Use an approach that contradicts the exam objective and ignores documented constraints.,"Deploy without monitoring, backup, or access controls required by the blueprint.",Mix controls from unrelated domains that do not address the stated objective.,A,MEDIUM,itil-foundation|guiding-principles|GP-2|medium|blueprint-seed,**Answer: A** — Focus on value and start where you are. Review the official AXELOS exam guide (ITIL 4 Foundation) and linked documentation. Objective: GP-2.,https://www.axelos.com/certifications/itil-service-management/itil-4-foundation
itil-foundation,guiding-principles,GP-2,ITIL 4 Foundation — GP-2 (MEDIUM) #25,A team must implement a solution for Focus on value and start where you are in the context of ITIL 4 Foundation?,Use an approach that contradicts the exam objective and ignores documented constraints.,"Deploy without monitoring, backup, or access controls required by the blueprint.",Mix controls from unrelated domains that do not address the stated objective.,"Follow the documented approach for Focus on value and start where you are, using recommended services and controls per the exam guide.",B,MEDIUM,itil-foundation|guiding-principles|GP-2|medium|blueprint-seed,**Answer: B** — Focus on value and start where you are. Review the official AXELOS exam guide (ITIL 4 Foundation) and linked documentation. Objective: GP-2.,https://www.axelos.com/certifications/itil-service-management/itil-4-foundation
itil-foundation,guiding-principles,GP-2,ITIL 4 Foundation — GP-2 (MEDIUM) #26,Which approach aligns with best practices when Focus on value and start where you are in the context of ITIL 4 Foundation?,"Deploy without monitoring, backup, or access controls required by the blueprint.",Mix controls from unrelated domains that do not address the stated objective.,"Implement Focus on value and start where you are using AXELOS best practices for Understand Guiding Principles, including monitoring and least privilege.",Use an approach that contradicts the exam objective and ignores documented constraints.,C,MEDIUM,itil-foundation|guiding-principles|GP-2|medium|blueprint-seed,**Answer: C** — Focus on value and start where you are. Review the official AXELOS exam guide (ITIL 4 Foundation) and linked documentation. Objective: GP-2.,https://www.axelos.com/certifications/itil-service-management/itil-4-foundation
itil-foundation,guiding-principles,GP-2,ITIL 4 Foundation — GP-2 (HARD) #27,A production incident involves trade-offs between cost and resilience for Focus on value and start where you are for Understand Guiding Principles?,Mix controls from unrelated domains that do not address the stated objective.,Apply the official Understand Guiding Principles guidance: Focus on value and start where you are — this aligns with exam blueprint expectations and vendor documentation.,Use an approach that contradicts the exam objective and ignores documented constraints.,"Deploy without monitoring, backup, or access controls required by the blueprint.",D,HARD,itil-foundation|guiding-principles|GP-2|hard|blueprint-seed,**Answer: D** — Focus on value and start where you are. Review the official AXELOS exam guide (ITIL 4 Foundation) and linked documentation. Objective: GP-2.,https://www.axelos.com/certifications/itil-service-management/itil-4-foundation
itil-foundation,guiding-principles,GP-2,ITIL 4 Foundation — GP-2 (HARD) #28,Complex regulatory requirements demand that you Focus on value and start where you are for Understand Guiding Principles?,"Follow the documented approach for Focus on value and start where you are, using recommended services and controls per the exam guide.",Use an approach that contradicts the exam objective and ignores documented constraints.,"Deploy without monitoring, backup, or access controls required by the blueprint.",Mix controls from unrelated domains that do not address the stated objective.,A,HARD,itil-foundation|guiding-principles|GP-2|hard|blueprint-seed,**Answer: A** — Focus on value and start where you are. Review the official AXELOS exam guide (ITIL 4 Foundation) and linked documentation. Objective: GP-2.,https://www.axelos.com/certifications/itil-service-management/itil-4-foundation
itil-foundation,guiding-principles,GP-2,ITIL 4 Foundation — GP-2 (HARD) #29,A multi-team rollout must balance security and velocity for Focus on value and start where you are for Understand Guiding Principles?,Use an approach that contradicts the exam objective and ignores documented constraints.,"Deploy without monitoring, backup, or access controls required by the blueprint.",Mix controls from unrelated domains that do not address the stated objective.,"Implement Focus on value and start where you are using AXELOS best practices for Understand Guiding Principles, including monitoring and least privilege.",B,HARD,itil-foundation|guiding-principles|GP-2|hard|blueprint-seed,**Answer: B** — Focus on value and start where you are. Review the official AXELOS exam guide (ITIL 4 Foundation) and linked documentation. Objective: GP-2.,https://www.axelos.com/certifications/itil-service-management/itil-4-foundation
itil-foundation,guiding-principles,GP-2,ITIL 4 Foundation — GP-2 (HARD) #30,An enterprise requires zero-downtime architecture while Focus on value and start where you are for Understand Guiding Principles?,"Deploy without monitoring, backup, or access controls required by the blueprint.",Mix controls from unrelated domains that do not address the stated objective.,Apply the official Understand Guiding Principles guidance: Focus on value and start where you are — this aligns with exam blueprint expectations and vendor documentation.,Use an approach that contradicts the exam objective and ignores documented constraints.,C,HARD,itil-foundation|guiding-principles|GP-2|hard|blueprint-seed,**Answer: C** — Focus on value and start where you are. Review the official AXELOS exam guide (ITIL 4 Foundation) and linked documentation. Objective: GP-2.,https://www.axelos.com/certifications/itil-service-management/itil-4-foundation
itil-foundation,guiding-principles,GP-2,ITIL 4 Foundation — GP-2 (HARD) #31,"Given strict compliance, auditability, and multi-region constraints, how should you Focus on value and start where you are for Understand Guiding Principles?",Mix controls from unrelated domains that do not address the stated objective.,"Follow the documented approach for Focus on value and start where you are, using recommended services and controls per the exam guide.",Use an approach that contradicts the exam objective and ignores documented constraints.,"Deploy without monitoring, backup, or access controls required by the blueprint.",D,HARD,itil-foundation|guiding-principles|GP-2|hard|blueprint-seed,**Answer: D** — Focus on value and start where you are. Review the official AXELOS exam guide (ITIL 4 Foundation) and linked documentation. Objective: GP-2.,https://www.axelos.com/certifications/itil-service-management/itil-4-foundation
itil-foundation,guiding-principles,GP-2,ITIL 4 Foundation — GP-2 (HARD) #32,A production incident involves trade-offs between cost and resilience for Focus on value and start where you are for Understand Guiding Principles?,"Implement Focus on value and start where you are using AXELOS best practices for Understand Guiding Principles, including monitoring and least privilege.",Use an approach that contradicts the exam objective and ignores documented constraints.,"Deploy without monitoring, backup, or access controls required by the blueprint.",Mix controls from unrelated domains that do not address the stated objective.,A,HARD,itil-foundation|guiding-principles|GP-2|hard|blueprint-seed,**Answer: A** — Focus on value and start where you are. Review the official AXELOS exam guide (ITIL 4 Foundation) and linked documentation. Objective: GP-2.,https://www.axelos.com/certifications/itil-service-management/itil-4-foundation
itil-foundation,guiding-principles,GP-2,ITIL 4 Foundation — GP-2 (HARD) #33,Complex regulatory requirements demand that you Focus on value and start where you are for Understand Guiding Principles?,Use an approach that contradicts the exam objective and ignores documented constraints.,"Deploy without monitoring, backup, or access controls required by the blueprint.",Mix controls from unrelated domains that do not address the stated objective.,Apply the official Understand Guiding Principles guidance: Focus on value and start where you are — this aligns with exam blueprint expectations and vendor documentation.,B,HARD,itil-foundation|guiding-principles|GP-2|hard|blueprint-seed,**Answer: B** — Focus on value and start where you are. Review the official AXELOS exam guide (ITIL 4 Foundation) and linked documentation. Objective: GP-2.,https://www.axelos.com/certifications/itil-service-management/itil-4-foundation
itil-foundation,guiding-principles,GP-2,ITIL 4 Foundation — GP-2 (HARD) #34,A multi-team rollout must balance security and velocity for Focus on value and start where you are for Understand Guiding Principles?,"Deploy without monitoring, backup, or access controls required by the blueprint.",Mix controls from unrelated domains that do not address the stated objective.,"Follow the documented approach for Focus on value and start where you are, using recommended services and controls per the exam guide.",Use an approach that contradicts the exam objective and ignores documented constraints.,C,HARD,itil-foundation|guiding-principles|GP-2|hard|blueprint-seed,**Answer: C** — Focus on value and start where you are. Review the official AXELOS exam guide (ITIL 4 Foundation) and linked documentation. Objective: GP-2.,https://www.axelos.com/certifications/itil-service-management/itil-4-foundation
itil-foundation,guiding-principles,GP-2,ITIL 4 Foundation — GP-2 (HARD) #35,An enterprise requires zero-downtime architecture while Focus on value and start where you are for Understand Guiding Principles?,Mix controls from unrelated domains that do not address the stated objective.,"Implement Focus on value and start where you are using AXELOS best practices for Understand Guiding Principles, including monitoring and least privilege.",Use an approach that contradicts the exam objective and ignores documented constraints.,"Deploy without monitoring, backup, or access controls required by the blueprint.",D,HARD,itil-foundation|guiding-principles|GP-2|hard|blueprint-seed,**Answer: D** — Focus on value and start where you are. Review the official AXELOS exam guide (ITIL 4 Foundation) and linked documentation. Objective: GP-2.,https://www.axelos.com/certifications/itil-service-management/itil-4-foundation
itil-foundation,guiding-principles,GP-2,ITIL 4 Foundation — GP-2 (HARD) #36,"Given strict compliance, auditability, and multi-region constraints, how should you Focus on value and start where you are for Understand Guiding Principles?",Apply the official Understand Guiding Principles guidance: Focus on value and start where you are — this aligns with exam blueprint expectations and vendor documentation.,Use an approach that contradicts the exam objective and ignores documented constraints.,"Deploy without monitoring, backup, or access controls required by the blueprint.",Mix controls from unrelated domains that do not address the stated objective.,A,HARD,itil-foundation|guiding-principles|GP-2|hard|blueprint-seed,**Answer: A** — Focus on value and start where you are. Review the official AXELOS exam guide (ITIL 4 Foundation) and linked documentation. Objective: GP-2.,https://www.axelos.com/certifications/itil-service-management/itil-4-foundation
itil-foundation,guiding-principles,GP-2,ITIL 4 Foundation — GP-2 (HARD) #37,A production incident involves trade-offs between cost and resilience for Focus on value and start where you are for Understand Guiding Principles?,Use an approach that contradicts the exam objective and ignores documented constraints.,"Deploy without monitoring, backup, or access controls required by the blueprint.",Mix controls from unrelated domains that do not address the stated objective.,"Follow the documented approach for Focus on value and start where you are, using recommended services and controls per the exam guide.",B,HARD,itil-foundation|guiding-principles|GP-2|hard|blueprint-seed,**Answer: B** — Focus on value and start where you are. Review the official AXELOS exam guide (ITIL 4 Foundation) and linked documentation. Objective: GP-2.,https://www.axelos.com/certifications/itil-service-management/itil-4-foundation
itil-foundation,four-dimensions,FD-1,ITIL 4 Foundation — FD-1 (EASY) #1,What is the primary purpose of Organizations and people dimension?,Use an approach that contradicts the exam objective and ignores documented constraints.,"Deploy without monitoring, backup, or access controls required by the blueprint.",Mix controls from unrelated domains that do not address the stated objective.,"Follow the documented approach for Organizations and people dimension, using recommended services and controls per the exam guide.",B,EASY,itil-foundation|four-dimensions|FD-1|easy|blueprint-seed,**Answer: B** — Organizations and people dimension. Review the official AXELOS exam guide (ITIL 4 Foundation) and linked documentation. Objective: FD-1.,https://www.axelos.com/certifications/itil-service-management/itil-4-foundation
itil-foundation,four-dimensions,FD-1,ITIL 4 Foundation — FD-1 (EASY) #2,Which concept is fundamental to Organizations and people dimension?,"Deploy without monitoring, backup, or access controls required by the blueprint.",Mix controls from unrelated domains that do not address the stated objective.,"Implement Organizations and people dimension using AXELOS best practices for Understand Four Dimensions of Service Management, including monitoring and least privilege.",Use an approach that contradicts the exam objective and ignores documented constraints.,C,EASY,itil-foundation|four-dimensions|FD-1|easy|blueprint-seed,**Answer: C** — Organizations and people dimension. Review the official AXELOS exam guide (ITIL 4 Foundation) and linked documentation. Objective: FD-1.,https://www.axelos.com/certifications/itil-service-management/itil-4-foundation
itil-foundation,four-dimensions,FD-1,ITIL 4 Foundation — FD-1 (EASY) #3,Identify the core principle behind Organizations and people dimension?,Mix controls from unrelated domains that do not address the stated objective.,Apply the official Understand Four Dimensions of Service Management guidance: Organizations and people dimension — this aligns with exam blueprint expectations and vendor documentation.,Use an approach that contradicts the exam objective and ignores documented constraints.,"Deploy without monitoring, backup, or access controls required by the blueprint.",D,EASY,itil-foundation|four-dimensions|FD-1|easy|blueprint-seed,**Answer: D** — Organizations and people dimension. Review the official AXELOS exam guide (ITIL 4 Foundation) and linked documentation. Objective: FD-1.,https://www.axelos.com/certifications/itil-service-management/itil-4-foundation
itil-foundation,four-dimensions,FD-1,ITIL 4 Foundation — FD-1 (EASY) #4,Which description accurately reflects Organizations and people dimension?,"Follow the documented approach for Organizations and people dimension, using recommended services and controls per the exam guide.",Use an approach that contradicts the exam objective and ignores documented constraints.,"Deploy without monitoring, backup, or access controls required by the blueprint.",Mix controls from unrelated domains that do not address the stated objective.,A,EASY,itil-foundation|four-dimensions|FD-1|easy|blueprint-seed,**Answer: A** — Organizations and people dimension. Review the official AXELOS exam guide (ITIL 4 Foundation) and linked documentation. Objective: FD-1.,https://www.axelos.com/certifications/itil-service-management/itil-4-foundation
itil-foundation,four-dimensions,FD-1,ITIL 4 Foundation — FD-1 (EASY) #5,Which statement best defines the scope of Organizations and people dimension?,Use an approach that contradicts the exam objective and ignores documented constraints.,"Deploy without monitoring, backup, or access controls required by the blueprint.",Mix controls from unrelated domains that do not address the stated objective.,"Implement Organizations and people dimension using AXELOS best practices for Understand Four Dimensions of Service Management, including monitoring and least privilege.",B,EASY,itil-foundation|four-dimensions|FD-1|easy|blueprint-seed,**Answer: B** — Organizations and people dimension. Review the official AXELOS exam guide (ITIL 4 Foundation) and linked documentation. Objective: FD-1.,https://www.axelos.com/certifications/itil-service-management/itil-4-foundation
itil-foundation,four-dimensions,FD-1,ITIL 4 Foundation — FD-1 (EASY) #6,What is the primary purpose of Organizations and people dimension?,"Deploy without monitoring, backup, or access controls required by the blueprint.",Mix controls from unrelated domains that do not address the stated objective.,Apply the official Understand Four Dimensions of Service Management guidance: Organizations and people dimension — this aligns with exam blueprint expectations and vendor documentation.,Use an approach that contradicts the exam objective and ignores documented constraints.,C,EASY,itil-foundation|four-dimensions|FD-1|easy|blueprint-seed,**Answer: C** — Organizations and people dimension. Review the official AXELOS exam guide (ITIL 4 Foundation) and linked documentation. Objective: FD-1.,https://www.axelos.com/certifications/itil-service-management/itil-4-foundation
itil-foundation,four-dimensions,FD-1,ITIL 4 Foundation — FD-1 (EASY) #7,Which concept is fundamental to Organizations and people dimension?,Mix controls from unrelated domains that do not address the stated objective.,"Follow the documented approach for Organizations and people dimension, using recommended services and controls per the exam guide.",Use an approach that contradicts the exam objective and ignores documented constraints.,"Deploy without monitoring, backup, or access controls required by the blueprint.",D,EASY,itil-foundation|four-dimensions|FD-1|easy|blueprint-seed,**Answer: D** — Organizations and people dimension. Review the official AXELOS exam guide (ITIL 4 Foundation) and linked documentation. Objective: FD-1.,https://www.axelos.com/certifications/itil-service-management/itil-4-foundation
itil-foundation,four-dimensions,FD-1,ITIL 4 Foundation — FD-1 (EASY) #8,Identify the core principle behind Organizations and people dimension?,"Implement Organizations and people dimension using AXELOS best practices for Understand Four Dimensions of Service Management, including monitoring and least privilege.",Use an approach that contradicts the exam objective and ignores documented constraints.,"Deploy without monitoring, backup, or access controls required by the blueprint.",Mix controls from unrelated domains that do not address the stated objective.,A,EASY,itil-foundation|four-dimensions|FD-1|easy|blueprint-seed,**Answer: A** — Organizations and people dimension. Review the official AXELOS exam guide (ITIL 4 Foundation) and linked documentation. Objective: FD-1.,https://www.axelos.com/certifications/itil-service-management/itil-4-foundation
itil-foundation,four-dimensions,FD-1,ITIL 4 Foundation — FD-1 (EASY) #9,Which description accurately reflects Organizations and people dimension?,Use an approach that contradicts the exam objective and ignores documented constraints.,"Deploy without monitoring, backup, or access controls required by the blueprint.",Mix controls from unrelated domains that do not address the stated objective.,Apply the official Understand Four Dimensions of Service Management guidance: Organizations and people dimension — this aligns with exam blueprint expectations and vendor documentation.,B,EASY,itil-foundation|four-dimensions|FD-1|easy|blueprint-seed,**Answer: B** — Organizations and people dimension. Review the official AXELOS exam guide (ITIL 4 Foundation) and linked documentation. Objective: FD-1.,https://www.axelos.com/certifications/itil-service-management/itil-4-foundation
itil-foundation,four-dimensions,FD-1,ITIL 4 Foundation — FD-1 (EASY) #10,Which statement best defines the scope of Organizations and people dimension?,"Deploy without monitoring, backup, or access controls required by the blueprint.",Mix controls from unrelated domains that do not address the stated objective.,"Follow the documented approach for Organizations and people dimension, using recommended services and controls per the exam guide.",Use an approach that contradicts the exam objective and ignores documented constraints.,C,EASY,itil-foundation|four-dimensions|FD-1|easy|blueprint-seed,**Answer: C** — Organizations and people dimension. Review the official AXELOS exam guide (ITIL 4 Foundation) and linked documentation. Objective: FD-1.,https://www.axelos.com/certifications/itil-service-management/itil-4-foundation
itil-foundation,four-dimensions,FD-1,ITIL 4 Foundation — FD-1 (EASY) #11,What is the primary purpose of Organizations and people dimension?,Mix controls from unrelated domains that do not address the stated objective.,"Implement Organizations and people dimension using AXELOS best practices for Understand Four Dimensions of Service Management, including monitoring and least privilege.",Use an approach that contradicts the exam objective and ignores documented constraints.,"Deploy without monitoring, backup, or access controls required by the blueprint.",D,EASY,itil-foundation|four-dimensions|FD-1|easy|blueprint-seed,**Answer: D** — Organizations and people dimension. Review the official AXELOS exam guide (ITIL 4 Foundation) and linked documentation. Objective: FD-1.,https://www.axelos.com/certifications/itil-service-management/itil-4-foundation
itil-foundation,four-dimensions,FD-1,ITIL 4 Foundation — FD-1 (MEDIUM) #12,"During a project review, stakeholders ask how to Organizations and people dimension in the context of ITIL 4 Foundation?",Apply the official Understand Four Dimensions of Service Management guidance: Organizations and people dimension — this aligns with exam blueprint expectations and vendor documentation.,Use an approach that contradicts the exam objective and ignores documented constraints.,"Deploy without monitoring, backup, or access controls required by the blueprint.",Mix controls from unrelated domains that do not address the stated objective.,A,MEDIUM,itil-foundation|four-dimensions|FD-1|medium|blueprint-seed,**Answer: A** — Organizations and people dimension. Review the official AXELOS exam guide (ITIL 4 Foundation) and linked documentation. Objective: FD-1.,https://www.axelos.com/certifications/itil-service-management/itil-4-foundation
itil-foundation,four-dimensions,FD-1,ITIL 4 Foundation — FD-1 (MEDIUM) #13,Which configuration satisfies requirements for Organizations and people dimension in the context of ITIL 4 Foundation?,Use an approach that contradicts the exam objective and ignores documented constraints.,"Deploy without monitoring, backup, or access controls required by the blueprint.",Mix controls from unrelated domains that do not address the stated objective.,"Follow the documented approach for Organizations and people dimension, using recommended services and controls per the exam guide.",B,MEDIUM,itil-foundation|four-dimensions|FD-1|medium|blueprint-seed,**Answer: B** — Organizations and people dimension. Review the official AXELOS exam guide (ITIL 4 Foundation) and linked documentation. Objective: FD-1.,https://www.axelos.com/certifications/itil-service-management/itil-4-foundation
itil-foundation,four-dimensions,FD-1,ITIL 4 Foundation — FD-1 (MEDIUM) #14,What is the recommended design when applying Organizations and people dimension in the context of ITIL 4 Foundation?,"Deploy without monitoring, backup, or access controls required by the blueprint.",Mix controls from unrelated domains that do not address the stated objective.,"Implement Organizations and people dimension using AXELOS best practices for Understand Four Dimensions of Service Management, including monitoring and least privilege.",Use an approach that contradicts the exam objective and ignores documented constraints.,C,MEDIUM,itil-foundation|four-dimensions|FD-1|medium|blueprint-seed,**Answer: C** — Organizations and people dimension. Review the official AXELOS exam guide (ITIL 4 Foundation) and linked documentation. Objective: FD-1.,https://www.axelos.com/certifications/itil-service-management/itil-4-foundation
itil-foundation,four-dimensions,FD-1,ITIL 4 Foundation — FD-1 (MEDIUM) #15,A team must implement a solution for Organizations and people dimension in the context of ITIL 4 Foundation?,Mix controls from unrelated domains that do not address the stated objective.,Apply the official Understand Four Dimensions of Service Management guidance: Organizations and people dimension — this aligns with exam blueprint expectations and vendor documentation.,Use an approach that contradicts the exam objective and ignores documented constraints.,"Deploy without monitoring, backup, or access controls required by the blueprint.",D,MEDIUM,itil-foundation|four-dimensions|FD-1|medium|blueprint-seed,**Answer: D** — Organizations and people dimension. Review the official AXELOS exam guide (ITIL 4 Foundation) and linked documentation. Objective: FD-1.,https://www.axelos.com/certifications/itil-service-management/itil-4-foundation
itil-foundation,four-dimensions,FD-1,ITIL 4 Foundation — FD-1 (MEDIUM) #16,Which approach aligns with best practices when Organizations and people dimension in the context of ITIL 4 Foundation?,"Follow the documented approach for Organizations and people dimension, using recommended services and controls per the exam guide.",Use an approach that contradicts the exam objective and ignores documented constraints.,"Deploy without monitoring, backup, or access controls required by the blueprint.",Mix controls from unrelated domains that do not address the stated objective.,A,MEDIUM,itil-foundation|four-dimensions|FD-1|medium|blueprint-seed,**Answer: A** — Organizations and people dimension. Review the official AXELOS exam guide (ITIL 4 Foundation) and linked documentation. Objective: FD-1.,https://www.axelos.com/certifications/itil-service-management/itil-4-foundation
itil-foundation,four-dimensions,FD-1,ITIL 4 Foundation — FD-1 (MEDIUM) #17,"During a project review, stakeholders ask how to Organizations and people dimension in the context of ITIL 4 Foundation?",Use an approach that contradicts the exam objective and ignores documented constraints.,"Deploy without monitoring, backup, or access controls required by the blueprint.",Mix controls from unrelated domains that do not address the stated objective.,"Implement Organizations and people dimension using AXELOS best practices for Understand Four Dimensions of Service Management, including monitoring and least privilege.",B,MEDIUM,itil-foundation|four-dimensions|FD-1|medium|blueprint-seed,**Answer: B** — Organizations and people dimension. Review the official AXELOS exam guide (ITIL 4 Foundation) and linked documentation. Objective: FD-1.,https://www.axelos.com/certifications/itil-service-management/itil-4-foundation
itil-foundation,four-dimensions,FD-1,ITIL 4 Foundation — FD-1 (MEDIUM) #18,Which configuration satisfies requirements for Organizations and people dimension in the context of ITIL 4 Foundation?,"Deploy without monitoring, backup, or access controls required by the blueprint.",Mix controls from unrelated domains that do not address the stated objective.,Apply the official Understand Four Dimensions of Service Management guidance: Organizations and people dimension — this aligns with exam blueprint expectations and vendor documentation.,Use an approach that contradicts the exam objective and ignores documented constraints.,C,MEDIUM,itil-foundation|four-dimensions|FD-1|medium|blueprint-seed,**Answer: C** — Organizations and people dimension. Review the official AXELOS exam guide (ITIL 4 Foundation) and linked documentation. Objective: FD-1.,https://www.axelos.com/certifications/itil-service-management/itil-4-foundation
itil-foundation,four-dimensions,FD-1,ITIL 4 Foundation — FD-1 (MEDIUM) #19,What is the recommended design when applying Organizations and people dimension in the context of ITIL 4 Foundation?,Mix controls from unrelated domains that do not address the stated objective.,"Follow the documented approach for Organizations and people dimension, using recommended services and controls per the exam guide.",Use an approach that contradicts the exam objective and ignores documented constraints.,"Deploy without monitoring, backup, or access controls required by the blueprint.",D,MEDIUM,itil-foundation|four-dimensions|FD-1|medium|blueprint-seed,**Answer: D** — Organizations and people dimension. Review the official AXELOS exam guide (ITIL 4 Foundation) and linked documentation. Objective: FD-1.,https://www.axelos.com/certifications/itil-service-management/itil-4-foundation
itil-foundation,four-dimensions,FD-1,ITIL 4 Foundation — FD-1 (MEDIUM) #20,A team must implement a solution for Organizations and people dimension in the context of ITIL 4 Foundation?,"Implement Organizations and people dimension using AXELOS best practices for Understand Four Dimensions of Service Management, including monitoring and least privilege.",Use an approach that contradicts the exam objective and ignores documented constraints.,"Deploy without monitoring, backup, or access controls required by the blueprint.",Mix controls from unrelated domains that do not address the stated objective.,A,MEDIUM,itil-foundation|four-dimensions|FD-1|medium|blueprint-seed,**Answer: A** — Organizations and people dimension. Review the official AXELOS exam guide (ITIL 4 Foundation) and linked documentation. Objective: FD-1.,https://www.axelos.com/certifications/itil-service-management/itil-4-foundation
itil-foundation,four-dimensions,FD-1,ITIL 4 Foundation — FD-1 (MEDIUM) #21,Which approach aligns with best practices when Organizations and people dimension in the context of ITIL 4 Foundation?,Use an approach that contradicts the exam objective and ignores documented constraints.,"Deploy without monitoring, backup, or access controls required by the blueprint.",Mix controls from unrelated domains that do not address the stated objective.,Apply the official Understand Four Dimensions of Service Management guidance: Organizations and people dimension — this aligns with exam blueprint expectations and vendor documentation.,B,MEDIUM,itil-foundation|four-dimensions|FD-1|medium|blueprint-seed,**Answer: B** — Organizations and people dimension. Review the official AXELOS exam guide (ITIL 4 Foundation) and linked documentation. Objective: FD-1.,https://www.axelos.com/certifications/itil-service-management/itil-4-foundation
itil-foundation,four-dimensions,FD-1,ITIL 4 Foundation — FD-1 (MEDIUM) #22,"During a project review, stakeholders ask how to Organizations and people dimension in the context of ITIL 4 Foundation?","Deploy without monitoring, backup, or access controls required by the blueprint.",Mix controls from unrelated domains that do not address the stated objective.,"Follow the documented approach for Organizations and people dimension, using recommended services and controls per the exam guide.",Use an approach that contradicts the exam objective and ignores documented constraints.,C,MEDIUM,itil-foundation|four-dimensions|FD-1|medium|blueprint-seed,**Answer: C** — Organizations and people dimension. Review the official AXELOS exam guide (ITIL 4 Foundation) and linked documentation. Objective: FD-1.,https://www.axelos.com/certifications/itil-service-management/itil-4-foundation
itil-foundation,four-dimensions,FD-1,ITIL 4 Foundation — FD-1 (MEDIUM) #23,Which configuration satisfies requirements for Organizations and people dimension in the context of ITIL 4 Foundation?,Mix controls from unrelated domains that do not address the stated objective.,"Implement Organizations and people dimension using AXELOS best practices for Understand Four Dimensions of Service Management, including monitoring and least privilege.",Use an approach that contradicts the exam objective and ignores documented constraints.,"Deploy without monitoring, backup, or access controls required by the blueprint.",D,MEDIUM,itil-foundation|four-dimensions|FD-1|medium|blueprint-seed,**Answer: D** — Organizations and people dimension. Review the official AXELOS exam guide (ITIL 4 Foundation) and linked documentation. Objective: FD-1.,https://www.axelos.com/certifications/itil-service-management/itil-4-foundation
itil-foundation,four-dimensions,FD-1,ITIL 4 Foundation — FD-1 (MEDIUM) #24,What is the recommended design when applying Organizations and people dimension in the context of ITIL 4 Foundation?,Apply the official Understand Four Dimensions of Service Management guidance: Organizations and people dimension — this aligns with exam blueprint expectations and vendor documentation.,Use an approach that contradicts the exam objective and ignores documented constraints.,"Deploy without monitoring, backup, or access controls required by the blueprint.",Mix controls from unrelated domains that do not address the stated objective.,A,MEDIUM,itil-foundation|four-dimensions|FD-1|medium|blueprint-seed,**Answer: A** — Organizations and people dimension. Review the official AXELOS exam guide (ITIL 4 Foundation) and linked documentation. Objective: FD-1.,https://www.axelos.com/certifications/itil-service-management/itil-4-foundation
itil-foundation,four-dimensions,FD-1,ITIL 4 Foundation — FD-1 (MEDIUM) #25,A team must implement a solution for Organizations and people dimension in the context of ITIL 4 Foundation?,Use an approach that contradicts the exam objective and ignores documented constraints.,"Deploy without monitoring, backup, or access controls required by the blueprint.",Mix controls from unrelated domains that do not address the stated objective.,"Follow the documented approach for Organizations and people dimension, using recommended services and controls per the exam guide.",B,MEDIUM,itil-foundation|four-dimensions|FD-1|medium|blueprint-seed,**Answer: B** — Organizations and people dimension. Review the official AXELOS exam guide (ITIL 4 Foundation) and linked documentation. Objective: FD-1.,https://www.axelos.com/certifications/itil-service-management/itil-4-foundation
itil-foundation,four-dimensions,FD-1,ITIL 4 Foundation — FD-1 (MEDIUM) #26,Which approach aligns with best practices when Organizations and people dimension in the context of ITIL 4 Foundation?,"Deploy without monitoring, backup, or access controls required by the blueprint.",Mix controls from unrelated domains that do not address the stated objective.,"Implement Organizations and people dimension using AXELOS best practices for Understand Four Dimensions of Service Management, including monitoring and least privilege.",Use an approach that contradicts the exam objective and ignores documented constraints.,C,MEDIUM,itil-foundation|four-dimensions|FD-1|medium|blueprint-seed,**Answer: C** — Organizations and people dimension. Review the official AXELOS exam guide (ITIL 4 Foundation) and linked documentation. Objective: FD-1.,https://www.axelos.com/certifications/itil-service-management/itil-4-foundation
itil-foundation,four-dimensions,FD-1,ITIL 4 Foundation — FD-1 (HARD) #27,A production incident involves trade-offs between cost and resilience for Organizations and people dimension for Understand Four Dimensions of Service Management?,Mix controls from unrelated domains that do not address the stated objective.,Apply the official Understand Four Dimensions of Service Management guidance: Organizations and people dimension — this aligns with exam blueprint expectations and vendor documentation.,Use an approach that contradicts the exam objective and ignores documented constraints.,"Deploy without monitoring, backup, or access controls required by the blueprint.",D,HARD,itil-foundation|four-dimensions|FD-1|hard|blueprint-seed,**Answer: D** — Organizations and people dimension. Review the official AXELOS exam guide (ITIL 4 Foundation) and linked documentation. Objective: FD-1.,https://www.axelos.com/certifications/itil-service-management/itil-4-foundation
itil-foundation,four-dimensions,FD-1,ITIL 4 Foundation — FD-1 (HARD) #28,Complex regulatory requirements demand that you Organizations and people dimension for Understand Four Dimensions of Service Management?,"Follow the documented approach for Organizations and people dimension, using recommended services and controls per the exam guide.",Use an approach that contradicts the exam objective and ignores documented constraints.,"Deploy without monitoring, backup, or access controls required by the blueprint.",Mix controls from unrelated domains that do not address the stated objective.,A,HARD,itil-foundation|four-dimensions|FD-1|hard|blueprint-seed,**Answer: A** — Organizations and people dimension. Review the official AXELOS exam guide (ITIL 4 Foundation) and linked documentation. Objective: FD-1.,https://www.axelos.com/certifications/itil-service-management/itil-4-foundation
itil-foundation,four-dimensions,FD-1,ITIL 4 Foundation — FD-1 (HARD) #29,A multi-team rollout must balance security and velocity for Organizations and people dimension for Understand Four Dimensions of Service Management?,Use an approach that contradicts the exam objective and ignores documented constraints.,"Deploy without monitoring, backup, or access controls required by the blueprint.",Mix controls from unrelated domains that do not address the stated objective.,"Implement Organizations and people dimension using AXELOS best practices for Understand Four Dimensions of Service Management, including monitoring and least privilege.",B,HARD,itil-foundation|four-dimensions|FD-1|hard|blueprint-seed,**Answer: B** — Organizations and people dimension. Review the official AXELOS exam guide (ITIL 4 Foundation) and linked documentation. Objective: FD-1.,https://www.axelos.com/certifications/itil-service-management/itil-4-foundation
itil-foundation,four-dimensions,FD-1,ITIL 4 Foundation — FD-1 (HARD) #30,An enterprise requires zero-downtime architecture while Organizations and people dimension for Understand Four Dimensions of Service Management?,"Deploy without monitoring, backup, or access controls required by the blueprint.",Mix controls from unrelated domains that do not address the stated objective.,Apply the official Understand Four Dimensions of Service Management guidance: Organizations and people dimension — this aligns with exam blueprint expectations and vendor documentation.,Use an approach that contradicts the exam objective and ignores documented constraints.,C,HARD,itil-foundation|four-dimensions|FD-1|hard|blueprint-seed,**Answer: C** — Organizations and people dimension. Review the official AXELOS exam guide (ITIL 4 Foundation) and linked documentation. Objective: FD-1.,https://www.axelos.com/certifications/itil-service-management/itil-4-foundation
itil-foundation,four-dimensions,FD-1,ITIL 4 Foundation — FD-1 (HARD) #31,"Given strict compliance, auditability, and multi-region constraints, how should you Organizations and people dimension for Understand Four Dimensions of Service Management?",Mix controls from unrelated domains that do not address the stated objective.,"Follow the documented approach for Organizations and people dimension, using recommended services and controls per the exam guide.",Use an approach that contradicts the exam objective and ignores documented constraints.,"Deploy without monitoring, backup, or access controls required by the blueprint.",D,HARD,itil-foundation|four-dimensions|FD-1|hard|blueprint-seed,**Answer: D** — Organizations and people dimension. Review the official AXELOS exam guide (ITIL 4 Foundation) and linked documentation. Objective: FD-1.,https://www.axelos.com/certifications/itil-service-management/itil-4-foundation
itil-foundation,four-dimensions,FD-1,ITIL 4 Foundation — FD-1 (HARD) #32,A production incident involves trade-offs between cost and resilience for Organizations and people dimension for Understand Four Dimensions of Service Management?,"Implement Organizations and people dimension using AXELOS best practices for Understand Four Dimensions of Service Management, including monitoring and least privilege.",Use an approach that contradicts the exam objective and ignores documented constraints.,"Deploy without monitoring, backup, or access controls required by the blueprint.",Mix controls from unrelated domains that do not address the stated objective.,A,HARD,itil-foundation|four-dimensions|FD-1|hard|blueprint-seed,**Answer: A** — Organizations and people dimension. Review the official AXELOS exam guide (ITIL 4 Foundation) and linked documentation. Objective: FD-1.,https://www.axelos.com/certifications/itil-service-management/itil-4-foundation
itil-foundation,four-dimensions,FD-1,ITIL 4 Foundation — FD-1 (HARD) #33,Complex regulatory requirements demand that you Organizations and people dimension for Understand Four Dimensions of Service Management?,Use an approach that contradicts the exam objective and ignores documented constraints.,"Deploy without monitoring, backup, or access controls required by the blueprint.",Mix controls from unrelated domains that do not address the stated objective.,Apply the official Understand Four Dimensions of Service Management guidance: Organizations and people dimension — this aligns with exam blueprint expectations and vendor documentation.,B,HARD,itil-foundation|four-dimensions|FD-1|hard|blueprint-seed,**Answer: B** — Organizations and people dimension. Review the official AXELOS exam guide (ITIL 4 Foundation) and linked documentation. Objective: FD-1.,https://www.axelos.com/certifications/itil-service-management/itil-4-foundation
itil-foundation,four-dimensions,FD-1,ITIL 4 Foundation — FD-1 (HARD) #34,A multi-team rollout must balance security and velocity for Organizations and people dimension for Understand Four Dimensions of Service Management?,"Deploy without monitoring, backup, or access controls required by the blueprint.",Mix controls from unrelated domains that do not address the stated objective.,"Follow the documented approach for Organizations and people dimension, using recommended services and controls per the exam guide.",Use an approach that contradicts the exam objective and ignores documented constraints.,C,HARD,itil-foundation|four-dimensions|FD-1|hard|blueprint-seed,**Answer: C** — Organizations and people dimension. Review the official AXELOS exam guide (ITIL 4 Foundation) and linked documentation. Objective: FD-1.,https://www.axelos.com/certifications/itil-service-management/itil-4-foundation
itil-foundation,four-dimensions,FD-1,ITIL 4 Foundation — FD-1 (HARD) #35,An enterprise requires zero-downtime architecture while Organizations and people dimension for Understand Four Dimensions of Service Management?,Mix controls from unrelated domains that do not address the stated objective.,"Implement Organizations and people dimension using AXELOS best practices for Understand Four Dimensions of Service Management, including monitoring and least privilege.",Use an approach that contradicts the exam objective and ignores documented constraints.,"Deploy without monitoring, backup, or access controls required by the blueprint.",D,HARD,itil-foundation|four-dimensions|FD-1|hard|blueprint-seed,**Answer: D** — Organizations and people dimension. Review the official AXELOS exam guide (ITIL 4 Foundation) and linked documentation. Objective: FD-1.,https://www.axelos.com/certifications/itil-service-management/itil-4-foundation
itil-foundation,four-dimensions,FD-1,ITIL 4 Foundation — FD-1 (HARD) #36,"Given strict compliance, auditability, and multi-region constraints, how should you Organizations and people dimension for Understand Four Dimensions of Service Management?",Apply the official Understand Four Dimensions of Service Management guidance: Organizations and people dimension — this aligns with exam blueprint expectations and vendor documentation.,Use an approach that contradicts the exam objective and ignores documented constraints.,"Deploy without monitoring, backup, or access controls required by the blueprint.",Mix controls from unrelated domains that do not address the stated objective.,A,HARD,itil-foundation|four-dimensions|FD-1|hard|blueprint-seed,**Answer: A** — Organizations and people dimension. Review the official AXELOS exam guide (ITIL 4 Foundation) and linked documentation. Objective: FD-1.,https://www.axelos.com/certifications/itil-service-management/itil-4-foundation
itil-foundation,four-dimensions,FD-1,ITIL 4 Foundation — FD-1 (HARD) #37,A production incident involves trade-offs between cost and resilience for Organizations and people dimension for Understand Four Dimensions of Service Management?,Use an approach that contradicts the exam objective and ignores documented constraints.,"Deploy without monitoring, backup, or access controls required by the blueprint.",Mix controls from unrelated domains that do not address the stated objective.,"Follow the documented approach for Organizations and people dimension, using recommended services and controls per the exam guide.",B,HARD,itil-foundation|four-dimensions|FD-1|hard|blueprint-seed,**Answer: B** — Organizations and people dimension. Review the official AXELOS exam guide (ITIL 4 Foundation) and linked documentation. Objective: FD-1.,https://www.axelos.com/certifications/itil-service-management/itil-4-foundation
itil-foundation,four-dimensions,FD-1,ITIL 4 Foundation — FD-1 (HARD) #38,Complex regulatory requirements demand that you Organizations and people dimension for Understand Four Dimensions of Service Management?,"Deploy without monitoring, backup, or access controls required by the blueprint.",Mix controls from unrelated domains that do not address the stated objective.,"Implement Organizations and people dimension using AXELOS best practices for Understand Four Dimensions of Service Management, including monitoring and least privilege.",Use an approach that contradicts the exam objective and ignores documented constraints.,C,HARD,itil-foundation|four-dimensions|FD-1|hard|blueprint-seed,**Answer: C** — Organizations and people dimension. Review the official AXELOS exam guide (ITIL 4 Foundation) and linked documentation. Objective: FD-1.,https://www.axelos.com/certifications/itil-service-management/itil-4-foundation
itil-foundation,four-dimensions,FD-2,ITIL 4 Foundation — FD-2 (EASY) #1,"What is the primary purpose of Information, technology, partners, and processes?",Use an approach that contradicts the exam objective and ignores documented constraints.,"Deploy without monitoring, backup, or access controls required by the blueprint.",Mix controls from unrelated domains that do not address the stated objective.,"Follow the documented approach for Information, technology, partners, and processes, using recommended services and controls per the exam guide.",B,EASY,itil-foundation|four-dimensions|FD-2|easy|blueprint-seed,"**Answer: B** — Information, technology, partners, and processes. Review the official AXELOS exam guide (ITIL 4 Foundation) and linked documentation. Objective: FD-2.",https://www.axelos.com/certifications/itil-service-management/itil-4-foundation
itil-foundation,four-dimensions,FD-2,ITIL 4 Foundation — FD-2 (EASY) #2,"Which concept is fundamental to Information, technology, partners, and processes?","Deploy without monitoring, backup, or access controls required by the blueprint.",Mix controls from unrelated domains that do not address the stated objective.,"Implement Information, technology, partners, and processes using AXELOS best practices for Understand Four Dimensions of Service Management, including monitoring and least privilege.",Use an approach that contradicts the exam objective and ignores documented constraints.,C,EASY,itil-foundation|four-dimensions|FD-2|easy|blueprint-seed,"**Answer: C** — Information, technology, partners, and processes. Review the official AXELOS exam guide (ITIL 4 Foundation) and linked documentation. Objective: FD-2.",https://www.axelos.com/certifications/itil-service-management/itil-4-foundation
itil-foundation,four-dimensions,FD-2,ITIL 4 Foundation — FD-2 (EASY) #3,"Identify the core principle behind Information, technology, partners, and processes?",Mix controls from unrelated domains that do not address the stated objective.,"Apply the official Understand Four Dimensions of Service Management guidance: Information, technology, partners, and processes — this aligns with exam blueprint expectations and vendor documentation.",Use an approach that contradicts the exam objective and ignores documented constraints.,"Deploy without monitoring, backup, or access controls required by the blueprint.",D,EASY,itil-foundation|four-dimensions|FD-2|easy|blueprint-seed,"**Answer: D** — Information, technology, partners, and processes. Review the official AXELOS exam guide (ITIL 4 Foundation) and linked documentation. Objective: FD-2.",https://www.axelos.com/certifications/itil-service-management/itil-4-foundation
itil-foundation,four-dimensions,FD-2,ITIL 4 Foundation — FD-2 (EASY) #4,"Which description accurately reflects Information, technology, partners, and processes?","Follow the documented approach for Information, technology, partners, and processes, using recommended services and controls per the exam guide.",Use an approach that contradicts the exam objective and ignores documented constraints.,"Deploy without monitoring, backup, or access controls required by the blueprint.",Mix controls from unrelated domains that do not address the stated objective.,A,EASY,itil-foundation|four-dimensions|FD-2|easy|blueprint-seed,"**Answer: A** — Information, technology, partners, and processes. Review the official AXELOS exam guide (ITIL 4 Foundation) and linked documentation. Objective: FD-2.",https://www.axelos.com/certifications/itil-service-management/itil-4-foundation
itil-foundation,four-dimensions,FD-2,ITIL 4 Foundation — FD-2 (EASY) #5,"Which statement best defines the scope of Information, technology, partners, and processes?",Use an approach that contradicts the exam objective and ignores documented constraints.,"Deploy without monitoring, backup, or access controls required by the blueprint.",Mix controls from unrelated domains that do not address the stated objective.,"Implement Information, technology, partners, and processes using AXELOS best practices for Understand Four Dimensions of Service Management, including monitoring and least privilege.",B,EASY,itil-foundation|four-dimensions|FD-2|easy|blueprint-seed,"**Answer: B** — Information, technology, partners, and processes. Review the official AXELOS exam guide (ITIL 4 Foundation) and linked documentation. Objective: FD-2.",https://www.axelos.com/certifications/itil-service-management/itil-4-foundation
itil-foundation,four-dimensions,FD-2,ITIL 4 Foundation — FD-2 (EASY) #6,"What is the primary purpose of Information, technology, partners, and processes?","Deploy without monitoring, backup, or access controls required by the blueprint.",Mix controls from unrelated domains that do not address the stated objective.,"Apply the official Understand Four Dimensions of Service Management guidance: Information, technology, partners, and processes — this aligns with exam blueprint expectations and vendor documentation.",Use an approach that contradicts the exam objective and ignores documented constraints.,C,EASY,itil-foundation|four-dimensions|FD-2|easy|blueprint-seed,"**Answer: C** — Information, technology, partners, and processes. Review the official AXELOS exam guide (ITIL 4 Foundation) and linked documentation. Objective: FD-2.",https://www.axelos.com/certifications/itil-service-management/itil-4-foundation
itil-foundation,four-dimensions,FD-2,ITIL 4 Foundation — FD-2 (EASY) #7,"Which concept is fundamental to Information, technology, partners, and processes?",Mix controls from unrelated domains that do not address the stated objective.,"Follow the documented approach for Information, technology, partners, and processes, using recommended services and controls per the exam guide.",Use an approach that contradicts the exam objective and ignores documented constraints.,"Deploy without monitoring, backup, or access controls required by the blueprint.",D,EASY,itil-foundation|four-dimensions|FD-2|easy|blueprint-seed,"**Answer: D** — Information, technology, partners, and processes. Review the official AXELOS exam guide (ITIL 4 Foundation) and linked documentation. Objective: FD-2.",https://www.axelos.com/certifications/itil-service-management/itil-4-foundation
itil-foundation,four-dimensions,FD-2,ITIL 4 Foundation — FD-2 (EASY) #8,"Identify the core principle behind Information, technology, partners, and processes?","Implement Information, technology, partners, and processes using AXELOS best practices for Understand Four Dimensions of Service Management, including monitoring and least privilege.",Use an approach that contradicts the exam objective and ignores documented constraints.,"Deploy without monitoring, backup, or access controls required by the blueprint.",Mix controls from unrelated domains that do not address the stated objective.,A,EASY,itil-foundation|four-dimensions|FD-2|easy|blueprint-seed,"**Answer: A** — Information, technology, partners, and processes. Review the official AXELOS exam guide (ITIL 4 Foundation) and linked documentation. Objective: FD-2.",https://www.axelos.com/certifications/itil-service-management/itil-4-foundation
itil-foundation,four-dimensions,FD-2,ITIL 4 Foundation — FD-2 (EASY) #9,"Which description accurately reflects Information, technology, partners, and processes?",Use an approach that contradicts the exam objective and ignores documented constraints.,"Deploy without monitoring, backup, or access controls required by the blueprint.",Mix controls from unrelated domains that do not address the stated objective.,"Apply the official Understand Four Dimensions of Service Management guidance: Information, technology, partners, and processes — this aligns with exam blueprint expectations and vendor documentation.",B,EASY,itil-foundation|four-dimensions|FD-2|easy|blueprint-seed,"**Answer: B** — Information, technology, partners, and processes. Review the official AXELOS exam guide (ITIL 4 Foundation) and linked documentation. Objective: FD-2.",https://www.axelos.com/certifications/itil-service-management/itil-4-foundation
itil-foundation,four-dimensions,FD-2,ITIL 4 Foundation — FD-2 (EASY) #10,"Which statement best defines the scope of Information, technology, partners, and processes?","Deploy without monitoring, backup, or access controls required by the blueprint.",Mix controls from unrelated domains that do not address the stated objective.,"Follow the documented approach for Information, technology, partners, and processes, using recommended services and controls per the exam guide.",Use an approach that contradicts the exam objective and ignores documented constraints.,C,EASY,itil-foundation|four-dimensions|FD-2|easy|blueprint-seed,"**Answer: C** — Information, technology, partners, and processes. Review the official AXELOS exam guide (ITIL 4 Foundation) and linked documentation. Objective: FD-2.",https://www.axelos.com/certifications/itil-service-management/itil-4-foundation
itil-foundation,four-dimensions,FD-2,ITIL 4 Foundation — FD-2 (EASY) #11,"What is the primary purpose of Information, technology, partners, and processes?",Mix controls from unrelated domains that do not address the stated objective.,"Implement Information, technology, partners, and processes using AXELOS best practices for Understand Four Dimensions of Service Management, including monitoring and least privilege.",Use an approach that contradicts the exam objective and ignores documented constraints.,"Deploy without monitoring, backup, or access controls required by the blueprint.",D,EASY,itil-foundation|four-dimensions|FD-2|easy|blueprint-seed,"**Answer: D** — Information, technology, partners, and processes. Review the official AXELOS exam guide (ITIL 4 Foundation) and linked documentation. Objective: FD-2.",https://www.axelos.com/certifications/itil-service-management/itil-4-foundation
itil-foundation,four-dimensions,FD-2,ITIL 4 Foundation — FD-2 (MEDIUM) #12,"During a project review, stakeholders ask how to Information, technology, partners, and processes in the context of ITIL 4 Foundation?","Apply the official Understand Four Dimensions of Service Management guidance: Information, technology, partners, and processes — this aligns with exam blueprint expectations and vendor documentation.",Use an approach that contradicts the exam objective and ignores documented constraints.,"Deploy without monitoring, backup, or access controls required by the blueprint.",Mix controls from unrelated domains that do not address the stated objective.,A,MEDIUM,itil-foundation|four-dimensions|FD-2|medium|blueprint-seed,"**Answer: A** — Information, technology, partners, and processes. Review the official AXELOS exam guide (ITIL 4 Foundation) and linked documentation. Objective: FD-2.",https://www.axelos.com/certifications/itil-service-management/itil-4-foundation
itil-foundation,four-dimensions,FD-2,ITIL 4 Foundation — FD-2 (MEDIUM) #13,"Which configuration satisfies requirements for Information, technology, partners, and processes in the context of ITIL 4 Foundation?",Use an approach that contradicts the exam objective and ignores documented constraints.,"Deploy without monitoring, backup, or access controls required by the blueprint.",Mix controls from unrelated domains that do not address the stated objective.,"Follow the documented approach for Information, technology, partners, and processes, using recommended services and controls per the exam guide.",B,MEDIUM,itil-foundation|four-dimensions|FD-2|medium|blueprint-seed,"**Answer: B** — Information, technology, partners, and processes. Review the official AXELOS exam guide (ITIL 4 Foundation) and linked documentation. Objective: FD-2.",https://www.axelos.com/certifications/itil-service-management/itil-4-foundation
itil-foundation,four-dimensions,FD-2,ITIL 4 Foundation — FD-2 (MEDIUM) #14,"What is the recommended design when applying Information, technology, partners, and processes in the context of ITIL 4 Foundation?","Deploy without monitoring, backup, or access controls required by the blueprint.",Mix controls from unrelated domains that do not address the stated objective.,"Implement Information, technology, partners, and processes using AXELOS best practices for Understand Four Dimensions of Service Management, including monitoring and least privilege.",Use an approach that contradicts the exam objective and ignores documented constraints.,C,MEDIUM,itil-foundation|four-dimensions|FD-2|medium|blueprint-seed,"**Answer: C** — Information, technology, partners, and processes. Review the official AXELOS exam guide (ITIL 4 Foundation) and linked documentation. Objective: FD-2.",https://www.axelos.com/certifications/itil-service-management/itil-4-foundation
itil-foundation,four-dimensions,FD-2,ITIL 4 Foundation — FD-2 (MEDIUM) #15,"A team must implement a solution for Information, technology, partners, and processes in the context of ITIL 4 Foundation?",Mix controls from unrelated domains that do not address the stated objective.,"Apply the official Understand Four Dimensions of Service Management guidance: Information, technology, partners, and processes — this aligns with exam blueprint expectations and vendor documentation.",Use an approach that contradicts the exam objective and ignores documented constraints.,"Deploy without monitoring, backup, or access controls required by the blueprint.",D,MEDIUM,itil-foundation|four-dimensions|FD-2|medium|blueprint-seed,"**Answer: D** — Information, technology, partners, and processes. Review the official AXELOS exam guide (ITIL 4 Foundation) and linked documentation. Objective: FD-2.",https://www.axelos.com/certifications/itil-service-management/itil-4-foundation
itil-foundation,four-dimensions,FD-2,ITIL 4 Foundation — FD-2 (MEDIUM) #16,"Which approach aligns with best practices when Information, technology, partners, and processes in the context of ITIL 4 Foundation?","Follow the documented approach for Information, technology, partners, and processes, using recommended services and controls per the exam guide.",Use an approach that contradicts the exam objective and ignores documented constraints.,"Deploy without monitoring, backup, or access controls required by the blueprint.",Mix controls from unrelated domains that do not address the stated objective.,A,MEDIUM,itil-foundation|four-dimensions|FD-2|medium|blueprint-seed,"**Answer: A** — Information, technology, partners, and processes. Review the official AXELOS exam guide (ITIL 4 Foundation) and linked documentation. Objective: FD-2.",https://www.axelos.com/certifications/itil-service-management/itil-4-foundation
itil-foundation,four-dimensions,FD-2,ITIL 4 Foundation — FD-2 (MEDIUM) #17,"During a project review, stakeholders ask how to Information, technology, partners, and processes in the context of ITIL 4 Foundation?",Use an approach that contradicts the exam objective and ignores documented constraints.,"Deploy without monitoring, backup, or access controls required by the blueprint.",Mix controls from unrelated domains that do not address the stated objective.,"Implement Information, technology, partners, and processes using AXELOS best practices for Understand Four Dimensions of Service Management, including monitoring and least privilege.",B,MEDIUM,itil-foundation|four-dimensions|FD-2|medium|blueprint-seed,"**Answer: B** — Information, technology, partners, and processes. Review the official AXELOS exam guide (ITIL 4 Foundation) and linked documentation. Objective: FD-2.",https://www.axelos.com/certifications/itil-service-management/itil-4-foundation
itil-foundation,four-dimensions,FD-2,ITIL 4 Foundation — FD-2 (MEDIUM) #18,"Which configuration satisfies requirements for Information, technology, partners, and processes in the context of ITIL 4 Foundation?","Deploy without monitoring, backup, or access controls required by the blueprint.",Mix controls from unrelated domains that do not address the stated objective.,"Apply the official Understand Four Dimensions of Service Management guidance: Information, technology, partners, and processes — this aligns with exam blueprint expectations and vendor documentation.",Use an approach that contradicts the exam objective and ignores documented constraints.,C,MEDIUM,itil-foundation|four-dimensions|FD-2|medium|blueprint-seed,"**Answer: C** — Information, technology, partners, and processes. Review the official AXELOS exam guide (ITIL 4 Foundation) and linked documentation. Objective: FD-2.",https://www.axelos.com/certifications/itil-service-management/itil-4-foundation
itil-foundation,four-dimensions,FD-2,ITIL 4 Foundation — FD-2 (MEDIUM) #19,"What is the recommended design when applying Information, technology, partners, and processes in the context of ITIL 4 Foundation?",Mix controls from unrelated domains that do not address the stated objective.,"Follow the documented approach for Information, technology, partners, and processes, using recommended services and controls per the exam guide.",Use an approach that contradicts the exam objective and ignores documented constraints.,"Deploy without monitoring, backup, or access controls required by the blueprint.",D,MEDIUM,itil-foundation|four-dimensions|FD-2|medium|blueprint-seed,"**Answer: D** — Information, technology, partners, and processes. Review the official AXELOS exam guide (ITIL 4 Foundation) and linked documentation. Objective: FD-2.",https://www.axelos.com/certifications/itil-service-management/itil-4-foundation
itil-foundation,four-dimensions,FD-2,ITIL 4 Foundation — FD-2 (MEDIUM) #20,"A team must implement a solution for Information, technology, partners, and processes in the context of ITIL 4 Foundation?","Implement Information, technology, partners, and processes using AXELOS best practices for Understand Four Dimensions of Service Management, including monitoring and least privilege.",Use an approach that contradicts the exam objective and ignores documented constraints.,"Deploy without monitoring, backup, or access controls required by the blueprint.",Mix controls from unrelated domains that do not address the stated objective.,A,MEDIUM,itil-foundation|four-dimensions|FD-2|medium|blueprint-seed,"**Answer: A** — Information, technology, partners, and processes. Review the official AXELOS exam guide (ITIL 4 Foundation) and linked documentation. Objective: FD-2.",https://www.axelos.com/certifications/itil-service-management/itil-4-foundation
itil-foundation,four-dimensions,FD-2,ITIL 4 Foundation — FD-2 (MEDIUM) #21,"Which approach aligns with best practices when Information, technology, partners, and processes in the context of ITIL 4 Foundation?",Use an approach that contradicts the exam objective and ignores documented constraints.,"Deploy without monitoring, backup, or access controls required by the blueprint.",Mix controls from unrelated domains that do not address the stated objective.,"Apply the official Understand Four Dimensions of Service Management guidance: Information, technology, partners, and processes — this aligns with exam blueprint expectations and vendor documentation.",B,MEDIUM,itil-foundation|four-dimensions|FD-2|medium|blueprint-seed,"**Answer: B** — Information, technology, partners, and processes. Review the official AXELOS exam guide (ITIL 4 Foundation) and linked documentation. Objective: FD-2.",https://www.axelos.com/certifications/itil-service-management/itil-4-foundation
itil-foundation,four-dimensions,FD-2,ITIL 4 Foundation — FD-2 (MEDIUM) #22,"During a project review, stakeholders ask how to Information, technology, partners, and processes in the context of ITIL 4 Foundation?","Deploy without monitoring, backup, or access controls required by the blueprint.",Mix controls from unrelated domains that do not address the stated objective.,"Follow the documented approach for Information, technology, partners, and processes, using recommended services and controls per the exam guide.",Use an approach that contradicts the exam objective and ignores documented constraints.,C,MEDIUM,itil-foundation|four-dimensions|FD-2|medium|blueprint-seed,"**Answer: C** — Information, technology, partners, and processes. Review the official AXELOS exam guide (ITIL 4 Foundation) and linked documentation. Objective: FD-2.",https://www.axelos.com/certifications/itil-service-management/itil-4-foundation
itil-foundation,four-dimensions,FD-2,ITIL 4 Foundation — FD-2 (MEDIUM) #23,"Which configuration satisfies requirements for Information, technology, partners, and processes in the context of ITIL 4 Foundation?",Mix controls from unrelated domains that do not address the stated objective.,"Implement Information, technology, partners, and processes using AXELOS best practices for Understand Four Dimensions of Service Management, including monitoring and least privilege.",Use an approach that contradicts the exam objective and ignores documented constraints.,"Deploy without monitoring, backup, or access controls required by the blueprint.",D,MEDIUM,itil-foundation|four-dimensions|FD-2|medium|blueprint-seed,"**Answer: D** — Information, technology, partners, and processes. Review the official AXELOS exam guide (ITIL 4 Foundation) and linked documentation. Objective: FD-2.",https://www.axelos.com/certifications/itil-service-management/itil-4-foundation
itil-foundation,four-dimensions,FD-2,ITIL 4 Foundation — FD-2 (MEDIUM) #24,"What is the recommended design when applying Information, technology, partners, and processes in the context of ITIL 4 Foundation?","Apply the official Understand Four Dimensions of Service Management guidance: Information, technology, partners, and processes — this aligns with exam blueprint expectations and vendor documentation.",Use an approach that contradicts the exam objective and ignores documented constraints.,"Deploy without monitoring, backup, or access controls required by the blueprint.",Mix controls from unrelated domains that do not address the stated objective.,A,MEDIUM,itil-foundation|four-dimensions|FD-2|medium|blueprint-seed,"**Answer: A** — Information, technology, partners, and processes. Review the official AXELOS exam guide (ITIL 4 Foundation) and linked documentation. Objective: FD-2.",https://www.axelos.com/certifications/itil-service-management/itil-4-foundation
itil-foundation,four-dimensions,FD-2,ITIL 4 Foundation — FD-2 (MEDIUM) #25,"A team must implement a solution for Information, technology, partners, and processes in the context of ITIL 4 Foundation?",Use an approach that contradicts the exam objective and ignores documented constraints.,"Deploy without monitoring, backup, or access controls required by the blueprint.",Mix controls from unrelated domains that do not address the stated objective.,"Follow the documented approach for Information, technology, partners, and processes, using recommended services and controls per the exam guide.",B,MEDIUM,itil-foundation|four-dimensions|FD-2|medium|blueprint-seed,"**Answer: B** — Information, technology, partners, and processes. Review the official AXELOS exam guide (ITIL 4 Foundation) and linked documentation. Objective: FD-2.",https://www.axelos.com/certifications/itil-service-management/itil-4-foundation
itil-foundation,four-dimensions,FD-2,ITIL 4 Foundation — FD-2 (MEDIUM) #26,"Which approach aligns with best practices when Information, technology, partners, and processes in the context of ITIL 4 Foundation?","Deploy without monitoring, backup, or access controls required by the blueprint.",Mix controls from unrelated domains that do not address the stated objective.,"Implement Information, technology, partners, and processes using AXELOS best practices for Understand Four Dimensions of Service Management, including monitoring and least privilege.",Use an approach that contradicts the exam objective and ignores documented constraints.,C,MEDIUM,itil-foundation|four-dimensions|FD-2|medium|blueprint-seed,"**Answer: C** — Information, technology, partners, and processes. Review the official AXELOS exam guide (ITIL 4 Foundation) and linked documentation. Objective: FD-2.",https://www.axelos.com/certifications/itil-service-management/itil-4-foundation
itil-foundation,four-dimensions,FD-2,ITIL 4 Foundation — FD-2 (HARD) #27,"A production incident involves trade-offs between cost and resilience for Information, technology, partners, and processes for Understand Four Dimensions of Service Management?",Mix controls from unrelated domains that do not address the stated objective.,"Apply the official Understand Four Dimensions of Service Management guidance: Information, technology, partners, and processes — this aligns with exam blueprint expectations and vendor documentation.",Use an approach that contradicts the exam objective and ignores documented constraints.,"Deploy without monitoring, backup, or access controls required by the blueprint.",D,HARD,itil-foundation|four-dimensions|FD-2|hard|blueprint-seed,"**Answer: D** — Information, technology, partners, and processes. Review the official AXELOS exam guide (ITIL 4 Foundation) and linked documentation. Objective: FD-2.",https://www.axelos.com/certifications/itil-service-management/itil-4-foundation
itil-foundation,four-dimensions,FD-2,ITIL 4 Foundation — FD-2 (HARD) #28,"Complex regulatory requirements demand that you Information, technology, partners, and processes for Understand Four Dimensions of Service Management?","Follow the documented approach for Information, technology, partners, and processes, using recommended services and controls per the exam guide.",Use an approach that contradicts the exam objective and ignores documented constraints.,"Deploy without monitoring, backup, or access controls required by the blueprint.",Mix controls from unrelated domains that do not address the stated objective.,A,HARD,itil-foundation|four-dimensions|FD-2|hard|blueprint-seed,"**Answer: A** — Information, technology, partners, and processes. Review the official AXELOS exam guide (ITIL 4 Foundation) and linked documentation. Objective: FD-2.",https://www.axelos.com/certifications/itil-service-management/itil-4-foundation
itil-foundation,four-dimensions,FD-2,ITIL 4 Foundation — FD-2 (HARD) #29,"A multi-team rollout must balance security and velocity for Information, technology, partners, and processes for Understand Four Dimensions of Service Management?",Use an approach that contradicts the exam objective and ignores documented constraints.,"Deploy without monitoring, backup, or access controls required by the blueprint.",Mix controls from unrelated domains that do not address the stated objective.,"Implement Information, technology, partners, and processes using AXELOS best practices for Understand Four Dimensions of Service Management, including monitoring and least privilege.",B,HARD,itil-foundation|four-dimensions|FD-2|hard|blueprint-seed,"**Answer: B** — Information, technology, partners, and processes. Review the official AXELOS exam guide (ITIL 4 Foundation) and linked documentation. Objective: FD-2.",https://www.axelos.com/certifications/itil-service-management/itil-4-foundation
itil-foundation,four-dimensions,FD-2,ITIL 4 Foundation — FD-2 (HARD) #30,"An enterprise requires zero-downtime architecture while Information, technology, partners, and processes for Understand Four Dimensions of Service Management?","Deploy without monitoring, backup, or access controls required by the blueprint.",Mix controls from unrelated domains that do not address the stated objective.,"Apply the official Understand Four Dimensions of Service Management guidance: Information, technology, partners, and processes — this aligns with exam blueprint expectations and vendor documentation.",Use an approach that contradicts the exam objective and ignores documented constraints.,C,HARD,itil-foundation|four-dimensions|FD-2|hard|blueprint-seed,"**Answer: C** — Information, technology, partners, and processes. Review the official AXELOS exam guide (ITIL 4 Foundation) and linked documentation. Objective: FD-2.",https://www.axelos.com/certifications/itil-service-management/itil-4-foundation
itil-foundation,four-dimensions,FD-2,ITIL 4 Foundation — FD-2 (HARD) #31,"Given strict compliance, auditability, and multi-region constraints, how should you Information, technology, partners, and processes for Understand Four Dimensions of Service Management?",Mix controls from unrelated domains that do not address the stated objective.,"Follow the documented approach for Information, technology, partners, and processes, using recommended services and controls per the exam guide.",Use an approach that contradicts the exam objective and ignores documented constraints.,"Deploy without monitoring, backup, or access controls required by the blueprint.",D,HARD,itil-foundation|four-dimensions|FD-2|hard|blueprint-seed,"**Answer: D** — Information, technology, partners, and processes. Review the official AXELOS exam guide (ITIL 4 Foundation) and linked documentation. Objective: FD-2.",https://www.axelos.com/certifications/itil-service-management/itil-4-foundation
itil-foundation,four-dimensions,FD-2,ITIL 4 Foundation — FD-2 (HARD) #32,"A production incident involves trade-offs between cost and resilience for Information, technology, partners, and processes for Understand Four Dimensions of Service Management?","Implement Information, technology, partners, and processes using AXELOS best practices for Understand Four Dimensions of Service Management, including monitoring and least privilege.",Use an approach that contradicts the exam objective and ignores documented constraints.,"Deploy without monitoring, backup, or access controls required by the blueprint.",Mix controls from unrelated domains that do not address the stated objective.,A,HARD,itil-foundation|four-dimensions|FD-2|hard|blueprint-seed,"**Answer: A** — Information, technology, partners, and processes. Review the official AXELOS exam guide (ITIL 4 Foundation) and linked documentation. Objective: FD-2.",https://www.axelos.com/certifications/itil-service-management/itil-4-foundation
itil-foundation,four-dimensions,FD-2,ITIL 4 Foundation — FD-2 (HARD) #33,"Complex regulatory requirements demand that you Information, technology, partners, and processes for Understand Four Dimensions of Service Management?",Use an approach that contradicts the exam objective and ignores documented constraints.,"Deploy without monitoring, backup, or access controls required by the blueprint.",Mix controls from unrelated domains that do not address the stated objective.,"Apply the official Understand Four Dimensions of Service Management guidance: Information, technology, partners, and processes — this aligns with exam blueprint expectations and vendor documentation.",B,HARD,itil-foundation|four-dimensions|FD-2|hard|blueprint-seed,"**Answer: B** — Information, technology, partners, and processes. Review the official AXELOS exam guide (ITIL 4 Foundation) and linked documentation. Objective: FD-2.",https://www.axelos.com/certifications/itil-service-management/itil-4-foundation
itil-foundation,four-dimensions,FD-2,ITIL 4 Foundation — FD-2 (HARD) #34,"A multi-team rollout must balance security and velocity for Information, technology, partners, and processes for Understand Four Dimensions of Service Management?","Deploy without monitoring, backup, or access controls required by the blueprint.",Mix controls from unrelated domains that do not address the stated objective.,"Follow the documented approach for Information, technology, partners, and processes, using recommended services and controls per the exam guide.",Use an approach that contradicts the exam objective and ignores documented constraints.,C,HARD,itil-foundation|four-dimensions|FD-2|hard|blueprint-seed,"**Answer: C** — Information, technology, partners, and processes. Review the official AXELOS exam guide (ITIL 4 Foundation) and linked documentation. Objective: FD-2.",https://www.axelos.com/certifications/itil-service-management/itil-4-foundation
itil-foundation,four-dimensions,FD-2,ITIL 4 Foundation — FD-2 (HARD) #35,"An enterprise requires zero-downtime architecture while Information, technology, partners, and processes for Understand Four Dimensions of Service Management?",Mix controls from unrelated domains that do not address the stated objective.,"Implement Information, technology, partners, and processes using AXELOS best practices for Understand Four Dimensions of Service Management, including monitoring and least privilege.",Use an approach that contradicts the exam objective and ignores documented constraints.,"Deploy without monitoring, backup, or access controls required by the blueprint.",D,HARD,itil-foundation|four-dimensions|FD-2|hard|blueprint-seed,"**Answer: D** — Information, technology, partners, and processes. Review the official AXELOS exam guide (ITIL 4 Foundation) and linked documentation. Objective: FD-2.",https://www.axelos.com/certifications/itil-service-management/itil-4-foundation
itil-foundation,four-dimensions,FD-2,ITIL 4 Foundation — FD-2 (HARD) #36,"Given strict compliance, auditability, and multi-region constraints, how should you Information, technology, partners, and processes for Understand Four Dimensions of Service Management?","Apply the official Understand Four Dimensions of Service Management guidance: Information, technology, partners, and processes — this aligns with exam blueprint expectations and vendor documentation.",Use an approach that contradicts the exam objective and ignores documented constraints.,"Deploy without monitoring, backup, or access controls required by the blueprint.",Mix controls from unrelated domains that do not address the stated objective.,A,HARD,itil-foundation|four-dimensions|FD-2|hard|blueprint-seed,"**Answer: A** — Information, technology, partners, and processes. Review the official AXELOS exam guide (ITIL 4 Foundation) and linked documentation. Objective: FD-2.",https://www.axelos.com/certifications/itil-service-management/itil-4-foundation
itil-foundation,four-dimensions,FD-2,ITIL 4 Foundation — FD-2 (HARD) #37,"A production incident involves trade-offs between cost and resilience for Information, technology, partners, and processes for Understand Four Dimensions of Service Management?",Use an approach that contradicts the exam objective and ignores documented constraints.,"Deploy without monitoring, backup, or access controls required by the blueprint.",Mix controls from unrelated domains that do not address the stated objective.,"Follow the documented approach for Information, technology, partners, and processes, using recommended services and controls per the exam guide.",B,HARD,itil-foundation|four-dimensions|FD-2|hard|blueprint-seed,"**Answer: B** — Information, technology, partners, and processes. Review the official AXELOS exam guide (ITIL 4 Foundation) and linked documentation. Objective: FD-2.",https://www.axelos.com/certifications/itil-service-management/itil-4-foundation
itil-foundation,service-value-system,SV-1,ITIL 4 Foundation — SV-1 (EASY) #1,What is the primary purpose of Describe governance and continual improvement?,Use an approach that contradicts the exam objective and ignores documented constraints.,"Deploy without monitoring, backup, or access controls required by the blueprint.",Mix controls from unrelated domains that do not address the stated objective.,"Follow the documented approach for Describe governance and continual improvement, using recommended services and controls per the exam guide.",B,EASY,itil-foundation|service-value-system|SV-1|easy|blueprint-seed,**Answer: B** — Describe governance and continual improvement. Review the official AXELOS exam guide (ITIL 4 Foundation) and linked documentation. Objective: SV-1.,https://www.axelos.com/certifications/itil-service-management/itil-4-foundation
itil-foundation,service-value-system,SV-1,ITIL 4 Foundation — SV-1 (EASY) #2,Which concept is fundamental to Describe governance and continual improvement?,"Deploy without monitoring, backup, or access controls required by the blueprint.",Mix controls from unrelated domains that do not address the stated objective.,"Implement Describe governance and continual improvement using AXELOS best practices for Understand the Service Value System, including monitoring and least privilege.",Use an approach that contradicts the exam objective and ignores documented constraints.,C,EASY,itil-foundation|service-value-system|SV-1|easy|blueprint-seed,**Answer: C** — Describe governance and continual improvement. Review the official AXELOS exam guide (ITIL 4 Foundation) and linked documentation. Objective: SV-1.,https://www.axelos.com/certifications/itil-service-management/itil-4-foundation
itil-foundation,service-value-system,SV-1,ITIL 4 Foundation — SV-1 (EASY) #3,Identify the core principle behind Describe governance and continual improvement?,Mix controls from unrelated domains that do not address the stated objective.,Apply the official Understand the Service Value System guidance: Describe governance and continual improvement — this aligns with exam blueprint expectations and vendor documentation.,Use an approach that contradicts the exam objective and ignores documented constraints.,"Deploy without monitoring, backup, or access controls required by the blueprint.",D,EASY,itil-foundation|service-value-system|SV-1|easy|blueprint-seed,**Answer: D** — Describe governance and continual improvement. Review the official AXELOS exam guide (ITIL 4 Foundation) and linked documentation. Objective: SV-1.,https://www.axelos.com/certifications/itil-service-management/itil-4-foundation
itil-foundation,service-value-system,SV-1,ITIL 4 Foundation — SV-1 (EASY) #4,Which description accurately reflects Describe governance and continual improvement?,"Follow the documented approach for Describe governance and continual improvement, using recommended services and controls per the exam guide.",Use an approach that contradicts the exam objective and ignores documented constraints.,"Deploy without monitoring, backup, or access controls required by the blueprint.",Mix controls from unrelated domains that do not address the stated objective.,A,EASY,itil-foundation|service-value-system|SV-1|easy|blueprint-seed,**Answer: A** — Describe governance and continual improvement. Review the official AXELOS exam guide (ITIL 4 Foundation) and linked documentation. Objective: SV-1.,https://www.axelos.com/certifications/itil-service-management/itil-4-foundation
itil-foundation,service-value-system,SV-1,ITIL 4 Foundation — SV-1 (EASY) #5,Which statement best defines the scope of Describe governance and continual improvement?,Use an approach that contradicts the exam objective and ignores documented constraints.,"Deploy without monitoring, backup, or access controls required by the blueprint.",Mix controls from unrelated domains that do not address the stated objective.,"Implement Describe governance and continual improvement using AXELOS best practices for Understand the Service Value System, including monitoring and least privilege.",B,EASY,itil-foundation|service-value-system|SV-1|easy|blueprint-seed,**Answer: B** — Describe governance and continual improvement. Review the official AXELOS exam guide (ITIL 4 Foundation) and linked documentation. Objective: SV-1.,https://www.axelos.com/certifications/itil-service-management/itil-4-foundation
itil-foundation,service-value-system,SV-1,ITIL 4 Foundation — SV-1 (EASY) #6,What is the primary purpose of Describe governance and continual improvement?,"Deploy without monitoring, backup, or access controls required by the blueprint.",Mix controls from unrelated domains that do not address the stated objective.,Apply the official Understand the Service Value System guidance: Describe governance and continual improvement — this aligns with exam blueprint expectations and vendor documentation.,Use an approach that contradicts the exam objective and ignores documented constraints.,C,EASY,itil-foundation|service-value-system|SV-1|easy|blueprint-seed,**Answer: C** — Describe governance and continual improvement. Review the official AXELOS exam guide (ITIL 4 Foundation) and linked documentation. Objective: SV-1.,https://www.axelos.com/certifications/itil-service-management/itil-4-foundation
itil-foundation,service-value-system,SV-1,ITIL 4 Foundation — SV-1 (EASY) #7,Which concept is fundamental to Describe governance and continual improvement?,Mix controls from unrelated domains that do not address the stated objective.,"Follow the documented approach for Describe governance and continual improvement, using recommended services and controls per the exam guide.",Use an approach that contradicts the exam objective and ignores documented constraints.,"Deploy without monitoring, backup, or access controls required by the blueprint.",D,EASY,itil-foundation|service-value-system|SV-1|easy|blueprint-seed,**Answer: D** — Describe governance and continual improvement. Review the official AXELOS exam guide (ITIL 4 Foundation) and linked documentation. Objective: SV-1.,https://www.axelos.com/certifications/itil-service-management/itil-4-foundation
itil-foundation,service-value-system,SV-1,ITIL 4 Foundation — SV-1 (EASY) #8,Identify the core principle behind Describe governance and continual improvement?,"Implement Describe governance and continual improvement using AXELOS best practices for Understand the Service Value System, including monitoring and least privilege.",Use an approach that contradicts the exam objective and ignores documented constraints.,"Deploy without monitoring, backup, or access controls required by the blueprint.",Mix controls from unrelated domains that do not address the stated objective.,A,EASY,itil-foundation|service-value-system|SV-1|easy|blueprint-seed,**Answer: A** — Describe governance and continual improvement. Review the official AXELOS exam guide (ITIL 4 Foundation) and linked documentation. Objective: SV-1.,https://www.axelos.com/certifications/itil-service-management/itil-4-foundation
itil-foundation,service-value-system,SV-1,ITIL 4 Foundation — SV-1 (EASY) #9,Which description accurately reflects Describe governance and continual improvement?,Use an approach that contradicts the exam objective and ignores documented constraints.,"Deploy without monitoring, backup, or access controls required by the blueprint.",Mix controls from unrelated domains that do not address the stated objective.,Apply the official Understand the Service Value System guidance: Describe governance and continual improvement — this aligns with exam blueprint expectations and vendor documentation.,B,EASY,itil-foundation|service-value-system|SV-1|easy|blueprint-seed,**Answer: B** — Describe governance and continual improvement. Review the official AXELOS exam guide (ITIL 4 Foundation) and linked documentation. Objective: SV-1.,https://www.axelos.com/certifications/itil-service-management/itil-4-foundation
itil-foundation,service-value-system,SV-1,ITIL 4 Foundation — SV-1 (EASY) #10,Which statement best defines the scope of Describe governance and continual improvement?,"Deploy without monitoring, backup, or access controls required by the blueprint.",Mix controls from unrelated domains that do not address the stated objective.,"Follow the documented approach for Describe governance and continual improvement, using recommended services and controls per the exam guide.",Use an approach that contradicts the exam objective and ignores documented constraints.,C,EASY,itil-foundation|service-value-system|SV-1|easy|blueprint-seed,**Answer: C** — Describe governance and continual improvement. Review the official AXELOS exam guide (ITIL 4 Foundation) and linked documentation. Objective: SV-1.,https://www.axelos.com/certifications/itil-service-management/itil-4-foundation
itil-foundation,service-value-system,SV-1,ITIL 4 Foundation — SV-1 (EASY) #11,What is the primary purpose of Describe governance and continual improvement?,Mix controls from unrelated domains that do not address the stated objective.,"Implement Describe governance and continual improvement using AXELOS best practices for Understand the Service Value System, including monitoring and least privilege.",Use an approach that contradicts the exam objective and ignores documented constraints.,"Deploy without monitoring, backup, or access controls required by the blueprint.",D,EASY,itil-foundation|service-value-system|SV-1|easy|blueprint-seed,**Answer: D** — Describe governance and continual improvement. Review the official AXELOS exam guide (ITIL 4 Foundation) and linked documentation. Objective: SV-1.,https://www.axelos.com/certifications/itil-service-management/itil-4-foundation
itil-foundation,service-value-system,SV-1,ITIL 4 Foundation — SV-1 (EASY) #12,Which concept is fundamental to Describe governance and continual improvement?,Apply the official Understand the Service Value System guidance: Describe governance and continual improvement — this aligns with exam blueprint expectations and vendor documentation.,Use an approach that contradicts the exam objective and ignores documented constraints.,"Deploy without monitoring, backup, or access controls required by the blueprint.",Mix controls from unrelated domains that do not address the stated objective.,A,EASY,itil-foundation|service-value-system|SV-1|easy|blueprint-seed,**Answer: A** — Describe governance and continual improvement. Review the official AXELOS exam guide (ITIL 4 Foundation) and linked documentation. Objective: SV-1.,https://www.axelos.com/certifications/itil-service-management/itil-4-foundation
itil-foundation,service-value-system,SV-1,ITIL 4 Foundation — SV-1 (EASY) #13,Identify the core principle behind Describe governance and continual improvement?,Use an approach that contradicts the exam objective and ignores documented constraints.,"Deploy without monitoring, backup, or access controls required by the blueprint.",Mix controls from unrelated domains that do not address the stated objective.,"Follow the documented approach for Describe governance and continual improvement, using recommended services and controls per the exam guide.",B,EASY,itil-foundation|service-value-system|SV-1|easy|blueprint-seed,**Answer: B** — Describe governance and continual improvement. Review the official AXELOS exam guide (ITIL 4 Foundation) and linked documentation. Objective: SV-1.,https://www.axelos.com/certifications/itil-service-management/itil-4-foundation
itil-foundation,service-value-system,SV-1,ITIL 4 Foundation — SV-1 (EASY) #14,Which description accurately reflects Describe governance and continual improvement?,"Deploy without monitoring, backup, or access controls required by the blueprint.",Mix controls from unrelated domains that do not address the stated objective.,"Implement Describe governance and continual improvement using AXELOS best practices for Understand the Service Value System, including monitoring and least privilege.",Use an approach that contradicts the exam objective and ignores documented constraints.,C,EASY,itil-foundation|service-value-system|SV-1|easy|blueprint-seed,**Answer: C** — Describe governance and continual improvement. Review the official AXELOS exam guide (ITIL 4 Foundation) and linked documentation. Objective: SV-1.,https://www.axelos.com/certifications/itil-service-management/itil-4-foundation
itil-foundation,service-value-system,SV-1,ITIL 4 Foundation — SV-1 (EASY) #15,Which statement best defines the scope of Describe governance and continual improvement?,Mix controls from unrelated domains that do not address the stated objective.,Apply the official Understand the Service Value System guidance: Describe governance and continual improvement — this aligns with exam blueprint expectations and vendor documentation.,Use an approach that contradicts the exam objective and ignores documented constraints.,"Deploy without monitoring, backup, or access controls required by the blueprint.",D,EASY,itil-foundation|service-value-system|SV-1|easy|blueprint-seed,**Answer: D** — Describe governance and continual improvement. Review the official AXELOS exam guide (ITIL 4 Foundation) and linked documentation. Objective: SV-1.,https://www.axelos.com/certifications/itil-service-management/itil-4-foundation
itil-foundation,service-value-system,SV-1,ITIL 4 Foundation — SV-1 (MEDIUM) #16,Which approach aligns with best practices when Describe governance and continual improvement in the context of ITIL 4 Foundation?,"Follow the documented approach for Describe governance and continual improvement, using recommended services and controls per the exam guide.",Use an approach that contradicts the exam objective and ignores documented constraints.,"Deploy without monitoring, backup, or access controls required by the blueprint.",Mix controls from unrelated domains that do not address the stated objective.,A,MEDIUM,itil-foundation|service-value-system|SV-1|medium|blueprint-seed,**Answer: A** — Describe governance and continual improvement. Review the official AXELOS exam guide (ITIL 4 Foundation) and linked documentation. Objective: SV-1.,https://www.axelos.com/certifications/itil-service-management/itil-4-foundation
itil-foundation,service-value-system,SV-1,ITIL 4 Foundation — SV-1 (MEDIUM) #17,"During a project review, stakeholders ask how to Describe governance and continual improvement in the context of ITIL 4 Foundation?",Use an approach that contradicts the exam objective and ignores documented constraints.,"Deploy without monitoring, backup, or access controls required by the blueprint.",Mix controls from unrelated domains that do not address the stated objective.,"Implement Describe governance and continual improvement using AXELOS best practices for Understand the Service Value System, including monitoring and least privilege.",B,MEDIUM,itil-foundation|service-value-system|SV-1|medium|blueprint-seed,**Answer: B** — Describe governance and continual improvement. Review the official AXELOS exam guide (ITIL 4 Foundation) and linked documentation. Objective: SV-1.,https://www.axelos.com/certifications/itil-service-management/itil-4-foundation
itil-foundation,service-value-system,SV-1,ITIL 4 Foundation — SV-1 (MEDIUM) #18,Which configuration satisfies requirements for Describe governance and continual improvement in the context of ITIL 4 Foundation?,"Deploy without monitoring, backup, or access controls required by the blueprint.",Mix controls from unrelated domains that do not address the stated objective.,Apply the official Understand the Service Value System guidance: Describe governance and continual improvement — this aligns with exam blueprint expectations and vendor documentation.,Use an approach that contradicts the exam objective and ignores documented constraints.,C,MEDIUM,itil-foundation|service-value-system|SV-1|medium|blueprint-seed,**Answer: C** — Describe governance and continual improvement. Review the official AXELOS exam guide (ITIL 4 Foundation) and linked documentation. Objective: SV-1.,https://www.axelos.com/certifications/itil-service-management/itil-4-foundation
itil-foundation,service-value-system,SV-1,ITIL 4 Foundation — SV-1 (MEDIUM) #19,What is the recommended design when applying Describe governance and continual improvement in the context of ITIL 4 Foundation?,Mix controls from unrelated domains that do not address the stated objective.,"Follow the documented approach for Describe governance and continual improvement, using recommended services and controls per the exam guide.",Use an approach that contradicts the exam objective and ignores documented constraints.,"Deploy without monitoring, backup, or access controls required by the blueprint.",D,MEDIUM,itil-foundation|service-value-system|SV-1|medium|blueprint-seed,**Answer: D** — Describe governance and continual improvement. Review the official AXELOS exam guide (ITIL 4 Foundation) and linked documentation. Objective: SV-1.,https://www.axelos.com/certifications/itil-service-management/itil-4-foundation
itil-foundation,service-value-system,SV-1,ITIL 4 Foundation — SV-1 (MEDIUM) #20,A team must implement a solution for Describe governance and continual improvement in the context of ITIL 4 Foundation?,"Implement Describe governance and continual improvement using AXELOS best practices for Understand the Service Value System, including monitoring and least privilege.",Use an approach that contradicts the exam objective and ignores documented constraints.,"Deploy without monitoring, backup, or access controls required by the blueprint.",Mix controls from unrelated domains that do not address the stated objective.,A,MEDIUM,itil-foundation|service-value-system|SV-1|medium|blueprint-seed,**Answer: A** — Describe governance and continual improvement. Review the official AXELOS exam guide (ITIL 4 Foundation) and linked documentation. Objective: SV-1.,https://www.axelos.com/certifications/itil-service-management/itil-4-foundation
itil-foundation,service-value-system,SV-1,ITIL 4 Foundation — SV-1 (MEDIUM) #21,Which approach aligns with best practices when Describe governance and continual improvement in the context of ITIL 4 Foundation?,Use an approach that contradicts the exam objective and ignores documented constraints.,"Deploy without monitoring, backup, or access controls required by the blueprint.",Mix controls from unrelated domains that do not address the stated objective.,Apply the official Understand the Service Value System guidance: Describe governance and continual improvement — this aligns with exam blueprint expectations and vendor documentation.,B,MEDIUM,itil-foundation|service-value-system|SV-1|medium|blueprint-seed,**Answer: B** — Describe governance and continual improvement. Review the official AXELOS exam guide (ITIL 4 Foundation) and linked documentation. Objective: SV-1.,https://www.axelos.com/certifications/itil-service-management/itil-4-foundation
itil-foundation,service-value-system,SV-1,ITIL 4 Foundation — SV-1 (MEDIUM) #22,"During a project review, stakeholders ask how to Describe governance and continual improvement in the context of ITIL 4 Foundation?","Deploy without monitoring, backup, or access controls required by the blueprint.",Mix controls from unrelated domains that do not address the stated objective.,"Follow the documented approach for Describe governance and continual improvement, using recommended services and controls per the exam guide.",Use an approach that contradicts the exam objective and ignores documented constraints.,C,MEDIUM,itil-foundation|service-value-system|SV-1|medium|blueprint-seed,**Answer: C** — Describe governance and continual improvement. Review the official AXELOS exam guide (ITIL 4 Foundation) and linked documentation. Objective: SV-1.,https://www.axelos.com/certifications/itil-service-management/itil-4-foundation
itil-foundation,service-value-system,SV-1,ITIL 4 Foundation — SV-1 (MEDIUM) #23,Which configuration satisfies requirements for Describe governance and continual improvement in the context of ITIL 4 Foundation?,Mix controls from unrelated domains that do not address the stated objective.,"Implement Describe governance and continual improvement using AXELOS best practices for Understand the Service Value System, including monitoring and least privilege.",Use an approach that contradicts the exam objective and ignores documented constraints.,"Deploy without monitoring, backup, or access controls required by the blueprint.",D,MEDIUM,itil-foundation|service-value-system|SV-1|medium|blueprint-seed,**Answer: D** — Describe governance and continual improvement. Review the official AXELOS exam guide (ITIL 4 Foundation) and linked documentation. Objective: SV-1.,https://www.axelos.com/certifications/itil-service-management/itil-4-foundation
itil-foundation,service-value-system,SV-1,ITIL 4 Foundation — SV-1 (MEDIUM) #24,What is the recommended design when applying Describe governance and continual improvement in the context of ITIL 4 Foundation?,Apply the official Understand the Service Value System guidance: Describe governance and continual improvement — this aligns with exam blueprint expectations and vendor documentation.,Use an approach that contradicts the exam objective and ignores documented constraints.,"Deploy without monitoring, backup, or access controls required by the blueprint.",Mix controls from unrelated domains that do not address the stated objective.,A,MEDIUM,itil-foundation|service-value-system|SV-1|medium|blueprint-seed,**Answer: A** — Describe governance and continual improvement. Review the official AXELOS exam guide (ITIL 4 Foundation) and linked documentation. Objective: SV-1.,https://www.axelos.com/certifications/itil-service-management/itil-4-foundation
itil-foundation,service-value-system,SV-1,ITIL 4 Foundation — SV-1 (MEDIUM) #25,A team must implement a solution for Describe governance and continual improvement in the context of ITIL 4 Foundation?,Use an approach that contradicts the exam objective and ignores documented constraints.,"Deploy without monitoring, backup, or access controls required by the blueprint.",Mix controls from unrelated domains that do not address the stated objective.,"Follow the documented approach for Describe governance and continual improvement, using recommended services and controls per the exam guide.",B,MEDIUM,itil-foundation|service-value-system|SV-1|medium|blueprint-seed,**Answer: B** — Describe governance and continual improvement. Review the official AXELOS exam guide (ITIL 4 Foundation) and linked documentation. Objective: SV-1.,https://www.axelos.com/certifications/itil-service-management/itil-4-foundation
itil-foundation,service-value-system,SV-1,ITIL 4 Foundation — SV-1 (MEDIUM) #26,Which approach aligns with best practices when Describe governance and continual improvement in the context of ITIL 4 Foundation?,"Deploy without monitoring, backup, or access controls required by the blueprint.",Mix controls from unrelated domains that do not address the stated objective.,"Implement Describe governance and continual improvement using AXELOS best practices for Understand the Service Value System, including monitoring and least privilege.",Use an approach that contradicts the exam objective and ignores documented constraints.,C,MEDIUM,itil-foundation|service-value-system|SV-1|medium|blueprint-seed,**Answer: C** — Describe governance and continual improvement. Review the official AXELOS exam guide (ITIL 4 Foundation) and linked documentation. Objective: SV-1.,https://www.axelos.com/certifications/itil-service-management/itil-4-foundation
itil-foundation,service-value-system,SV-1,ITIL 4 Foundation — SV-1 (MEDIUM) #27,"During a project review, stakeholders ask how to Describe governance and continual improvement in the context of ITIL 4 Foundation?",Mix controls from unrelated domains that do not address the stated objective.,Apply the official Understand the Service Value System guidance: Describe governance and continual improvement — this aligns with exam blueprint expectations and vendor documentation.,Use an approach that contradicts the exam objective and ignores documented constraints.,"Deploy without monitoring, backup, or access controls required by the blueprint.",D,MEDIUM,itil-foundation|service-value-system|SV-1|medium|blueprint-seed,**Answer: D** — Describe governance and continual improvement. Review the official AXELOS exam guide (ITIL 4 Foundation) and linked documentation. Objective: SV-1.,https://www.axelos.com/certifications/itil-service-management/itil-4-foundation
itil-foundation,service-value-system,SV-1,ITIL 4 Foundation — SV-1 (MEDIUM) #28,Which configuration satisfies requirements for Describe governance and continual improvement in the context of ITIL 4 Foundation?,"Follow the documented approach for Describe governance and continual improvement, using recommended services and controls per the exam guide.",Use an approach that contradicts the exam objective and ignores documented constraints.,"Deploy without monitoring, backup, or access controls required by the blueprint.",Mix controls from unrelated domains that do not address the stated objective.,A,MEDIUM,itil-foundation|service-value-system|SV-1|medium|blueprint-seed,**Answer: A** — Describe governance and continual improvement. Review the official AXELOS exam guide (ITIL 4 Foundation) and linked documentation. Objective: SV-1.,https://www.axelos.com/certifications/itil-service-management/itil-4-foundation
itil-foundation,service-value-system,SV-1,ITIL 4 Foundation — SV-1 (MEDIUM) #29,What is the recommended design when applying Describe governance and continual improvement in the context of ITIL 4 Foundation?,Use an approach that contradicts the exam objective and ignores documented constraints.,"Deploy without monitoring, backup, or access controls required by the blueprint.",Mix controls from unrelated domains that do not address the stated objective.,"Implement Describe governance and continual improvement using AXELOS best practices for Understand the Service Value System, including monitoring and least privilege.",B,MEDIUM,itil-foundation|service-value-system|SV-1|medium|blueprint-seed,**Answer: B** — Describe governance and continual improvement. Review the official AXELOS exam guide (ITIL 4 Foundation) and linked documentation. Objective: SV-1.,https://www.axelos.com/certifications/itil-service-management/itil-4-foundation
itil-foundation,service-value-system,SV-1,ITIL 4 Foundation — SV-1 (MEDIUM) #30,A team must implement a solution for Describe governance and continual improvement in the context of ITIL 4 Foundation?,"Deploy without monitoring, backup, or access controls required by the blueprint.",Mix controls from unrelated domains that do not address the stated objective.,Apply the official Understand the Service Value System guidance: Describe governance and continual improvement — this aligns with exam blueprint expectations and vendor documentation.,Use an approach that contradicts the exam objective and ignores documented constraints.,C,MEDIUM,itil-foundation|service-value-system|SV-1|medium|blueprint-seed,**Answer: C** — Describe governance and continual improvement. Review the official AXELOS exam guide (ITIL 4 Foundation) and linked documentation. Objective: SV-1.,https://www.axelos.com/certifications/itil-service-management/itil-4-foundation
itil-foundation,service-value-system,SV-1,ITIL 4 Foundation — SV-1 (MEDIUM) #31,Which approach aligns with best practices when Describe governance and continual improvement in the context of ITIL 4 Foundation?,Mix controls from unrelated domains that do not address the stated objective.,"Follow the documented approach for Describe governance and continual improvement, using recommended services and controls per the exam guide.",Use an approach that contradicts the exam objective and ignores documented constraints.,"Deploy without monitoring, backup, or access controls required by the blueprint.",D,MEDIUM,itil-foundation|service-value-system|SV-1|medium|blueprint-seed,**Answer: D** — Describe governance and continual improvement. Review the official AXELOS exam guide (ITIL 4 Foundation) and linked documentation. Objective: SV-1.,https://www.axelos.com/certifications/itil-service-management/itil-4-foundation
itil-foundation,service-value-system,SV-1,ITIL 4 Foundation — SV-1 (MEDIUM) #32,"During a project review, stakeholders ask how to Describe governance and continual improvement in the context of ITIL 4 Foundation?","Implement Describe governance and continual improvement using AXELOS best practices for Understand the Service Value System, including monitoring and least privilege.",Use an approach that contradicts the exam objective and ignores documented constraints.,"Deploy without monitoring, backup, or access controls required by the blueprint.",Mix controls from unrelated domains that do not address the stated objective.,A,MEDIUM,itil-foundation|service-value-system|SV-1|medium|blueprint-seed,**Answer: A** — Describe governance and continual improvement. Review the official AXELOS exam guide (ITIL 4 Foundation) and linked documentation. Objective: SV-1.,https://www.axelos.com/certifications/itil-service-management/itil-4-foundation
itil-foundation,service-value-system,SV-1,ITIL 4 Foundation — SV-1 (MEDIUM) #33,Which configuration satisfies requirements for Describe governance and continual improvement in the context of ITIL 4 Foundation?,Use an approach that contradicts the exam objective and ignores documented constraints.,"Deploy without monitoring, backup, or access controls required by the blueprint.",Mix controls from unrelated domains that do not address the stated objective.,Apply the official Understand the Service Value System guidance: Describe governance and continual improvement — this aligns with exam blueprint expectations and vendor documentation.,B,MEDIUM,itil-foundation|service-value-system|SV-1|medium|blueprint-seed,**Answer: B** — Describe governance and continual improvement. Review the official AXELOS exam guide (ITIL 4 Foundation) and linked documentation. Objective: SV-1.,https://www.axelos.com/certifications/itil-service-management/itil-4-foundation
itil-foundation,service-value-system,SV-1,ITIL 4 Foundation — SV-1 (MEDIUM) #34,What is the recommended design when applying Describe governance and continual improvement in the context of ITIL 4 Foundation?,"Deploy without monitoring, backup, or access controls required by the blueprint.",Mix controls from unrelated domains that do not address the stated objective.,"Follow the documented approach for Describe governance and continual improvement, using recommended services and controls per the exam guide.",Use an approach that contradicts the exam objective and ignores documented constraints.,C,MEDIUM,itil-foundation|service-value-system|SV-1|medium|blueprint-seed,**Answer: C** — Describe governance and continual improvement. Review the official AXELOS exam guide (ITIL 4 Foundation) and linked documentation. Objective: SV-1.,https://www.axelos.com/certifications/itil-service-management/itil-4-foundation
itil-foundation,service-value-system,SV-1,ITIL 4 Foundation — SV-1 (MEDIUM) #35,A team must implement a solution for Describe governance and continual improvement in the context of ITIL 4 Foundation?,Mix controls from unrelated domains that do not address the stated objective.,"Implement Describe governance and continual improvement using AXELOS best practices for Understand the Service Value System, including monitoring and least privilege.",Use an approach that contradicts the exam objective and ignores documented constraints.,"Deploy without monitoring, backup, or access controls required by the blueprint.",D,MEDIUM,itil-foundation|service-value-system|SV-1|medium|blueprint-seed,**Answer: D** — Describe governance and continual improvement. Review the official AXELOS exam guide (ITIL 4 Foundation) and linked documentation. Objective: SV-1.,https://www.axelos.com/certifications/itil-service-management/itil-4-foundation
itil-foundation,service-value-system,SV-1,ITIL 4 Foundation — SV-1 (HARD) #36,"Given strict compliance, auditability, and multi-region constraints, how should you Describe governance and continual improvement for Understand the Service Value System?",Apply the official Understand the Service Value System guidance: Describe governance and continual improvement — this aligns with exam blueprint expectations and vendor documentation.,Use an approach that contradicts the exam objective and ignores documented constraints.,"Deploy without monitoring, backup, or access controls required by the blueprint.",Mix controls from unrelated domains that do not address the stated objective.,A,HARD,itil-foundation|service-value-system|SV-1|hard|blueprint-seed,**Answer: A** — Describe governance and continual improvement. Review the official AXELOS exam guide (ITIL 4 Foundation) and linked documentation. Objective: SV-1.,https://www.axelos.com/certifications/itil-service-management/itil-4-foundation
itil-foundation,service-value-system,SV-1,ITIL 4 Foundation — SV-1 (HARD) #37,A production incident involves trade-offs between cost and resilience for Describe governance and continual improvement for Understand the Service Value System?,Use an approach that contradicts the exam objective and ignores documented constraints.,"Deploy without monitoring, backup, or access controls required by the blueprint.",Mix controls from unrelated domains that do not address the stated objective.,"Follow the documented approach for Describe governance and continual improvement, using recommended services and controls per the exam guide.",B,HARD,itil-foundation|service-value-system|SV-1|hard|blueprint-seed,**Answer: B** — Describe governance and continual improvement. Review the official AXELOS exam guide (ITIL 4 Foundation) and linked documentation. Objective: SV-1.,https://www.axelos.com/certifications/itil-service-management/itil-4-foundation
itil-foundation,service-value-system,SV-1,ITIL 4 Foundation — SV-1 (HARD) #38,Complex regulatory requirements demand that you Describe governance and continual improvement for Understand the Service Value System?,"Deploy without monitoring, backup, or access controls required by the blueprint.",Mix controls from unrelated domains that do not address the stated objective.,"Implement Describe governance and continual improvement using AXELOS best practices for Understand the Service Value System, including monitoring and least privilege.",Use an approach that contradicts the exam objective and ignores documented constraints.,C,HARD,itil-foundation|service-value-system|SV-1|hard|blueprint-seed,**Answer: C** — Describe governance and continual improvement. Review the official AXELOS exam guide (ITIL 4 Foundation) and linked documentation. Objective: SV-1.,https://www.axelos.com/certifications/itil-service-management/itil-4-foundation
itil-foundation,service-value-system,SV-1,ITIL 4 Foundation — SV-1 (HARD) #39,A multi-team rollout must balance security and velocity for Describe governance and continual improvement for Understand the Service Value System?,Mix controls from unrelated domains that do not address the stated objective.,Apply the official Understand the Service Value System guidance: Describe governance and continual improvement — this aligns with exam blueprint expectations and vendor documentation.,Use an approach that contradicts the exam objective and ignores documented constraints.,"Deploy without monitoring, backup, or access controls required by the blueprint.",D,HARD,itil-foundation|service-value-system|SV-1|hard|blueprint-seed,**Answer: D** — Describe governance and continual improvement. Review the official AXELOS exam guide (ITIL 4 Foundation) and linked documentation. Objective: SV-1.,https://www.axelos.com/certifications/itil-service-management/itil-4-foundation
itil-foundation,service-value-system,SV-1,ITIL 4 Foundation — SV-1 (HARD) #40,An enterprise requires zero-downtime architecture while Describe governance and continual improvement for Understand the Service Value System?,"Follow the documented approach for Describe governance and continual improvement, using recommended services and controls per the exam guide.",Use an approach that contradicts the exam objective and ignores documented constraints.,"Deploy without monitoring, backup, or access controls required by the blueprint.",Mix controls from unrelated domains that do not address the stated objective.,A,HARD,itil-foundation|service-value-system|SV-1|hard|blueprint-seed,**Answer: A** — Describe governance and continual improvement. Review the official AXELOS exam guide (ITIL 4 Foundation) and linked documentation. Objective: SV-1.,https://www.axelos.com/certifications/itil-service-management/itil-4-foundation
itil-foundation,service-value-system,SV-1,ITIL 4 Foundation — SV-1 (HARD) #41,"Given strict compliance, auditability, and multi-region constraints, how should you Describe governance and continual improvement for Understand the Service Value System?",Use an approach that contradicts the exam objective and ignores documented constraints.,"Deploy without monitoring, backup, or access controls required by the blueprint.",Mix controls from unrelated domains that do not address the stated objective.,"Implement Describe governance and continual improvement using AXELOS best practices for Understand the Service Value System, including monitoring and least privilege.",B,HARD,itil-foundation|service-value-system|SV-1|hard|blueprint-seed,**Answer: B** — Describe governance and continual improvement. Review the official AXELOS exam guide (ITIL 4 Foundation) and linked documentation. Objective: SV-1.,https://www.axelos.com/certifications/itil-service-management/itil-4-foundation
itil-foundation,service-value-system,SV-1,ITIL 4 Foundation — SV-1 (HARD) #42,A production incident involves trade-offs between cost and resilience for Describe governance and continual improvement for Understand the Service Value System?,"Deploy without monitoring, backup, or access controls required by the blueprint.",Mix controls from unrelated domains that do not address the stated objective.,Apply the official Understand the Service Value System guidance: Describe governance and continual improvement — this aligns with exam blueprint expectations and vendor documentation.,Use an approach that contradicts the exam objective and ignores documented constraints.,C,HARD,itil-foundation|service-value-system|SV-1|hard|blueprint-seed,**Answer: C** — Describe governance and continual improvement. Review the official AXELOS exam guide (ITIL 4 Foundation) and linked documentation. Objective: SV-1.,https://www.axelos.com/certifications/itil-service-management/itil-4-foundation
itil-foundation,service-value-system,SV-1,ITIL 4 Foundation — SV-1 (HARD) #43,Complex regulatory requirements demand that you Describe governance and continual improvement for Understand the Service Value System?,Mix controls from unrelated domains that do not address the stated objective.,"Follow the documented approach for Describe governance and continual improvement, using recommended services and controls per the exam guide.",Use an approach that contradicts the exam objective and ignores documented constraints.,"Deploy without monitoring, backup, or access controls required by the blueprint.",D,HARD,itil-foundation|service-value-system|SV-1|hard|blueprint-seed,**Answer: D** — Describe governance and continual improvement. Review the official AXELOS exam guide (ITIL 4 Foundation) and linked documentation. Objective: SV-1.,https://www.axelos.com/certifications/itil-service-management/itil-4-foundation
itil-foundation,service-value-system,SV-1,ITIL 4 Foundation — SV-1 (HARD) #44,A multi-team rollout must balance security and velocity for Describe governance and continual improvement for Understand the Service Value System?,"Implement Describe governance and continual improvement using AXELOS best practices for Understand the Service Value System, including monitoring and least privilege.",Use an approach that contradicts the exam objective and ignores documented constraints.,"Deploy without monitoring, backup, or access controls required by the blueprint.",Mix controls from unrelated domains that do not address the stated objective.,A,HARD,itil-foundation|service-value-system|SV-1|hard|blueprint-seed,**Answer: A** — Describe governance and continual improvement. Review the official AXELOS exam guide (ITIL 4 Foundation) and linked documentation. Objective: SV-1.,https://www.axelos.com/certifications/itil-service-management/itil-4-foundation
itil-foundation,service-value-system,SV-1,ITIL 4 Foundation — SV-1 (HARD) #45,An enterprise requires zero-downtime architecture while Describe governance and continual improvement for Understand the Service Value System?,Use an approach that contradicts the exam objective and ignores documented constraints.,"Deploy without monitoring, backup, or access controls required by the blueprint.",Mix controls from unrelated domains that do not address the stated objective.,Apply the official Understand the Service Value System guidance: Describe governance and continual improvement — this aligns with exam blueprint expectations and vendor documentation.,B,HARD,itil-foundation|service-value-system|SV-1|hard|blueprint-seed,**Answer: B** — Describe governance and continual improvement. Review the official AXELOS exam guide (ITIL 4 Foundation) and linked documentation. Objective: SV-1.,https://www.axelos.com/certifications/itil-service-management/itil-4-foundation
itil-foundation,service-value-system,SV-1,ITIL 4 Foundation — SV-1 (HARD) #46,"Given strict compliance, auditability, and multi-region constraints, how should you Describe governance and continual improvement for Understand the Service Value System?","Deploy without monitoring, backup, or access controls required by the blueprint.",Mix controls from unrelated domains that do not address the stated objective.,"Follow the documented approach for Describe governance and continual improvement, using recommended services and controls per the exam guide.",Use an approach that contradicts the exam objective and ignores documented constraints.,C,HARD,itil-foundation|service-value-system|SV-1|hard|blueprint-seed,**Answer: C** — Describe governance and continual improvement. Review the official AXELOS exam guide (ITIL 4 Foundation) and linked documentation. Objective: SV-1.,https://www.axelos.com/certifications/itil-service-management/itil-4-foundation
itil-foundation,service-value-system,SV-1,ITIL 4 Foundation — SV-1 (HARD) #47,A production incident involves trade-offs between cost and resilience for Describe governance and continual improvement for Understand the Service Value System?,Mix controls from unrelated domains that do not address the stated objective.,"Implement Describe governance and continual improvement using AXELOS best practices for Understand the Service Value System, including monitoring and least privilege.",Use an approach that contradicts the exam objective and ignores documented constraints.,"Deploy without monitoring, backup, or access controls required by the blueprint.",D,HARD,itil-foundation|service-value-system|SV-1|hard|blueprint-seed,**Answer: D** — Describe governance and continual improvement. Review the official AXELOS exam guide (ITIL 4 Foundation) and linked documentation. Objective: SV-1.,https://www.axelos.com/certifications/itil-service-management/itil-4-foundation
itil-foundation,service-value-system,SV-1,ITIL 4 Foundation — SV-1 (HARD) #48,Complex regulatory requirements demand that you Describe governance and continual improvement for Understand the Service Value System?,Apply the official Understand the Service Value System guidance: Describe governance and continual improvement — this aligns with exam blueprint expectations and vendor documentation.,Use an approach that contradicts the exam objective and ignores documented constraints.,"Deploy without monitoring, backup, or access controls required by the blueprint.",Mix controls from unrelated domains that do not address the stated objective.,A,HARD,itil-foundation|service-value-system|SV-1|hard|blueprint-seed,**Answer: A** — Describe governance and continual improvement. Review the official AXELOS exam guide (ITIL 4 Foundation) and linked documentation. Objective: SV-1.,https://www.axelos.com/certifications/itil-service-management/itil-4-foundation
itil-foundation,service-value-system,SV-1,ITIL 4 Foundation — SV-1 (HARD) #49,A multi-team rollout must balance security and velocity for Describe governance and continual improvement for Understand the Service Value System?,Use an approach that contradicts the exam objective and ignores documented constraints.,"Deploy without monitoring, backup, or access controls required by the blueprint.",Mix controls from unrelated domains that do not address the stated objective.,"Follow the documented approach for Describe governance and continual improvement, using recommended services and controls per the exam guide.",B,HARD,itil-foundation|service-value-system|SV-1|hard|blueprint-seed,**Answer: B** — Describe governance and continual improvement. Review the official AXELOS exam guide (ITIL 4 Foundation) and linked documentation. Objective: SV-1.,https://www.axelos.com/certifications/itil-service-management/itil-4-foundation
itil-foundation,service-value-system,SV-1,ITIL 4 Foundation — SV-1 (HARD) #50,An enterprise requires zero-downtime architecture while Describe governance and continual improvement for Understand the Service Value System?,"Deploy without monitoring, backup, or access controls required by the blueprint.",Mix controls from unrelated domains that do not address the stated objective.,"Implement Describe governance and continual improvement using AXELOS best practices for Understand the Service Value System, including monitoring and least privilege.",Use an approach that contradicts the exam objective and ignores documented constraints.,C,HARD,itil-foundation|service-value-system|SV-1|hard|blueprint-seed,**Answer: C** — Describe governance and continual improvement. Review the official AXELOS exam guide (ITIL 4 Foundation) and linked documentation. Objective: SV-1.,https://www.axelos.com/certifications/itil-service-management/itil-4-foundation
itil-foundation,service-value-system,SV-2,ITIL 4 Foundation — SV-2 (EASY) #1,What is the primary purpose of Explain service value chain activities?,Use an approach that contradicts the exam objective and ignores documented constraints.,"Deploy without monitoring, backup, or access controls required by the blueprint.",Mix controls from unrelated domains that do not address the stated objective.,"Follow the documented approach for Explain service value chain activities, using recommended services and controls per the exam guide.",B,EASY,itil-foundation|service-value-system|SV-2|easy|blueprint-seed,**Answer: B** — Explain service value chain activities. Review the official AXELOS exam guide (ITIL 4 Foundation) and linked documentation. Objective: SV-2.,https://www.axelos.com/certifications/itil-service-management/itil-4-foundation
itil-foundation,service-value-system,SV-2,ITIL 4 Foundation — SV-2 (EASY) #2,Which concept is fundamental to Explain service value chain activities?,"Deploy without monitoring, backup, or access controls required by the blueprint.",Mix controls from unrelated domains that do not address the stated objective.,"Implement Explain service value chain activities using AXELOS best practices for Understand the Service Value System, including monitoring and least privilege.",Use an approach that contradicts the exam objective and ignores documented constraints.,C,EASY,itil-foundation|service-value-system|SV-2|easy|blueprint-seed,**Answer: C** — Explain service value chain activities. Review the official AXELOS exam guide (ITIL 4 Foundation) and linked documentation. Objective: SV-2.,https://www.axelos.com/certifications/itil-service-management/itil-4-foundation
itil-foundation,service-value-system,SV-2,ITIL 4 Foundation — SV-2 (EASY) #3,Identify the core principle behind Explain service value chain activities?,Mix controls from unrelated domains that do not address the stated objective.,Apply the official Understand the Service Value System guidance: Explain service value chain activities — this aligns with exam blueprint expectations and vendor documentation.,Use an approach that contradicts the exam objective and ignores documented constraints.,"Deploy without monitoring, backup, or access controls required by the blueprint.",D,EASY,itil-foundation|service-value-system|SV-2|easy|blueprint-seed,**Answer: D** — Explain service value chain activities. Review the official AXELOS exam guide (ITIL 4 Foundation) and linked documentation. Objective: SV-2.,https://www.axelos.com/certifications/itil-service-management/itil-4-foundation
itil-foundation,service-value-system,SV-2,ITIL 4 Foundation — SV-2 (EASY) #4,Which description accurately reflects Explain service value chain activities?,"Follow the documented approach for Explain service value chain activities, using recommended services and controls per the exam guide.",Use an approach that contradicts the exam objective and ignores documented constraints.,"Deploy without monitoring, backup, or access controls required by the blueprint.",Mix controls from unrelated domains that do not address the stated objective.,A,EASY,itil-foundation|service-value-system|SV-2|easy|blueprint-seed,**Answer: A** — Explain service value chain activities. Review the official AXELOS exam guide (ITIL 4 Foundation) and linked documentation. Objective: SV-2.,https://www.axelos.com/certifications/itil-service-management/itil-4-foundation
itil-foundation,service-value-system,SV-2,ITIL 4 Foundation — SV-2 (EASY) #5,Which statement best defines the scope of Explain service value chain activities?,Use an approach that contradicts the exam objective and ignores documented constraints.,"Deploy without monitoring, backup, or access controls required by the blueprint.",Mix controls from unrelated domains that do not address the stated objective.,"Implement Explain service value chain activities using AXELOS best practices for Understand the Service Value System, including monitoring and least privilege.",B,EASY,itil-foundation|service-value-system|SV-2|easy|blueprint-seed,**Answer: B** — Explain service value chain activities. Review the official AXELOS exam guide (ITIL 4 Foundation) and linked documentation. Objective: SV-2.,https://www.axelos.com/certifications/itil-service-management/itil-4-foundation
itil-foundation,service-value-system,SV-2,ITIL 4 Foundation — SV-2 (EASY) #6,What is the primary purpose of Explain service value chain activities?,"Deploy without monitoring, backup, or access controls required by the blueprint.",Mix controls from unrelated domains that do not address the stated objective.,Apply the official Understand the Service Value System guidance: Explain service value chain activities — this aligns with exam blueprint expectations and vendor documentation.,Use an approach that contradicts the exam objective and ignores documented constraints.,C,EASY,itil-foundation|service-value-system|SV-2|easy|blueprint-seed,**Answer: C** — Explain service value chain activities. Review the official AXELOS exam guide (ITIL 4 Foundation) and linked documentation. Objective: SV-2.,https://www.axelos.com/certifications/itil-service-management/itil-4-foundation
itil-foundation,service-value-system,SV-2,ITIL 4 Foundation — SV-2 (EASY) #7,Which concept is fundamental to Explain service value chain activities?,Mix controls from unrelated domains that do not address the stated objective.,"Follow the documented approach for Explain service value chain activities, using recommended services and controls per the exam guide.",Use an approach that contradicts the exam objective and ignores documented constraints.,"Deploy without monitoring, backup, or access controls required by the blueprint.",D,EASY,itil-foundation|service-value-system|SV-2|easy|blueprint-seed,**Answer: D** — Explain service value chain activities. Review the official AXELOS exam guide (ITIL 4 Foundation) and linked documentation. Objective: SV-2.,https://www.axelos.com/certifications/itil-service-management/itil-4-foundation
itil-foundation,service-value-system,SV-2,ITIL 4 Foundation — SV-2 (EASY) #8,Identify the core principle behind Explain service value chain activities?,"Implement Explain service value chain activities using AXELOS best practices for Understand the Service Value System, including monitoring and least privilege.",Use an approach that contradicts the exam objective and ignores documented constraints.,"Deploy without monitoring, backup, or access controls required by the blueprint.",Mix controls from unrelated domains that do not address the stated objective.,A,EASY,itil-foundation|service-value-system|SV-2|easy|blueprint-seed,**Answer: A** — Explain service value chain activities. Review the official AXELOS exam guide (ITIL 4 Foundation) and linked documentation. Objective: SV-2.,https://www.axelos.com/certifications/itil-service-management/itil-4-foundation
itil-foundation,service-value-system,SV-2,ITIL 4 Foundation — SV-2 (EASY) #9,Which description accurately reflects Explain service value chain activities?,Use an approach that contradicts the exam objective and ignores documented constraints.,"Deploy without monitoring, backup, or access controls required by the blueprint.",Mix controls from unrelated domains that do not address the stated objective.,Apply the official Understand the Service Value System guidance: Explain service value chain activities — this aligns with exam blueprint expectations and vendor documentation.,B,EASY,itil-foundation|service-value-system|SV-2|easy|blueprint-seed,**Answer: B** — Explain service value chain activities. Review the official AXELOS exam guide (ITIL 4 Foundation) and linked documentation. Objective: SV-2.,https://www.axelos.com/certifications/itil-service-management/itil-4-foundation
itil-foundation,service-value-system,SV-2,ITIL 4 Foundation — SV-2 (EASY) #10,Which statement best defines the scope of Explain service value chain activities?,"Deploy without monitoring, backup, or access controls required by the blueprint.",Mix controls from unrelated domains that do not address the stated objective.,"Follow the documented approach for Explain service value chain activities, using recommended services and controls per the exam guide.",Use an approach that contradicts the exam objective and ignores documented constraints.,C,EASY,itil-foundation|service-value-system|SV-2|easy|blueprint-seed,**Answer: C** — Explain service value chain activities. Review the official AXELOS exam guide (ITIL 4 Foundation) and linked documentation. Objective: SV-2.,https://www.axelos.com/certifications/itil-service-management/itil-4-foundation
itil-foundation,service-value-system,SV-2,ITIL 4 Foundation — SV-2 (EASY) #11,What is the primary purpose of Explain service value chain activities?,Mix controls from unrelated domains that do not address the stated objective.,"Implement Explain service value chain activities using AXELOS best practices for Understand the Service Value System, including monitoring and least privilege.",Use an approach that contradicts the exam objective and ignores documented constraints.,"Deploy without monitoring, backup, or access controls required by the blueprint.",D,EASY,itil-foundation|service-value-system|SV-2|easy|blueprint-seed,**Answer: D** — Explain service value chain activities. Review the official AXELOS exam guide (ITIL 4 Foundation) and linked documentation. Objective: SV-2.,https://www.axelos.com/certifications/itil-service-management/itil-4-foundation
itil-foundation,service-value-system,SV-2,ITIL 4 Foundation — SV-2 (EASY) #12,Which concept is fundamental to Explain service value chain activities?,Apply the official Understand the Service Value System guidance: Explain service value chain activities — this aligns with exam blueprint expectations and vendor documentation.,Use an approach that contradicts the exam objective and ignores documented constraints.,"Deploy without monitoring, backup, or access controls required by the blueprint.",Mix controls from unrelated domains that do not address the stated objective.,A,EASY,itil-foundation|service-value-system|SV-2|easy|blueprint-seed,**Answer: A** — Explain service value chain activities. Review the official AXELOS exam guide (ITIL 4 Foundation) and linked documentation. Objective: SV-2.,https://www.axelos.com/certifications/itil-service-management/itil-4-foundation
itil-foundation,service-value-system,SV-2,ITIL 4 Foundation — SV-2 (EASY) #13,Identify the core principle behind Explain service value chain activities?,Use an approach that contradicts the exam objective and ignores documented constraints.,"Deploy without monitoring, backup, or access controls required by the blueprint.",Mix controls from unrelated domains that do not address the stated objective.,"Follow the documented approach for Explain service value chain activities, using recommended services and controls per the exam guide.",B,EASY,itil-foundation|service-value-system|SV-2|easy|blueprint-seed,**Answer: B** — Explain service value chain activities. Review the official AXELOS exam guide (ITIL 4 Foundation) and linked documentation. Objective: SV-2.,https://www.axelos.com/certifications/itil-service-management/itil-4-foundation
itil-foundation,service-value-system,SV-2,ITIL 4 Foundation — SV-2 (EASY) #14,Which description accurately reflects Explain service value chain activities?,"Deploy without monitoring, backup, or access controls required by the blueprint.",Mix controls from unrelated domains that do not address the stated objective.,"Implement Explain service value chain activities using AXELOS best practices for Understand the Service Value System, including monitoring and least privilege.",Use an approach that contradicts the exam objective and ignores documented constraints.,C,EASY,itil-foundation|service-value-system|SV-2|easy|blueprint-seed,**Answer: C** — Explain service value chain activities. Review the official AXELOS exam guide (ITIL 4 Foundation) and linked documentation. Objective: SV-2.,https://www.axelos.com/certifications/itil-service-management/itil-4-foundation
itil-foundation,service-value-system,SV-2,ITIL 4 Foundation — SV-2 (EASY) #15,Which statement best defines the scope of Explain service value chain activities?,Mix controls from unrelated domains that do not address the stated objective.,Apply the official Understand the Service Value System guidance: Explain service value chain activities — this aligns with exam blueprint expectations and vendor documentation.,Use an approach that contradicts the exam objective and ignores documented constraints.,"Deploy without monitoring, backup, or access controls required by the blueprint.",D,EASY,itil-foundation|service-value-system|SV-2|easy|blueprint-seed,**Answer: D** — Explain service value chain activities. Review the official AXELOS exam guide (ITIL 4 Foundation) and linked documentation. Objective: SV-2.,https://www.axelos.com/certifications/itil-service-management/itil-4-foundation
itil-foundation,service-value-system,SV-2,ITIL 4 Foundation — SV-2 (MEDIUM) #16,Which approach aligns with best practices when Explain service value chain activities in the context of ITIL 4 Foundation?,"Follow the documented approach for Explain service value chain activities, using recommended services and controls per the exam guide.",Use an approach that contradicts the exam objective and ignores documented constraints.,"Deploy without monitoring, backup, or access controls required by the blueprint.",Mix controls from unrelated domains that do not address the stated objective.,A,MEDIUM,itil-foundation|service-value-system|SV-2|medium|blueprint-seed,**Answer: A** — Explain service value chain activities. Review the official AXELOS exam guide (ITIL 4 Foundation) and linked documentation. Objective: SV-2.,https://www.axelos.com/certifications/itil-service-management/itil-4-foundation
itil-foundation,service-value-system,SV-2,ITIL 4 Foundation — SV-2 (MEDIUM) #17,"During a project review, stakeholders ask how to Explain service value chain activities in the context of ITIL 4 Foundation?",Use an approach that contradicts the exam objective and ignores documented constraints.,"Deploy without monitoring, backup, or access controls required by the blueprint.",Mix controls from unrelated domains that do not address the stated objective.,"Implement Explain service value chain activities using AXELOS best practices for Understand the Service Value System, including monitoring and least privilege.",B,MEDIUM,itil-foundation|service-value-system|SV-2|medium|blueprint-seed,**Answer: B** — Explain service value chain activities. Review the official AXELOS exam guide (ITIL 4 Foundation) and linked documentation. Objective: SV-2.,https://www.axelos.com/certifications/itil-service-management/itil-4-foundation
itil-foundation,service-value-system,SV-2,ITIL 4 Foundation — SV-2 (MEDIUM) #18,Which configuration satisfies requirements for Explain service value chain activities in the context of ITIL 4 Foundation?,"Deploy without monitoring, backup, or access controls required by the blueprint.",Mix controls from unrelated domains that do not address the stated objective.,Apply the official Understand the Service Value System guidance: Explain service value chain activities — this aligns with exam blueprint expectations and vendor documentation.,Use an approach that contradicts the exam objective and ignores documented constraints.,C,MEDIUM,itil-foundation|service-value-system|SV-2|medium|blueprint-seed,**Answer: C** — Explain service value chain activities. Review the official AXELOS exam guide (ITIL 4 Foundation) and linked documentation. Objective: SV-2.,https://www.axelos.com/certifications/itil-service-management/itil-4-foundation
itil-foundation,service-value-system,SV-2,ITIL 4 Foundation — SV-2 (MEDIUM) #19,What is the recommended design when applying Explain service value chain activities in the context of ITIL 4 Foundation?,Mix controls from unrelated domains that do not address the stated objective.,"Follow the documented approach for Explain service value chain activities, using recommended services and controls per the exam guide.",Use an approach that contradicts the exam objective and ignores documented constraints.,"Deploy without monitoring, backup, or access controls required by the blueprint.",D,MEDIUM,itil-foundation|service-value-system|SV-2|medium|blueprint-seed,**Answer: D** — Explain service value chain activities. Review the official AXELOS exam guide (ITIL 4 Foundation) and linked documentation. Objective: SV-2.,https://www.axelos.com/certifications/itil-service-management/itil-4-foundation
itil-foundation,service-value-system,SV-2,ITIL 4 Foundation — SV-2 (MEDIUM) #20,A team must implement a solution for Explain service value chain activities in the context of ITIL 4 Foundation?,"Implement Explain service value chain activities using AXELOS best practices for Understand the Service Value System, including monitoring and least privilege.",Use an approach that contradicts the exam objective and ignores documented constraints.,"Deploy without monitoring, backup, or access controls required by the blueprint.",Mix controls from unrelated domains that do not address the stated objective.,A,MEDIUM,itil-foundation|service-value-system|SV-2|medium|blueprint-seed,**Answer: A** — Explain service value chain activities. Review the official AXELOS exam guide (ITIL 4 Foundation) and linked documentation. Objective: SV-2.,https://www.axelos.com/certifications/itil-service-management/itil-4-foundation
itil-foundation,service-value-system,SV-2,ITIL 4 Foundation — SV-2 (MEDIUM) #21,Which approach aligns with best practices when Explain service value chain activities in the context of ITIL 4 Foundation?,Use an approach that contradicts the exam objective and ignores documented constraints.,"Deploy without monitoring, backup, or access controls required by the blueprint.",Mix controls from unrelated domains that do not address the stated objective.,Apply the official Understand the Service Value System guidance: Explain service value chain activities — this aligns with exam blueprint expectations and vendor documentation.,B,MEDIUM,itil-foundation|service-value-system|SV-2|medium|blueprint-seed,**Answer: B** — Explain service value chain activities. Review the official AXELOS exam guide (ITIL 4 Foundation) and linked documentation. Objective: SV-2.,https://www.axelos.com/certifications/itil-service-management/itil-4-foundation
itil-foundation,service-value-system,SV-2,ITIL 4 Foundation — SV-2 (MEDIUM) #22,"During a project review, stakeholders ask how to Explain service value chain activities in the context of ITIL 4 Foundation?","Deploy without monitoring, backup, or access controls required by the blueprint.",Mix controls from unrelated domains that do not address the stated objective.,"Follow the documented approach for Explain service value chain activities, using recommended services and controls per the exam guide.",Use an approach that contradicts the exam objective and ignores documented constraints.,C,MEDIUM,itil-foundation|service-value-system|SV-2|medium|blueprint-seed,**Answer: C** — Explain service value chain activities. Review the official AXELOS exam guide (ITIL 4 Foundation) and linked documentation. Objective: SV-2.,https://www.axelos.com/certifications/itil-service-management/itil-4-foundation
itil-foundation,service-value-system,SV-2,ITIL 4 Foundation — SV-2 (MEDIUM) #23,Which configuration satisfies requirements for Explain service value chain activities in the context of ITIL 4 Foundation?,Mix controls from unrelated domains that do not address the stated objective.,"Implement Explain service value chain activities using AXELOS best practices for Understand the Service Value System, including monitoring and least privilege.",Use an approach that contradicts the exam objective and ignores documented constraints.,"Deploy without monitoring, backup, or access controls required by the blueprint.",D,MEDIUM,itil-foundation|service-value-system|SV-2|medium|blueprint-seed,**Answer: D** — Explain service value chain activities. Review the official AXELOS exam guide (ITIL 4 Foundation) and linked documentation. Objective: SV-2.,https://www.axelos.com/certifications/itil-service-management/itil-4-foundation
itil-foundation,service-value-system,SV-2,ITIL 4 Foundation — SV-2 (MEDIUM) #24,What is the recommended design when applying Explain service value chain activities in the context of ITIL 4 Foundation?,Apply the official Understand the Service Value System guidance: Explain service value chain activities — this aligns with exam blueprint expectations and vendor documentation.,Use an approach that contradicts the exam objective and ignores documented constraints.,"Deploy without monitoring, backup, or access controls required by the blueprint.",Mix controls from unrelated domains that do not address the stated objective.,A,MEDIUM,itil-foundation|service-value-system|SV-2|medium|blueprint-seed,**Answer: A** — Explain service value chain activities. Review the official AXELOS exam guide (ITIL 4 Foundation) and linked documentation. Objective: SV-2.,https://www.axelos.com/certifications/itil-service-management/itil-4-foundation
itil-foundation,service-value-system,SV-2,ITIL 4 Foundation — SV-2 (MEDIUM) #25,A team must implement a solution for Explain service value chain activities in the context of ITIL 4 Foundation?,Use an approach that contradicts the exam objective and ignores documented constraints.,"Deploy without monitoring, backup, or access controls required by the blueprint.",Mix controls from unrelated domains that do not address the stated objective.,"Follow the documented approach for Explain service value chain activities, using recommended services and controls per the exam guide.",B,MEDIUM,itil-foundation|service-value-system|SV-2|medium|blueprint-seed,**Answer: B** — Explain service value chain activities. Review the official AXELOS exam guide (ITIL 4 Foundation) and linked documentation. Objective: SV-2.,https://www.axelos.com/certifications/itil-service-management/itil-4-foundation
itil-foundation,service-value-system,SV-2,ITIL 4 Foundation — SV-2 (MEDIUM) #26,Which approach aligns with best practices when Explain service value chain activities in the context of ITIL 4 Foundation?,"Deploy without monitoring, backup, or access controls required by the blueprint.",Mix controls from unrelated domains that do not address the stated objective.,"Implement Explain service value chain activities using AXELOS best practices for Understand the Service Value System, including monitoring and least privilege.",Use an approach that contradicts the exam objective and ignores documented constraints.,C,MEDIUM,itil-foundation|service-value-system|SV-2|medium|blueprint-seed,**Answer: C** — Explain service value chain activities. Review the official AXELOS exam guide (ITIL 4 Foundation) and linked documentation. Objective: SV-2.,https://www.axelos.com/certifications/itil-service-management/itil-4-foundation
itil-foundation,service-value-system,SV-2,ITIL 4 Foundation — SV-2 (MEDIUM) #27,"During a project review, stakeholders ask how to Explain service value chain activities in the context of ITIL 4 Foundation?",Mix controls from unrelated domains that do not address the stated objective.,Apply the official Understand the Service Value System guidance: Explain service value chain activities — this aligns with exam blueprint expectations and vendor documentation.,Use an approach that contradicts the exam objective and ignores documented constraints.,"Deploy without monitoring, backup, or access controls required by the blueprint.",D,MEDIUM,itil-foundation|service-value-system|SV-2|medium|blueprint-seed,**Answer: D** — Explain service value chain activities. Review the official AXELOS exam guide (ITIL 4 Foundation) and linked documentation. Objective: SV-2.,https://www.axelos.com/certifications/itil-service-management/itil-4-foundation
itil-foundation,service-value-system,SV-2,ITIL 4 Foundation — SV-2 (MEDIUM) #28,Which configuration satisfies requirements for Explain service value chain activities in the context of ITIL 4 Foundation?,"Follow the documented approach for Explain service value chain activities, using recommended services and controls per the exam guide.",Use an approach that contradicts the exam objective and ignores documented constraints.,"Deploy without monitoring, backup, or access controls required by the blueprint.",Mix controls from unrelated domains that do not address the stated objective.,A,MEDIUM,itil-foundation|service-value-system|SV-2|medium|blueprint-seed,**Answer: A** — Explain service value chain activities. Review the official AXELOS exam guide (ITIL 4 Foundation) and linked documentation. Objective: SV-2.,https://www.axelos.com/certifications/itil-service-management/itil-4-foundation
itil-foundation,service-value-system,SV-2,ITIL 4 Foundation — SV-2 (MEDIUM) #29,What is the recommended design when applying Explain service value chain activities in the context of ITIL 4 Foundation?,Use an approach that contradicts the exam objective and ignores documented constraints.,"Deploy without monitoring, backup, or access controls required by the blueprint.",Mix controls from unrelated domains that do not address the stated objective.,"Implement Explain service value chain activities using AXELOS best practices for Understand the Service Value System, including monitoring and least privilege.",B,MEDIUM,itil-foundation|service-value-system|SV-2|medium|blueprint-seed,**Answer: B** — Explain service value chain activities. Review the official AXELOS exam guide (ITIL 4 Foundation) and linked documentation. Objective: SV-2.,https://www.axelos.com/certifications/itil-service-management/itil-4-foundation
itil-foundation,service-value-system,SV-2,ITIL 4 Foundation — SV-2 (MEDIUM) #30,A team must implement a solution for Explain service value chain activities in the context of ITIL 4 Foundation?,"Deploy without monitoring, backup, or access controls required by the blueprint.",Mix controls from unrelated domains that do not address the stated objective.,Apply the official Understand the Service Value System guidance: Explain service value chain activities — this aligns with exam blueprint expectations and vendor documentation.,Use an approach that contradicts the exam objective and ignores documented constraints.,C,MEDIUM,itil-foundation|service-value-system|SV-2|medium|blueprint-seed,**Answer: C** — Explain service value chain activities. Review the official AXELOS exam guide (ITIL 4 Foundation) and linked documentation. Objective: SV-2.,https://www.axelos.com/certifications/itil-service-management/itil-4-foundation
itil-foundation,service-value-system,SV-2,ITIL 4 Foundation — SV-2 (MEDIUM) #31,Which approach aligns with best practices when Explain service value chain activities in the context of ITIL 4 Foundation?,Mix controls from unrelated domains that do not address the stated objective.,"Follow the documented approach for Explain service value chain activities, using recommended services and controls per the exam guide.",Use an approach that contradicts the exam objective and ignores documented constraints.,"Deploy without monitoring, backup, or access controls required by the blueprint.",D,MEDIUM,itil-foundation|service-value-system|SV-2|medium|blueprint-seed,**Answer: D** — Explain service value chain activities. Review the official AXELOS exam guide (ITIL 4 Foundation) and linked documentation. Objective: SV-2.,https://www.axelos.com/certifications/itil-service-management/itil-4-foundation
itil-foundation,service-value-system,SV-2,ITIL 4 Foundation — SV-2 (MEDIUM) #32,"During a project review, stakeholders ask how to Explain service value chain activities in the context of ITIL 4 Foundation?","Implement Explain service value chain activities using AXELOS best practices for Understand the Service Value System, including monitoring and least privilege.",Use an approach that contradicts the exam objective and ignores documented constraints.,"Deploy without monitoring, backup, or access controls required by the blueprint.",Mix controls from unrelated domains that do not address the stated objective.,A,MEDIUM,itil-foundation|service-value-system|SV-2|medium|blueprint-seed,**Answer: A** — Explain service value chain activities. Review the official AXELOS exam guide (ITIL 4 Foundation) and linked documentation. Objective: SV-2.,https://www.axelos.com/certifications/itil-service-management/itil-4-foundation
itil-foundation,service-value-system,SV-2,ITIL 4 Foundation — SV-2 (MEDIUM) #33,Which configuration satisfies requirements for Explain service value chain activities in the context of ITIL 4 Foundation?,Use an approach that contradicts the exam objective and ignores documented constraints.,"Deploy without monitoring, backup, or access controls required by the blueprint.",Mix controls from unrelated domains that do not address the stated objective.,Apply the official Understand the Service Value System guidance: Explain service value chain activities — this aligns with exam blueprint expectations and vendor documentation.,B,MEDIUM,itil-foundation|service-value-system|SV-2|medium|blueprint-seed,**Answer: B** — Explain service value chain activities. Review the official AXELOS exam guide (ITIL 4 Foundation) and linked documentation. Objective: SV-2.,https://www.axelos.com/certifications/itil-service-management/itil-4-foundation
itil-foundation,service-value-system,SV-2,ITIL 4 Foundation — SV-2 (MEDIUM) #34,What is the recommended design when applying Explain service value chain activities in the context of ITIL 4 Foundation?,"Deploy without monitoring, backup, or access controls required by the blueprint.",Mix controls from unrelated domains that do not address the stated objective.,"Follow the documented approach for Explain service value chain activities, using recommended services and controls per the exam guide.",Use an approach that contradicts the exam objective and ignores documented constraints.,C,MEDIUM,itil-foundation|service-value-system|SV-2|medium|blueprint-seed,**Answer: C** — Explain service value chain activities. Review the official AXELOS exam guide (ITIL 4 Foundation) and linked documentation. Objective: SV-2.,https://www.axelos.com/certifications/itil-service-management/itil-4-foundation
itil-foundation,service-value-system,SV-2,ITIL 4 Foundation — SV-2 (MEDIUM) #35,A team must implement a solution for Explain service value chain activities in the context of ITIL 4 Foundation?,Mix controls from unrelated domains that do not address the stated objective.,"Implement Explain service value chain activities using AXELOS best practices for Understand the Service Value System, including monitoring and least privilege.",Use an approach that contradicts the exam objective and ignores documented constraints.,"Deploy without monitoring, backup, or access controls required by the blueprint.",D,MEDIUM,itil-foundation|service-value-system|SV-2|medium|blueprint-seed,**Answer: D** — Explain service value chain activities. Review the official AXELOS exam guide (ITIL 4 Foundation) and linked documentation. Objective: SV-2.,https://www.axelos.com/certifications/itil-service-management/itil-4-foundation
itil-foundation,service-value-system,SV-2,ITIL 4 Foundation — SV-2 (HARD) #36,"Given strict compliance, auditability, and multi-region constraints, how should you Explain service value chain activities for Understand the Service Value System?",Apply the official Understand the Service Value System guidance: Explain service value chain activities — this aligns with exam blueprint expectations and vendor documentation.,Use an approach that contradicts the exam objective and ignores documented constraints.,"Deploy without monitoring, backup, or access controls required by the blueprint.",Mix controls from unrelated domains that do not address the stated objective.,A,HARD,itil-foundation|service-value-system|SV-2|hard|blueprint-seed,**Answer: A** — Explain service value chain activities. Review the official AXELOS exam guide (ITIL 4 Foundation) and linked documentation. Objective: SV-2.,https://www.axelos.com/certifications/itil-service-management/itil-4-foundation
itil-foundation,service-value-system,SV-2,ITIL 4 Foundation — SV-2 (HARD) #37,A production incident involves trade-offs between cost and resilience for Explain service value chain activities for Understand the Service Value System?,Use an approach that contradicts the exam objective and ignores documented constraints.,"Deploy without monitoring, backup, or access controls required by the blueprint.",Mix controls from unrelated domains that do not address the stated objective.,"Follow the documented approach for Explain service value chain activities, using recommended services and controls per the exam guide.",B,HARD,itil-foundation|service-value-system|SV-2|hard|blueprint-seed,**Answer: B** — Explain service value chain activities. Review the official AXELOS exam guide (ITIL 4 Foundation) and linked documentation. Objective: SV-2.,https://www.axelos.com/certifications/itil-service-management/itil-4-foundation
itil-foundation,service-value-system,SV-2,ITIL 4 Foundation — SV-2 (HARD) #38,Complex regulatory requirements demand that you Explain service value chain activities for Understand the Service Value System?,"Deploy without monitoring, backup, or access controls required by the blueprint.",Mix controls from unrelated domains that do not address the stated objective.,"Implement Explain service value chain activities using AXELOS best practices for Understand the Service Value System, including monitoring and least privilege.",Use an approach that contradicts the exam objective and ignores documented constraints.,C,HARD,itil-foundation|service-value-system|SV-2|hard|blueprint-seed,**Answer: C** — Explain service value chain activities. Review the official AXELOS exam guide (ITIL 4 Foundation) and linked documentation. Objective: SV-2.,https://www.axelos.com/certifications/itil-service-management/itil-4-foundation
itil-foundation,service-value-system,SV-2,ITIL 4 Foundation — SV-2 (HARD) #39,A multi-team rollout must balance security and velocity for Explain service value chain activities for Understand the Service Value System?,Mix controls from unrelated domains that do not address the stated objective.,Apply the official Understand the Service Value System guidance: Explain service value chain activities — this aligns with exam blueprint expectations and vendor documentation.,Use an approach that contradicts the exam objective and ignores documented constraints.,"Deploy without monitoring, backup, or access controls required by the blueprint.",D,HARD,itil-foundation|service-value-system|SV-2|hard|blueprint-seed,**Answer: D** — Explain service value chain activities. Review the official AXELOS exam guide (ITIL 4 Foundation) and linked documentation. Objective: SV-2.,https://www.axelos.com/certifications/itil-service-management/itil-4-foundation
itil-foundation,service-value-system,SV-2,ITIL 4 Foundation — SV-2 (HARD) #40,An enterprise requires zero-downtime architecture while Explain service value chain activities for Understand the Service Value System?,"Follow the documented approach for Explain service value chain activities, using recommended services and controls per the exam guide.",Use an approach that contradicts the exam objective and ignores documented constraints.,"Deploy without monitoring, backup, or access controls required by the blueprint.",Mix controls from unrelated domains that do not address the stated objective.,A,HARD,itil-foundation|service-value-system|SV-2|hard|blueprint-seed,**Answer: A** — Explain service value chain activities. Review the official AXELOS exam guide (ITIL 4 Foundation) and linked documentation. Objective: SV-2.,https://www.axelos.com/certifications/itil-service-management/itil-4-foundation
itil-foundation,service-value-system,SV-2,ITIL 4 Foundation — SV-2 (HARD) #41,"Given strict compliance, auditability, and multi-region constraints, how should you Explain service value chain activities for Understand the Service Value System?",Use an approach that contradicts the exam objective and ignores documented constraints.,"Deploy without monitoring, backup, or access controls required by the blueprint.",Mix controls from unrelated domains that do not address the stated objective.,"Implement Explain service value chain activities using AXELOS best practices for Understand the Service Value System, including monitoring and least privilege.",B,HARD,itil-foundation|service-value-system|SV-2|hard|blueprint-seed,**Answer: B** — Explain service value chain activities. Review the official AXELOS exam guide (ITIL 4 Foundation) and linked documentation. Objective: SV-2.,https://www.axelos.com/certifications/itil-service-management/itil-4-foundation
itil-foundation,service-value-system,SV-2,ITIL 4 Foundation — SV-2 (HARD) #42,A production incident involves trade-offs between cost and resilience for Explain service value chain activities for Understand the Service Value System?,"Deploy without monitoring, backup, or access controls required by the blueprint.",Mix controls from unrelated domains that do not address the stated objective.,Apply the official Understand the Service Value System guidance: Explain service value chain activities — this aligns with exam blueprint expectations and vendor documentation.,Use an approach that contradicts the exam objective and ignores documented constraints.,C,HARD,itil-foundation|service-value-system|SV-2|hard|blueprint-seed,**Answer: C** — Explain service value chain activities. Review the official AXELOS exam guide (ITIL 4 Foundation) and linked documentation. Objective: SV-2.,https://www.axelos.com/certifications/itil-service-management/itil-4-foundation
itil-foundation,service-value-system,SV-2,ITIL 4 Foundation — SV-2 (HARD) #43,Complex regulatory requirements demand that you Explain service value chain activities for Understand the Service Value System?,Mix controls from unrelated domains that do not address the stated objective.,"Follow the documented approach for Explain service value chain activities, using recommended services and controls per the exam guide.",Use an approach that contradicts the exam objective and ignores documented constraints.,"Deploy without monitoring, backup, or access controls required by the blueprint.",D,HARD,itil-foundation|service-value-system|SV-2|hard|blueprint-seed,**Answer: D** — Explain service value chain activities. Review the official AXELOS exam guide (ITIL 4 Foundation) and linked documentation. Objective: SV-2.,https://www.axelos.com/certifications/itil-service-management/itil-4-foundation
itil-foundation,service-value-system,SV-2,ITIL 4 Foundation — SV-2 (HARD) #44,A multi-team rollout must balance security and velocity for Explain service value chain activities for Understand the Service Value System?,"Implement Explain service value chain activities using AXELOS best practices for Understand the Service Value System, including monitoring and least privilege.",Use an approach that contradicts the exam objective and ignores documented constraints.,"Deploy without monitoring, backup, or access controls required by the blueprint.",Mix controls from unrelated domains that do not address the stated objective.,A,HARD,itil-foundation|service-value-system|SV-2|hard|blueprint-seed,**Answer: A** — Explain service value chain activities. Review the official AXELOS exam guide (ITIL 4 Foundation) and linked documentation. Objective: SV-2.,https://www.axelos.com/certifications/itil-service-management/itil-4-foundation
itil-foundation,service-value-system,SV-2,ITIL 4 Foundation — SV-2 (HARD) #45,An enterprise requires zero-downtime architecture while Explain service value chain activities for Understand the Service Value System?,Use an approach that contradicts the exam objective and ignores documented constraints.,"Deploy without monitoring, backup, or access controls required by the blueprint.",Mix controls from unrelated domains that do not address the stated objective.,Apply the official Understand the Service Value System guidance: Explain service value chain activities — this aligns with exam blueprint expectations and vendor documentation.,B,HARD,itil-foundation|service-value-system|SV-2|hard|blueprint-seed,**Answer: B** — Explain service value chain activities. Review the official AXELOS exam guide (ITIL 4 Foundation) and linked documentation. Objective: SV-2.,https://www.axelos.com/certifications/itil-service-management/itil-4-foundation
itil-foundation,service-value-system,SV-2,ITIL 4 Foundation — SV-2 (HARD) #46,"Given strict compliance, auditability, and multi-region constraints, how should you Explain service value chain activities for Understand the Service Value System?","Deploy without monitoring, backup, or access controls required by the blueprint.",Mix controls from unrelated domains that do not address the stated objective.,"Follow the documented approach for Explain service value chain activities, using recommended services and controls per the exam guide.",Use an approach that contradicts the exam objective and ignores documented constraints.,C,HARD,itil-foundation|service-value-system|SV-2|hard|blueprint-seed,**Answer: C** — Explain service value chain activities. Review the official AXELOS exam guide (ITIL 4 Foundation) and linked documentation. Objective: SV-2.,https://www.axelos.com/certifications/itil-service-management/itil-4-foundation
itil-foundation,service-value-system,SV-2,ITIL 4 Foundation — SV-2 (HARD) #47,A production incident involves trade-offs between cost and resilience for Explain service value chain activities for Understand the Service Value System?,Mix controls from unrelated domains that do not address the stated objective.,"Implement Explain service value chain activities using AXELOS best practices for Understand the Service Value System, including monitoring and least privilege.",Use an approach that contradicts the exam objective and ignores documented constraints.,"Deploy without monitoring, backup, or access controls required by the blueprint.",D,HARD,itil-foundation|service-value-system|SV-2|hard|blueprint-seed,**Answer: D** — Explain service value chain activities. Review the official AXELOS exam guide (ITIL 4 Foundation) and linked documentation. Objective: SV-2.,https://www.axelos.com/certifications/itil-service-management/itil-4-foundation
itil-foundation,service-value-system,SV-2,ITIL 4 Foundation — SV-2 (HARD) #48,Complex regulatory requirements demand that you Explain service value chain activities for Understand the Service Value System?,Apply the official Understand the Service Value System guidance: Explain service value chain activities — this aligns with exam blueprint expectations and vendor documentation.,Use an approach that contradicts the exam objective and ignores documented constraints.,"Deploy without monitoring, backup, or access controls required by the blueprint.",Mix controls from unrelated domains that do not address the stated objective.,A,HARD,itil-foundation|service-value-system|SV-2|hard|blueprint-seed,**Answer: A** — Explain service value chain activities. Review the official AXELOS exam guide (ITIL 4 Foundation) and linked documentation. Objective: SV-2.,https://www.axelos.com/certifications/itil-service-management/itil-4-foundation
itil-foundation,service-value-system,SV-2,ITIL 4 Foundation — SV-2 (HARD) #49,A multi-team rollout must balance security and velocity for Explain service value chain activities for Understand the Service Value System?,Use an approach that contradicts the exam objective and ignores documented constraints.,"Deploy without monitoring, backup, or access controls required by the blueprint.",Mix controls from unrelated domains that do not address the stated objective.,"Follow the documented approach for Explain service value chain activities, using recommended services and controls per the exam guide.",B,HARD,itil-foundation|service-value-system|SV-2|hard|blueprint-seed,**Answer: B** — Explain service value chain activities. Review the official AXELOS exam guide (ITIL 4 Foundation) and linked documentation. Objective: SV-2.,https://www.axelos.com/certifications/itil-service-management/itil-4-foundation
itil-foundation,service-value-system,SV-2,ITIL 4 Foundation — SV-2 (HARD) #50,An enterprise requires zero-downtime architecture while Explain service value chain activities for Understand the Service Value System?,"Deploy without monitoring, backup, or access controls required by the blueprint.",Mix controls from unrelated domains that do not address the stated objective.,"Implement Explain service value chain activities using AXELOS best practices for Understand the Service Value System, including monitoring and least privilege.",Use an approach that contradicts the exam objective and ignores documented constraints.,C,HARD,itil-foundation|service-value-system|SV-2|hard|blueprint-seed,**Answer: C** — Explain service value chain activities. Review the official AXELOS exam guide (ITIL 4 Foundation) and linked documentation. Objective: SV-2.,https://www.axelos.com/certifications/itil-service-management/itil-4-foundation
itil-foundation,practices,PA-1,ITIL 4 Foundation — PA-1 (EASY) #1,"What is the primary purpose of Incident, problem, and change management?",Use an approach that contradicts the exam objective and ignores documented constraints.,"Deploy without monitoring, backup, or access controls required by the blueprint.",Mix controls from unrelated domains that do not address the stated objective.,"Follow the documented approach for Incident, problem, and change management, using recommended services and controls per the exam guide.",B,EASY,itil-foundation|practices|PA-1|easy|blueprint-seed,"**Answer: B** — Incident, problem, and change management. Review the official AXELOS exam guide (ITIL 4 Foundation) and linked documentation. Objective: PA-1.",https://www.axelos.com/certifications/itil-service-management/itil-4-foundation
itil-foundation,practices,PA-1,ITIL 4 Foundation — PA-1 (EASY) #2,"Which concept is fundamental to Incident, problem, and change management?","Deploy without monitoring, backup, or access controls required by the blueprint.",Mix controls from unrelated domains that do not address the stated objective.,"Implement Incident, problem, and change management using AXELOS best practices for Understand Key ITIL Practices, including monitoring and least privilege.",Use an approach that contradicts the exam objective and ignores documented constraints.,C,EASY,itil-foundation|practices|PA-1|easy|blueprint-seed,"**Answer: C** — Incident, problem, and change management. Review the official AXELOS exam guide (ITIL 4 Foundation) and linked documentation. Objective: PA-1.",https://www.axelos.com/certifications/itil-service-management/itil-4-foundation
itil-foundation,practices,PA-1,ITIL 4 Foundation — PA-1 (EASY) #3,"Identify the core principle behind Incident, problem, and change management?",Mix controls from unrelated domains that do not address the stated objective.,"Apply the official Understand Key ITIL Practices guidance: Incident, problem, and change management — this aligns with exam blueprint expectations and vendor documentation.",Use an approach that contradicts the exam objective and ignores documented constraints.,"Deploy without monitoring, backup, or access controls required by the blueprint.",D,EASY,itil-foundation|practices|PA-1|easy|blueprint-seed,"**Answer: D** — Incident, problem, and change management. Review the official AXELOS exam guide (ITIL 4 Foundation) and linked documentation. Objective: PA-1.",https://www.axelos.com/certifications/itil-service-management/itil-4-foundation
itil-foundation,practices,PA-1,ITIL 4 Foundation — PA-1 (EASY) #4,"Which description accurately reflects Incident, problem, and change management?","Follow the documented approach for Incident, problem, and change management, using recommended services and controls per the exam guide.",Use an approach that contradicts the exam objective and ignores documented constraints.,"Deploy without monitoring, backup, or access controls required by the blueprint.",Mix controls from unrelated domains that do not address the stated objective.,A,EASY,itil-foundation|practices|PA-1|easy|blueprint-seed,"**Answer: A** — Incident, problem, and change management. Review the official AXELOS exam guide (ITIL 4 Foundation) and linked documentation. Objective: PA-1.",https://www.axelos.com/certifications/itil-service-management/itil-4-foundation
itil-foundation,practices,PA-1,ITIL 4 Foundation — PA-1 (EASY) #5,"Which statement best defines the scope of Incident, problem, and change management?",Use an approach that contradicts the exam objective and ignores documented constraints.,"Deploy without monitoring, backup, or access controls required by the blueprint.",Mix controls from unrelated domains that do not address the stated objective.,"Implement Incident, problem, and change management using AXELOS best practices for Understand Key ITIL Practices, including monitoring and least privilege.",B,EASY,itil-foundation|practices|PA-1|easy|blueprint-seed,"**Answer: B** — Incident, problem, and change management. Review the official AXELOS exam guide (ITIL 4 Foundation) and linked documentation. Objective: PA-1.",https://www.axelos.com/certifications/itil-service-management/itil-4-foundation
itil-foundation,practices,PA-1,ITIL 4 Foundation — PA-1 (EASY) #6,"What is the primary purpose of Incident, problem, and change management?","Deploy without monitoring, backup, or access controls required by the blueprint.",Mix controls from unrelated domains that do not address the stated objective.,"Apply the official Understand Key ITIL Practices guidance: Incident, problem, and change management — this aligns with exam blueprint expectations and vendor documentation.",Use an approach that contradicts the exam objective and ignores documented constraints.,C,EASY,itil-foundation|practices|PA-1|easy|blueprint-seed,"**Answer: C** — Incident, problem, and change management. Review the official AXELOS exam guide (ITIL 4 Foundation) and linked documentation. Objective: PA-1.",https://www.axelos.com/certifications/itil-service-management/itil-4-foundation
itil-foundation,practices,PA-1,ITIL 4 Foundation — PA-1 (EASY) #7,"Which concept is fundamental to Incident, problem, and change management?",Mix controls from unrelated domains that do not address the stated objective.,"Follow the documented approach for Incident, problem, and change management, using recommended services and controls per the exam guide.",Use an approach that contradicts the exam objective and ignores documented constraints.,"Deploy without monitoring, backup, or access controls required by the blueprint.",D,EASY,itil-foundation|practices|PA-1|easy|blueprint-seed,"**Answer: D** — Incident, problem, and change management. Review the official AXELOS exam guide (ITIL 4 Foundation) and linked documentation. Objective: PA-1.",https://www.axelos.com/certifications/itil-service-management/itil-4-foundation
itil-foundation,practices,PA-1,ITIL 4 Foundation — PA-1 (EASY) #8,"Identify the core principle behind Incident, problem, and change management?","Implement Incident, problem, and change management using AXELOS best practices for Understand Key ITIL Practices, including monitoring and least privilege.",Use an approach that contradicts the exam objective and ignores documented constraints.,"Deploy without monitoring, backup, or access controls required by the blueprint.",Mix controls from unrelated domains that do not address the stated objective.,A,EASY,itil-foundation|practices|PA-1|easy|blueprint-seed,"**Answer: A** — Incident, problem, and change management. Review the official AXELOS exam guide (ITIL 4 Foundation) and linked documentation. Objective: PA-1.",https://www.axelos.com/certifications/itil-service-management/itil-4-foundation
itil-foundation,practices,PA-1,ITIL 4 Foundation — PA-1 (EASY) #9,"Which description accurately reflects Incident, problem, and change management?",Use an approach that contradicts the exam objective and ignores documented constraints.,"Deploy without monitoring, backup, or access controls required by the blueprint.",Mix controls from unrelated domains that do not address the stated objective.,"Apply the official Understand Key ITIL Practices guidance: Incident, problem, and change management — this aligns with exam blueprint expectations and vendor documentation.",B,EASY,itil-foundation|practices|PA-1|easy|blueprint-seed,"**Answer: B** — Incident, problem, and change management. Review the official AXELOS exam guide (ITIL 4 Foundation) and linked documentation. Objective: PA-1.",https://www.axelos.com/certifications/itil-service-management/itil-4-foundation
itil-foundation,practices,PA-1,ITIL 4 Foundation — PA-1 (EASY) #10,"Which statement best defines the scope of Incident, problem, and change management?","Deploy without monitoring, backup, or access controls required by the blueprint.",Mix controls from unrelated domains that do not address the stated objective.,"Follow the documented approach for Incident, problem, and change management, using recommended services and controls per the exam guide.",Use an approach that contradicts the exam objective and ignores documented constraints.,C,EASY,itil-foundation|practices|PA-1|easy|blueprint-seed,"**Answer: C** — Incident, problem, and change management. Review the official AXELOS exam guide (ITIL 4 Foundation) and linked documentation. Objective: PA-1.",https://www.axelos.com/certifications/itil-service-management/itil-4-foundation
itil-foundation,practices,PA-1,ITIL 4 Foundation — PA-1 (EASY) #11,"What is the primary purpose of Incident, problem, and change management?",Mix controls from unrelated domains that do not address the stated objective.,"Implement Incident, problem, and change management using AXELOS best practices for Understand Key ITIL Practices, including monitoring and least privilege.",Use an approach that contradicts the exam objective and ignores documented constraints.,"Deploy without monitoring, backup, or access controls required by the blueprint.",D,EASY,itil-foundation|practices|PA-1|easy|blueprint-seed,"**Answer: D** — Incident, problem, and change management. Review the official AXELOS exam guide (ITIL 4 Foundation) and linked documentation. Objective: PA-1.",https://www.axelos.com/certifications/itil-service-management/itil-4-foundation
itil-foundation,practices,PA-1,ITIL 4 Foundation — PA-1 (EASY) #12,"Which concept is fundamental to Incident, problem, and change management?","Apply the official Understand Key ITIL Practices guidance: Incident, problem, and change management — this aligns with exam blueprint expectations and vendor documentation.",Use an approach that contradicts the exam objective and ignores documented constraints.,"Deploy without monitoring, backup, or access controls required by the blueprint.",Mix controls from unrelated domains that do not address the stated objective.,A,EASY,itil-foundation|practices|PA-1|easy|blueprint-seed,"**Answer: A** — Incident, problem, and change management. Review the official AXELOS exam guide (ITIL 4 Foundation) and linked documentation. Objective: PA-1.",https://www.axelos.com/certifications/itil-service-management/itil-4-foundation
itil-foundation,practices,PA-1,ITIL 4 Foundation — PA-1 (EASY) #13,"Identify the core principle behind Incident, problem, and change management?",Use an approach that contradicts the exam objective and ignores documented constraints.,"Deploy without monitoring, backup, or access controls required by the blueprint.",Mix controls from unrelated domains that do not address the stated objective.,"Follow the documented approach for Incident, problem, and change management, using recommended services and controls per the exam guide.",B,EASY,itil-foundation|practices|PA-1|easy|blueprint-seed,"**Answer: B** — Incident, problem, and change management. Review the official AXELOS exam guide (ITIL 4 Foundation) and linked documentation. Objective: PA-1.",https://www.axelos.com/certifications/itil-service-management/itil-4-foundation
itil-foundation,practices,PA-1,ITIL 4 Foundation — PA-1 (MEDIUM) #14,"What is the recommended design when applying Incident, problem, and change management in the context of ITIL 4 Foundation?","Deploy without monitoring, backup, or access controls required by the blueprint.",Mix controls from unrelated domains that do not address the stated objective.,"Implement Incident, problem, and change management using AXELOS best practices for Understand Key ITIL Practices, including monitoring and least privilege.",Use an approach that contradicts the exam objective and ignores documented constraints.,C,MEDIUM,itil-foundation|practices|PA-1|medium|blueprint-seed,"**Answer: C** — Incident, problem, and change management. Review the official AXELOS exam guide (ITIL 4 Foundation) and linked documentation. Objective: PA-1.",https://www.axelos.com/certifications/itil-service-management/itil-4-foundation
itil-foundation,practices,PA-1,ITIL 4 Foundation — PA-1 (MEDIUM) #15,"A team must implement a solution for Incident, problem, and change management in the context of ITIL 4 Foundation?",Mix controls from unrelated domains that do not address the stated objective.,"Apply the official Understand Key ITIL Practices guidance: Incident, problem, and change management — this aligns with exam blueprint expectations and vendor documentation.",Use an approach that contradicts the exam objective and ignores documented constraints.,"Deploy without monitoring, backup, or access controls required by the blueprint.",D,MEDIUM,itil-foundation|practices|PA-1|medium|blueprint-seed,"**Answer: D** — Incident, problem, and change management. Review the official AXELOS exam guide (ITIL 4 Foundation) and linked documentation. Objective: PA-1.",https://www.axelos.com/certifications/itil-service-management/itil-4-foundation
itil-foundation,practices,PA-1,ITIL 4 Foundation — PA-1 (MEDIUM) #16,"Which approach aligns with best practices when Incident, problem, and change management in the context of ITIL 4 Foundation?","Follow the documented approach for Incident, problem, and change management, using recommended services and controls per the exam guide.",Use an approach that contradicts the exam objective and ignores documented constraints.,"Deploy without monitoring, backup, or access controls required by the blueprint.",Mix controls from unrelated domains that do not address the stated objective.,A,MEDIUM,itil-foundation|practices|PA-1|medium|blueprint-seed,"**Answer: A** — Incident, problem, and change management. Review the official AXELOS exam guide (ITIL 4 Foundation) and linked documentation. Objective: PA-1.",https://www.axelos.com/certifications/itil-service-management/itil-4-foundation
itil-foundation,practices,PA-1,ITIL 4 Foundation — PA-1 (MEDIUM) #17,"During a project review, stakeholders ask how to Incident, problem, and change management in the context of ITIL 4 Foundation?",Use an approach that contradicts the exam objective and ignores documented constraints.,"Deploy without monitoring, backup, or access controls required by the blueprint.",Mix controls from unrelated domains that do not address the stated objective.,"Implement Incident, problem, and change management using AXELOS best practices for Understand Key ITIL Practices, including monitoring and least privilege.",B,MEDIUM,itil-foundation|practices|PA-1|medium|blueprint-seed,"**Answer: B** — Incident, problem, and change management. Review the official AXELOS exam guide (ITIL 4 Foundation) and linked documentation. Objective: PA-1.",https://www.axelos.com/certifications/itil-service-management/itil-4-foundation
itil-foundation,practices,PA-1,ITIL 4 Foundation — PA-1 (MEDIUM) #18,"Which configuration satisfies requirements for Incident, problem, and change management in the context of ITIL 4 Foundation?","Deploy without monitoring, backup, or access controls required by the blueprint.",Mix controls from unrelated domains that do not address the stated objective.,"Apply the official Understand Key ITIL Practices guidance: Incident, problem, and change management — this aligns with exam blueprint expectations and vendor documentation.",Use an approach that contradicts the exam objective and ignores documented constraints.,C,MEDIUM,itil-foundation|practices|PA-1|medium|blueprint-seed,"**Answer: C** — Incident, problem, and change management. Review the official AXELOS exam guide (ITIL 4 Foundation) and linked documentation. Objective: PA-1.",https://www.axelos.com/certifications/itil-service-management/itil-4-foundation
itil-foundation,practices,PA-1,ITIL 4 Foundation — PA-1 (MEDIUM) #19,"What is the recommended design when applying Incident, problem, and change management in the context of ITIL 4 Foundation?",Mix controls from unrelated domains that do not address the stated objective.,"Follow the documented approach for Incident, problem, and change management, using recommended services and controls per the exam guide.",Use an approach that contradicts the exam objective and ignores documented constraints.,"Deploy without monitoring, backup, or access controls required by the blueprint.",D,MEDIUM,itil-foundation|practices|PA-1|medium|blueprint-seed,"**Answer: D** — Incident, problem, and change management. Review the official AXELOS exam guide (ITIL 4 Foundation) and linked documentation. Objective: PA-1.",https://www.axelos.com/certifications/itil-service-management/itil-4-foundation
itil-foundation,practices,PA-1,ITIL 4 Foundation — PA-1 (MEDIUM) #20,"A team must implement a solution for Incident, problem, and change management in the context of ITIL 4 Foundation?","Implement Incident, problem, and change management using AXELOS best practices for Understand Key ITIL Practices, including monitoring and least privilege.",Use an approach that contradicts the exam objective and ignores documented constraints.,"Deploy without monitoring, backup, or access controls required by the blueprint.",Mix controls from unrelated domains that do not address the stated objective.,A,MEDIUM,itil-foundation|practices|PA-1|medium|blueprint-seed,"**Answer: A** — Incident, problem, and change management. Review the official AXELOS exam guide (ITIL 4 Foundation) and linked documentation. Objective: PA-1.",https://www.axelos.com/certifications/itil-service-management/itil-4-foundation
itil-foundation,practices,PA-1,ITIL 4 Foundation — PA-1 (MEDIUM) #21,"Which approach aligns with best practices when Incident, problem, and change management in the context of ITIL 4 Foundation?",Use an approach that contradicts the exam objective and ignores documented constraints.,"Deploy without monitoring, backup, or access controls required by the blueprint.",Mix controls from unrelated domains that do not address the stated objective.,"Apply the official Understand Key ITIL Practices guidance: Incident, problem, and change management — this aligns with exam blueprint expectations and vendor documentation.",B,MEDIUM,itil-foundation|practices|PA-1|medium|blueprint-seed,"**Answer: B** — Incident, problem, and change management. Review the official AXELOS exam guide (ITIL 4 Foundation) and linked documentation. Objective: PA-1.",https://www.axelos.com/certifications/itil-service-management/itil-4-foundation
itil-foundation,practices,PA-1,ITIL 4 Foundation — PA-1 (MEDIUM) #22,"During a project review, stakeholders ask how to Incident, problem, and change management in the context of ITIL 4 Foundation?","Deploy without monitoring, backup, or access controls required by the blueprint.",Mix controls from unrelated domains that do not address the stated objective.,"Follow the documented approach for Incident, problem, and change management, using recommended services and controls per the exam guide.",Use an approach that contradicts the exam objective and ignores documented constraints.,C,MEDIUM,itil-foundation|practices|PA-1|medium|blueprint-seed,"**Answer: C** — Incident, problem, and change management. Review the official AXELOS exam guide (ITIL 4 Foundation) and linked documentation. Objective: PA-1.",https://www.axelos.com/certifications/itil-service-management/itil-4-foundation
itil-foundation,practices,PA-1,ITIL 4 Foundation — PA-1 (MEDIUM) #23,"Which configuration satisfies requirements for Incident, problem, and change management in the context of ITIL 4 Foundation?",Mix controls from unrelated domains that do not address the stated objective.,"Implement Incident, problem, and change management using AXELOS best practices for Understand Key ITIL Practices, including monitoring and least privilege.",Use an approach that contradicts the exam objective and ignores documented constraints.,"Deploy without monitoring, backup, or access controls required by the blueprint.",D,MEDIUM,itil-foundation|practices|PA-1|medium|blueprint-seed,"**Answer: D** — Incident, problem, and change management. Review the official AXELOS exam guide (ITIL 4 Foundation) and linked documentation. Objective: PA-1.",https://www.axelos.com/certifications/itil-service-management/itil-4-foundation
itil-foundation,practices,PA-1,ITIL 4 Foundation — PA-1 (MEDIUM) #24,"What is the recommended design when applying Incident, problem, and change management in the context of ITIL 4 Foundation?","Apply the official Understand Key ITIL Practices guidance: Incident, problem, and change management — this aligns with exam blueprint expectations and vendor documentation.",Use an approach that contradicts the exam objective and ignores documented constraints.,"Deploy without monitoring, backup, or access controls required by the blueprint.",Mix controls from unrelated domains that do not address the stated objective.,A,MEDIUM,itil-foundation|practices|PA-1|medium|blueprint-seed,"**Answer: A** — Incident, problem, and change management. Review the official AXELOS exam guide (ITIL 4 Foundation) and linked documentation. Objective: PA-1.",https://www.axelos.com/certifications/itil-service-management/itil-4-foundation
itil-foundation,practices,PA-1,ITIL 4 Foundation — PA-1 (MEDIUM) #25,"A team must implement a solution for Incident, problem, and change management in the context of ITIL 4 Foundation?",Use an approach that contradicts the exam objective and ignores documented constraints.,"Deploy without monitoring, backup, or access controls required by the blueprint.",Mix controls from unrelated domains that do not address the stated objective.,"Follow the documented approach for Incident, problem, and change management, using recommended services and controls per the exam guide.",B,MEDIUM,itil-foundation|practices|PA-1|medium|blueprint-seed,"**Answer: B** — Incident, problem, and change management. Review the official AXELOS exam guide (ITIL 4 Foundation) and linked documentation. Objective: PA-1.",https://www.axelos.com/certifications/itil-service-management/itil-4-foundation
itil-foundation,practices,PA-1,ITIL 4 Foundation — PA-1 (MEDIUM) #26,"Which approach aligns with best practices when Incident, problem, and change management in the context of ITIL 4 Foundation?","Deploy without monitoring, backup, or access controls required by the blueprint.",Mix controls from unrelated domains that do not address the stated objective.,"Implement Incident, problem, and change management using AXELOS best practices for Understand Key ITIL Practices, including monitoring and least privilege.",Use an approach that contradicts the exam objective and ignores documented constraints.,C,MEDIUM,itil-foundation|practices|PA-1|medium|blueprint-seed,"**Answer: C** — Incident, problem, and change management. Review the official AXELOS exam guide (ITIL 4 Foundation) and linked documentation. Objective: PA-1.",https://www.axelos.com/certifications/itil-service-management/itil-4-foundation
itil-foundation,practices,PA-1,ITIL 4 Foundation — PA-1 (MEDIUM) #27,"During a project review, stakeholders ask how to Incident, problem, and change management in the context of ITIL 4 Foundation?",Mix controls from unrelated domains that do not address the stated objective.,"Apply the official Understand Key ITIL Practices guidance: Incident, problem, and change management — this aligns with exam blueprint expectations and vendor documentation.",Use an approach that contradicts the exam objective and ignores documented constraints.,"Deploy without monitoring, backup, or access controls required by the blueprint.",D,MEDIUM,itil-foundation|practices|PA-1|medium|blueprint-seed,"**Answer: D** — Incident, problem, and change management. Review the official AXELOS exam guide (ITIL 4 Foundation) and linked documentation. Objective: PA-1.",https://www.axelos.com/certifications/itil-service-management/itil-4-foundation
itil-foundation,practices,PA-1,ITIL 4 Foundation — PA-1 (MEDIUM) #28,"Which configuration satisfies requirements for Incident, problem, and change management in the context of ITIL 4 Foundation?","Follow the documented approach for Incident, problem, and change management, using recommended services and controls per the exam guide.",Use an approach that contradicts the exam objective and ignores documented constraints.,"Deploy without monitoring, backup, or access controls required by the blueprint.",Mix controls from unrelated domains that do not address the stated objective.,A,MEDIUM,itil-foundation|practices|PA-1|medium|blueprint-seed,"**Answer: A** — Incident, problem, and change management. Review the official AXELOS exam guide (ITIL 4 Foundation) and linked documentation. Objective: PA-1.",https://www.axelos.com/certifications/itil-service-management/itil-4-foundation
itil-foundation,practices,PA-1,ITIL 4 Foundation — PA-1 (MEDIUM) #29,"What is the recommended design when applying Incident, problem, and change management in the context of ITIL 4 Foundation?",Use an approach that contradicts the exam objective and ignores documented constraints.,"Deploy without monitoring, backup, or access controls required by the blueprint.",Mix controls from unrelated domains that do not address the stated objective.,"Implement Incident, problem, and change management using AXELOS best practices for Understand Key ITIL Practices, including monitoring and least privilege.",B,MEDIUM,itil-foundation|practices|PA-1|medium|blueprint-seed,"**Answer: B** — Incident, problem, and change management. Review the official AXELOS exam guide (ITIL 4 Foundation) and linked documentation. Objective: PA-1.",https://www.axelos.com/certifications/itil-service-management/itil-4-foundation
itil-foundation,practices,PA-1,ITIL 4 Foundation — PA-1 (MEDIUM) #30,"A team must implement a solution for Incident, problem, and change management in the context of ITIL 4 Foundation?","Deploy without monitoring, backup, or access controls required by the blueprint.",Mix controls from unrelated domains that do not address the stated objective.,"Apply the official Understand Key ITIL Practices guidance: Incident, problem, and change management — this aligns with exam blueprint expectations and vendor documentation.",Use an approach that contradicts the exam objective and ignores documented constraints.,C,MEDIUM,itil-foundation|practices|PA-1|medium|blueprint-seed,"**Answer: C** — Incident, problem, and change management. Review the official AXELOS exam guide (ITIL 4 Foundation) and linked documentation. Objective: PA-1.",https://www.axelos.com/certifications/itil-service-management/itil-4-foundation
itil-foundation,practices,PA-1,ITIL 4 Foundation — PA-1 (MEDIUM) #31,"Which approach aligns with best practices when Incident, problem, and change management in the context of ITIL 4 Foundation?",Mix controls from unrelated domains that do not address the stated objective.,"Follow the documented approach for Incident, problem, and change management, using recommended services and controls per the exam guide.",Use an approach that contradicts the exam objective and ignores documented constraints.,"Deploy without monitoring, backup, or access controls required by the blueprint.",D,MEDIUM,itil-foundation|practices|PA-1|medium|blueprint-seed,"**Answer: D** — Incident, problem, and change management. Review the official AXELOS exam guide (ITIL 4 Foundation) and linked documentation. Objective: PA-1.",https://www.axelos.com/certifications/itil-service-management/itil-4-foundation
itil-foundation,practices,PA-1,ITIL 4 Foundation — PA-1 (HARD) #32,"A production incident involves trade-offs between cost and resilience for Incident, problem, and change management for Understand Key ITIL Practices?","Implement Incident, problem, and change management using AXELOS best practices for Understand Key ITIL Practices, including monitoring and least privilege.",Use an approach that contradicts the exam objective and ignores documented constraints.,"Deploy without monitoring, backup, or access controls required by the blueprint.",Mix controls from unrelated domains that do not address the stated objective.,A,HARD,itil-foundation|practices|PA-1|hard|blueprint-seed,"**Answer: A** — Incident, problem, and change management. Review the official AXELOS exam guide (ITIL 4 Foundation) and linked documentation. Objective: PA-1.",https://www.axelos.com/certifications/itil-service-management/itil-4-foundation
itil-foundation,practices,PA-1,ITIL 4 Foundation — PA-1 (HARD) #33,"Complex regulatory requirements demand that you Incident, problem, and change management for Understand Key ITIL Practices?",Use an approach that contradicts the exam objective and ignores documented constraints.,"Deploy without monitoring, backup, or access controls required by the blueprint.",Mix controls from unrelated domains that do not address the stated objective.,"Apply the official Understand Key ITIL Practices guidance: Incident, problem, and change management — this aligns with exam blueprint expectations and vendor documentation.",B,HARD,itil-foundation|practices|PA-1|hard|blueprint-seed,"**Answer: B** — Incident, problem, and change management. Review the official AXELOS exam guide (ITIL 4 Foundation) and linked documentation. Objective: PA-1.",https://www.axelos.com/certifications/itil-service-management/itil-4-foundation
itil-foundation,practices,PA-1,ITIL 4 Foundation — PA-1 (HARD) #34,"A multi-team rollout must balance security and velocity for Incident, problem, and change management for Understand Key ITIL Practices?","Deploy without monitoring, backup, or access controls required by the blueprint.",Mix controls from unrelated domains that do not address the stated objective.,"Follow the documented approach for Incident, problem, and change management, using recommended services and controls per the exam guide.",Use an approach that contradicts the exam objective and ignores documented constraints.,C,HARD,itil-foundation|practices|PA-1|hard|blueprint-seed,"**Answer: C** — Incident, problem, and change management. Review the official AXELOS exam guide (ITIL 4 Foundation) and linked documentation. Objective: PA-1.",https://www.axelos.com/certifications/itil-service-management/itil-4-foundation
itil-foundation,practices,PA-1,ITIL 4 Foundation — PA-1 (HARD) #35,"An enterprise requires zero-downtime architecture while Incident, problem, and change management for Understand Key ITIL Practices?",Mix controls from unrelated domains that do not address the stated objective.,"Implement Incident, problem, and change management using AXELOS best practices for Understand Key ITIL Practices, including monitoring and least privilege.",Use an approach that contradicts the exam objective and ignores documented constraints.,"Deploy without monitoring, backup, or access controls required by the blueprint.",D,HARD,itil-foundation|practices|PA-1|hard|blueprint-seed,"**Answer: D** — Incident, problem, and change management. Review the official AXELOS exam guide (ITIL 4 Foundation) and linked documentation. Objective: PA-1.",https://www.axelos.com/certifications/itil-service-management/itil-4-foundation
itil-foundation,practices,PA-1,ITIL 4 Foundation — PA-1 (HARD) #36,"Given strict compliance, auditability, and multi-region constraints, how should you Incident, problem, and change management for Understand Key ITIL Practices?","Apply the official Understand Key ITIL Practices guidance: Incident, problem, and change management — this aligns with exam blueprint expectations and vendor documentation.",Use an approach that contradicts the exam objective and ignores documented constraints.,"Deploy without monitoring, backup, or access controls required by the blueprint.",Mix controls from unrelated domains that do not address the stated objective.,A,HARD,itil-foundation|practices|PA-1|hard|blueprint-seed,"**Answer: A** — Incident, problem, and change management. Review the official AXELOS exam guide (ITIL 4 Foundation) and linked documentation. Objective: PA-1.",https://www.axelos.com/certifications/itil-service-management/itil-4-foundation
itil-foundation,practices,PA-1,ITIL 4 Foundation — PA-1 (HARD) #37,"A production incident involves trade-offs between cost and resilience for Incident, problem, and change management for Understand Key ITIL Practices?",Use an approach that contradicts the exam objective and ignores documented constraints.,"Deploy without monitoring, backup, or access controls required by the blueprint.",Mix controls from unrelated domains that do not address the stated objective.,"Follow the documented approach for Incident, problem, and change management, using recommended services and controls per the exam guide.",B,HARD,itil-foundation|practices|PA-1|hard|blueprint-seed,"**Answer: B** — Incident, problem, and change management. Review the official AXELOS exam guide (ITIL 4 Foundation) and linked documentation. Objective: PA-1.",https://www.axelos.com/certifications/itil-service-management/itil-4-foundation
itil-foundation,practices,PA-1,ITIL 4 Foundation — PA-1 (HARD) #38,"Complex regulatory requirements demand that you Incident, problem, and change management for Understand Key ITIL Practices?","Deploy without monitoring, backup, or access controls required by the blueprint.",Mix controls from unrelated domains that do not address the stated objective.,"Implement Incident, problem, and change management using AXELOS best practices for Understand Key ITIL Practices, including monitoring and least privilege.",Use an approach that contradicts the exam objective and ignores documented constraints.,C,HARD,itil-foundation|practices|PA-1|hard|blueprint-seed,"**Answer: C** — Incident, problem, and change management. Review the official AXELOS exam guide (ITIL 4 Foundation) and linked documentation. Objective: PA-1.",https://www.axelos.com/certifications/itil-service-management/itil-4-foundation
itil-foundation,practices,PA-1,ITIL 4 Foundation — PA-1 (HARD) #39,"A multi-team rollout must balance security and velocity for Incident, problem, and change management for Understand Key ITIL Practices?",Mix controls from unrelated domains that do not address the stated objective.,"Apply the official Understand Key ITIL Practices guidance: Incident, problem, and change management — this aligns with exam blueprint expectations and vendor documentation.",Use an approach that contradicts the exam objective and ignores documented constraints.,"Deploy without monitoring, backup, or access controls required by the blueprint.",D,HARD,itil-foundation|practices|PA-1|hard|blueprint-seed,"**Answer: D** — Incident, problem, and change management. Review the official AXELOS exam guide (ITIL 4 Foundation) and linked documentation. Objective: PA-1.",https://www.axelos.com/certifications/itil-service-management/itil-4-foundation
itil-foundation,practices,PA-1,ITIL 4 Foundation — PA-1 (HARD) #40,"An enterprise requires zero-downtime architecture while Incident, problem, and change management for Understand Key ITIL Practices?","Follow the documented approach for Incident, problem, and change management, using recommended services and controls per the exam guide.",Use an approach that contradicts the exam objective and ignores documented constraints.,"Deploy without monitoring, backup, or access controls required by the blueprint.",Mix controls from unrelated domains that do not address the stated objective.,A,HARD,itil-foundation|practices|PA-1|hard|blueprint-seed,"**Answer: A** — Incident, problem, and change management. Review the official AXELOS exam guide (ITIL 4 Foundation) and linked documentation. Objective: PA-1.",https://www.axelos.com/certifications/itil-service-management/itil-4-foundation
itil-foundation,practices,PA-1,ITIL 4 Foundation — PA-1 (HARD) #41,"Given strict compliance, auditability, and multi-region constraints, how should you Incident, problem, and change management for Understand Key ITIL Practices?",Use an approach that contradicts the exam objective and ignores documented constraints.,"Deploy without monitoring, backup, or access controls required by the blueprint.",Mix controls from unrelated domains that do not address the stated objective.,"Implement Incident, problem, and change management using AXELOS best practices for Understand Key ITIL Practices, including monitoring and least privilege.",B,HARD,itil-foundation|practices|PA-1|hard|blueprint-seed,"**Answer: B** — Incident, problem, and change management. Review the official AXELOS exam guide (ITIL 4 Foundation) and linked documentation. Objective: PA-1.",https://www.axelos.com/certifications/itil-service-management/itil-4-foundation
itil-foundation,practices,PA-1,ITIL 4 Foundation — PA-1 (HARD) #42,"A production incident involves trade-offs between cost and resilience for Incident, problem, and change management for Understand Key ITIL Practices?","Deploy without monitoring, backup, or access controls required by the blueprint.",Mix controls from unrelated domains that do not address the stated objective.,"Apply the official Understand Key ITIL Practices guidance: Incident, problem, and change management — this aligns with exam blueprint expectations and vendor documentation.",Use an approach that contradicts the exam objective and ignores documented constraints.,C,HARD,itil-foundation|practices|PA-1|hard|blueprint-seed,"**Answer: C** — Incident, problem, and change management. Review the official AXELOS exam guide (ITIL 4 Foundation) and linked documentation. Objective: PA-1.",https://www.axelos.com/certifications/itil-service-management/itil-4-foundation
itil-foundation,practices,PA-1,ITIL 4 Foundation — PA-1 (HARD) #43,"Complex regulatory requirements demand that you Incident, problem, and change management for Understand Key ITIL Practices?",Mix controls from unrelated domains that do not address the stated objective.,"Follow the documented approach for Incident, problem, and change management, using recommended services and controls per the exam guide.",Use an approach that contradicts the exam objective and ignores documented constraints.,"Deploy without monitoring, backup, or access controls required by the blueprint.",D,HARD,itil-foundation|practices|PA-1|hard|blueprint-seed,"**Answer: D** — Incident, problem, and change management. Review the official AXELOS exam guide (ITIL 4 Foundation) and linked documentation. Objective: PA-1.",https://www.axelos.com/certifications/itil-service-management/itil-4-foundation
itil-foundation,practices,PA-1,ITIL 4 Foundation — PA-1 (HARD) #44,"A multi-team rollout must balance security and velocity for Incident, problem, and change management for Understand Key ITIL Practices?","Implement Incident, problem, and change management using AXELOS best practices for Understand Key ITIL Practices, including monitoring and least privilege.",Use an approach that contradicts the exam objective and ignores documented constraints.,"Deploy without monitoring, backup, or access controls required by the blueprint.",Mix controls from unrelated domains that do not address the stated objective.,A,HARD,itil-foundation|practices|PA-1|hard|blueprint-seed,"**Answer: A** — Incident, problem, and change management. Review the official AXELOS exam guide (ITIL 4 Foundation) and linked documentation. Objective: PA-1.",https://www.axelos.com/certifications/itil-service-management/itil-4-foundation
itil-foundation,practices,PA-2,ITIL 4 Foundation — PA-2 (EASY) #1,What is the primary purpose of Service level and configuration management?,Use an approach that contradicts the exam objective and ignores documented constraints.,"Deploy without monitoring, backup, or access controls required by the blueprint.",Mix controls from unrelated domains that do not address the stated objective.,"Follow the documented approach for Service level and configuration management, using recommended services and controls per the exam guide.",B,EASY,itil-foundation|practices|PA-2|easy|blueprint-seed,**Answer: B** — Service level and configuration management. Review the official AXELOS exam guide (ITIL 4 Foundation) and linked documentation. Objective: PA-2.,https://www.axelos.com/certifications/itil-service-management/itil-4-foundation
itil-foundation,practices,PA-2,ITIL 4 Foundation — PA-2 (EASY) #2,Which concept is fundamental to Service level and configuration management?,"Deploy without monitoring, backup, or access controls required by the blueprint.",Mix controls from unrelated domains that do not address the stated objective.,"Implement Service level and configuration management using AXELOS best practices for Understand Key ITIL Practices, including monitoring and least privilege.",Use an approach that contradicts the exam objective and ignores documented constraints.,C,EASY,itil-foundation|practices|PA-2|easy|blueprint-seed,**Answer: C** — Service level and configuration management. Review the official AXELOS exam guide (ITIL 4 Foundation) and linked documentation. Objective: PA-2.,https://www.axelos.com/certifications/itil-service-management/itil-4-foundation
itil-foundation,practices,PA-2,ITIL 4 Foundation — PA-2 (EASY) #3,Identify the core principle behind Service level and configuration management?,Mix controls from unrelated domains that do not address the stated objective.,Apply the official Understand Key ITIL Practices guidance: Service level and configuration management — this aligns with exam blueprint expectations and vendor documentation.,Use an approach that contradicts the exam objective and ignores documented constraints.,"Deploy without monitoring, backup, or access controls required by the blueprint.",D,EASY,itil-foundation|practices|PA-2|easy|blueprint-seed,**Answer: D** — Service level and configuration management. Review the official AXELOS exam guide (ITIL 4 Foundation) and linked documentation. Objective: PA-2.,https://www.axelos.com/certifications/itil-service-management/itil-4-foundation
itil-foundation,practices,PA-2,ITIL 4 Foundation — PA-2 (EASY) #4,Which description accurately reflects Service level and configuration management?,"Follow the documented approach for Service level and configuration management, using recommended services and controls per the exam guide.",Use an approach that contradicts the exam objective and ignores documented constraints.,"Deploy without monitoring, backup, or access controls required by the blueprint.",Mix controls from unrelated domains that do not address the stated objective.,A,EASY,itil-foundation|practices|PA-2|easy|blueprint-seed,**Answer: A** — Service level and configuration management. Review the official AXELOS exam guide (ITIL 4 Foundation) and linked documentation. Objective: PA-2.,https://www.axelos.com/certifications/itil-service-management/itil-4-foundation
itil-foundation,practices,PA-2,ITIL 4 Foundation — PA-2 (EASY) #5,Which statement best defines the scope of Service level and configuration management?,Use an approach that contradicts the exam objective and ignores documented constraints.,"Deploy without monitoring, backup, or access controls required by the blueprint.",Mix controls from unrelated domains that do not address the stated objective.,"Implement Service level and configuration management using AXELOS best practices for Understand Key ITIL Practices, including monitoring and least privilege.",B,EASY,itil-foundation|practices|PA-2|easy|blueprint-seed,**Answer: B** — Service level and configuration management. Review the official AXELOS exam guide (ITIL 4 Foundation) and linked documentation. Objective: PA-2.,https://www.axelos.com/certifications/itil-service-management/itil-4-foundation
itil-foundation,practices,PA-2,ITIL 4 Foundation — PA-2 (EASY) #6,What is the primary purpose of Service level and configuration management?,"Deploy without monitoring, backup, or access controls required by the blueprint.",Mix controls from unrelated domains that do not address the stated objective.,Apply the official Understand Key ITIL Practices guidance: Service level and configuration management — this aligns with exam blueprint expectations and vendor documentation.,Use an approach that contradicts the exam objective and ignores documented constraints.,C,EASY,itil-foundation|practices|PA-2|easy|blueprint-seed,**Answer: C** — Service level and configuration management. Review the official AXELOS exam guide (ITIL 4 Foundation) and linked documentation. Objective: PA-2.,https://www.axelos.com/certifications/itil-service-management/itil-4-foundation
itil-foundation,practices,PA-2,ITIL 4 Foundation — PA-2 (EASY) #7,Which concept is fundamental to Service level and configuration management?,Mix controls from unrelated domains that do not address the stated objective.,"Follow the documented approach for Service level and configuration management, using recommended services and controls per the exam guide.",Use an approach that contradicts the exam objective and ignores documented constraints.,"Deploy without monitoring, backup, or access controls required by the blueprint.",D,EASY,itil-foundation|practices|PA-2|easy|blueprint-seed,**Answer: D** — Service level and configuration management. Review the official AXELOS exam guide (ITIL 4 Foundation) and linked documentation. Objective: PA-2.,https://www.axelos.com/certifications/itil-service-management/itil-4-foundation
itil-foundation,practices,PA-2,ITIL 4 Foundation — PA-2 (EASY) #8,Identify the core principle behind Service level and configuration management?,"Implement Service level and configuration management using AXELOS best practices for Understand Key ITIL Practices, including monitoring and least privilege.",Use an approach that contradicts the exam objective and ignores documented constraints.,"Deploy without monitoring, backup, or access controls required by the blueprint.",Mix controls from unrelated domains that do not address the stated objective.,A,EASY,itil-foundation|practices|PA-2|easy|blueprint-seed,**Answer: A** — Service level and configuration management. Review the official AXELOS exam guide (ITIL 4 Foundation) and linked documentation. Objective: PA-2.,https://www.axelos.com/certifications/itil-service-management/itil-4-foundation
itil-foundation,practices,PA-2,ITIL 4 Foundation — PA-2 (EASY) #9,Which description accurately reflects Service level and configuration management?,Use an approach that contradicts the exam objective and ignores documented constraints.,"Deploy without monitoring, backup, or access controls required by the blueprint.",Mix controls from unrelated domains that do not address the stated objective.,Apply the official Understand Key ITIL Practices guidance: Service level and configuration management — this aligns with exam blueprint expectations and vendor documentation.,B,EASY,itil-foundation|practices|PA-2|easy|blueprint-seed,**Answer: B** — Service level and configuration management. Review the official AXELOS exam guide (ITIL 4 Foundation) and linked documentation. Objective: PA-2.,https://www.axelos.com/certifications/itil-service-management/itil-4-foundation
itil-foundation,practices,PA-2,ITIL 4 Foundation — PA-2 (EASY) #10,Which statement best defines the scope of Service level and configuration management?,"Deploy without monitoring, backup, or access controls required by the blueprint.",Mix controls from unrelated domains that do not address the stated objective.,"Follow the documented approach for Service level and configuration management, using recommended services and controls per the exam guide.",Use an approach that contradicts the exam objective and ignores documented constraints.,C,EASY,itil-foundation|practices|PA-2|easy|blueprint-seed,**Answer: C** — Service level and configuration management. Review the official AXELOS exam guide (ITIL 4 Foundation) and linked documentation. Objective: PA-2.,https://www.axelos.com/certifications/itil-service-management/itil-4-foundation
itil-foundation,practices,PA-2,ITIL 4 Foundation — PA-2 (EASY) #11,What is the primary purpose of Service level and configuration management?,Mix controls from unrelated domains that do not address the stated objective.,"Implement Service level and configuration management using AXELOS best practices for Understand Key ITIL Practices, including monitoring and least privilege.",Use an approach that contradicts the exam objective and ignores documented constraints.,"Deploy without monitoring, backup, or access controls required by the blueprint.",D,EASY,itil-foundation|practices|PA-2|easy|blueprint-seed,**Answer: D** — Service level and configuration management. Review the official AXELOS exam guide (ITIL 4 Foundation) and linked documentation. Objective: PA-2.,https://www.axelos.com/certifications/itil-service-management/itil-4-foundation
itil-foundation,practices,PA-2,ITIL 4 Foundation — PA-2 (EASY) #12,Which concept is fundamental to Service level and configuration management?,Apply the official Understand Key ITIL Practices guidance: Service level and configuration management — this aligns with exam blueprint expectations and vendor documentation.,Use an approach that contradicts the exam objective and ignores documented constraints.,"Deploy without monitoring, backup, or access controls required by the blueprint.",Mix controls from unrelated domains that do not address the stated objective.,A,EASY,itil-foundation|practices|PA-2|easy|blueprint-seed,**Answer: A** — Service level and configuration management. Review the official AXELOS exam guide (ITIL 4 Foundation) and linked documentation. Objective: PA-2.,https://www.axelos.com/certifications/itil-service-management/itil-4-foundation
itil-foundation,practices,PA-2,ITIL 4 Foundation — PA-2 (EASY) #13,Identify the core principle behind Service level and configuration management?,Use an approach that contradicts the exam objective and ignores documented constraints.,"Deploy without monitoring, backup, or access controls required by the blueprint.",Mix controls from unrelated domains that do not address the stated objective.,"Follow the documented approach for Service level and configuration management, using recommended services and controls per the exam guide.",B,EASY,itil-foundation|practices|PA-2|easy|blueprint-seed,**Answer: B** — Service level and configuration management. Review the official AXELOS exam guide (ITIL 4 Foundation) and linked documentation. Objective: PA-2.,https://www.axelos.com/certifications/itil-service-management/itil-4-foundation
itil-foundation,practices,PA-2,ITIL 4 Foundation — PA-2 (MEDIUM) #14,What is the recommended design when applying Service level and configuration management in the context of ITIL 4 Foundation?,"Deploy without monitoring, backup, or access controls required by the blueprint.",Mix controls from unrelated domains that do not address the stated objective.,"Implement Service level and configuration management using AXELOS best practices for Understand Key ITIL Practices, including monitoring and least privilege.",Use an approach that contradicts the exam objective and ignores documented constraints.,C,MEDIUM,itil-foundation|practices|PA-2|medium|blueprint-seed,**Answer: C** — Service level and configuration management. Review the official AXELOS exam guide (ITIL 4 Foundation) and linked documentation. Objective: PA-2.,https://www.axelos.com/certifications/itil-service-management/itil-4-foundation
itil-foundation,practices,PA-2,ITIL 4 Foundation — PA-2 (MEDIUM) #15,A team must implement a solution for Service level and configuration management in the context of ITIL 4 Foundation?,Mix controls from unrelated domains that do not address the stated objective.,Apply the official Understand Key ITIL Practices guidance: Service level and configuration management — this aligns with exam blueprint expectations and vendor documentation.,Use an approach that contradicts the exam objective and ignores documented constraints.,"Deploy without monitoring, backup, or access controls required by the blueprint.",D,MEDIUM,itil-foundation|practices|PA-2|medium|blueprint-seed,**Answer: D** — Service level and configuration management. Review the official AXELOS exam guide (ITIL 4 Foundation) and linked documentation. Objective: PA-2.,https://www.axelos.com/certifications/itil-service-management/itil-4-foundation
itil-foundation,practices,PA-2,ITIL 4 Foundation — PA-2 (MEDIUM) #16,Which approach aligns with best practices when Service level and configuration management in the context of ITIL 4 Foundation?,"Follow the documented approach for Service level and configuration management, using recommended services and controls per the exam guide.",Use an approach that contradicts the exam objective and ignores documented constraints.,"Deploy without monitoring, backup, or access controls required by the blueprint.",Mix controls from unrelated domains that do not address the stated objective.,A,MEDIUM,itil-foundation|practices|PA-2|medium|blueprint-seed,**Answer: A** — Service level and configuration management. Review the official AXELOS exam guide (ITIL 4 Foundation) and linked documentation. Objective: PA-2.,https://www.axelos.com/certifications/itil-service-management/itil-4-foundation
itil-foundation,practices,PA-2,ITIL 4 Foundation — PA-2 (MEDIUM) #17,"During a project review, stakeholders ask how to Service level and configuration management in the context of ITIL 4 Foundation?",Use an approach that contradicts the exam objective and ignores documented constraints.,"Deploy without monitoring, backup, or access controls required by the blueprint.",Mix controls from unrelated domains that do not address the stated objective.,"Implement Service level and configuration management using AXELOS best practices for Understand Key ITIL Practices, including monitoring and least privilege.",B,MEDIUM,itil-foundation|practices|PA-2|medium|blueprint-seed,**Answer: B** — Service level and configuration management. Review the official AXELOS exam guide (ITIL 4 Foundation) and linked documentation. Objective: PA-2.,https://www.axelos.com/certifications/itil-service-management/itil-4-foundation
itil-foundation,practices,PA-2,ITIL 4 Foundation — PA-2 (MEDIUM) #18,Which configuration satisfies requirements for Service level and configuration management in the context of ITIL 4 Foundation?,"Deploy without monitoring, backup, or access controls required by the blueprint.",Mix controls from unrelated domains that do not address the stated objective.,Apply the official Understand Key ITIL Practices guidance: Service level and configuration management — this aligns with exam blueprint expectations and vendor documentation.,Use an approach that contradicts the exam objective and ignores documented constraints.,C,MEDIUM,itil-foundation|practices|PA-2|medium|blueprint-seed,**Answer: C** — Service level and configuration management. Review the official AXELOS exam guide (ITIL 4 Foundation) and linked documentation. Objective: PA-2.,https://www.axelos.com/certifications/itil-service-management/itil-4-foundation
itil-foundation,practices,PA-2,ITIL 4 Foundation — PA-2 (MEDIUM) #19,What is the recommended design when applying Service level and configuration management in the context of ITIL 4 Foundation?,Mix controls from unrelated domains that do not address the stated objective.,"Follow the documented approach for Service level and configuration management, using recommended services and controls per the exam guide.",Use an approach that contradicts the exam objective and ignores documented constraints.,"Deploy without monitoring, backup, or access controls required by the blueprint.",D,MEDIUM,itil-foundation|practices|PA-2|medium|blueprint-seed,**Answer: D** — Service level and configuration management. Review the official AXELOS exam guide (ITIL 4 Foundation) and linked documentation. Objective: PA-2.,https://www.axelos.com/certifications/itil-service-management/itil-4-foundation
itil-foundation,practices,PA-2,ITIL 4 Foundation — PA-2 (MEDIUM) #20,A team must implement a solution for Service level and configuration management in the context of ITIL 4 Foundation?,"Implement Service level and configuration management using AXELOS best practices for Understand Key ITIL Practices, including monitoring and least privilege.",Use an approach that contradicts the exam objective and ignores documented constraints.,"Deploy without monitoring, backup, or access controls required by the blueprint.",Mix controls from unrelated domains that do not address the stated objective.,A,MEDIUM,itil-foundation|practices|PA-2|medium|blueprint-seed,**Answer: A** — Service level and configuration management. Review the official AXELOS exam guide (ITIL 4 Foundation) and linked documentation. Objective: PA-2.,https://www.axelos.com/certifications/itil-service-management/itil-4-foundation
itil-foundation,practices,PA-2,ITIL 4 Foundation — PA-2 (MEDIUM) #21,Which approach aligns with best practices when Service level and configuration management in the context of ITIL 4 Foundation?,Use an approach that contradicts the exam objective and ignores documented constraints.,"Deploy without monitoring, backup, or access controls required by the blueprint.",Mix controls from unrelated domains that do not address the stated objective.,Apply the official Understand Key ITIL Practices guidance: Service level and configuration management — this aligns with exam blueprint expectations and vendor documentation.,B,MEDIUM,itil-foundation|practices|PA-2|medium|blueprint-seed,**Answer: B** — Service level and configuration management. Review the official AXELOS exam guide (ITIL 4 Foundation) and linked documentation. Objective: PA-2.,https://www.axelos.com/certifications/itil-service-management/itil-4-foundation
itil-foundation,practices,PA-2,ITIL 4 Foundation — PA-2 (MEDIUM) #22,"During a project review, stakeholders ask how to Service level and configuration management in the context of ITIL 4 Foundation?","Deploy without monitoring, backup, or access controls required by the blueprint.",Mix controls from unrelated domains that do not address the stated objective.,"Follow the documented approach for Service level and configuration management, using recommended services and controls per the exam guide.",Use an approach that contradicts the exam objective and ignores documented constraints.,C,MEDIUM,itil-foundation|practices|PA-2|medium|blueprint-seed,**Answer: C** — Service level and configuration management. Review the official AXELOS exam guide (ITIL 4 Foundation) and linked documentation. Objective: PA-2.,https://www.axelos.com/certifications/itil-service-management/itil-4-foundation
itil-foundation,practices,PA-2,ITIL 4 Foundation — PA-2 (MEDIUM) #23,Which configuration satisfies requirements for Service level and configuration management in the context of ITIL 4 Foundation?,Mix controls from unrelated domains that do not address the stated objective.,"Implement Service level and configuration management using AXELOS best practices for Understand Key ITIL Practices, including monitoring and least privilege.",Use an approach that contradicts the exam objective and ignores documented constraints.,"Deploy without monitoring, backup, or access controls required by the blueprint.",D,MEDIUM,itil-foundation|practices|PA-2|medium|blueprint-seed,**Answer: D** — Service level and configuration management. Review the official AXELOS exam guide (ITIL 4 Foundation) and linked documentation. Objective: PA-2.,https://www.axelos.com/certifications/itil-service-management/itil-4-foundation
itil-foundation,practices,PA-2,ITIL 4 Foundation — PA-2 (MEDIUM) #24,What is the recommended design when applying Service level and configuration management in the context of ITIL 4 Foundation?,Apply the official Understand Key ITIL Practices guidance: Service level and configuration management — this aligns with exam blueprint expectations and vendor documentation.,Use an approach that contradicts the exam objective and ignores documented constraints.,"Deploy without monitoring, backup, or access controls required by the blueprint.",Mix controls from unrelated domains that do not address the stated objective.,A,MEDIUM,itil-foundation|practices|PA-2|medium|blueprint-seed,**Answer: A** — Service level and configuration management. Review the official AXELOS exam guide (ITIL 4 Foundation) and linked documentation. Objective: PA-2.,https://www.axelos.com/certifications/itil-service-management/itil-4-foundation
itil-foundation,practices,PA-2,ITIL 4 Foundation — PA-2 (MEDIUM) #25,A team must implement a solution for Service level and configuration management in the context of ITIL 4 Foundation?,Use an approach that contradicts the exam objective and ignores documented constraints.,"Deploy without monitoring, backup, or access controls required by the blueprint.",Mix controls from unrelated domains that do not address the stated objective.,"Follow the documented approach for Service level and configuration management, using recommended services and controls per the exam guide.",B,MEDIUM,itil-foundation|practices|PA-2|medium|blueprint-seed,**Answer: B** — Service level and configuration management. Review the official AXELOS exam guide (ITIL 4 Foundation) and linked documentation. Objective: PA-2.,https://www.axelos.com/certifications/itil-service-management/itil-4-foundation
itil-foundation,practices,PA-2,ITIL 4 Foundation — PA-2 (MEDIUM) #26,Which approach aligns with best practices when Service level and configuration management in the context of ITIL 4 Foundation?,"Deploy without monitoring, backup, or access controls required by the blueprint.",Mix controls from unrelated domains that do not address the stated objective.,"Implement Service level and configuration management using AXELOS best practices for Understand Key ITIL Practices, including monitoring and least privilege.",Use an approach that contradicts the exam objective and ignores documented constraints.,C,MEDIUM,itil-foundation|practices|PA-2|medium|blueprint-seed,**Answer: C** — Service level and configuration management. Review the official AXELOS exam guide (ITIL 4 Foundation) and linked documentation. Objective: PA-2.,https://www.axelos.com/certifications/itil-service-management/itil-4-foundation
itil-foundation,practices,PA-2,ITIL 4 Foundation — PA-2 (MEDIUM) #27,"During a project review, stakeholders ask how to Service level and configuration management in the context of ITIL 4 Foundation?",Mix controls from unrelated domains that do not address the stated objective.,Apply the official Understand Key ITIL Practices guidance: Service level and configuration management — this aligns with exam blueprint expectations and vendor documentation.,Use an approach that contradicts the exam objective and ignores documented constraints.,"Deploy without monitoring, backup, or access controls required by the blueprint.",D,MEDIUM,itil-foundation|practices|PA-2|medium|blueprint-seed,**Answer: D** — Service level and configuration management. Review the official AXELOS exam guide (ITIL 4 Foundation) and linked documentation. Objective: PA-2.,https://www.axelos.com/certifications/itil-service-management/itil-4-foundation
itil-foundation,practices,PA-2,ITIL 4 Foundation — PA-2 (MEDIUM) #28,Which configuration satisfies requirements for Service level and configuration management in the context of ITIL 4 Foundation?,"Follow the documented approach for Service level and configuration management, using recommended services and controls per the exam guide.",Use an approach that contradicts the exam objective and ignores documented constraints.,"Deploy without monitoring, backup, or access controls required by the blueprint.",Mix controls from unrelated domains that do not address the stated objective.,A,MEDIUM,itil-foundation|practices|PA-2|medium|blueprint-seed,**Answer: A** — Service level and configuration management. Review the official AXELOS exam guide (ITIL 4 Foundation) and linked documentation. Objective: PA-2.,https://www.axelos.com/certifications/itil-service-management/itil-4-foundation
itil-foundation,practices,PA-2,ITIL 4 Foundation — PA-2 (MEDIUM) #29,What is the recommended design when applying Service level and configuration management in the context of ITIL 4 Foundation?,Use an approach that contradicts the exam objective and ignores documented constraints.,"Deploy without monitoring, backup, or access controls required by the blueprint.",Mix controls from unrelated domains that do not address the stated objective.,"Implement Service level and configuration management using AXELOS best practices for Understand Key ITIL Practices, including monitoring and least privilege.",B,MEDIUM,itil-foundation|practices|PA-2|medium|blueprint-seed,**Answer: B** — Service level and configuration management. Review the official AXELOS exam guide (ITIL 4 Foundation) and linked documentation. Objective: PA-2.,https://www.axelos.com/certifications/itil-service-management/itil-4-foundation
itil-foundation,practices,PA-2,ITIL 4 Foundation — PA-2 (MEDIUM) #30,A team must implement a solution for Service level and configuration management in the context of ITIL 4 Foundation?,"Deploy without monitoring, backup, or access controls required by the blueprint.",Mix controls from unrelated domains that do not address the stated objective.,Apply the official Understand Key ITIL Practices guidance: Service level and configuration management — this aligns with exam blueprint expectations and vendor documentation.,Use an approach that contradicts the exam objective and ignores documented constraints.,C,MEDIUM,itil-foundation|practices|PA-2|medium|blueprint-seed,**Answer: C** — Service level and configuration management. Review the official AXELOS exam guide (ITIL 4 Foundation) and linked documentation. Objective: PA-2.,https://www.axelos.com/certifications/itil-service-management/itil-4-foundation
itil-foundation,practices,PA-2,ITIL 4 Foundation — PA-2 (MEDIUM) #31,Which approach aligns with best practices when Service level and configuration management in the context of ITIL 4 Foundation?,Mix controls from unrelated domains that do not address the stated objective.,"Follow the documented approach for Service level and configuration management, using recommended services and controls per the exam guide.",Use an approach that contradicts the exam objective and ignores documented constraints.,"Deploy without monitoring, backup, or access controls required by the blueprint.",D,MEDIUM,itil-foundation|practices|PA-2|medium|blueprint-seed,**Answer: D** — Service level and configuration management. Review the official AXELOS exam guide (ITIL 4 Foundation) and linked documentation. Objective: PA-2.,https://www.axelos.com/certifications/itil-service-management/itil-4-foundation
itil-foundation,practices,PA-2,ITIL 4 Foundation — PA-2 (HARD) #32,A production incident involves trade-offs between cost and resilience for Service level and configuration management for Understand Key ITIL Practices?,"Implement Service level and configuration management using AXELOS best practices for Understand Key ITIL Practices, including monitoring and least privilege.",Use an approach that contradicts the exam objective and ignores documented constraints.,"Deploy without monitoring, backup, or access controls required by the blueprint.",Mix controls from unrelated domains that do not address the stated objective.,A,HARD,itil-foundation|practices|PA-2|hard|blueprint-seed,**Answer: A** — Service level and configuration management. Review the official AXELOS exam guide (ITIL 4 Foundation) and linked documentation. Objective: PA-2.,https://www.axelos.com/certifications/itil-service-management/itil-4-foundation
itil-foundation,practices,PA-2,ITIL 4 Foundation — PA-2 (HARD) #33,Complex regulatory requirements demand that you Service level and configuration management for Understand Key ITIL Practices?,Use an approach that contradicts the exam objective and ignores documented constraints.,"Deploy without monitoring, backup, or access controls required by the blueprint.",Mix controls from unrelated domains that do not address the stated objective.,Apply the official Understand Key ITIL Practices guidance: Service level and configuration management — this aligns with exam blueprint expectations and vendor documentation.,B,HARD,itil-foundation|practices|PA-2|hard|blueprint-seed,**Answer: B** — Service level and configuration management. Review the official AXELOS exam guide (ITIL 4 Foundation) and linked documentation. Objective: PA-2.,https://www.axelos.com/certifications/itil-service-management/itil-4-foundation
itil-foundation,practices,PA-2,ITIL 4 Foundation — PA-2 (HARD) #34,A multi-team rollout must balance security and velocity for Service level and configuration management for Understand Key ITIL Practices?,"Deploy without monitoring, backup, or access controls required by the blueprint.",Mix controls from unrelated domains that do not address the stated objective.,"Follow the documented approach for Service level and configuration management, using recommended services and controls per the exam guide.",Use an approach that contradicts the exam objective and ignores documented constraints.,C,HARD,itil-foundation|practices|PA-2|hard|blueprint-seed,**Answer: C** — Service level and configuration management. Review the official AXELOS exam guide (ITIL 4 Foundation) and linked documentation. Objective: PA-2.,https://www.axelos.com/certifications/itil-service-management/itil-4-foundation
itil-foundation,practices,PA-2,ITIL 4 Foundation — PA-2 (HARD) #35,An enterprise requires zero-downtime architecture while Service level and configuration management for Understand Key ITIL Practices?,Mix controls from unrelated domains that do not address the stated objective.,"Implement Service level and configuration management using AXELOS best practices for Understand Key ITIL Practices, including monitoring and least privilege.",Use an approach that contradicts the exam objective and ignores documented constraints.,"Deploy without monitoring, backup, or access controls required by the blueprint.",D,HARD,itil-foundation|practices|PA-2|hard|blueprint-seed,**Answer: D** — Service level and configuration management. Review the official AXELOS exam guide (ITIL 4 Foundation) and linked documentation. Objective: PA-2.,https://www.axelos.com/certifications/itil-service-management/itil-4-foundation
itil-foundation,practices,PA-2,ITIL 4 Foundation — PA-2 (HARD) #36,"Given strict compliance, auditability, and multi-region constraints, how should you Service level and configuration management for Understand Key ITIL Practices?",Apply the official Understand Key ITIL Practices guidance: Service level and configuration management — this aligns with exam blueprint expectations and vendor documentation.,Use an approach that contradicts the exam objective and ignores documented constraints.,"Deploy without monitoring, backup, or access controls required by the blueprint.",Mix controls from unrelated domains that do not address the stated objective.,A,HARD,itil-foundation|practices|PA-2|hard|blueprint-seed,**Answer: A** — Service level and configuration management. Review the official AXELOS exam guide (ITIL 4 Foundation) and linked documentation. Objective: PA-2.,https://www.axelos.com/certifications/itil-service-management/itil-4-foundation
itil-foundation,practices,PA-2,ITIL 4 Foundation — PA-2 (HARD) #37,A production incident involves trade-offs between cost and resilience for Service level and configuration management for Understand Key ITIL Practices?,Use an approach that contradicts the exam objective and ignores documented constraints.,"Deploy without monitoring, backup, or access controls required by the blueprint.",Mix controls from unrelated domains that do not address the stated objective.,"Follow the documented approach for Service level and configuration management, using recommended services and controls per the exam guide.",B,HARD,itil-foundation|practices|PA-2|hard|blueprint-seed,**Answer: B** — Service level and configuration management. Review the official AXELOS exam guide (ITIL 4 Foundation) and linked documentation. Objective: PA-2.,https://www.axelos.com/certifications/itil-service-management/itil-4-foundation
itil-foundation,practices,PA-2,ITIL 4 Foundation — PA-2 (HARD) #38,Complex regulatory requirements demand that you Service level and configuration management for Understand Key ITIL Practices?,"Deploy without monitoring, backup, or access controls required by the blueprint.",Mix controls from unrelated domains that do not address the stated objective.,"Implement Service level and configuration management using AXELOS best practices for Understand Key ITIL Practices, including monitoring and least privilege.",Use an approach that contradicts the exam objective and ignores documented constraints.,C,HARD,itil-foundation|practices|PA-2|hard|blueprint-seed,**Answer: C** — Service level and configuration management. Review the official AXELOS exam guide (ITIL 4 Foundation) and linked documentation. Objective: PA-2.,https://www.axelos.com/certifications/itil-service-management/itil-4-foundation
itil-foundation,practices,PA-2,ITIL 4 Foundation — PA-2 (HARD) #39,A multi-team rollout must balance security and velocity for Service level and configuration management for Understand Key ITIL Practices?,Mix controls from unrelated domains that do not address the stated objective.,Apply the official Understand Key ITIL Practices guidance: Service level and configuration management — this aligns with exam blueprint expectations and vendor documentation.,Use an approach that contradicts the exam objective and ignores documented constraints.,"Deploy without monitoring, backup, or access controls required by the blueprint.",D,HARD,itil-foundation|practices|PA-2|hard|blueprint-seed,**Answer: D** — Service level and configuration management. Review the official AXELOS exam guide (ITIL 4 Foundation) and linked documentation. Objective: PA-2.,https://www.axelos.com/certifications/itil-service-management/itil-4-foundation
itil-foundation,practices,PA-2,ITIL 4 Foundation — PA-2 (HARD) #40,An enterprise requires zero-downtime architecture while Service level and configuration management for Understand Key ITIL Practices?,"Follow the documented approach for Service level and configuration management, using recommended services and controls per the exam guide.",Use an approach that contradicts the exam objective and ignores documented constraints.,"Deploy without monitoring, backup, or access controls required by the blueprint.",Mix controls from unrelated domains that do not address the stated objective.,A,HARD,itil-foundation|practices|PA-2|hard|blueprint-seed,**Answer: A** — Service level and configuration management. Review the official AXELOS exam guide (ITIL 4 Foundation) and linked documentation. Objective: PA-2.,https://www.axelos.com/certifications/itil-service-management/itil-4-foundation
itil-foundation,practices,PA-2,ITIL 4 Foundation — PA-2 (HARD) #41,"Given strict compliance, auditability, and multi-region constraints, how should you Service level and configuration management for Understand Key ITIL Practices?",Use an approach that contradicts the exam objective and ignores documented constraints.,"Deploy without monitoring, backup, or access controls required by the blueprint.",Mix controls from unrelated domains that do not address the stated objective.,"Implement Service level and configuration management using AXELOS best practices for Understand Key ITIL Practices, including monitoring and least privilege.",B,HARD,itil-foundation|practices|PA-2|hard|blueprint-seed,**Answer: B** — Service level and configuration management. Review the official AXELOS exam guide (ITIL 4 Foundation) and linked documentation. Objective: PA-2.,https://www.axelos.com/certifications/itil-service-management/itil-4-foundation
itil-foundation,practices,PA-2,ITIL 4 Foundation — PA-2 (HARD) #42,A production incident involves trade-offs between cost and resilience for Service level and configuration management for Understand Key ITIL Practices?,"Deploy without monitoring, backup, or access controls required by the blueprint.",Mix controls from unrelated domains that do not address the stated objective.,Apply the official Understand Key ITIL Practices guidance: Service level and configuration management — this aligns with exam blueprint expectations and vendor documentation.,Use an approach that contradicts the exam objective and ignores documented constraints.,C,HARD,itil-foundation|practices|PA-2|hard|blueprint-seed,**Answer: C** — Service level and configuration management. Review the official AXELOS exam guide (ITIL 4 Foundation) and linked documentation. Objective: PA-2.,https://www.axelos.com/certifications/itil-service-management/itil-4-foundation
itil-foundation,practices,PA-2,ITIL 4 Foundation — PA-2 (HARD) #43,Complex regulatory requirements demand that you Service level and configuration management for Understand Key ITIL Practices?,Mix controls from unrelated domains that do not address the stated objective.,"Follow the documented approach for Service level and configuration management, using recommended services and controls per the exam guide.",Use an approach that contradicts the exam objective and ignores documented constraints.,"Deploy without monitoring, backup, or access controls required by the blueprint.",D,HARD,itil-foundation|practices|PA-2|hard|blueprint-seed,**Answer: D** — Service level and configuration management. Review the official AXELOS exam guide (ITIL 4 Foundation) and linked documentation. Objective: PA-2.,https://www.axelos.com/certifications/itil-service-management/itil-4-foundation
itil-foundation,practices,PA-2,ITIL 4 Foundation — PA-2 (HARD) #44,A multi-team rollout must balance security and velocity for Service level and configuration management for Understand Key ITIL Practices?,"Implement Service level and configuration management using AXELOS best practices for Understand Key ITIL Practices, including monitoring and least privilege.",Use an approach that contradicts the exam objective and ignores documented constraints.,"Deploy without monitoring, backup, or access controls required by the blueprint.",Mix controls from unrelated domains that do not address the stated objective.,A,HARD,itil-foundation|practices|PA-2|hard|blueprint-seed,**Answer: A** — Service level and configuration management. Review the official AXELOS exam guide (ITIL 4 Foundation) and linked documentation. Objective: PA-2.,https://www.axelos.com/certifications/itil-service-management/itil-4-foundation
itil-foundation,practices,PA-3,ITIL 4 Foundation — PA-3 (EASY) #1,What is the primary purpose of Continual improvement and monitoring?,Use an approach that contradicts the exam objective and ignores documented constraints.,"Deploy without monitoring, backup, or access controls required by the blueprint.",Mix controls from unrelated domains that do not address the stated objective.,"Follow the documented approach for Continual improvement and monitoring, using recommended services and controls per the exam guide.",B,EASY,itil-foundation|practices|PA-3|easy|blueprint-seed,**Answer: B** — Continual improvement and monitoring. Review the official AXELOS exam guide (ITIL 4 Foundation) and linked documentation. Objective: PA-3.,https://www.axelos.com/certifications/itil-service-management/itil-4-foundation
itil-foundation,practices,PA-3,ITIL 4 Foundation — PA-3 (EASY) #2,Which concept is fundamental to Continual improvement and monitoring?,"Deploy without monitoring, backup, or access controls required by the blueprint.",Mix controls from unrelated domains that do not address the stated objective.,"Implement Continual improvement and monitoring using AXELOS best practices for Understand Key ITIL Practices, including monitoring and least privilege.",Use an approach that contradicts the exam objective and ignores documented constraints.,C,EASY,itil-foundation|practices|PA-3|easy|blueprint-seed,**Answer: C** — Continual improvement and monitoring. Review the official AXELOS exam guide (ITIL 4 Foundation) and linked documentation. Objective: PA-3.,https://www.axelos.com/certifications/itil-service-management/itil-4-foundation
itil-foundation,practices,PA-3,ITIL 4 Foundation — PA-3 (EASY) #3,Identify the core principle behind Continual improvement and monitoring?,Mix controls from unrelated domains that do not address the stated objective.,Apply the official Understand Key ITIL Practices guidance: Continual improvement and monitoring — this aligns with exam blueprint expectations and vendor documentation.,Use an approach that contradicts the exam objective and ignores documented constraints.,"Deploy without monitoring, backup, or access controls required by the blueprint.",D,EASY,itil-foundation|practices|PA-3|easy|blueprint-seed,**Answer: D** — Continual improvement and monitoring. Review the official AXELOS exam guide (ITIL 4 Foundation) and linked documentation. Objective: PA-3.,https://www.axelos.com/certifications/itil-service-management/itil-4-foundation
itil-foundation,practices,PA-3,ITIL 4 Foundation — PA-3 (EASY) #4,Which description accurately reflects Continual improvement and monitoring?,"Follow the documented approach for Continual improvement and monitoring, using recommended services and controls per the exam guide.",Use an approach that contradicts the exam objective and ignores documented constraints.,"Deploy without monitoring, backup, or access controls required by the blueprint.",Mix controls from unrelated domains that do not address the stated objective.,A,EASY,itil-foundation|practices|PA-3|easy|blueprint-seed,**Answer: A** — Continual improvement and monitoring. Review the official AXELOS exam guide (ITIL 4 Foundation) and linked documentation. Objective: PA-3.,https://www.axelos.com/certifications/itil-service-management/itil-4-foundation
itil-foundation,practices,PA-3,ITIL 4 Foundation — PA-3 (EASY) #5,Which statement best defines the scope of Continual improvement and monitoring?,Use an approach that contradicts the exam objective and ignores documented constraints.,"Deploy without monitoring, backup, or access controls required by the blueprint.",Mix controls from unrelated domains that do not address the stated objective.,"Implement Continual improvement and monitoring using AXELOS best practices for Understand Key ITIL Practices, including monitoring and least privilege.",B,EASY,itil-foundation|practices|PA-3|easy|blueprint-seed,**Answer: B** — Continual improvement and monitoring. Review the official AXELOS exam guide (ITIL 4 Foundation) and linked documentation. Objective: PA-3.,https://www.axelos.com/certifications/itil-service-management/itil-4-foundation
itil-foundation,practices,PA-3,ITIL 4 Foundation — PA-3 (EASY) #6,What is the primary purpose of Continual improvement and monitoring?,"Deploy without monitoring, backup, or access controls required by the blueprint.",Mix controls from unrelated domains that do not address the stated objective.,Apply the official Understand Key ITIL Practices guidance: Continual improvement and monitoring — this aligns with exam blueprint expectations and vendor documentation.,Use an approach that contradicts the exam objective and ignores documented constraints.,C,EASY,itil-foundation|practices|PA-3|easy|blueprint-seed,**Answer: C** — Continual improvement and monitoring. Review the official AXELOS exam guide (ITIL 4 Foundation) and linked documentation. Objective: PA-3.,https://www.axelos.com/certifications/itil-service-management/itil-4-foundation
itil-foundation,practices,PA-3,ITIL 4 Foundation — PA-3 (EASY) #7,Which concept is fundamental to Continual improvement and monitoring?,Mix controls from unrelated domains that do not address the stated objective.,"Follow the documented approach for Continual improvement and monitoring, using recommended services and controls per the exam guide.",Use an approach that contradicts the exam objective and ignores documented constraints.,"Deploy without monitoring, backup, or access controls required by the blueprint.",D,EASY,itil-foundation|practices|PA-3|easy|blueprint-seed,**Answer: D** — Continual improvement and monitoring. Review the official AXELOS exam guide (ITIL 4 Foundation) and linked documentation. Objective: PA-3.,https://www.axelos.com/certifications/itil-service-management/itil-4-foundation
itil-foundation,practices,PA-3,ITIL 4 Foundation — PA-3 (EASY) #8,Identify the core principle behind Continual improvement and monitoring?,"Implement Continual improvement and monitoring using AXELOS best practices for Understand Key ITIL Practices, including monitoring and least privilege.",Use an approach that contradicts the exam objective and ignores documented constraints.,"Deploy without monitoring, backup, or access controls required by the blueprint.",Mix controls from unrelated domains that do not address the stated objective.,A,EASY,itil-foundation|practices|PA-3|easy|blueprint-seed,**Answer: A** — Continual improvement and monitoring. Review the official AXELOS exam guide (ITIL 4 Foundation) and linked documentation. Objective: PA-3.,https://www.axelos.com/certifications/itil-service-management/itil-4-foundation
itil-foundation,practices,PA-3,ITIL 4 Foundation — PA-3 (EASY) #9,Which description accurately reflects Continual improvement and monitoring?,Use an approach that contradicts the exam objective and ignores documented constraints.,"Deploy without monitoring, backup, or access controls required by the blueprint.",Mix controls from unrelated domains that do not address the stated objective.,Apply the official Understand Key ITIL Practices guidance: Continual improvement and monitoring — this aligns with exam blueprint expectations and vendor documentation.,B,EASY,itil-foundation|practices|PA-3|easy|blueprint-seed,**Answer: B** — Continual improvement and monitoring. Review the official AXELOS exam guide (ITIL 4 Foundation) and linked documentation. Objective: PA-3.,https://www.axelos.com/certifications/itil-service-management/itil-4-foundation
itil-foundation,practices,PA-3,ITIL 4 Foundation — PA-3 (EASY) #10,Which statement best defines the scope of Continual improvement and monitoring?,"Deploy without monitoring, backup, or access controls required by the blueprint.",Mix controls from unrelated domains that do not address the stated objective.,"Follow the documented approach for Continual improvement and monitoring, using recommended services and controls per the exam guide.",Use an approach that contradicts the exam objective and ignores documented constraints.,C,EASY,itil-foundation|practices|PA-3|easy|blueprint-seed,**Answer: C** — Continual improvement and monitoring. Review the official AXELOS exam guide (ITIL 4 Foundation) and linked documentation. Objective: PA-3.,https://www.axelos.com/certifications/itil-service-management/itil-4-foundation
itil-foundation,practices,PA-3,ITIL 4 Foundation — PA-3 (EASY) #11,What is the primary purpose of Continual improvement and monitoring?,Mix controls from unrelated domains that do not address the stated objective.,"Implement Continual improvement and monitoring using AXELOS best practices for Understand Key ITIL Practices, including monitoring and least privilege.",Use an approach that contradicts the exam objective and ignores documented constraints.,"Deploy without monitoring, backup, or access controls required by the blueprint.",D,EASY,itil-foundation|practices|PA-3|easy|blueprint-seed,**Answer: D** — Continual improvement and monitoring. Review the official AXELOS exam guide (ITIL 4 Foundation) and linked documentation. Objective: PA-3.,https://www.axelos.com/certifications/itil-service-management/itil-4-foundation
itil-foundation,practices,PA-3,ITIL 4 Foundation — PA-3 (EASY) #12,Which concept is fundamental to Continual improvement and monitoring?,Apply the official Understand Key ITIL Practices guidance: Continual improvement and monitoring — this aligns with exam blueprint expectations and vendor documentation.,Use an approach that contradicts the exam objective and ignores documented constraints.,"Deploy without monitoring, backup, or access controls required by the blueprint.",Mix controls from unrelated domains that do not address the stated objective.,A,EASY,itil-foundation|practices|PA-3|easy|blueprint-seed,**Answer: A** — Continual improvement and monitoring. Review the official AXELOS exam guide (ITIL 4 Foundation) and linked documentation. Objective: PA-3.,https://www.axelos.com/certifications/itil-service-management/itil-4-foundation
itil-foundation,practices,PA-3,ITIL 4 Foundation — PA-3 (EASY) #13,Identify the core principle behind Continual improvement and monitoring?,Use an approach that contradicts the exam objective and ignores documented constraints.,"Deploy without monitoring, backup, or access controls required by the blueprint.",Mix controls from unrelated domains that do not address the stated objective.,"Follow the documented approach for Continual improvement and monitoring, using recommended services and controls per the exam guide.",B,EASY,itil-foundation|practices|PA-3|easy|blueprint-seed,**Answer: B** — Continual improvement and monitoring. Review the official AXELOS exam guide (ITIL 4 Foundation) and linked documentation. Objective: PA-3.,https://www.axelos.com/certifications/itil-service-management/itil-4-foundation
itil-foundation,practices,PA-3,ITIL 4 Foundation — PA-3 (MEDIUM) #14,What is the recommended design when applying Continual improvement and monitoring in the context of ITIL 4 Foundation?,"Deploy without monitoring, backup, or access controls required by the blueprint.",Mix controls from unrelated domains that do not address the stated objective.,"Implement Continual improvement and monitoring using AXELOS best practices for Understand Key ITIL Practices, including monitoring and least privilege.",Use an approach that contradicts the exam objective and ignores documented constraints.,C,MEDIUM,itil-foundation|practices|PA-3|medium|blueprint-seed,**Answer: C** — Continual improvement and monitoring. Review the official AXELOS exam guide (ITIL 4 Foundation) and linked documentation. Objective: PA-3.,https://www.axelos.com/certifications/itil-service-management/itil-4-foundation
itil-foundation,practices,PA-3,ITIL 4 Foundation — PA-3 (MEDIUM) #15,A team must implement a solution for Continual improvement and monitoring in the context of ITIL 4 Foundation?,Mix controls from unrelated domains that do not address the stated objective.,Apply the official Understand Key ITIL Practices guidance: Continual improvement and monitoring — this aligns with exam blueprint expectations and vendor documentation.,Use an approach that contradicts the exam objective and ignores documented constraints.,"Deploy without monitoring, backup, or access controls required by the blueprint.",D,MEDIUM,itil-foundation|practices|PA-3|medium|blueprint-seed,**Answer: D** — Continual improvement and monitoring. Review the official AXELOS exam guide (ITIL 4 Foundation) and linked documentation. Objective: PA-3.,https://www.axelos.com/certifications/itil-service-management/itil-4-foundation
itil-foundation,practices,PA-3,ITIL 4 Foundation — PA-3 (MEDIUM) #16,Which approach aligns with best practices when Continual improvement and monitoring in the context of ITIL 4 Foundation?,"Follow the documented approach for Continual improvement and monitoring, using recommended services and controls per the exam guide.",Use an approach that contradicts the exam objective and ignores documented constraints.,"Deploy without monitoring, backup, or access controls required by the blueprint.",Mix controls from unrelated domains that do not address the stated objective.,A,MEDIUM,itil-foundation|practices|PA-3|medium|blueprint-seed,**Answer: A** — Continual improvement and monitoring. Review the official AXELOS exam guide (ITIL 4 Foundation) and linked documentation. Objective: PA-3.,https://www.axelos.com/certifications/itil-service-management/itil-4-foundation
itil-foundation,practices,PA-3,ITIL 4 Foundation — PA-3 (MEDIUM) #17,"During a project review, stakeholders ask how to Continual improvement and monitoring in the context of ITIL 4 Foundation?",Use an approach that contradicts the exam objective and ignores documented constraints.,"Deploy without monitoring, backup, or access controls required by the blueprint.",Mix controls from unrelated domains that do not address the stated objective.,"Implement Continual improvement and monitoring using AXELOS best practices for Understand Key ITIL Practices, including monitoring and least privilege.",B,MEDIUM,itil-foundation|practices|PA-3|medium|blueprint-seed,**Answer: B** — Continual improvement and monitoring. Review the official AXELOS exam guide (ITIL 4 Foundation) and linked documentation. Objective: PA-3.,https://www.axelos.com/certifications/itil-service-management/itil-4-foundation
itil-foundation,practices,PA-3,ITIL 4 Foundation — PA-3 (MEDIUM) #18,Which configuration satisfies requirements for Continual improvement and monitoring in the context of ITIL 4 Foundation?,"Deploy without monitoring, backup, or access controls required by the blueprint.",Mix controls from unrelated domains that do not address the stated objective.,Apply the official Understand Key ITIL Practices guidance: Continual improvement and monitoring — this aligns with exam blueprint expectations and vendor documentation.,Use an approach that contradicts the exam objective and ignores documented constraints.,C,MEDIUM,itil-foundation|practices|PA-3|medium|blueprint-seed,**Answer: C** — Continual improvement and monitoring. Review the official AXELOS exam guide (ITIL 4 Foundation) and linked documentation. Objective: PA-3.,https://www.axelos.com/certifications/itil-service-management/itil-4-foundation
itil-foundation,practices,PA-3,ITIL 4 Foundation — PA-3 (MEDIUM) #19,What is the recommended design when applying Continual improvement and monitoring in the context of ITIL 4 Foundation?,Mix controls from unrelated domains that do not address the stated objective.,"Follow the documented approach for Continual improvement and monitoring, using recommended services and controls per the exam guide.",Use an approach that contradicts the exam objective and ignores documented constraints.,"Deploy without monitoring, backup, or access controls required by the blueprint.",D,MEDIUM,itil-foundation|practices|PA-3|medium|blueprint-seed,**Answer: D** — Continual improvement and monitoring. Review the official AXELOS exam guide (ITIL 4 Foundation) and linked documentation. Objective: PA-3.,https://www.axelos.com/certifications/itil-service-management/itil-4-foundation
itil-foundation,practices,PA-3,ITIL 4 Foundation — PA-3 (MEDIUM) #20,A team must implement a solution for Continual improvement and monitoring in the context of ITIL 4 Foundation?,"Implement Continual improvement and monitoring using AXELOS best practices for Understand Key ITIL Practices, including monitoring and least privilege.",Use an approach that contradicts the exam objective and ignores documented constraints.,"Deploy without monitoring, backup, or access controls required by the blueprint.",Mix controls from unrelated domains that do not address the stated objective.,A,MEDIUM,itil-foundation|practices|PA-3|medium|blueprint-seed,**Answer: A** — Continual improvement and monitoring. Review the official AXELOS exam guide (ITIL 4 Foundation) and linked documentation. Objective: PA-3.,https://www.axelos.com/certifications/itil-service-management/itil-4-foundation
itil-foundation,practices,PA-3,ITIL 4 Foundation — PA-3 (MEDIUM) #21,Which approach aligns with best practices when Continual improvement and monitoring in the context of ITIL 4 Foundation?,Use an approach that contradicts the exam objective and ignores documented constraints.,"Deploy without monitoring, backup, or access controls required by the blueprint.",Mix controls from unrelated domains that do not address the stated objective.,Apply the official Understand Key ITIL Practices guidance: Continual improvement and monitoring — this aligns with exam blueprint expectations and vendor documentation.,B,MEDIUM,itil-foundation|practices|PA-3|medium|blueprint-seed,**Answer: B** — Continual improvement and monitoring. Review the official AXELOS exam guide (ITIL 4 Foundation) and linked documentation. Objective: PA-3.,https://www.axelos.com/certifications/itil-service-management/itil-4-foundation
itil-foundation,practices,PA-3,ITIL 4 Foundation — PA-3 (MEDIUM) #22,"During a project review, stakeholders ask how to Continual improvement and monitoring in the context of ITIL 4 Foundation?","Deploy without monitoring, backup, or access controls required by the blueprint.",Mix controls from unrelated domains that do not address the stated objective.,"Follow the documented approach for Continual improvement and monitoring, using recommended services and controls per the exam guide.",Use an approach that contradicts the exam objective and ignores documented constraints.,C,MEDIUM,itil-foundation|practices|PA-3|medium|blueprint-seed,**Answer: C** — Continual improvement and monitoring. Review the official AXELOS exam guide (ITIL 4 Foundation) and linked documentation. Objective: PA-3.,https://www.axelos.com/certifications/itil-service-management/itil-4-foundation
itil-foundation,practices,PA-3,ITIL 4 Foundation — PA-3 (MEDIUM) #23,Which configuration satisfies requirements for Continual improvement and monitoring in the context of ITIL 4 Foundation?,Mix controls from unrelated domains that do not address the stated objective.,"Implement Continual improvement and monitoring using AXELOS best practices for Understand Key ITIL Practices, including monitoring and least privilege.",Use an approach that contradicts the exam objective and ignores documented constraints.,"Deploy without monitoring, backup, or access controls required by the blueprint.",D,MEDIUM,itil-foundation|practices|PA-3|medium|blueprint-seed,**Answer: D** — Continual improvement and monitoring. Review the official AXELOS exam guide (ITIL 4 Foundation) and linked documentation. Objective: PA-3.,https://www.axelos.com/certifications/itil-service-management/itil-4-foundation
itil-foundation,practices,PA-3,ITIL 4 Foundation — PA-3 (MEDIUM) #24,What is the recommended design when applying Continual improvement and monitoring in the context of ITIL 4 Foundation?,Apply the official Understand Key ITIL Practices guidance: Continual improvement and monitoring — this aligns with exam blueprint expectations and vendor documentation.,Use an approach that contradicts the exam objective and ignores documented constraints.,"Deploy without monitoring, backup, or access controls required by the blueprint.",Mix controls from unrelated domains that do not address the stated objective.,A,MEDIUM,itil-foundation|practices|PA-3|medium|blueprint-seed,**Answer: A** — Continual improvement and monitoring. Review the official AXELOS exam guide (ITIL 4 Foundation) and linked documentation. Objective: PA-3.,https://www.axelos.com/certifications/itil-service-management/itil-4-foundation
itil-foundation,practices,PA-3,ITIL 4 Foundation — PA-3 (MEDIUM) #25,A team must implement a solution for Continual improvement and monitoring in the context of ITIL 4 Foundation?,Use an approach that contradicts the exam objective and ignores documented constraints.,"Deploy without monitoring, backup, or access controls required by the blueprint.",Mix controls from unrelated domains that do not address the stated objective.,"Follow the documented approach for Continual improvement and monitoring, using recommended services and controls per the exam guide.",B,MEDIUM,itil-foundation|practices|PA-3|medium|blueprint-seed,**Answer: B** — Continual improvement and monitoring. Review the official AXELOS exam guide (ITIL 4 Foundation) and linked documentation. Objective: PA-3.,https://www.axelos.com/certifications/itil-service-management/itil-4-foundation
itil-foundation,practices,PA-3,ITIL 4 Foundation — PA-3 (MEDIUM) #26,Which approach aligns with best practices when Continual improvement and monitoring in the context of ITIL 4 Foundation?,"Deploy without monitoring, backup, or access controls required by the blueprint.",Mix controls from unrelated domains that do not address the stated objective.,"Implement Continual improvement and monitoring using AXELOS best practices for Understand Key ITIL Practices, including monitoring and least privilege.",Use an approach that contradicts the exam objective and ignores documented constraints.,C,MEDIUM,itil-foundation|practices|PA-3|medium|blueprint-seed,**Answer: C** — Continual improvement and monitoring. Review the official AXELOS exam guide (ITIL 4 Foundation) and linked documentation. Objective: PA-3.,https://www.axelos.com/certifications/itil-service-management/itil-4-foundation
itil-foundation,practices,PA-3,ITIL 4 Foundation — PA-3 (MEDIUM) #27,"During a project review, stakeholders ask how to Continual improvement and monitoring in the context of ITIL 4 Foundation?",Mix controls from unrelated domains that do not address the stated objective.,Apply the official Understand Key ITIL Practices guidance: Continual improvement and monitoring — this aligns with exam blueprint expectations and vendor documentation.,Use an approach that contradicts the exam objective and ignores documented constraints.,"Deploy without monitoring, backup, or access controls required by the blueprint.",D,MEDIUM,itil-foundation|practices|PA-3|medium|blueprint-seed,**Answer: D** — Continual improvement and monitoring. Review the official AXELOS exam guide (ITIL 4 Foundation) and linked documentation. Objective: PA-3.,https://www.axelos.com/certifications/itil-service-management/itil-4-foundation
itil-foundation,practices,PA-3,ITIL 4 Foundation — PA-3 (MEDIUM) #28,Which configuration satisfies requirements for Continual improvement and monitoring in the context of ITIL 4 Foundation?,"Follow the documented approach for Continual improvement and monitoring, using recommended services and controls per the exam guide.",Use an approach that contradicts the exam objective and ignores documented constraints.,"Deploy without monitoring, backup, or access controls required by the blueprint.",Mix controls from unrelated domains that do not address the stated objective.,A,MEDIUM,itil-foundation|practices|PA-3|medium|blueprint-seed,**Answer: A** — Continual improvement and monitoring. Review the official AXELOS exam guide (ITIL 4 Foundation) and linked documentation. Objective: PA-3.,https://www.axelos.com/certifications/itil-service-management/itil-4-foundation
itil-foundation,practices,PA-3,ITIL 4 Foundation — PA-3 (MEDIUM) #29,What is the recommended design when applying Continual improvement and monitoring in the context of ITIL 4 Foundation?,Use an approach that contradicts the exam objective and ignores documented constraints.,"Deploy without monitoring, backup, or access controls required by the blueprint.",Mix controls from unrelated domains that do not address the stated objective.,"Implement Continual improvement and monitoring using AXELOS best practices for Understand Key ITIL Practices, including monitoring and least privilege.",B,MEDIUM,itil-foundation|practices|PA-3|medium|blueprint-seed,**Answer: B** — Continual improvement and monitoring. Review the official AXELOS exam guide (ITIL 4 Foundation) and linked documentation. Objective: PA-3.,https://www.axelos.com/certifications/itil-service-management/itil-4-foundation
itil-foundation,practices,PA-3,ITIL 4 Foundation — PA-3 (MEDIUM) #30,A team must implement a solution for Continual improvement and monitoring in the context of ITIL 4 Foundation?,"Deploy without monitoring, backup, or access controls required by the blueprint.",Mix controls from unrelated domains that do not address the stated objective.,Apply the official Understand Key ITIL Practices guidance: Continual improvement and monitoring — this aligns with exam blueprint expectations and vendor documentation.,Use an approach that contradicts the exam objective and ignores documented constraints.,C,MEDIUM,itil-foundation|practices|PA-3|medium|blueprint-seed,**Answer: C** — Continual improvement and monitoring. Review the official AXELOS exam guide (ITIL 4 Foundation) and linked documentation. Objective: PA-3.,https://www.axelos.com/certifications/itil-service-management/itil-4-foundation
itil-foundation,practices,PA-3,ITIL 4 Foundation — PA-3 (MEDIUM) #31,Which approach aligns with best practices when Continual improvement and monitoring in the context of ITIL 4 Foundation?,Mix controls from unrelated domains that do not address the stated objective.,"Follow the documented approach for Continual improvement and monitoring, using recommended services and controls per the exam guide.",Use an approach that contradicts the exam objective and ignores documented constraints.,"Deploy without monitoring, backup, or access controls required by the blueprint.",D,MEDIUM,itil-foundation|practices|PA-3|medium|blueprint-seed,**Answer: D** — Continual improvement and monitoring. Review the official AXELOS exam guide (ITIL 4 Foundation) and linked documentation. Objective: PA-3.,https://www.axelos.com/certifications/itil-service-management/itil-4-foundation
itil-foundation,practices,PA-3,ITIL 4 Foundation — PA-3 (HARD) #32,A production incident involves trade-offs between cost and resilience for Continual improvement and monitoring for Understand Key ITIL Practices?,"Implement Continual improvement and monitoring using AXELOS best practices for Understand Key ITIL Practices, including monitoring and least privilege.",Use an approach that contradicts the exam objective and ignores documented constraints.,"Deploy without monitoring, backup, or access controls required by the blueprint.",Mix controls from unrelated domains that do not address the stated objective.,A,HARD,itil-foundation|practices|PA-3|hard|blueprint-seed,**Answer: A** — Continual improvement and monitoring. Review the official AXELOS exam guide (ITIL 4 Foundation) and linked documentation. Objective: PA-3.,https://www.axelos.com/certifications/itil-service-management/itil-4-foundation
itil-foundation,practices,PA-3,ITIL 4 Foundation — PA-3 (HARD) #33,Complex regulatory requirements demand that you Continual improvement and monitoring for Understand Key ITIL Practices?,Use an approach that contradicts the exam objective and ignores documented constraints.,"Deploy without monitoring, backup, or access controls required by the blueprint.",Mix controls from unrelated domains that do not address the stated objective.,Apply the official Understand Key ITIL Practices guidance: Continual improvement and monitoring — this aligns with exam blueprint expectations and vendor documentation.,B,HARD,itil-foundation|practices|PA-3|hard|blueprint-seed,**Answer: B** — Continual improvement and monitoring. Review the official AXELOS exam guide (ITIL 4 Foundation) and linked documentation. Objective: PA-3.,https://www.axelos.com/certifications/itil-service-management/itil-4-foundation
itil-foundation,practices,PA-3,ITIL 4 Foundation — PA-3 (HARD) #34,A multi-team rollout must balance security and velocity for Continual improvement and monitoring for Understand Key ITIL Practices?,"Deploy without monitoring, backup, or access controls required by the blueprint.",Mix controls from unrelated domains that do not address the stated objective.,"Follow the documented approach for Continual improvement and monitoring, using recommended services and controls per the exam guide.",Use an approach that contradicts the exam objective and ignores documented constraints.,C,HARD,itil-foundation|practices|PA-3|hard|blueprint-seed,**Answer: C** — Continual improvement and monitoring. Review the official AXELOS exam guide (ITIL 4 Foundation) and linked documentation. Objective: PA-3.,https://www.axelos.com/certifications/itil-service-management/itil-4-foundation
itil-foundation,practices,PA-3,ITIL 4 Foundation — PA-3 (HARD) #35,An enterprise requires zero-downtime architecture while Continual improvement and monitoring for Understand Key ITIL Practices?,Mix controls from unrelated domains that do not address the stated objective.,"Implement Continual improvement and monitoring using AXELOS best practices for Understand Key ITIL Practices, including monitoring and least privilege.",Use an approach that contradicts the exam objective and ignores documented constraints.,"Deploy without monitoring, backup, or access controls required by the blueprint.",D,HARD,itil-foundation|practices|PA-3|hard|blueprint-seed,**Answer: D** — Continual improvement and monitoring. Review the official AXELOS exam guide (ITIL 4 Foundation) and linked documentation. Objective: PA-3.,https://www.axelos.com/certifications/itil-service-management/itil-4-foundation
itil-foundation,practices,PA-3,ITIL 4 Foundation — PA-3 (HARD) #36,"Given strict compliance, auditability, and multi-region constraints, how should you Continual improvement and monitoring for Understand Key ITIL Practices?",Apply the official Understand Key ITIL Practices guidance: Continual improvement and monitoring — this aligns with exam blueprint expectations and vendor documentation.,Use an approach that contradicts the exam objective and ignores documented constraints.,"Deploy without monitoring, backup, or access controls required by the blueprint.",Mix controls from unrelated domains that do not address the stated objective.,A,HARD,itil-foundation|practices|PA-3|hard|blueprint-seed,**Answer: A** — Continual improvement and monitoring. Review the official AXELOS exam guide (ITIL 4 Foundation) and linked documentation. Objective: PA-3.,https://www.axelos.com/certifications/itil-service-management/itil-4-foundation
itil-foundation,practices,PA-3,ITIL 4 Foundation — PA-3 (HARD) #37,A production incident involves trade-offs between cost and resilience for Continual improvement and monitoring for Understand Key ITIL Practices?,Use an approach that contradicts the exam objective and ignores documented constraints.,"Deploy without monitoring, backup, or access controls required by the blueprint.",Mix controls from unrelated domains that do not address the stated objective.,"Follow the documented approach for Continual improvement and monitoring, using recommended services and controls per the exam guide.",B,HARD,itil-foundation|practices|PA-3|hard|blueprint-seed,**Answer: B** — Continual improvement and monitoring. Review the official AXELOS exam guide (ITIL 4 Foundation) and linked documentation. Objective: PA-3.,https://www.axelos.com/certifications/itil-service-management/itil-4-foundation
itil-foundation,practices,PA-3,ITIL 4 Foundation — PA-3 (HARD) #38,Complex regulatory requirements demand that you Continual improvement and monitoring for Understand Key ITIL Practices?,"Deploy without monitoring, backup, or access controls required by the blueprint.",Mix controls from unrelated domains that do not address the stated objective.,"Implement Continual improvement and monitoring using AXELOS best practices for Understand Key ITIL Practices, including monitoring and least privilege.",Use an approach that contradicts the exam objective and ignores documented constraints.,C,HARD,itil-foundation|practices|PA-3|hard|blueprint-seed,**Answer: C** — Continual improvement and monitoring. Review the official AXELOS exam guide (ITIL 4 Foundation) and linked documentation. Objective: PA-3.,https://www.axelos.com/certifications/itil-service-management/itil-4-foundation
itil-foundation,practices,PA-3,ITIL 4 Foundation — PA-3 (HARD) #39,A multi-team rollout must balance security and velocity for Continual improvement and monitoring for Understand Key ITIL Practices?,Mix controls from unrelated domains that do not address the stated objective.,Apply the official Understand Key ITIL Practices guidance: Continual improvement and monitoring — this aligns with exam blueprint expectations and vendor documentation.,Use an approach that contradicts the exam objective and ignores documented constraints.,"Deploy without monitoring, backup, or access controls required by the blueprint.",D,HARD,itil-foundation|practices|PA-3|hard|blueprint-seed,**Answer: D** — Continual improvement and monitoring. Review the official AXELOS exam guide (ITIL 4 Foundation) and linked documentation. Objective: PA-3.,https://www.axelos.com/certifications/itil-service-management/itil-4-foundation
itil-foundation,practices,PA-3,ITIL 4 Foundation — PA-3 (HARD) #40,An enterprise requires zero-downtime architecture while Continual improvement and monitoring for Understand Key ITIL Practices?,"Follow the documented approach for Continual improvement and monitoring, using recommended services and controls per the exam guide.",Use an approach that contradicts the exam objective and ignores documented constraints.,"Deploy without monitoring, backup, or access controls required by the blueprint.",Mix controls from unrelated domains that do not address the stated objective.,A,HARD,itil-foundation|practices|PA-3|hard|blueprint-seed,**Answer: A** — Continual improvement and monitoring. Review the official AXELOS exam guide (ITIL 4 Foundation) and linked documentation. Objective: PA-3.,https://www.axelos.com/certifications/itil-service-management/itil-4-foundation
itil-foundation,practices,PA-3,ITIL 4 Foundation — PA-3 (HARD) #41,"Given strict compliance, auditability, and multi-region constraints, how should you Continual improvement and monitoring for Understand Key ITIL Practices?",Use an approach that contradicts the exam objective and ignores documented constraints.,"Deploy without monitoring, backup, or access controls required by the blueprint.",Mix controls from unrelated domains that do not address the stated objective.,"Implement Continual improvement and monitoring using AXELOS best practices for Understand Key ITIL Practices, including monitoring and least privilege.",B,HARD,itil-foundation|practices|PA-3|hard|blueprint-seed,**Answer: B** — Continual improvement and monitoring. Review the official AXELOS exam guide (ITIL 4 Foundation) and linked documentation. Objective: PA-3.,https://www.axelos.com/certifications/itil-service-management/itil-4-foundation
itil-foundation,practices,PA-3,ITIL 4 Foundation — PA-3 (HARD) #42,A production incident involves trade-offs between cost and resilience for Continual improvement and monitoring for Understand Key ITIL Practices?,"Deploy without monitoring, backup, or access controls required by the blueprint.",Mix controls from unrelated domains that do not address the stated objective.,Apply the official Understand Key ITIL Practices guidance: Continual improvement and monitoring — this aligns with exam blueprint expectations and vendor documentation.,Use an approach that contradicts the exam objective and ignores documented constraints.,C,HARD,itil-foundation|practices|PA-3|hard|blueprint-seed,**Answer: C** — Continual improvement and monitoring. Review the official AXELOS exam guide (ITIL 4 Foundation) and linked documentation. Objective: PA-3.,https://www.axelos.com/certifications/itil-service-management/itil-4-foundation
itil-foundation,practices,PA-3,ITIL 4 Foundation — PA-3 (HARD) #43,Complex regulatory requirements demand that you Continual improvement and monitoring for Understand Key ITIL Practices?,Mix controls from unrelated domains that do not address the stated objective.,"Follow the documented approach for Continual improvement and monitoring, using recommended services and controls per the exam guide.",Use an approach that contradicts the exam objective and ignores documented constraints.,"Deploy without monitoring, backup, or access controls required by the blueprint.",D,HARD,itil-foundation|practices|PA-3|hard|blueprint-seed,**Answer: D** — Continual improvement and monitoring. Review the official AXELOS exam guide (ITIL 4 Foundation) and linked documentation. Objective: PA-3.,https://www.axelos.com/certifications/itil-service-management/itil-4-foundation
itil-foundation,practices,PA-3,ITIL 4 Foundation — PA-3 (HARD) #44,A multi-team rollout must balance security and velocity for Continual improvement and monitoring for Understand Key ITIL Practices?,"Implement Continual improvement and monitoring using AXELOS best practices for Understand Key ITIL Practices, including monitoring and least privilege.",Use an approach that contradicts the exam objective and ignores documented constraints.,"Deploy without monitoring, backup, or access controls required by the blueprint.",Mix controls from unrelated domains that do not address the stated objective.,A,HARD,itil-foundation|practices|PA-3|hard|blueprint-seed,**Answer: A** — Continual improvement and monitoring. Review the official AXELOS exam guide (ITIL 4 Foundation) and linked documentation. Objective: PA-3.,https://www.axelos.com/certifications/itil-service-management/itil-4-foundation
itil-foundation,practices,PA-4,ITIL 4 Foundation — PA-4 (EASY) #1,What is the primary purpose of Relationship and workforce practices?,Use an approach that contradicts the exam objective and ignores documented constraints.,"Deploy without monitoring, backup, or access controls required by the blueprint.",Mix controls from unrelated domains that do not address the stated objective.,"Follow the documented approach for Relationship and workforce practices, using recommended services and controls per the exam guide.",B,EASY,itil-foundation|practices|PA-4|easy|blueprint-seed,**Answer: B** — Relationship and workforce practices. Review the official AXELOS exam guide (ITIL 4 Foundation) and linked documentation. Objective: PA-4.,https://www.axelos.com/certifications/itil-service-management/itil-4-foundation
itil-foundation,practices,PA-4,ITIL 4 Foundation — PA-4 (EASY) #2,Which concept is fundamental to Relationship and workforce practices?,"Deploy without monitoring, backup, or access controls required by the blueprint.",Mix controls from unrelated domains that do not address the stated objective.,"Implement Relationship and workforce practices using AXELOS best practices for Understand Key ITIL Practices, including monitoring and least privilege.",Use an approach that contradicts the exam objective and ignores documented constraints.,C,EASY,itil-foundation|practices|PA-4|easy|blueprint-seed,**Answer: C** — Relationship and workforce practices. Review the official AXELOS exam guide (ITIL 4 Foundation) and linked documentation. Objective: PA-4.,https://www.axelos.com/certifications/itil-service-management/itil-4-foundation
itil-foundation,practices,PA-4,ITIL 4 Foundation — PA-4 (EASY) #3,Identify the core principle behind Relationship and workforce practices?,Mix controls from unrelated domains that do not address the stated objective.,Apply the official Understand Key ITIL Practices guidance: Relationship and workforce practices — this aligns with exam blueprint expectations and vendor documentation.,Use an approach that contradicts the exam objective and ignores documented constraints.,"Deploy without monitoring, backup, or access controls required by the blueprint.",D,EASY,itil-foundation|practices|PA-4|easy|blueprint-seed,**Answer: D** — Relationship and workforce practices. Review the official AXELOS exam guide (ITIL 4 Foundation) and linked documentation. Objective: PA-4.,https://www.axelos.com/certifications/itil-service-management/itil-4-foundation
itil-foundation,practices,PA-4,ITIL 4 Foundation — PA-4 (EASY) #4,Which description accurately reflects Relationship and workforce practices?,"Follow the documented approach for Relationship and workforce practices, using recommended services and controls per the exam guide.",Use an approach that contradicts the exam objective and ignores documented constraints.,"Deploy without monitoring, backup, or access controls required by the blueprint.",Mix controls from unrelated domains that do not address the stated objective.,A,EASY,itil-foundation|practices|PA-4|easy|blueprint-seed,**Answer: A** — Relationship and workforce practices. Review the official AXELOS exam guide (ITIL 4 Foundation) and linked documentation. Objective: PA-4.,https://www.axelos.com/certifications/itil-service-management/itil-4-foundation
itil-foundation,practices,PA-4,ITIL 4 Foundation — PA-4 (EASY) #5,Which statement best defines the scope of Relationship and workforce practices?,Use an approach that contradicts the exam objective and ignores documented constraints.,"Deploy without monitoring, backup, or access controls required by the blueprint.",Mix controls from unrelated domains that do not address the stated objective.,"Implement Relationship and workforce practices using AXELOS best practices for Understand Key ITIL Practices, including monitoring and least privilege.",B,EASY,itil-foundation|practices|PA-4|easy|blueprint-seed,**Answer: B** — Relationship and workforce practices. Review the official AXELOS exam guide (ITIL 4 Foundation) and linked documentation. Objective: PA-4.,https://www.axelos.com/certifications/itil-service-management/itil-4-foundation
itil-foundation,practices,PA-4,ITIL 4 Foundation — PA-4 (EASY) #6,What is the primary purpose of Relationship and workforce practices?,"Deploy without monitoring, backup, or access controls required by the blueprint.",Mix controls from unrelated domains that do not address the stated objective.,Apply the official Understand Key ITIL Practices guidance: Relationship and workforce practices — this aligns with exam blueprint expectations and vendor documentation.,Use an approach that contradicts the exam objective and ignores documented constraints.,C,EASY,itil-foundation|practices|PA-4|easy|blueprint-seed,**Answer: C** — Relationship and workforce practices. Review the official AXELOS exam guide (ITIL 4 Foundation) and linked documentation. Objective: PA-4.,https://www.axelos.com/certifications/itil-service-management/itil-4-foundation
itil-foundation,practices,PA-4,ITIL 4 Foundation — PA-4 (EASY) #7,Which concept is fundamental to Relationship and workforce practices?,Mix controls from unrelated domains that do not address the stated objective.,"Follow the documented approach for Relationship and workforce practices, using recommended services and controls per the exam guide.",Use an approach that contradicts the exam objective and ignores documented constraints.,"Deploy without monitoring, backup, or access controls required by the blueprint.",D,EASY,itil-foundation|practices|PA-4|easy|blueprint-seed,**Answer: D** — Relationship and workforce practices. Review the official AXELOS exam guide (ITIL 4 Foundation) and linked documentation. Objective: PA-4.,https://www.axelos.com/certifications/itil-service-management/itil-4-foundation
itil-foundation,practices,PA-4,ITIL 4 Foundation — PA-4 (EASY) #8,Identify the core principle behind Relationship and workforce practices?,"Implement Relationship and workforce practices using AXELOS best practices for Understand Key ITIL Practices, including monitoring and least privilege.",Use an approach that contradicts the exam objective and ignores documented constraints.,"Deploy without monitoring, backup, or access controls required by the blueprint.",Mix controls from unrelated domains that do not address the stated objective.,A,EASY,itil-foundation|practices|PA-4|easy|blueprint-seed,**Answer: A** — Relationship and workforce practices. Review the official AXELOS exam guide (ITIL 4 Foundation) and linked documentation. Objective: PA-4.,https://www.axelos.com/certifications/itil-service-management/itil-4-foundation
itil-foundation,practices,PA-4,ITIL 4 Foundation — PA-4 (EASY) #9,Which description accurately reflects Relationship and workforce practices?,Use an approach that contradicts the exam objective and ignores documented constraints.,"Deploy without monitoring, backup, or access controls required by the blueprint.",Mix controls from unrelated domains that do not address the stated objective.,Apply the official Understand Key ITIL Practices guidance: Relationship and workforce practices — this aligns with exam blueprint expectations and vendor documentation.,B,EASY,itil-foundation|practices|PA-4|easy|blueprint-seed,**Answer: B** — Relationship and workforce practices. Review the official AXELOS exam guide (ITIL 4 Foundation) and linked documentation. Objective: PA-4.,https://www.axelos.com/certifications/itil-service-management/itil-4-foundation
itil-foundation,practices,PA-4,ITIL 4 Foundation — PA-4 (EASY) #10,Which statement best defines the scope of Relationship and workforce practices?,"Deploy without monitoring, backup, or access controls required by the blueprint.",Mix controls from unrelated domains that do not address the stated objective.,"Follow the documented approach for Relationship and workforce practices, using recommended services and controls per the exam guide.",Use an approach that contradicts the exam objective and ignores documented constraints.,C,EASY,itil-foundation|practices|PA-4|easy|blueprint-seed,**Answer: C** — Relationship and workforce practices. Review the official AXELOS exam guide (ITIL 4 Foundation) and linked documentation. Objective: PA-4.,https://www.axelos.com/certifications/itil-service-management/itil-4-foundation
itil-foundation,practices,PA-4,ITIL 4 Foundation — PA-4 (EASY) #11,What is the primary purpose of Relationship and workforce practices?,Mix controls from unrelated domains that do not address the stated objective.,"Implement Relationship and workforce practices using AXELOS best practices for Understand Key ITIL Practices, including monitoring and least privilege.",Use an approach that contradicts the exam objective and ignores documented constraints.,"Deploy without monitoring, backup, or access controls required by the blueprint.",D,EASY,itil-foundation|practices|PA-4|easy|blueprint-seed,**Answer: D** — Relationship and workforce practices. Review the official AXELOS exam guide (ITIL 4 Foundation) and linked documentation. Objective: PA-4.,https://www.axelos.com/certifications/itil-service-management/itil-4-foundation
itil-foundation,practices,PA-4,ITIL 4 Foundation — PA-4 (EASY) #12,Which concept is fundamental to Relationship and workforce practices?,Apply the official Understand Key ITIL Practices guidance: Relationship and workforce practices — this aligns with exam blueprint expectations and vendor documentation.,Use an approach that contradicts the exam objective and ignores documented constraints.,"Deploy without monitoring, backup, or access controls required by the blueprint.",Mix controls from unrelated domains that do not address the stated objective.,A,EASY,itil-foundation|practices|PA-4|easy|blueprint-seed,**Answer: A** — Relationship and workforce practices. Review the official AXELOS exam guide (ITIL 4 Foundation) and linked documentation. Objective: PA-4.,https://www.axelos.com/certifications/itil-service-management/itil-4-foundation
itil-foundation,practices,PA-4,ITIL 4 Foundation — PA-4 (EASY) #13,Identify the core principle behind Relationship and workforce practices?,Use an approach that contradicts the exam objective and ignores documented constraints.,"Deploy without monitoring, backup, or access controls required by the blueprint.",Mix controls from unrelated domains that do not address the stated objective.,"Follow the documented approach for Relationship and workforce practices, using recommended services and controls per the exam guide.",B,EASY,itil-foundation|practices|PA-4|easy|blueprint-seed,**Answer: B** — Relationship and workforce practices. Review the official AXELOS exam guide (ITIL 4 Foundation) and linked documentation. Objective: PA-4.,https://www.axelos.com/certifications/itil-service-management/itil-4-foundation
itil-foundation,practices,PA-4,ITIL 4 Foundation — PA-4 (MEDIUM) #14,What is the recommended design when applying Relationship and workforce practices in the context of ITIL 4 Foundation?,"Deploy without monitoring, backup, or access controls required by the blueprint.",Mix controls from unrelated domains that do not address the stated objective.,"Implement Relationship and workforce practices using AXELOS best practices for Understand Key ITIL Practices, including monitoring and least privilege.",Use an approach that contradicts the exam objective and ignores documented constraints.,C,MEDIUM,itil-foundation|practices|PA-4|medium|blueprint-seed,**Answer: C** — Relationship and workforce practices. Review the official AXELOS exam guide (ITIL 4 Foundation) and linked documentation. Objective: PA-4.,https://www.axelos.com/certifications/itil-service-management/itil-4-foundation
itil-foundation,practices,PA-4,ITIL 4 Foundation — PA-4 (MEDIUM) #15,A team must implement a solution for Relationship and workforce practices in the context of ITIL 4 Foundation?,Mix controls from unrelated domains that do not address the stated objective.,Apply the official Understand Key ITIL Practices guidance: Relationship and workforce practices — this aligns with exam blueprint expectations and vendor documentation.,Use an approach that contradicts the exam objective and ignores documented constraints.,"Deploy without monitoring, backup, or access controls required by the blueprint.",D,MEDIUM,itil-foundation|practices|PA-4|medium|blueprint-seed,**Answer: D** — Relationship and workforce practices. Review the official AXELOS exam guide (ITIL 4 Foundation) and linked documentation. Objective: PA-4.,https://www.axelos.com/certifications/itil-service-management/itil-4-foundation
itil-foundation,practices,PA-4,ITIL 4 Foundation — PA-4 (MEDIUM) #16,Which approach aligns with best practices when Relationship and workforce practices in the context of ITIL 4 Foundation?,"Follow the documented approach for Relationship and workforce practices, using recommended services and controls per the exam guide.",Use an approach that contradicts the exam objective and ignores documented constraints.,"Deploy without monitoring, backup, or access controls required by the blueprint.",Mix controls from unrelated domains that do not address the stated objective.,A,MEDIUM,itil-foundation|practices|PA-4|medium|blueprint-seed,**Answer: A** — Relationship and workforce practices. Review the official AXELOS exam guide (ITIL 4 Foundation) and linked documentation. Objective: PA-4.,https://www.axelos.com/certifications/itil-service-management/itil-4-foundation
itil-foundation,practices,PA-4,ITIL 4 Foundation — PA-4 (MEDIUM) #17,"During a project review, stakeholders ask how to Relationship and workforce practices in the context of ITIL 4 Foundation?",Use an approach that contradicts the exam objective and ignores documented constraints.,"Deploy without monitoring, backup, or access controls required by the blueprint.",Mix controls from unrelated domains that do not address the stated objective.,"Implement Relationship and workforce practices using AXELOS best practices for Understand Key ITIL Practices, including monitoring and least privilege.",B,MEDIUM,itil-foundation|practices|PA-4|medium|blueprint-seed,**Answer: B** — Relationship and workforce practices. Review the official AXELOS exam guide (ITIL 4 Foundation) and linked documentation. Objective: PA-4.,https://www.axelos.com/certifications/itil-service-management/itil-4-foundation
itil-foundation,practices,PA-4,ITIL 4 Foundation — PA-4 (MEDIUM) #18,Which configuration satisfies requirements for Relationship and workforce practices in the context of ITIL 4 Foundation?,"Deploy without monitoring, backup, or access controls required by the blueprint.",Mix controls from unrelated domains that do not address the stated objective.,Apply the official Understand Key ITIL Practices guidance: Relationship and workforce practices — this aligns with exam blueprint expectations and vendor documentation.,Use an approach that contradicts the exam objective and ignores documented constraints.,C,MEDIUM,itil-foundation|practices|PA-4|medium|blueprint-seed,**Answer: C** — Relationship and workforce practices. Review the official AXELOS exam guide (ITIL 4 Foundation) and linked documentation. Objective: PA-4.,https://www.axelos.com/certifications/itil-service-management/itil-4-foundation
itil-foundation,practices,PA-4,ITIL 4 Foundation — PA-4 (MEDIUM) #19,What is the recommended design when applying Relationship and workforce practices in the context of ITIL 4 Foundation?,Mix controls from unrelated domains that do not address the stated objective.,"Follow the documented approach for Relationship and workforce practices, using recommended services and controls per the exam guide.",Use an approach that contradicts the exam objective and ignores documented constraints.,"Deploy without monitoring, backup, or access controls required by the blueprint.",D,MEDIUM,itil-foundation|practices|PA-4|medium|blueprint-seed,**Answer: D** — Relationship and workforce practices. Review the official AXELOS exam guide (ITIL 4 Foundation) and linked documentation. Objective: PA-4.,https://www.axelos.com/certifications/itil-service-management/itil-4-foundation
itil-foundation,practices,PA-4,ITIL 4 Foundation — PA-4 (MEDIUM) #20,A team must implement a solution for Relationship and workforce practices in the context of ITIL 4 Foundation?,"Implement Relationship and workforce practices using AXELOS best practices for Understand Key ITIL Practices, including monitoring and least privilege.",Use an approach that contradicts the exam objective and ignores documented constraints.,"Deploy without monitoring, backup, or access controls required by the blueprint.",Mix controls from unrelated domains that do not address the stated objective.,A,MEDIUM,itil-foundation|practices|PA-4|medium|blueprint-seed,**Answer: A** — Relationship and workforce practices. Review the official AXELOS exam guide (ITIL 4 Foundation) and linked documentation. Objective: PA-4.,https://www.axelos.com/certifications/itil-service-management/itil-4-foundation
itil-foundation,practices,PA-4,ITIL 4 Foundation — PA-4 (MEDIUM) #21,Which approach aligns with best practices when Relationship and workforce practices in the context of ITIL 4 Foundation?,Use an approach that contradicts the exam objective and ignores documented constraints.,"Deploy without monitoring, backup, or access controls required by the blueprint.",Mix controls from unrelated domains that do not address the stated objective.,Apply the official Understand Key ITIL Practices guidance: Relationship and workforce practices — this aligns with exam blueprint expectations and vendor documentation.,B,MEDIUM,itil-foundation|practices|PA-4|medium|blueprint-seed,**Answer: B** — Relationship and workforce practices. Review the official AXELOS exam guide (ITIL 4 Foundation) and linked documentation. Objective: PA-4.,https://www.axelos.com/certifications/itil-service-management/itil-4-foundation
itil-foundation,practices,PA-4,ITIL 4 Foundation — PA-4 (MEDIUM) #22,"During a project review, stakeholders ask how to Relationship and workforce practices in the context of ITIL 4 Foundation?","Deploy without monitoring, backup, or access controls required by the blueprint.",Mix controls from unrelated domains that do not address the stated objective.,"Follow the documented approach for Relationship and workforce practices, using recommended services and controls per the exam guide.",Use an approach that contradicts the exam objective and ignores documented constraints.,C,MEDIUM,itil-foundation|practices|PA-4|medium|blueprint-seed,**Answer: C** — Relationship and workforce practices. Review the official AXELOS exam guide (ITIL 4 Foundation) and linked documentation. Objective: PA-4.,https://www.axelos.com/certifications/itil-service-management/itil-4-foundation
itil-foundation,practices,PA-4,ITIL 4 Foundation — PA-4 (MEDIUM) #23,Which configuration satisfies requirements for Relationship and workforce practices in the context of ITIL 4 Foundation?,Mix controls from unrelated domains that do not address the stated objective.,"Implement Relationship and workforce practices using AXELOS best practices for Understand Key ITIL Practices, including monitoring and least privilege.",Use an approach that contradicts the exam objective and ignores documented constraints.,"Deploy without monitoring, backup, or access controls required by the blueprint.",D,MEDIUM,itil-foundation|practices|PA-4|medium|blueprint-seed,**Answer: D** — Relationship and workforce practices. Review the official AXELOS exam guide (ITIL 4 Foundation) and linked documentation. Objective: PA-4.,https://www.axelos.com/certifications/itil-service-management/itil-4-foundation
itil-foundation,practices,PA-4,ITIL 4 Foundation — PA-4 (MEDIUM) #24,What is the recommended design when applying Relationship and workforce practices in the context of ITIL 4 Foundation?,Apply the official Understand Key ITIL Practices guidance: Relationship and workforce practices — this aligns with exam blueprint expectations and vendor documentation.,Use an approach that contradicts the exam objective and ignores documented constraints.,"Deploy without monitoring, backup, or access controls required by the blueprint.",Mix controls from unrelated domains that do not address the stated objective.,A,MEDIUM,itil-foundation|practices|PA-4|medium|blueprint-seed,**Answer: A** — Relationship and workforce practices. Review the official AXELOS exam guide (ITIL 4 Foundation) and linked documentation. Objective: PA-4.,https://www.axelos.com/certifications/itil-service-management/itil-4-foundation
itil-foundation,practices,PA-4,ITIL 4 Foundation — PA-4 (MEDIUM) #25,A team must implement a solution for Relationship and workforce practices in the context of ITIL 4 Foundation?,Use an approach that contradicts the exam objective and ignores documented constraints.,"Deploy without monitoring, backup, or access controls required by the blueprint.",Mix controls from unrelated domains that do not address the stated objective.,"Follow the documented approach for Relationship and workforce practices, using recommended services and controls per the exam guide.",B,MEDIUM,itil-foundation|practices|PA-4|medium|blueprint-seed,**Answer: B** — Relationship and workforce practices. Review the official AXELOS exam guide (ITIL 4 Foundation) and linked documentation. Objective: PA-4.,https://www.axelos.com/certifications/itil-service-management/itil-4-foundation
itil-foundation,practices,PA-4,ITIL 4 Foundation — PA-4 (MEDIUM) #26,Which approach aligns with best practices when Relationship and workforce practices in the context of ITIL 4 Foundation?,"Deploy without monitoring, backup, or access controls required by the blueprint.",Mix controls from unrelated domains that do not address the stated objective.,"Implement Relationship and workforce practices using AXELOS best practices for Understand Key ITIL Practices, including monitoring and least privilege.",Use an approach that contradicts the exam objective and ignores documented constraints.,C,MEDIUM,itil-foundation|practices|PA-4|medium|blueprint-seed,**Answer: C** — Relationship and workforce practices. Review the official AXELOS exam guide (ITIL 4 Foundation) and linked documentation. Objective: PA-4.,https://www.axelos.com/certifications/itil-service-management/itil-4-foundation
itil-foundation,practices,PA-4,ITIL 4 Foundation — PA-4 (MEDIUM) #27,"During a project review, stakeholders ask how to Relationship and workforce practices in the context of ITIL 4 Foundation?",Mix controls from unrelated domains that do not address the stated objective.,Apply the official Understand Key ITIL Practices guidance: Relationship and workforce practices — this aligns with exam blueprint expectations and vendor documentation.,Use an approach that contradicts the exam objective and ignores documented constraints.,"Deploy without monitoring, backup, or access controls required by the blueprint.",D,MEDIUM,itil-foundation|practices|PA-4|medium|blueprint-seed,**Answer: D** — Relationship and workforce practices. Review the official AXELOS exam guide (ITIL 4 Foundation) and linked documentation. Objective: PA-4.,https://www.axelos.com/certifications/itil-service-management/itil-4-foundation
itil-foundation,practices,PA-4,ITIL 4 Foundation — PA-4 (MEDIUM) #28,Which configuration satisfies requirements for Relationship and workforce practices in the context of ITIL 4 Foundation?,"Follow the documented approach for Relationship and workforce practices, using recommended services and controls per the exam guide.",Use an approach that contradicts the exam objective and ignores documented constraints.,"Deploy without monitoring, backup, or access controls required by the blueprint.",Mix controls from unrelated domains that do not address the stated objective.,A,MEDIUM,itil-foundation|practices|PA-4|medium|blueprint-seed,**Answer: A** — Relationship and workforce practices. Review the official AXELOS exam guide (ITIL 4 Foundation) and linked documentation. Objective: PA-4.,https://www.axelos.com/certifications/itil-service-management/itil-4-foundation
itil-foundation,practices,PA-4,ITIL 4 Foundation — PA-4 (MEDIUM) #29,What is the recommended design when applying Relationship and workforce practices in the context of ITIL 4 Foundation?,Use an approach that contradicts the exam objective and ignores documented constraints.,"Deploy without monitoring, backup, or access controls required by the blueprint.",Mix controls from unrelated domains that do not address the stated objective.,"Implement Relationship and workforce practices using AXELOS best practices for Understand Key ITIL Practices, including monitoring and least privilege.",B,MEDIUM,itil-foundation|practices|PA-4|medium|blueprint-seed,**Answer: B** — Relationship and workforce practices. Review the official AXELOS exam guide (ITIL 4 Foundation) and linked documentation. Objective: PA-4.,https://www.axelos.com/certifications/itil-service-management/itil-4-foundation
itil-foundation,practices,PA-4,ITIL 4 Foundation — PA-4 (MEDIUM) #30,A team must implement a solution for Relationship and workforce practices in the context of ITIL 4 Foundation?,"Deploy without monitoring, backup, or access controls required by the blueprint.",Mix controls from unrelated domains that do not address the stated objective.,Apply the official Understand Key ITIL Practices guidance: Relationship and workforce practices — this aligns with exam blueprint expectations and vendor documentation.,Use an approach that contradicts the exam objective and ignores documented constraints.,C,MEDIUM,itil-foundation|practices|PA-4|medium|blueprint-seed,**Answer: C** — Relationship and workforce practices. Review the official AXELOS exam guide (ITIL 4 Foundation) and linked documentation. Objective: PA-4.,https://www.axelos.com/certifications/itil-service-management/itil-4-foundation
itil-foundation,practices,PA-4,ITIL 4 Foundation — PA-4 (HARD) #31,"Given strict compliance, auditability, and multi-region constraints, how should you Relationship and workforce practices for Understand Key ITIL Practices?",Mix controls from unrelated domains that do not address the stated objective.,"Follow the documented approach for Relationship and workforce practices, using recommended services and controls per the exam guide.",Use an approach that contradicts the exam objective and ignores documented constraints.,"Deploy without monitoring, backup, or access controls required by the blueprint.",D,HARD,itil-foundation|practices|PA-4|hard|blueprint-seed,**Answer: D** — Relationship and workforce practices. Review the official AXELOS exam guide (ITIL 4 Foundation) and linked documentation. Objective: PA-4.,https://www.axelos.com/certifications/itil-service-management/itil-4-foundation
itil-foundation,practices,PA-4,ITIL 4 Foundation — PA-4 (HARD) #32,A production incident involves trade-offs between cost and resilience for Relationship and workforce practices for Understand Key ITIL Practices?,"Implement Relationship and workforce practices using AXELOS best practices for Understand Key ITIL Practices, including monitoring and least privilege.",Use an approach that contradicts the exam objective and ignores documented constraints.,"Deploy without monitoring, backup, or access controls required by the blueprint.",Mix controls from unrelated domains that do not address the stated objective.,A,HARD,itil-foundation|practices|PA-4|hard|blueprint-seed,**Answer: A** — Relationship and workforce practices. Review the official AXELOS exam guide (ITIL 4 Foundation) and linked documentation. Objective: PA-4.,https://www.axelos.com/certifications/itil-service-management/itil-4-foundation
itil-foundation,practices,PA-4,ITIL 4 Foundation — PA-4 (HARD) #33,Complex regulatory requirements demand that you Relationship and workforce practices for Understand Key ITIL Practices?,Use an approach that contradicts the exam objective and ignores documented constraints.,"Deploy without monitoring, backup, or access controls required by the blueprint.",Mix controls from unrelated domains that do not address the stated objective.,Apply the official Understand Key ITIL Practices guidance: Relationship and workforce practices — this aligns with exam blueprint expectations and vendor documentation.,B,HARD,itil-foundation|practices|PA-4|hard|blueprint-seed,**Answer: B** — Relationship and workforce practices. Review the official AXELOS exam guide (ITIL 4 Foundation) and linked documentation. Objective: PA-4.,https://www.axelos.com/certifications/itil-service-management/itil-4-foundation
itil-foundation,practices,PA-4,ITIL 4 Foundation — PA-4 (HARD) #34,A multi-team rollout must balance security and velocity for Relationship and workforce practices for Understand Key ITIL Practices?,"Deploy without monitoring, backup, or access controls required by the blueprint.",Mix controls from unrelated domains that do not address the stated objective.,"Follow the documented approach for Relationship and workforce practices, using recommended services and controls per the exam guide.",Use an approach that contradicts the exam objective and ignores documented constraints.,C,HARD,itil-foundation|practices|PA-4|hard|blueprint-seed,**Answer: C** — Relationship and workforce practices. Review the official AXELOS exam guide (ITIL 4 Foundation) and linked documentation. Objective: PA-4.,https://www.axelos.com/certifications/itil-service-management/itil-4-foundation
itil-foundation,practices,PA-4,ITIL 4 Foundation — PA-4 (HARD) #35,An enterprise requires zero-downtime architecture while Relationship and workforce practices for Understand Key ITIL Practices?,Mix controls from unrelated domains that do not address the stated objective.,"Implement Relationship and workforce practices using AXELOS best practices for Understand Key ITIL Practices, including monitoring and least privilege.",Use an approach that contradicts the exam objective and ignores documented constraints.,"Deploy without monitoring, backup, or access controls required by the blueprint.",D,HARD,itil-foundation|practices|PA-4|hard|blueprint-seed,**Answer: D** — Relationship and workforce practices. Review the official AXELOS exam guide (ITIL 4 Foundation) and linked documentation. Objective: PA-4.,https://www.axelos.com/certifications/itil-service-management/itil-4-foundation
itil-foundation,practices,PA-4,ITIL 4 Foundation — PA-4 (HARD) #36,"Given strict compliance, auditability, and multi-region constraints, how should you Relationship and workforce practices for Understand Key ITIL Practices?",Apply the official Understand Key ITIL Practices guidance: Relationship and workforce practices — this aligns with exam blueprint expectations and vendor documentation.,Use an approach that contradicts the exam objective and ignores documented constraints.,"Deploy without monitoring, backup, or access controls required by the blueprint.",Mix controls from unrelated domains that do not address the stated objective.,A,HARD,itil-foundation|practices|PA-4|hard|blueprint-seed,**Answer: A** — Relationship and workforce practices. Review the official AXELOS exam guide (ITIL 4 Foundation) and linked documentation. Objective: PA-4.,https://www.axelos.com/certifications/itil-service-management/itil-4-foundation
itil-foundation,practices,PA-4,ITIL 4 Foundation — PA-4 (HARD) #37,A production incident involves trade-offs between cost and resilience for Relationship and workforce practices for Understand Key ITIL Practices?,Use an approach that contradicts the exam objective and ignores documented constraints.,"Deploy without monitoring, backup, or access controls required by the blueprint.",Mix controls from unrelated domains that do not address the stated objective.,"Follow the documented approach for Relationship and workforce practices, using recommended services and controls per the exam guide.",B,HARD,itil-foundation|practices|PA-4|hard|blueprint-seed,**Answer: B** — Relationship and workforce practices. Review the official AXELOS exam guide (ITIL 4 Foundation) and linked documentation. Objective: PA-4.,https://www.axelos.com/certifications/itil-service-management/itil-4-foundation
itil-foundation,practices,PA-4,ITIL 4 Foundation — PA-4 (HARD) #38,Complex regulatory requirements demand that you Relationship and workforce practices for Understand Key ITIL Practices?,"Deploy without monitoring, backup, or access controls required by the blueprint.",Mix controls from unrelated domains that do not address the stated objective.,"Implement Relationship and workforce practices using AXELOS best practices for Understand Key ITIL Practices, including monitoring and least privilege.",Use an approach that contradicts the exam objective and ignores documented constraints.,C,HARD,itil-foundation|practices|PA-4|hard|blueprint-seed,**Answer: C** — Relationship and workforce practices. Review the official AXELOS exam guide (ITIL 4 Foundation) and linked documentation. Objective: PA-4.,https://www.axelos.com/certifications/itil-service-management/itil-4-foundation
itil-foundation,practices,PA-4,ITIL 4 Foundation — PA-4 (HARD) #39,A multi-team rollout must balance security and velocity for Relationship and workforce practices for Understand Key ITIL Practices?,Mix controls from unrelated domains that do not address the stated objective.,Apply the official Understand Key ITIL Practices guidance: Relationship and workforce practices — this aligns with exam blueprint expectations and vendor documentation.,Use an approach that contradicts the exam objective and ignores documented constraints.,"Deploy without monitoring, backup, or access controls required by the blueprint.",D,HARD,itil-foundation|practices|PA-4|hard|blueprint-seed,**Answer: D** — Relationship and workforce practices. Review the official AXELOS exam guide (ITIL 4 Foundation) and linked documentation. Objective: PA-4.,https://www.axelos.com/certifications/itil-service-management/itil-4-foundation
itil-foundation,practices,PA-4,ITIL 4 Foundation — PA-4 (HARD) #40,An enterprise requires zero-downtime architecture while Relationship and workforce practices for Understand Key ITIL Practices?,"Follow the documented approach for Relationship and workforce practices, using recommended services and controls per the exam guide.",Use an approach that contradicts the exam objective and ignores documented constraints.,"Deploy without monitoring, backup, or access controls required by the blueprint.",Mix controls from unrelated domains that do not address the stated objective.,A,HARD,itil-foundation|practices|PA-4|hard|blueprint-seed,**Answer: A** — Relationship and workforce practices. Review the official AXELOS exam guide (ITIL 4 Foundation) and linked documentation. Objective: PA-4.,https://www.axelos.com/certifications/itil-service-management/itil-4-foundation
itil-foundation,practices,PA-4,ITIL 4 Foundation — PA-4 (HARD) #41,"Given strict compliance, auditability, and multi-region constraints, how should you Relationship and workforce practices for Understand Key ITIL Practices?",Use an approach that contradicts the exam objective and ignores documented constraints.,"Deploy without monitoring, backup, or access controls required by the blueprint.",Mix controls from unrelated domains that do not address the stated objective.,"Implement Relationship and workforce practices using AXELOS best practices for Understand Key ITIL Practices, including monitoring and least privilege.",B,HARD,itil-foundation|practices|PA-4|hard|blueprint-seed,**Answer: B** — Relationship and workforce practices. Review the official AXELOS exam guide (ITIL 4 Foundation) and linked documentation. Objective: PA-4.,https://www.axelos.com/certifications/itil-service-management/itil-4-foundation
itil-foundation,practices,PA-4,ITIL 4 Foundation — PA-4 (HARD) #42,A production incident involves trade-offs between cost and resilience for Relationship and workforce practices for Understand Key ITIL Practices?,"Deploy without monitoring, backup, or access controls required by the blueprint.",Mix controls from unrelated domains that do not address the stated objective.,Apply the official Understand Key ITIL Practices guidance: Relationship and workforce practices — this aligns with exam blueprint expectations and vendor documentation.,Use an approach that contradicts the exam objective and ignores documented constraints.,C,HARD,itil-foundation|practices|PA-4|hard|blueprint-seed,**Answer: C** — Relationship and workforce practices. Review the official AXELOS exam guide (ITIL 4 Foundation) and linked documentation. Objective: PA-4.,https://www.axelos.com/certifications/itil-service-management/itil-4-foundation
itil-foundation,practices,PA-4,ITIL 4 Foundation — PA-4 (HARD) #43,Complex regulatory requirements demand that you Relationship and workforce practices for Understand Key ITIL Practices?,Mix controls from unrelated domains that do not address the stated objective.,"Follow the documented approach for Relationship and workforce practices, using recommended services and controls per the exam guide.",Use an approach that contradicts the exam objective and ignores documented constraints.,"Deploy without monitoring, backup, or access controls required by the blueprint.",D,HARD,itil-foundation|practices|PA-4|hard|blueprint-seed,**Answer: D** — Relationship and workforce practices. Review the official AXELOS exam guide (ITIL 4 Foundation) and linked documentation. Objective: PA-4.,https://www.axelos.com/certifications/itil-service-management/itil-4-foundation