certification_slug,domain_slug,objective_id,title,description,option_a,option_b,option_c,option_d,correct_option,difficulty,tags,explanation,reference_urls
network-plus,networking-concepts,NC-1,N10-009 — NC-1 (EASY) #1,What is the primary purpose of Explain OSI model and protocols?,Use an approach that contradicts the exam objective and ignores documented constraints.,"Deploy without monitoring, backup, or access controls required by the blueprint.",Mix controls from unrelated domains that do not address the stated objective.,"Follow the documented approach for Explain OSI model and protocols, using recommended services and controls per the exam guide.",B,EASY,network-plus|networking-concepts|NC-1|easy|blueprint-seed,**Answer: B** — Explain OSI model and protocols. Review the official CompTIA exam guide (N10-009) and linked documentation. Objective: NC-1.,https://www.comptia.org/certifications/network
network-plus,networking-concepts,NC-1,N10-009 — NC-1 (EASY) #2,Which concept is fundamental to Explain OSI model and protocols?,"Deploy without monitoring, backup, or access controls required by the blueprint.",Mix controls from unrelated domains that do not address the stated objective.,"Implement Explain OSI model and protocols using CompTIA best practices for Networking Concepts, including monitoring and least privilege.",Use an approach that contradicts the exam objective and ignores documented constraints.,C,EASY,network-plus|networking-concepts|NC-1|easy|blueprint-seed,**Answer: C** — Explain OSI model and protocols. Review the official CompTIA exam guide (N10-009) and linked documentation. Objective: NC-1.,https://www.comptia.org/certifications/network
network-plus,networking-concepts,NC-1,N10-009 — NC-1 (EASY) #3,Identify the core principle behind Explain OSI model and protocols?,Mix controls from unrelated domains that do not address the stated objective.,Apply the official Networking Concepts guidance: Explain OSI model and protocols — this aligns with exam blueprint expectations and vendor documentation.,Use an approach that contradicts the exam objective and ignores documented constraints.,"Deploy without monitoring, backup, or access controls required by the blueprint.",D,EASY,network-plus|networking-concepts|NC-1|easy|blueprint-seed,**Answer: D** — Explain OSI model and protocols. Review the official CompTIA exam guide (N10-009) and linked documentation. Objective: NC-1.,https://www.comptia.org/certifications/network
network-plus,networking-concepts,NC-1,N10-009 — NC-1 (EASY) #4,Which description accurately reflects Explain OSI model and protocols?,"Follow the documented approach for Explain OSI model and protocols, using recommended services and controls per the exam guide.",Use an approach that contradicts the exam objective and ignores documented constraints.,"Deploy without monitoring, backup, or access controls required by the blueprint.",Mix controls from unrelated domains that do not address the stated objective.,A,EASY,network-plus|networking-concepts|NC-1|easy|blueprint-seed,**Answer: A** — Explain OSI model and protocols. Review the official CompTIA exam guide (N10-009) and linked documentation. Objective: NC-1.,https://www.comptia.org/certifications/network
network-plus,networking-concepts,NC-1,N10-009 — NC-1 (EASY) #5,Which statement best defines the scope of Explain OSI model and protocols?,Use an approach that contradicts the exam objective and ignores documented constraints.,"Deploy without monitoring, backup, or access controls required by the blueprint.",Mix controls from unrelated domains that do not address the stated objective.,"Implement Explain OSI model and protocols using CompTIA best practices for Networking Concepts, including monitoring and least privilege.",B,EASY,network-plus|networking-concepts|NC-1|easy|blueprint-seed,**Answer: B** — Explain OSI model and protocols. Review the official CompTIA exam guide (N10-009) and linked documentation. Objective: NC-1.,https://www.comptia.org/certifications/network
network-plus,networking-concepts,NC-1,N10-009 — NC-1 (EASY) #6,What is the primary purpose of Explain OSI model and protocols?,"Deploy without monitoring, backup, or access controls required by the blueprint.",Mix controls from unrelated domains that do not address the stated objective.,Apply the official Networking Concepts guidance: Explain OSI model and protocols — this aligns with exam blueprint expectations and vendor documentation.,Use an approach that contradicts the exam objective and ignores documented constraints.,C,EASY,network-plus|networking-concepts|NC-1|easy|blueprint-seed,**Answer: C** — Explain OSI model and protocols. Review the official CompTIA exam guide (N10-009) and linked documentation. Objective: NC-1.,https://www.comptia.org/certifications/network
network-plus,networking-concepts,NC-1,N10-009 — NC-1 (EASY) #7,Which concept is fundamental to Explain OSI model and protocols?,Mix controls from unrelated domains that do not address the stated objective.,"Follow the documented approach for Explain OSI model and protocols, using recommended services and controls per the exam guide.",Use an approach that contradicts the exam objective and ignores documented constraints.,"Deploy without monitoring, backup, or access controls required by the blueprint.",D,EASY,network-plus|networking-concepts|NC-1|easy|blueprint-seed,**Answer: D** — Explain OSI model and protocols. Review the official CompTIA exam guide (N10-009) and linked documentation. Objective: NC-1.,https://www.comptia.org/certifications/network
network-plus,networking-concepts,NC-1,N10-009 — NC-1 (EASY) #8,Identify the core principle behind Explain OSI model and protocols?,"Implement Explain OSI model and protocols using CompTIA best practices for Networking Concepts, including monitoring and least privilege.",Use an approach that contradicts the exam objective and ignores documented constraints.,"Deploy without monitoring, backup, or access controls required by the blueprint.",Mix controls from unrelated domains that do not address the stated objective.,A,EASY,network-plus|networking-concepts|NC-1|easy|blueprint-seed,**Answer: A** — Explain OSI model and protocols. Review the official CompTIA exam guide (N10-009) and linked documentation. Objective: NC-1.,https://www.comptia.org/certifications/network
network-plus,networking-concepts,NC-1,N10-009 — NC-1 (EASY) #9,Which description accurately reflects Explain OSI model and protocols?,Use an approach that contradicts the exam objective and ignores documented constraints.,"Deploy without monitoring, backup, or access controls required by the blueprint.",Mix controls from unrelated domains that do not address the stated objective.,Apply the official Networking Concepts guidance: Explain OSI model and protocols — this aligns with exam blueprint expectations and vendor documentation.,B,EASY,network-plus|networking-concepts|NC-1|easy|blueprint-seed,**Answer: B** — Explain OSI model and protocols. Review the official CompTIA exam guide (N10-009) and linked documentation. Objective: NC-1.,https://www.comptia.org/certifications/network
network-plus,networking-concepts,NC-1,N10-009 — NC-1 (EASY) #10,Which statement best defines the scope of Explain OSI model and protocols?,"Deploy without monitoring, backup, or access controls required by the blueprint.",Mix controls from unrelated domains that do not address the stated objective.,"Follow the documented approach for Explain OSI model and protocols, using recommended services and controls per the exam guide.",Use an approach that contradicts the exam objective and ignores documented constraints.,C,EASY,network-plus|networking-concepts|NC-1|easy|blueprint-seed,**Answer: C** — Explain OSI model and protocols. Review the official CompTIA exam guide (N10-009) and linked documentation. Objective: NC-1.,https://www.comptia.org/certifications/network
network-plus,networking-concepts,NC-1,N10-009 — NC-1 (EASY) #11,What is the primary purpose of Explain OSI model and protocols?,Mix controls from unrelated domains that do not address the stated objective.,"Implement Explain OSI model and protocols using CompTIA best practices for Networking Concepts, including monitoring and least privilege.",Use an approach that contradicts the exam objective and ignores documented constraints.,"Deploy without monitoring, backup, or access controls required by the blueprint.",D,EASY,network-plus|networking-concepts|NC-1|easy|blueprint-seed,**Answer: D** — Explain OSI model and protocols. Review the official CompTIA exam guide (N10-009) and linked documentation. Objective: NC-1.,https://www.comptia.org/certifications/network
network-plus,networking-concepts,NC-1,N10-009 — NC-1 (EASY) #12,Which concept is fundamental to Explain OSI model and protocols?,Apply the official Networking Concepts guidance: Explain OSI model and protocols — this aligns with exam blueprint expectations and vendor documentation.,Use an approach that contradicts the exam objective and ignores documented constraints.,"Deploy without monitoring, backup, or access controls required by the blueprint.",Mix controls from unrelated domains that do not address the stated objective.,A,EASY,network-plus|networking-concepts|NC-1|easy|blueprint-seed,**Answer: A** — Explain OSI model and protocols. Review the official CompTIA exam guide (N10-009) and linked documentation. Objective: NC-1.,https://www.comptia.org/certifications/network
network-plus,networking-concepts,NC-1,N10-009 — NC-1 (MEDIUM) #13,Which configuration satisfies requirements for Explain OSI model and protocols in the context of CompTIA Network+?,Use an approach that contradicts the exam objective and ignores documented constraints.,"Deploy without monitoring, backup, or access controls required by the blueprint.",Mix controls from unrelated domains that do not address the stated objective.,"Follow the documented approach for Explain OSI model and protocols, using recommended services and controls per the exam guide.",B,MEDIUM,network-plus|networking-concepts|NC-1|medium|blueprint-seed,**Answer: B** — Explain OSI model and protocols. Review the official CompTIA exam guide (N10-009) and linked documentation. Objective: NC-1.,https://www.comptia.org/certifications/network
network-plus,networking-concepts,NC-1,N10-009 — NC-1 (MEDIUM) #14,What is the recommended design when applying Explain OSI model and protocols in the context of CompTIA Network+?,"Deploy without monitoring, backup, or access controls required by the blueprint.",Mix controls from unrelated domains that do not address the stated objective.,"Implement Explain OSI model and protocols using CompTIA best practices for Networking Concepts, including monitoring and least privilege.",Use an approach that contradicts the exam objective and ignores documented constraints.,C,MEDIUM,network-plus|networking-concepts|NC-1|medium|blueprint-seed,**Answer: C** — Explain OSI model and protocols. Review the official CompTIA exam guide (N10-009) and linked documentation. Objective: NC-1.,https://www.comptia.org/certifications/network
network-plus,networking-concepts,NC-1,N10-009 — NC-1 (MEDIUM) #15,A team must implement a solution for Explain OSI model and protocols in the context of CompTIA Network+?,Mix controls from unrelated domains that do not address the stated objective.,Apply the official Networking Concepts guidance: Explain OSI model and protocols — this aligns with exam blueprint expectations and vendor documentation.,Use an approach that contradicts the exam objective and ignores documented constraints.,"Deploy without monitoring, backup, or access controls required by the blueprint.",D,MEDIUM,network-plus|networking-concepts|NC-1|medium|blueprint-seed,**Answer: D** — Explain OSI model and protocols. Review the official CompTIA exam guide (N10-009) and linked documentation. Objective: NC-1.,https://www.comptia.org/certifications/network
network-plus,networking-concepts,NC-1,N10-009 — NC-1 (MEDIUM) #16,Which approach aligns with best practices when Explain OSI model and protocols in the context of CompTIA Network+?,"Follow the documented approach for Explain OSI model and protocols, using recommended services and controls per the exam guide.",Use an approach that contradicts the exam objective and ignores documented constraints.,"Deploy without monitoring, backup, or access controls required by the blueprint.",Mix controls from unrelated domains that do not address the stated objective.,A,MEDIUM,network-plus|networking-concepts|NC-1|medium|blueprint-seed,**Answer: A** — Explain OSI model and protocols. Review the official CompTIA exam guide (N10-009) and linked documentation. Objective: NC-1.,https://www.comptia.org/certifications/network
network-plus,networking-concepts,NC-1,N10-009 — NC-1 (MEDIUM) #17,"During a project review, stakeholders ask how to Explain OSI model and protocols in the context of CompTIA Network+?",Use an approach that contradicts the exam objective and ignores documented constraints.,"Deploy without monitoring, backup, or access controls required by the blueprint.",Mix controls from unrelated domains that do not address the stated objective.,"Implement Explain OSI model and protocols using CompTIA best practices for Networking Concepts, including monitoring and least privilege.",B,MEDIUM,network-plus|networking-concepts|NC-1|medium|blueprint-seed,**Answer: B** — Explain OSI model and protocols. Review the official CompTIA exam guide (N10-009) and linked documentation. Objective: NC-1.,https://www.comptia.org/certifications/network
network-plus,networking-concepts,NC-1,N10-009 — NC-1 (MEDIUM) #18,Which configuration satisfies requirements for Explain OSI model and protocols in the context of CompTIA Network+?,"Deploy without monitoring, backup, or access controls required by the blueprint.",Mix controls from unrelated domains that do not address the stated objective.,Apply the official Networking Concepts guidance: Explain OSI model and protocols — this aligns with exam blueprint expectations and vendor documentation.,Use an approach that contradicts the exam objective and ignores documented constraints.,C,MEDIUM,network-plus|networking-concepts|NC-1|medium|blueprint-seed,**Answer: C** — Explain OSI model and protocols. Review the official CompTIA exam guide (N10-009) and linked documentation. Objective: NC-1.,https://www.comptia.org/certifications/network
network-plus,networking-concepts,NC-1,N10-009 — NC-1 (MEDIUM) #19,What is the recommended design when applying Explain OSI model and protocols in the context of CompTIA Network+?,Mix controls from unrelated domains that do not address the stated objective.,"Follow the documented approach for Explain OSI model and protocols, using recommended services and controls per the exam guide.",Use an approach that contradicts the exam objective and ignores documented constraints.,"Deploy without monitoring, backup, or access controls required by the blueprint.",D,MEDIUM,network-plus|networking-concepts|NC-1|medium|blueprint-seed,**Answer: D** — Explain OSI model and protocols. Review the official CompTIA exam guide (N10-009) and linked documentation. Objective: NC-1.,https://www.comptia.org/certifications/network
network-plus,networking-concepts,NC-1,N10-009 — NC-1 (MEDIUM) #20,A team must implement a solution for Explain OSI model and protocols in the context of CompTIA Network+?,"Implement Explain OSI model and protocols using CompTIA best practices for Networking Concepts, including monitoring and least privilege.",Use an approach that contradicts the exam objective and ignores documented constraints.,"Deploy without monitoring, backup, or access controls required by the blueprint.",Mix controls from unrelated domains that do not address the stated objective.,A,MEDIUM,network-plus|networking-concepts|NC-1|medium|blueprint-seed,**Answer: A** — Explain OSI model and protocols. Review the official CompTIA exam guide (N10-009) and linked documentation. Objective: NC-1.,https://www.comptia.org/certifications/network
network-plus,networking-concepts,NC-1,N10-009 — NC-1 (MEDIUM) #21,Which approach aligns with best practices when Explain OSI model and protocols in the context of CompTIA Network+?,Use an approach that contradicts the exam objective and ignores documented constraints.,"Deploy without monitoring, backup, or access controls required by the blueprint.",Mix controls from unrelated domains that do not address the stated objective.,Apply the official Networking Concepts guidance: Explain OSI model and protocols — this aligns with exam blueprint expectations and vendor documentation.,B,MEDIUM,network-plus|networking-concepts|NC-1|medium|blueprint-seed,**Answer: B** — Explain OSI model and protocols. Review the official CompTIA exam guide (N10-009) and linked documentation. Objective: NC-1.,https://www.comptia.org/certifications/network
network-plus,networking-concepts,NC-1,N10-009 — NC-1 (MEDIUM) #22,"During a project review, stakeholders ask how to Explain OSI model and protocols in the context of CompTIA Network+?","Deploy without monitoring, backup, or access controls required by the blueprint.",Mix controls from unrelated domains that do not address the stated objective.,"Follow the documented approach for Explain OSI model and protocols, using recommended services and controls per the exam guide.",Use an approach that contradicts the exam objective and ignores documented constraints.,C,MEDIUM,network-plus|networking-concepts|NC-1|medium|blueprint-seed,**Answer: C** — Explain OSI model and protocols. Review the official CompTIA exam guide (N10-009) and linked documentation. Objective: NC-1.,https://www.comptia.org/certifications/network
network-plus,networking-concepts,NC-1,N10-009 — NC-1 (MEDIUM) #23,Which configuration satisfies requirements for Explain OSI model and protocols in the context of CompTIA Network+?,Mix controls from unrelated domains that do not address the stated objective.,"Implement Explain OSI model and protocols using CompTIA best practices for Networking Concepts, including monitoring and least privilege.",Use an approach that contradicts the exam objective and ignores documented constraints.,"Deploy without monitoring, backup, or access controls required by the blueprint.",D,MEDIUM,network-plus|networking-concepts|NC-1|medium|blueprint-seed,**Answer: D** — Explain OSI model and protocols. Review the official CompTIA exam guide (N10-009) and linked documentation. Objective: NC-1.,https://www.comptia.org/certifications/network
network-plus,networking-concepts,NC-1,N10-009 — NC-1 (MEDIUM) #24,What is the recommended design when applying Explain OSI model and protocols in the context of CompTIA Network+?,Apply the official Networking Concepts guidance: Explain OSI model and protocols — this aligns with exam blueprint expectations and vendor documentation.,Use an approach that contradicts the exam objective and ignores documented constraints.,"Deploy without monitoring, backup, or access controls required by the blueprint.",Mix controls from unrelated domains that do not address the stated objective.,A,MEDIUM,network-plus|networking-concepts|NC-1|medium|blueprint-seed,**Answer: A** — Explain OSI model and protocols. Review the official CompTIA exam guide (N10-009) and linked documentation. Objective: NC-1.,https://www.comptia.org/certifications/network
network-plus,networking-concepts,NC-1,N10-009 — NC-1 (MEDIUM) #25,A team must implement a solution for Explain OSI model and protocols in the context of CompTIA Network+?,Use an approach that contradicts the exam objective and ignores documented constraints.,"Deploy without monitoring, backup, or access controls required by the blueprint.",Mix controls from unrelated domains that do not address the stated objective.,"Follow the documented approach for Explain OSI model and protocols, using recommended services and controls per the exam guide.",B,MEDIUM,network-plus|networking-concepts|NC-1|medium|blueprint-seed,**Answer: B** — Explain OSI model and protocols. Review the official CompTIA exam guide (N10-009) and linked documentation. Objective: NC-1.,https://www.comptia.org/certifications/network
network-plus,networking-concepts,NC-1,N10-009 — NC-1 (MEDIUM) #26,Which approach aligns with best practices when Explain OSI model and protocols in the context of CompTIA Network+?,"Deploy without monitoring, backup, or access controls required by the blueprint.",Mix controls from unrelated domains that do not address the stated objective.,"Implement Explain OSI model and protocols using CompTIA best practices for Networking Concepts, including monitoring and least privilege.",Use an approach that contradicts the exam objective and ignores documented constraints.,C,MEDIUM,network-plus|networking-concepts|NC-1|medium|blueprint-seed,**Answer: C** — Explain OSI model and protocols. Review the official CompTIA exam guide (N10-009) and linked documentation. Objective: NC-1.,https://www.comptia.org/certifications/network
network-plus,networking-concepts,NC-1,N10-009 — NC-1 (MEDIUM) #27,"During a project review, stakeholders ask how to Explain OSI model and protocols in the context of CompTIA Network+?",Mix controls from unrelated domains that do not address the stated objective.,Apply the official Networking Concepts guidance: Explain OSI model and protocols — this aligns with exam blueprint expectations and vendor documentation.,Use an approach that contradicts the exam objective and ignores documented constraints.,"Deploy without monitoring, backup, or access controls required by the blueprint.",D,MEDIUM,network-plus|networking-concepts|NC-1|medium|blueprint-seed,**Answer: D** — Explain OSI model and protocols. Review the official CompTIA exam guide (N10-009) and linked documentation. Objective: NC-1.,https://www.comptia.org/certifications/network
network-plus,networking-concepts,NC-1,N10-009 — NC-1 (MEDIUM) #28,Which configuration satisfies requirements for Explain OSI model and protocols in the context of CompTIA Network+?,"Follow the documented approach for Explain OSI model and protocols, using recommended services and controls per the exam guide.",Use an approach that contradicts the exam objective and ignores documented constraints.,"Deploy without monitoring, backup, or access controls required by the blueprint.",Mix controls from unrelated domains that do not address the stated objective.,A,MEDIUM,network-plus|networking-concepts|NC-1|medium|blueprint-seed,**Answer: A** — Explain OSI model and protocols. Review the official CompTIA exam guide (N10-009) and linked documentation. Objective: NC-1.,https://www.comptia.org/certifications/network
network-plus,networking-concepts,NC-1,N10-009 — NC-1 (HARD) #29,A multi-team rollout must balance security and velocity for Explain OSI model and protocols for Networking Concepts?,Use an approach that contradicts the exam objective and ignores documented constraints.,"Deploy without monitoring, backup, or access controls required by the blueprint.",Mix controls from unrelated domains that do not address the stated objective.,"Implement Explain OSI model and protocols using CompTIA best practices for Networking Concepts, including monitoring and least privilege.",B,HARD,network-plus|networking-concepts|NC-1|hard|blueprint-seed,**Answer: B** — Explain OSI model and protocols. Review the official CompTIA exam guide (N10-009) and linked documentation. Objective: NC-1.,https://www.comptia.org/certifications/network
network-plus,networking-concepts,NC-1,N10-009 — NC-1 (HARD) #30,An enterprise requires zero-downtime architecture while Explain OSI model and protocols for Networking Concepts?,"Deploy without monitoring, backup, or access controls required by the blueprint.",Mix controls from unrelated domains that do not address the stated objective.,Apply the official Networking Concepts guidance: Explain OSI model and protocols — this aligns with exam blueprint expectations and vendor documentation.,Use an approach that contradicts the exam objective and ignores documented constraints.,C,HARD,network-plus|networking-concepts|NC-1|hard|blueprint-seed,**Answer: C** — Explain OSI model and protocols. Review the official CompTIA exam guide (N10-009) and linked documentation. Objective: NC-1.,https://www.comptia.org/certifications/network
network-plus,networking-concepts,NC-1,N10-009 — NC-1 (HARD) #31,"Given strict compliance, auditability, and multi-region constraints, how should you Explain OSI model and protocols for Networking Concepts?",Mix controls from unrelated domains that do not address the stated objective.,"Follow the documented approach for Explain OSI model and protocols, using recommended services and controls per the exam guide.",Use an approach that contradicts the exam objective and ignores documented constraints.,"Deploy without monitoring, backup, or access controls required by the blueprint.",D,HARD,network-plus|networking-concepts|NC-1|hard|blueprint-seed,**Answer: D** — Explain OSI model and protocols. Review the official CompTIA exam guide (N10-009) and linked documentation. Objective: NC-1.,https://www.comptia.org/certifications/network
network-plus,networking-concepts,NC-1,N10-009 — NC-1 (HARD) #32,A production incident involves trade-offs between cost and resilience for Explain OSI model and protocols for Networking Concepts?,"Implement Explain OSI model and protocols using CompTIA best practices for Networking Concepts, including monitoring and least privilege.",Use an approach that contradicts the exam objective and ignores documented constraints.,"Deploy without monitoring, backup, or access controls required by the blueprint.",Mix controls from unrelated domains that do not address the stated objective.,A,HARD,network-plus|networking-concepts|NC-1|hard|blueprint-seed,**Answer: A** — Explain OSI model and protocols. Review the official CompTIA exam guide (N10-009) and linked documentation. Objective: NC-1.,https://www.comptia.org/certifications/network
network-plus,networking-concepts,NC-1,N10-009 — NC-1 (HARD) #33,Complex regulatory requirements demand that you Explain OSI model and protocols for Networking Concepts?,Use an approach that contradicts the exam objective and ignores documented constraints.,"Deploy without monitoring, backup, or access controls required by the blueprint.",Mix controls from unrelated domains that do not address the stated objective.,Apply the official Networking Concepts guidance: Explain OSI model and protocols — this aligns with exam blueprint expectations and vendor documentation.,B,HARD,network-plus|networking-concepts|NC-1|hard|blueprint-seed,**Answer: B** — Explain OSI model and protocols. Review the official CompTIA exam guide (N10-009) and linked documentation. Objective: NC-1.,https://www.comptia.org/certifications/network
network-plus,networking-concepts,NC-1,N10-009 — NC-1 (HARD) #34,A multi-team rollout must balance security and velocity for Explain OSI model and protocols for Networking Concepts?,"Deploy without monitoring, backup, or access controls required by the blueprint.",Mix controls from unrelated domains that do not address the stated objective.,"Follow the documented approach for Explain OSI model and protocols, using recommended services and controls per the exam guide.",Use an approach that contradicts the exam objective and ignores documented constraints.,C,HARD,network-plus|networking-concepts|NC-1|hard|blueprint-seed,**Answer: C** — Explain OSI model and protocols. Review the official CompTIA exam guide (N10-009) and linked documentation. Objective: NC-1.,https://www.comptia.org/certifications/network
network-plus,networking-concepts,NC-1,N10-009 — NC-1 (HARD) #35,An enterprise requires zero-downtime architecture while Explain OSI model and protocols for Networking Concepts?,Mix controls from unrelated domains that do not address the stated objective.,"Implement Explain OSI model and protocols using CompTIA best practices for Networking Concepts, including monitoring and least privilege.",Use an approach that contradicts the exam objective and ignores documented constraints.,"Deploy without monitoring, backup, or access controls required by the blueprint.",D,HARD,network-plus|networking-concepts|NC-1|hard|blueprint-seed,**Answer: D** — Explain OSI model and protocols. Review the official CompTIA exam guide (N10-009) and linked documentation. Objective: NC-1.,https://www.comptia.org/certifications/network
network-plus,networking-concepts,NC-1,N10-009 — NC-1 (HARD) #36,"Given strict compliance, auditability, and multi-region constraints, how should you Explain OSI model and protocols for Networking Concepts?",Apply the official Networking Concepts guidance: Explain OSI model and protocols — this aligns with exam blueprint expectations and vendor documentation.,Use an approach that contradicts the exam objective and ignores documented constraints.,"Deploy without monitoring, backup, or access controls required by the blueprint.",Mix controls from unrelated domains that do not address the stated objective.,A,HARD,network-plus|networking-concepts|NC-1|hard|blueprint-seed,**Answer: A** — Explain OSI model and protocols. Review the official CompTIA exam guide (N10-009) and linked documentation. Objective: NC-1.,https://www.comptia.org/certifications/network
network-plus,networking-concepts,NC-1,N10-009 — NC-1 (HARD) #37,A production incident involves trade-offs between cost and resilience for Explain OSI model and protocols for Networking Concepts?,Use an approach that contradicts the exam objective and ignores documented constraints.,"Deploy without monitoring, backup, or access controls required by the blueprint.",Mix controls from unrelated domains that do not address the stated objective.,"Follow the documented approach for Explain OSI model and protocols, using recommended services and controls per the exam guide.",B,HARD,network-plus|networking-concepts|NC-1|hard|blueprint-seed,**Answer: B** — Explain OSI model and protocols. Review the official CompTIA exam guide (N10-009) and linked documentation. Objective: NC-1.,https://www.comptia.org/certifications/network
network-plus,networking-concepts,NC-1,N10-009 — NC-1 (HARD) #38,Complex regulatory requirements demand that you Explain OSI model and protocols for Networking Concepts?,"Deploy without monitoring, backup, or access controls required by the blueprint.",Mix controls from unrelated domains that do not address the stated objective.,"Implement Explain OSI model and protocols using CompTIA best practices for Networking Concepts, including monitoring and least privilege.",Use an approach that contradicts the exam objective and ignores documented constraints.,C,HARD,network-plus|networking-concepts|NC-1|hard|blueprint-seed,**Answer: C** — Explain OSI model and protocols. Review the official CompTIA exam guide (N10-009) and linked documentation. Objective: NC-1.,https://www.comptia.org/certifications/network
network-plus,networking-concepts,NC-1,N10-009 — NC-1 (HARD) #39,A multi-team rollout must balance security and velocity for Explain OSI model and protocols for Networking Concepts?,Mix controls from unrelated domains that do not address the stated objective.,Apply the official Networking Concepts guidance: Explain OSI model and protocols — this aligns with exam blueprint expectations and vendor documentation.,Use an approach that contradicts the exam objective and ignores documented constraints.,"Deploy without monitoring, backup, or access controls required by the blueprint.",D,HARD,network-plus|networking-concepts|NC-1|hard|blueprint-seed,**Answer: D** — Explain OSI model and protocols. Review the official CompTIA exam guide (N10-009) and linked documentation. Objective: NC-1.,https://www.comptia.org/certifications/network
network-plus,networking-concepts,NC-2,N10-009 — NC-2 (EASY) #1,"What is the primary purpose of Describe ports, IP addressing, and subnetting?",Use an approach that contradicts the exam objective and ignores documented constraints.,"Deploy without monitoring, backup, or access controls required by the blueprint.",Mix controls from unrelated domains that do not address the stated objective.,"Follow the documented approach for Describe ports, IP addressing, and subnetting, using recommended services and controls per the exam guide.",B,EASY,network-plus|networking-concepts|NC-2|easy|blueprint-seed,"**Answer: B** — Describe ports, IP addressing, and subnetting. Review the official CompTIA exam guide (N10-009) and linked documentation. Objective: NC-2.",https://www.comptia.org/certifications/network
network-plus,networking-concepts,NC-2,N10-009 — NC-2 (EASY) #2,"Which concept is fundamental to Describe ports, IP addressing, and subnetting?","Deploy without monitoring, backup, or access controls required by the blueprint.",Mix controls from unrelated domains that do not address the stated objective.,"Implement Describe ports, IP addressing, and subnetting using CompTIA best practices for Networking Concepts, including monitoring and least privilege.",Use an approach that contradicts the exam objective and ignores documented constraints.,C,EASY,network-plus|networking-concepts|NC-2|easy|blueprint-seed,"**Answer: C** — Describe ports, IP addressing, and subnetting. Review the official CompTIA exam guide (N10-009) and linked documentation. Objective: NC-2.",https://www.comptia.org/certifications/network
network-plus,networking-concepts,NC-2,N10-009 — NC-2 (EASY) #3,"Identify the core principle behind Describe ports, IP addressing, and subnetting?",Mix controls from unrelated domains that do not address the stated objective.,"Apply the official Networking Concepts guidance: Describe ports, IP addressing, and subnetting — this aligns with exam blueprint expectations and vendor documentation.",Use an approach that contradicts the exam objective and ignores documented constraints.,"Deploy without monitoring, backup, or access controls required by the blueprint.",D,EASY,network-plus|networking-concepts|NC-2|easy|blueprint-seed,"**Answer: D** — Describe ports, IP addressing, and subnetting. Review the official CompTIA exam guide (N10-009) and linked documentation. Objective: NC-2.",https://www.comptia.org/certifications/network
network-plus,networking-concepts,NC-2,N10-009 — NC-2 (EASY) #4,"Which description accurately reflects Describe ports, IP addressing, and subnetting?","Follow the documented approach for Describe ports, IP addressing, and subnetting, using recommended services and controls per the exam guide.",Use an approach that contradicts the exam objective and ignores documented constraints.,"Deploy without monitoring, backup, or access controls required by the blueprint.",Mix controls from unrelated domains that do not address the stated objective.,A,EASY,network-plus|networking-concepts|NC-2|easy|blueprint-seed,"**Answer: A** — Describe ports, IP addressing, and subnetting. Review the official CompTIA exam guide (N10-009) and linked documentation. Objective: NC-2.",https://www.comptia.org/certifications/network
network-plus,networking-concepts,NC-2,N10-009 — NC-2 (EASY) #5,"Which statement best defines the scope of Describe ports, IP addressing, and subnetting?",Use an approach that contradicts the exam objective and ignores documented constraints.,"Deploy without monitoring, backup, or access controls required by the blueprint.",Mix controls from unrelated domains that do not address the stated objective.,"Implement Describe ports, IP addressing, and subnetting using CompTIA best practices for Networking Concepts, including monitoring and least privilege.",B,EASY,network-plus|networking-concepts|NC-2|easy|blueprint-seed,"**Answer: B** — Describe ports, IP addressing, and subnetting. Review the official CompTIA exam guide (N10-009) and linked documentation. Objective: NC-2.",https://www.comptia.org/certifications/network
network-plus,networking-concepts,NC-2,N10-009 — NC-2 (EASY) #6,"What is the primary purpose of Describe ports, IP addressing, and subnetting?","Deploy without monitoring, backup, or access controls required by the blueprint.",Mix controls from unrelated domains that do not address the stated objective.,"Apply the official Networking Concepts guidance: Describe ports, IP addressing, and subnetting — this aligns with exam blueprint expectations and vendor documentation.",Use an approach that contradicts the exam objective and ignores documented constraints.,C,EASY,network-plus|networking-concepts|NC-2|easy|blueprint-seed,"**Answer: C** — Describe ports, IP addressing, and subnetting. Review the official CompTIA exam guide (N10-009) and linked documentation. Objective: NC-2.",https://www.comptia.org/certifications/network
network-plus,networking-concepts,NC-2,N10-009 — NC-2 (EASY) #7,"Which concept is fundamental to Describe ports, IP addressing, and subnetting?",Mix controls from unrelated domains that do not address the stated objective.,"Follow the documented approach for Describe ports, IP addressing, and subnetting, using recommended services and controls per the exam guide.",Use an approach that contradicts the exam objective and ignores documented constraints.,"Deploy without monitoring, backup, or access controls required by the blueprint.",D,EASY,network-plus|networking-concepts|NC-2|easy|blueprint-seed,"**Answer: D** — Describe ports, IP addressing, and subnetting. Review the official CompTIA exam guide (N10-009) and linked documentation. Objective: NC-2.",https://www.comptia.org/certifications/network
network-plus,networking-concepts,NC-2,N10-009 — NC-2 (EASY) #8,"Identify the core principle behind Describe ports, IP addressing, and subnetting?","Implement Describe ports, IP addressing, and subnetting using CompTIA best practices for Networking Concepts, including monitoring and least privilege.",Use an approach that contradicts the exam objective and ignores documented constraints.,"Deploy without monitoring, backup, or access controls required by the blueprint.",Mix controls from unrelated domains that do not address the stated objective.,A,EASY,network-plus|networking-concepts|NC-2|easy|blueprint-seed,"**Answer: A** — Describe ports, IP addressing, and subnetting. Review the official CompTIA exam guide (N10-009) and linked documentation. Objective: NC-2.",https://www.comptia.org/certifications/network
network-plus,networking-concepts,NC-2,N10-009 — NC-2 (EASY) #9,"Which description accurately reflects Describe ports, IP addressing, and subnetting?",Use an approach that contradicts the exam objective and ignores documented constraints.,"Deploy without monitoring, backup, or access controls required by the blueprint.",Mix controls from unrelated domains that do not address the stated objective.,"Apply the official Networking Concepts guidance: Describe ports, IP addressing, and subnetting — this aligns with exam blueprint expectations and vendor documentation.",B,EASY,network-plus|networking-concepts|NC-2|easy|blueprint-seed,"**Answer: B** — Describe ports, IP addressing, and subnetting. Review the official CompTIA exam guide (N10-009) and linked documentation. Objective: NC-2.",https://www.comptia.org/certifications/network
network-plus,networking-concepts,NC-2,N10-009 — NC-2 (EASY) #10,"Which statement best defines the scope of Describe ports, IP addressing, and subnetting?","Deploy without monitoring, backup, or access controls required by the blueprint.",Mix controls from unrelated domains that do not address the stated objective.,"Follow the documented approach for Describe ports, IP addressing, and subnetting, using recommended services and controls per the exam guide.",Use an approach that contradicts the exam objective and ignores documented constraints.,C,EASY,network-plus|networking-concepts|NC-2|easy|blueprint-seed,"**Answer: C** — Describe ports, IP addressing, and subnetting. Review the official CompTIA exam guide (N10-009) and linked documentation. Objective: NC-2.",https://www.comptia.org/certifications/network
network-plus,networking-concepts,NC-2,N10-009 — NC-2 (EASY) #11,"What is the primary purpose of Describe ports, IP addressing, and subnetting?",Mix controls from unrelated domains that do not address the stated objective.,"Implement Describe ports, IP addressing, and subnetting using CompTIA best practices for Networking Concepts, including monitoring and least privilege.",Use an approach that contradicts the exam objective and ignores documented constraints.,"Deploy without monitoring, backup, or access controls required by the blueprint.",D,EASY,network-plus|networking-concepts|NC-2|easy|blueprint-seed,"**Answer: D** — Describe ports, IP addressing, and subnetting. Review the official CompTIA exam guide (N10-009) and linked documentation. Objective: NC-2.",https://www.comptia.org/certifications/network
network-plus,networking-concepts,NC-2,N10-009 — NC-2 (EASY) #12,"Which concept is fundamental to Describe ports, IP addressing, and subnetting?","Apply the official Networking Concepts guidance: Describe ports, IP addressing, and subnetting — this aligns with exam blueprint expectations and vendor documentation.",Use an approach that contradicts the exam objective and ignores documented constraints.,"Deploy without monitoring, backup, or access controls required by the blueprint.",Mix controls from unrelated domains that do not address the stated objective.,A,EASY,network-plus|networking-concepts|NC-2|easy|blueprint-seed,"**Answer: A** — Describe ports, IP addressing, and subnetting. Review the official CompTIA exam guide (N10-009) and linked documentation. Objective: NC-2.",https://www.comptia.org/certifications/network
network-plus,networking-concepts,NC-2,N10-009 — NC-2 (MEDIUM) #13,"Which configuration satisfies requirements for Describe ports, IP addressing, and subnetting in the context of CompTIA Network+?",Use an approach that contradicts the exam objective and ignores documented constraints.,"Deploy without monitoring, backup, or access controls required by the blueprint.",Mix controls from unrelated domains that do not address the stated objective.,"Follow the documented approach for Describe ports, IP addressing, and subnetting, using recommended services and controls per the exam guide.",B,MEDIUM,network-plus|networking-concepts|NC-2|medium|blueprint-seed,"**Answer: B** — Describe ports, IP addressing, and subnetting. Review the official CompTIA exam guide (N10-009) and linked documentation. Objective: NC-2.",https://www.comptia.org/certifications/network
network-plus,networking-concepts,NC-2,N10-009 — NC-2 (MEDIUM) #14,"What is the recommended design when applying Describe ports, IP addressing, and subnetting in the context of CompTIA Network+?","Deploy without monitoring, backup, or access controls required by the blueprint.",Mix controls from unrelated domains that do not address the stated objective.,"Implement Describe ports, IP addressing, and subnetting using CompTIA best practices for Networking Concepts, including monitoring and least privilege.",Use an approach that contradicts the exam objective and ignores documented constraints.,C,MEDIUM,network-plus|networking-concepts|NC-2|medium|blueprint-seed,"**Answer: C** — Describe ports, IP addressing, and subnetting. Review the official CompTIA exam guide (N10-009) and linked documentation. Objective: NC-2.",https://www.comptia.org/certifications/network
network-plus,networking-concepts,NC-2,N10-009 — NC-2 (MEDIUM) #15,"A team must implement a solution for Describe ports, IP addressing, and subnetting in the context of CompTIA Network+?",Mix controls from unrelated domains that do not address the stated objective.,"Apply the official Networking Concepts guidance: Describe ports, IP addressing, and subnetting — this aligns with exam blueprint expectations and vendor documentation.",Use an approach that contradicts the exam objective and ignores documented constraints.,"Deploy without monitoring, backup, or access controls required by the blueprint.",D,MEDIUM,network-plus|networking-concepts|NC-2|medium|blueprint-seed,"**Answer: D** — Describe ports, IP addressing, and subnetting. Review the official CompTIA exam guide (N10-009) and linked documentation. Objective: NC-2.",https://www.comptia.org/certifications/network
network-plus,networking-concepts,NC-2,N10-009 — NC-2 (MEDIUM) #16,"Which approach aligns with best practices when Describe ports, IP addressing, and subnetting in the context of CompTIA Network+?","Follow the documented approach for Describe ports, IP addressing, and subnetting, using recommended services and controls per the exam guide.",Use an approach that contradicts the exam objective and ignores documented constraints.,"Deploy without monitoring, backup, or access controls required by the blueprint.",Mix controls from unrelated domains that do not address the stated objective.,A,MEDIUM,network-plus|networking-concepts|NC-2|medium|blueprint-seed,"**Answer: A** — Describe ports, IP addressing, and subnetting. Review the official CompTIA exam guide (N10-009) and linked documentation. Objective: NC-2.",https://www.comptia.org/certifications/network
network-plus,networking-concepts,NC-2,N10-009 — NC-2 (MEDIUM) #17,"During a project review, stakeholders ask how to Describe ports, IP addressing, and subnetting in the context of CompTIA Network+?",Use an approach that contradicts the exam objective and ignores documented constraints.,"Deploy without monitoring, backup, or access controls required by the blueprint.",Mix controls from unrelated domains that do not address the stated objective.,"Implement Describe ports, IP addressing, and subnetting using CompTIA best practices for Networking Concepts, including monitoring and least privilege.",B,MEDIUM,network-plus|networking-concepts|NC-2|medium|blueprint-seed,"**Answer: B** — Describe ports, IP addressing, and subnetting. Review the official CompTIA exam guide (N10-009) and linked documentation. Objective: NC-2.",https://www.comptia.org/certifications/network
network-plus,networking-concepts,NC-2,N10-009 — NC-2 (MEDIUM) #18,"Which configuration satisfies requirements for Describe ports, IP addressing, and subnetting in the context of CompTIA Network+?","Deploy without monitoring, backup, or access controls required by the blueprint.",Mix controls from unrelated domains that do not address the stated objective.,"Apply the official Networking Concepts guidance: Describe ports, IP addressing, and subnetting — this aligns with exam blueprint expectations and vendor documentation.",Use an approach that contradicts the exam objective and ignores documented constraints.,C,MEDIUM,network-plus|networking-concepts|NC-2|medium|blueprint-seed,"**Answer: C** — Describe ports, IP addressing, and subnetting. Review the official CompTIA exam guide (N10-009) and linked documentation. Objective: NC-2.",https://www.comptia.org/certifications/network
network-plus,networking-concepts,NC-2,N10-009 — NC-2 (MEDIUM) #19,"What is the recommended design when applying Describe ports, IP addressing, and subnetting in the context of CompTIA Network+?",Mix controls from unrelated domains that do not address the stated objective.,"Follow the documented approach for Describe ports, IP addressing, and subnetting, using recommended services and controls per the exam guide.",Use an approach that contradicts the exam objective and ignores documented constraints.,"Deploy without monitoring, backup, or access controls required by the blueprint.",D,MEDIUM,network-plus|networking-concepts|NC-2|medium|blueprint-seed,"**Answer: D** — Describe ports, IP addressing, and subnetting. Review the official CompTIA exam guide (N10-009) and linked documentation. Objective: NC-2.",https://www.comptia.org/certifications/network
network-plus,networking-concepts,NC-2,N10-009 — NC-2 (MEDIUM) #20,"A team must implement a solution for Describe ports, IP addressing, and subnetting in the context of CompTIA Network+?","Implement Describe ports, IP addressing, and subnetting using CompTIA best practices for Networking Concepts, including monitoring and least privilege.",Use an approach that contradicts the exam objective and ignores documented constraints.,"Deploy without monitoring, backup, or access controls required by the blueprint.",Mix controls from unrelated domains that do not address the stated objective.,A,MEDIUM,network-plus|networking-concepts|NC-2|medium|blueprint-seed,"**Answer: A** — Describe ports, IP addressing, and subnetting. Review the official CompTIA exam guide (N10-009) and linked documentation. Objective: NC-2.",https://www.comptia.org/certifications/network
network-plus,networking-concepts,NC-2,N10-009 — NC-2 (MEDIUM) #21,"Which approach aligns with best practices when Describe ports, IP addressing, and subnetting in the context of CompTIA Network+?",Use an approach that contradicts the exam objective and ignores documented constraints.,"Deploy without monitoring, backup, or access controls required by the blueprint.",Mix controls from unrelated domains that do not address the stated objective.,"Apply the official Networking Concepts guidance: Describe ports, IP addressing, and subnetting — this aligns with exam blueprint expectations and vendor documentation.",B,MEDIUM,network-plus|networking-concepts|NC-2|medium|blueprint-seed,"**Answer: B** — Describe ports, IP addressing, and subnetting. Review the official CompTIA exam guide (N10-009) and linked documentation. Objective: NC-2.",https://www.comptia.org/certifications/network
network-plus,networking-concepts,NC-2,N10-009 — NC-2 (MEDIUM) #22,"During a project review, stakeholders ask how to Describe ports, IP addressing, and subnetting in the context of CompTIA Network+?","Deploy without monitoring, backup, or access controls required by the blueprint.",Mix controls from unrelated domains that do not address the stated objective.,"Follow the documented approach for Describe ports, IP addressing, and subnetting, using recommended services and controls per the exam guide.",Use an approach that contradicts the exam objective and ignores documented constraints.,C,MEDIUM,network-plus|networking-concepts|NC-2|medium|blueprint-seed,"**Answer: C** — Describe ports, IP addressing, and subnetting. Review the official CompTIA exam guide (N10-009) and linked documentation. Objective: NC-2.",https://www.comptia.org/certifications/network
network-plus,networking-concepts,NC-2,N10-009 — NC-2 (MEDIUM) #23,"Which configuration satisfies requirements for Describe ports, IP addressing, and subnetting in the context of CompTIA Network+?",Mix controls from unrelated domains that do not address the stated objective.,"Implement Describe ports, IP addressing, and subnetting using CompTIA best practices for Networking Concepts, including monitoring and least privilege.",Use an approach that contradicts the exam objective and ignores documented constraints.,"Deploy without monitoring, backup, or access controls required by the blueprint.",D,MEDIUM,network-plus|networking-concepts|NC-2|medium|blueprint-seed,"**Answer: D** — Describe ports, IP addressing, and subnetting. Review the official CompTIA exam guide (N10-009) and linked documentation. Objective: NC-2.",https://www.comptia.org/certifications/network
network-plus,networking-concepts,NC-2,N10-009 — NC-2 (MEDIUM) #24,"What is the recommended design when applying Describe ports, IP addressing, and subnetting in the context of CompTIA Network+?","Apply the official Networking Concepts guidance: Describe ports, IP addressing, and subnetting — this aligns with exam blueprint expectations and vendor documentation.",Use an approach that contradicts the exam objective and ignores documented constraints.,"Deploy without monitoring, backup, or access controls required by the blueprint.",Mix controls from unrelated domains that do not address the stated objective.,A,MEDIUM,network-plus|networking-concepts|NC-2|medium|blueprint-seed,"**Answer: A** — Describe ports, IP addressing, and subnetting. Review the official CompTIA exam guide (N10-009) and linked documentation. Objective: NC-2.",https://www.comptia.org/certifications/network
network-plus,networking-concepts,NC-2,N10-009 — NC-2 (MEDIUM) #25,"A team must implement a solution for Describe ports, IP addressing, and subnetting in the context of CompTIA Network+?",Use an approach that contradicts the exam objective and ignores documented constraints.,"Deploy without monitoring, backup, or access controls required by the blueprint.",Mix controls from unrelated domains that do not address the stated objective.,"Follow the documented approach for Describe ports, IP addressing, and subnetting, using recommended services and controls per the exam guide.",B,MEDIUM,network-plus|networking-concepts|NC-2|medium|blueprint-seed,"**Answer: B** — Describe ports, IP addressing, and subnetting. Review the official CompTIA exam guide (N10-009) and linked documentation. Objective: NC-2.",https://www.comptia.org/certifications/network
network-plus,networking-concepts,NC-2,N10-009 — NC-2 (MEDIUM) #26,"Which approach aligns with best practices when Describe ports, IP addressing, and subnetting in the context of CompTIA Network+?","Deploy without monitoring, backup, or access controls required by the blueprint.",Mix controls from unrelated domains that do not address the stated objective.,"Implement Describe ports, IP addressing, and subnetting using CompTIA best practices for Networking Concepts, including monitoring and least privilege.",Use an approach that contradicts the exam objective and ignores documented constraints.,C,MEDIUM,network-plus|networking-concepts|NC-2|medium|blueprint-seed,"**Answer: C** — Describe ports, IP addressing, and subnetting. Review the official CompTIA exam guide (N10-009) and linked documentation. Objective: NC-2.",https://www.comptia.org/certifications/network
network-plus,networking-concepts,NC-2,N10-009 — NC-2 (MEDIUM) #27,"During a project review, stakeholders ask how to Describe ports, IP addressing, and subnetting in the context of CompTIA Network+?",Mix controls from unrelated domains that do not address the stated objective.,"Apply the official Networking Concepts guidance: Describe ports, IP addressing, and subnetting — this aligns with exam blueprint expectations and vendor documentation.",Use an approach that contradicts the exam objective and ignores documented constraints.,"Deploy without monitoring, backup, or access controls required by the blueprint.",D,MEDIUM,network-plus|networking-concepts|NC-2|medium|blueprint-seed,"**Answer: D** — Describe ports, IP addressing, and subnetting. Review the official CompTIA exam guide (N10-009) and linked documentation. Objective: NC-2.",https://www.comptia.org/certifications/network
network-plus,networking-concepts,NC-2,N10-009 — NC-2 (MEDIUM) #28,"Which configuration satisfies requirements for Describe ports, IP addressing, and subnetting in the context of CompTIA Network+?","Follow the documented approach for Describe ports, IP addressing, and subnetting, using recommended services and controls per the exam guide.",Use an approach that contradicts the exam objective and ignores documented constraints.,"Deploy without monitoring, backup, or access controls required by the blueprint.",Mix controls from unrelated domains that do not address the stated objective.,A,MEDIUM,network-plus|networking-concepts|NC-2|medium|blueprint-seed,"**Answer: A** — Describe ports, IP addressing, and subnetting. Review the official CompTIA exam guide (N10-009) and linked documentation. Objective: NC-2.",https://www.comptia.org/certifications/network
network-plus,networking-concepts,NC-2,N10-009 — NC-2 (HARD) #29,"A multi-team rollout must balance security and velocity for Describe ports, IP addressing, and subnetting for Networking Concepts?",Use an approach that contradicts the exam objective and ignores documented constraints.,"Deploy without monitoring, backup, or access controls required by the blueprint.",Mix controls from unrelated domains that do not address the stated objective.,"Implement Describe ports, IP addressing, and subnetting using CompTIA best practices for Networking Concepts, including monitoring and least privilege.",B,HARD,network-plus|networking-concepts|NC-2|hard|blueprint-seed,"**Answer: B** — Describe ports, IP addressing, and subnetting. Review the official CompTIA exam guide (N10-009) and linked documentation. Objective: NC-2.",https://www.comptia.org/certifications/network
network-plus,networking-concepts,NC-2,N10-009 — NC-2 (HARD) #30,"An enterprise requires zero-downtime architecture while Describe ports, IP addressing, and subnetting for Networking Concepts?","Deploy without monitoring, backup, or access controls required by the blueprint.",Mix controls from unrelated domains that do not address the stated objective.,"Apply the official Networking Concepts guidance: Describe ports, IP addressing, and subnetting — this aligns with exam blueprint expectations and vendor documentation.",Use an approach that contradicts the exam objective and ignores documented constraints.,C,HARD,network-plus|networking-concepts|NC-2|hard|blueprint-seed,"**Answer: C** — Describe ports, IP addressing, and subnetting. Review the official CompTIA exam guide (N10-009) and linked documentation. Objective: NC-2.",https://www.comptia.org/certifications/network
network-plus,networking-concepts,NC-2,N10-009 — NC-2 (HARD) #31,"Given strict compliance, auditability, and multi-region constraints, how should you Describe ports, IP addressing, and subnetting for Networking Concepts?",Mix controls from unrelated domains that do not address the stated objective.,"Follow the documented approach for Describe ports, IP addressing, and subnetting, using recommended services and controls per the exam guide.",Use an approach that contradicts the exam objective and ignores documented constraints.,"Deploy without monitoring, backup, or access controls required by the blueprint.",D,HARD,network-plus|networking-concepts|NC-2|hard|blueprint-seed,"**Answer: D** — Describe ports, IP addressing, and subnetting. Review the official CompTIA exam guide (N10-009) and linked documentation. Objective: NC-2.",https://www.comptia.org/certifications/network
network-plus,networking-concepts,NC-2,N10-009 — NC-2 (HARD) #32,"A production incident involves trade-offs between cost and resilience for Describe ports, IP addressing, and subnetting for Networking Concepts?","Implement Describe ports, IP addressing, and subnetting using CompTIA best practices for Networking Concepts, including monitoring and least privilege.",Use an approach that contradicts the exam objective and ignores documented constraints.,"Deploy without monitoring, backup, or access controls required by the blueprint.",Mix controls from unrelated domains that do not address the stated objective.,A,HARD,network-plus|networking-concepts|NC-2|hard|blueprint-seed,"**Answer: A** — Describe ports, IP addressing, and subnetting. Review the official CompTIA exam guide (N10-009) and linked documentation. Objective: NC-2.",https://www.comptia.org/certifications/network
network-plus,networking-concepts,NC-2,N10-009 — NC-2 (HARD) #33,"Complex regulatory requirements demand that you Describe ports, IP addressing, and subnetting for Networking Concepts?",Use an approach that contradicts the exam objective and ignores documented constraints.,"Deploy without monitoring, backup, or access controls required by the blueprint.",Mix controls from unrelated domains that do not address the stated objective.,"Apply the official Networking Concepts guidance: Describe ports, IP addressing, and subnetting — this aligns with exam blueprint expectations and vendor documentation.",B,HARD,network-plus|networking-concepts|NC-2|hard|blueprint-seed,"**Answer: B** — Describe ports, IP addressing, and subnetting. Review the official CompTIA exam guide (N10-009) and linked documentation. Objective: NC-2.",https://www.comptia.org/certifications/network
network-plus,networking-concepts,NC-2,N10-009 — NC-2 (HARD) #34,"A multi-team rollout must balance security and velocity for Describe ports, IP addressing, and subnetting for Networking Concepts?","Deploy without monitoring, backup, or access controls required by the blueprint.",Mix controls from unrelated domains that do not address the stated objective.,"Follow the documented approach for Describe ports, IP addressing, and subnetting, using recommended services and controls per the exam guide.",Use an approach that contradicts the exam objective and ignores documented constraints.,C,HARD,network-plus|networking-concepts|NC-2|hard|blueprint-seed,"**Answer: C** — Describe ports, IP addressing, and subnetting. Review the official CompTIA exam guide (N10-009) and linked documentation. Objective: NC-2.",https://www.comptia.org/certifications/network
network-plus,networking-concepts,NC-2,N10-009 — NC-2 (HARD) #35,"An enterprise requires zero-downtime architecture while Describe ports, IP addressing, and subnetting for Networking Concepts?",Mix controls from unrelated domains that do not address the stated objective.,"Implement Describe ports, IP addressing, and subnetting using CompTIA best practices for Networking Concepts, including monitoring and least privilege.",Use an approach that contradicts the exam objective and ignores documented constraints.,"Deploy without monitoring, backup, or access controls required by the blueprint.",D,HARD,network-plus|networking-concepts|NC-2|hard|blueprint-seed,"**Answer: D** — Describe ports, IP addressing, and subnetting. Review the official CompTIA exam guide (N10-009) and linked documentation. Objective: NC-2.",https://www.comptia.org/certifications/network
network-plus,networking-concepts,NC-2,N10-009 — NC-2 (HARD) #36,"Given strict compliance, auditability, and multi-region constraints, how should you Describe ports, IP addressing, and subnetting for Networking Concepts?","Apply the official Networking Concepts guidance: Describe ports, IP addressing, and subnetting — this aligns with exam blueprint expectations and vendor documentation.",Use an approach that contradicts the exam objective and ignores documented constraints.,"Deploy without monitoring, backup, or access controls required by the blueprint.",Mix controls from unrelated domains that do not address the stated objective.,A,HARD,network-plus|networking-concepts|NC-2|hard|blueprint-seed,"**Answer: A** — Describe ports, IP addressing, and subnetting. Review the official CompTIA exam guide (N10-009) and linked documentation. Objective: NC-2.",https://www.comptia.org/certifications/network
network-plus,networking-concepts,NC-2,N10-009 — NC-2 (HARD) #37,"A production incident involves trade-offs between cost and resilience for Describe ports, IP addressing, and subnetting for Networking Concepts?",Use an approach that contradicts the exam objective and ignores documented constraints.,"Deploy without monitoring, backup, or access controls required by the blueprint.",Mix controls from unrelated domains that do not address the stated objective.,"Follow the documented approach for Describe ports, IP addressing, and subnetting, using recommended services and controls per the exam guide.",B,HARD,network-plus|networking-concepts|NC-2|hard|blueprint-seed,"**Answer: B** — Describe ports, IP addressing, and subnetting. Review the official CompTIA exam guide (N10-009) and linked documentation. Objective: NC-2.",https://www.comptia.org/certifications/network
network-plus,networking-concepts,NC-2,N10-009 — NC-2 (HARD) #38,"Complex regulatory requirements demand that you Describe ports, IP addressing, and subnetting for Networking Concepts?","Deploy without monitoring, backup, or access controls required by the blueprint.",Mix controls from unrelated domains that do not address the stated objective.,"Implement Describe ports, IP addressing, and subnetting using CompTIA best practices for Networking Concepts, including monitoring and least privilege.",Use an approach that contradicts the exam objective and ignores documented constraints.,C,HARD,network-plus|networking-concepts|NC-2|hard|blueprint-seed,"**Answer: C** — Describe ports, IP addressing, and subnetting. Review the official CompTIA exam guide (N10-009) and linked documentation. Objective: NC-2.",https://www.comptia.org/certifications/network
network-plus,networking-concepts,NC-2,N10-009 — NC-2 (HARD) #39,"A multi-team rollout must balance security and velocity for Describe ports, IP addressing, and subnetting for Networking Concepts?",Mix controls from unrelated domains that do not address the stated objective.,"Apply the official Networking Concepts guidance: Describe ports, IP addressing, and subnetting — this aligns with exam blueprint expectations and vendor documentation.",Use an approach that contradicts the exam objective and ignores documented constraints.,"Deploy without monitoring, backup, or access controls required by the blueprint.",D,HARD,network-plus|networking-concepts|NC-2|hard|blueprint-seed,"**Answer: D** — Describe ports, IP addressing, and subnetting. Review the official CompTIA exam guide (N10-009) and linked documentation. Objective: NC-2.",https://www.comptia.org/certifications/network
network-plus,networking-concepts,NC-3,N10-009 — NC-3 (EASY) #1,What is the primary purpose of Compare network topologies and technologies?,Use an approach that contradicts the exam objective and ignores documented constraints.,"Deploy without monitoring, backup, or access controls required by the blueprint.",Mix controls from unrelated domains that do not address the stated objective.,"Follow the documented approach for Compare network topologies and technologies, using recommended services and controls per the exam guide.",B,EASY,network-plus|networking-concepts|NC-3|easy|blueprint-seed,**Answer: B** — Compare network topologies and technologies. Review the official CompTIA exam guide (N10-009) and linked documentation. Objective: NC-3.,https://www.comptia.org/certifications/network
network-plus,networking-concepts,NC-3,N10-009 — NC-3 (EASY) #2,Which concept is fundamental to Compare network topologies and technologies?,"Deploy without monitoring, backup, or access controls required by the blueprint.",Mix controls from unrelated domains that do not address the stated objective.,"Implement Compare network topologies and technologies using CompTIA best practices for Networking Concepts, including monitoring and least privilege.",Use an approach that contradicts the exam objective and ignores documented constraints.,C,EASY,network-plus|networking-concepts|NC-3|easy|blueprint-seed,**Answer: C** — Compare network topologies and technologies. Review the official CompTIA exam guide (N10-009) and linked documentation. Objective: NC-3.,https://www.comptia.org/certifications/network
network-plus,networking-concepts,NC-3,N10-009 — NC-3 (EASY) #3,Identify the core principle behind Compare network topologies and technologies?,Mix controls from unrelated domains that do not address the stated objective.,Apply the official Networking Concepts guidance: Compare network topologies and technologies — this aligns with exam blueprint expectations and vendor documentation.,Use an approach that contradicts the exam objective and ignores documented constraints.,"Deploy without monitoring, backup, or access controls required by the blueprint.",D,EASY,network-plus|networking-concepts|NC-3|easy|blueprint-seed,**Answer: D** — Compare network topologies and technologies. Review the official CompTIA exam guide (N10-009) and linked documentation. Objective: NC-3.,https://www.comptia.org/certifications/network
network-plus,networking-concepts,NC-3,N10-009 — NC-3 (EASY) #4,Which description accurately reflects Compare network topologies and technologies?,"Follow the documented approach for Compare network topologies and technologies, using recommended services and controls per the exam guide.",Use an approach that contradicts the exam objective and ignores documented constraints.,"Deploy without monitoring, backup, or access controls required by the blueprint.",Mix controls from unrelated domains that do not address the stated objective.,A,EASY,network-plus|networking-concepts|NC-3|easy|blueprint-seed,**Answer: A** — Compare network topologies and technologies. Review the official CompTIA exam guide (N10-009) and linked documentation. Objective: NC-3.,https://www.comptia.org/certifications/network
network-plus,networking-concepts,NC-3,N10-009 — NC-3 (EASY) #5,Which statement best defines the scope of Compare network topologies and technologies?,Use an approach that contradicts the exam objective and ignores documented constraints.,"Deploy without monitoring, backup, or access controls required by the blueprint.",Mix controls from unrelated domains that do not address the stated objective.,"Implement Compare network topologies and technologies using CompTIA best practices for Networking Concepts, including monitoring and least privilege.",B,EASY,network-plus|networking-concepts|NC-3|easy|blueprint-seed,**Answer: B** — Compare network topologies and technologies. Review the official CompTIA exam guide (N10-009) and linked documentation. Objective: NC-3.,https://www.comptia.org/certifications/network
network-plus,networking-concepts,NC-3,N10-009 — NC-3 (EASY) #6,What is the primary purpose of Compare network topologies and technologies?,"Deploy without monitoring, backup, or access controls required by the blueprint.",Mix controls from unrelated domains that do not address the stated objective.,Apply the official Networking Concepts guidance: Compare network topologies and technologies — this aligns with exam blueprint expectations and vendor documentation.,Use an approach that contradicts the exam objective and ignores documented constraints.,C,EASY,network-plus|networking-concepts|NC-3|easy|blueprint-seed,**Answer: C** — Compare network topologies and technologies. Review the official CompTIA exam guide (N10-009) and linked documentation. Objective: NC-3.,https://www.comptia.org/certifications/network
network-plus,networking-concepts,NC-3,N10-009 — NC-3 (EASY) #7,Which concept is fundamental to Compare network topologies and technologies?,Mix controls from unrelated domains that do not address the stated objective.,"Follow the documented approach for Compare network topologies and technologies, using recommended services and controls per the exam guide.",Use an approach that contradicts the exam objective and ignores documented constraints.,"Deploy without monitoring, backup, or access controls required by the blueprint.",D,EASY,network-plus|networking-concepts|NC-3|easy|blueprint-seed,**Answer: D** — Compare network topologies and technologies. Review the official CompTIA exam guide (N10-009) and linked documentation. Objective: NC-3.,https://www.comptia.org/certifications/network
network-plus,networking-concepts,NC-3,N10-009 — NC-3 (EASY) #8,Identify the core principle behind Compare network topologies and technologies?,"Implement Compare network topologies and technologies using CompTIA best practices for Networking Concepts, including monitoring and least privilege.",Use an approach that contradicts the exam objective and ignores documented constraints.,"Deploy without monitoring, backup, or access controls required by the blueprint.",Mix controls from unrelated domains that do not address the stated objective.,A,EASY,network-plus|networking-concepts|NC-3|easy|blueprint-seed,**Answer: A** — Compare network topologies and technologies. Review the official CompTIA exam guide (N10-009) and linked documentation. Objective: NC-3.,https://www.comptia.org/certifications/network
network-plus,networking-concepts,NC-3,N10-009 — NC-3 (EASY) #9,Which description accurately reflects Compare network topologies and technologies?,Use an approach that contradicts the exam objective and ignores documented constraints.,"Deploy without monitoring, backup, or access controls required by the blueprint.",Mix controls from unrelated domains that do not address the stated objective.,Apply the official Networking Concepts guidance: Compare network topologies and technologies — this aligns with exam blueprint expectations and vendor documentation.,B,EASY,network-plus|networking-concepts|NC-3|easy|blueprint-seed,**Answer: B** — Compare network topologies and technologies. Review the official CompTIA exam guide (N10-009) and linked documentation. Objective: NC-3.,https://www.comptia.org/certifications/network
network-plus,networking-concepts,NC-3,N10-009 — NC-3 (EASY) #10,Which statement best defines the scope of Compare network topologies and technologies?,"Deploy without monitoring, backup, or access controls required by the blueprint.",Mix controls from unrelated domains that do not address the stated objective.,"Follow the documented approach for Compare network topologies and technologies, using recommended services and controls per the exam guide.",Use an approach that contradicts the exam objective and ignores documented constraints.,C,EASY,network-plus|networking-concepts|NC-3|easy|blueprint-seed,**Answer: C** — Compare network topologies and technologies. Review the official CompTIA exam guide (N10-009) and linked documentation. Objective: NC-3.,https://www.comptia.org/certifications/network
network-plus,networking-concepts,NC-3,N10-009 — NC-3 (EASY) #11,What is the primary purpose of Compare network topologies and technologies?,Mix controls from unrelated domains that do not address the stated objective.,"Implement Compare network topologies and technologies using CompTIA best practices for Networking Concepts, including monitoring and least privilege.",Use an approach that contradicts the exam objective and ignores documented constraints.,"Deploy without monitoring, backup, or access controls required by the blueprint.",D,EASY,network-plus|networking-concepts|NC-3|easy|blueprint-seed,**Answer: D** — Compare network topologies and technologies. Review the official CompTIA exam guide (N10-009) and linked documentation. Objective: NC-3.,https://www.comptia.org/certifications/network
network-plus,networking-concepts,NC-3,N10-009 — NC-3 (MEDIUM) #12,"During a project review, stakeholders ask how to Compare network topologies and technologies in the context of CompTIA Network+?",Apply the official Networking Concepts guidance: Compare network topologies and technologies — this aligns with exam blueprint expectations and vendor documentation.,Use an approach that contradicts the exam objective and ignores documented constraints.,"Deploy without monitoring, backup, or access controls required by the blueprint.",Mix controls from unrelated domains that do not address the stated objective.,A,MEDIUM,network-plus|networking-concepts|NC-3|medium|blueprint-seed,**Answer: A** — Compare network topologies and technologies. Review the official CompTIA exam guide (N10-009) and linked documentation. Objective: NC-3.,https://www.comptia.org/certifications/network
network-plus,networking-concepts,NC-3,N10-009 — NC-3 (MEDIUM) #13,Which configuration satisfies requirements for Compare network topologies and technologies in the context of CompTIA Network+?,Use an approach that contradicts the exam objective and ignores documented constraints.,"Deploy without monitoring, backup, or access controls required by the blueprint.",Mix controls from unrelated domains that do not address the stated objective.,"Follow the documented approach for Compare network topologies and technologies, using recommended services and controls per the exam guide.",B,MEDIUM,network-plus|networking-concepts|NC-3|medium|blueprint-seed,**Answer: B** — Compare network topologies and technologies. Review the official CompTIA exam guide (N10-009) and linked documentation. Objective: NC-3.,https://www.comptia.org/certifications/network
network-plus,networking-concepts,NC-3,N10-009 — NC-3 (MEDIUM) #14,What is the recommended design when applying Compare network topologies and technologies in the context of CompTIA Network+?,"Deploy without monitoring, backup, or access controls required by the blueprint.",Mix controls from unrelated domains that do not address the stated objective.,"Implement Compare network topologies and technologies using CompTIA best practices for Networking Concepts, including monitoring and least privilege.",Use an approach that contradicts the exam objective and ignores documented constraints.,C,MEDIUM,network-plus|networking-concepts|NC-3|medium|blueprint-seed,**Answer: C** — Compare network topologies and technologies. Review the official CompTIA exam guide (N10-009) and linked documentation. Objective: NC-3.,https://www.comptia.org/certifications/network
network-plus,networking-concepts,NC-3,N10-009 — NC-3 (MEDIUM) #15,A team must implement a solution for Compare network topologies and technologies in the context of CompTIA Network+?,Mix controls from unrelated domains that do not address the stated objective.,Apply the official Networking Concepts guidance: Compare network topologies and technologies — this aligns with exam blueprint expectations and vendor documentation.,Use an approach that contradicts the exam objective and ignores documented constraints.,"Deploy without monitoring, backup, or access controls required by the blueprint.",D,MEDIUM,network-plus|networking-concepts|NC-3|medium|blueprint-seed,**Answer: D** — Compare network topologies and technologies. Review the official CompTIA exam guide (N10-009) and linked documentation. Objective: NC-3.,https://www.comptia.org/certifications/network
network-plus,networking-concepts,NC-3,N10-009 — NC-3 (MEDIUM) #16,Which approach aligns with best practices when Compare network topologies and technologies in the context of CompTIA Network+?,"Follow the documented approach for Compare network topologies and technologies, using recommended services and controls per the exam guide.",Use an approach that contradicts the exam objective and ignores documented constraints.,"Deploy without monitoring, backup, or access controls required by the blueprint.",Mix controls from unrelated domains that do not address the stated objective.,A,MEDIUM,network-plus|networking-concepts|NC-3|medium|blueprint-seed,**Answer: A** — Compare network topologies and technologies. Review the official CompTIA exam guide (N10-009) and linked documentation. Objective: NC-3.,https://www.comptia.org/certifications/network
network-plus,networking-concepts,NC-3,N10-009 — NC-3 (MEDIUM) #17,"During a project review, stakeholders ask how to Compare network topologies and technologies in the context of CompTIA Network+?",Use an approach that contradicts the exam objective and ignores documented constraints.,"Deploy without monitoring, backup, or access controls required by the blueprint.",Mix controls from unrelated domains that do not address the stated objective.,"Implement Compare network topologies and technologies using CompTIA best practices for Networking Concepts, including monitoring and least privilege.",B,MEDIUM,network-plus|networking-concepts|NC-3|medium|blueprint-seed,**Answer: B** — Compare network topologies and technologies. Review the official CompTIA exam guide (N10-009) and linked documentation. Objective: NC-3.,https://www.comptia.org/certifications/network
network-plus,networking-concepts,NC-3,N10-009 — NC-3 (MEDIUM) #18,Which configuration satisfies requirements for Compare network topologies and technologies in the context of CompTIA Network+?,"Deploy without monitoring, backup, or access controls required by the blueprint.",Mix controls from unrelated domains that do not address the stated objective.,Apply the official Networking Concepts guidance: Compare network topologies and technologies — this aligns with exam blueprint expectations and vendor documentation.,Use an approach that contradicts the exam objective and ignores documented constraints.,C,MEDIUM,network-plus|networking-concepts|NC-3|medium|blueprint-seed,**Answer: C** — Compare network topologies and technologies. Review the official CompTIA exam guide (N10-009) and linked documentation. Objective: NC-3.,https://www.comptia.org/certifications/network
network-plus,networking-concepts,NC-3,N10-009 — NC-3 (MEDIUM) #19,What is the recommended design when applying Compare network topologies and technologies in the context of CompTIA Network+?,Mix controls from unrelated domains that do not address the stated objective.,"Follow the documented approach for Compare network topologies and technologies, using recommended services and controls per the exam guide.",Use an approach that contradicts the exam objective and ignores documented constraints.,"Deploy without monitoring, backup, or access controls required by the blueprint.",D,MEDIUM,network-plus|networking-concepts|NC-3|medium|blueprint-seed,**Answer: D** — Compare network topologies and technologies. Review the official CompTIA exam guide (N10-009) and linked documentation. Objective: NC-3.,https://www.comptia.org/certifications/network
network-plus,networking-concepts,NC-3,N10-009 — NC-3 (MEDIUM) #20,A team must implement a solution for Compare network topologies and technologies in the context of CompTIA Network+?,"Implement Compare network topologies and technologies using CompTIA best practices for Networking Concepts, including monitoring and least privilege.",Use an approach that contradicts the exam objective and ignores documented constraints.,"Deploy without monitoring, backup, or access controls required by the blueprint.",Mix controls from unrelated domains that do not address the stated objective.,A,MEDIUM,network-plus|networking-concepts|NC-3|medium|blueprint-seed,**Answer: A** — Compare network topologies and technologies. Review the official CompTIA exam guide (N10-009) and linked documentation. Objective: NC-3.,https://www.comptia.org/certifications/network
network-plus,networking-concepts,NC-3,N10-009 — NC-3 (MEDIUM) #21,Which approach aligns with best practices when Compare network topologies and technologies in the context of CompTIA Network+?,Use an approach that contradicts the exam objective and ignores documented constraints.,"Deploy without monitoring, backup, or access controls required by the blueprint.",Mix controls from unrelated domains that do not address the stated objective.,Apply the official Networking Concepts guidance: Compare network topologies and technologies — this aligns with exam blueprint expectations and vendor documentation.,B,MEDIUM,network-plus|networking-concepts|NC-3|medium|blueprint-seed,**Answer: B** — Compare network topologies and technologies. Review the official CompTIA exam guide (N10-009) and linked documentation. Objective: NC-3.,https://www.comptia.org/certifications/network
network-plus,networking-concepts,NC-3,N10-009 — NC-3 (MEDIUM) #22,"During a project review, stakeholders ask how to Compare network topologies and technologies in the context of CompTIA Network+?","Deploy without monitoring, backup, or access controls required by the blueprint.",Mix controls from unrelated domains that do not address the stated objective.,"Follow the documented approach for Compare network topologies and technologies, using recommended services and controls per the exam guide.",Use an approach that contradicts the exam objective and ignores documented constraints.,C,MEDIUM,network-plus|networking-concepts|NC-3|medium|blueprint-seed,**Answer: C** — Compare network topologies and technologies. Review the official CompTIA exam guide (N10-009) and linked documentation. Objective: NC-3.,https://www.comptia.org/certifications/network
network-plus,networking-concepts,NC-3,N10-009 — NC-3 (MEDIUM) #23,Which configuration satisfies requirements for Compare network topologies and technologies in the context of CompTIA Network+?,Mix controls from unrelated domains that do not address the stated objective.,"Implement Compare network topologies and technologies using CompTIA best practices for Networking Concepts, including monitoring and least privilege.",Use an approach that contradicts the exam objective and ignores documented constraints.,"Deploy without monitoring, backup, or access controls required by the blueprint.",D,MEDIUM,network-plus|networking-concepts|NC-3|medium|blueprint-seed,**Answer: D** — Compare network topologies and technologies. Review the official CompTIA exam guide (N10-009) and linked documentation. Objective: NC-3.,https://www.comptia.org/certifications/network
network-plus,networking-concepts,NC-3,N10-009 — NC-3 (MEDIUM) #24,What is the recommended design when applying Compare network topologies and technologies in the context of CompTIA Network+?,Apply the official Networking Concepts guidance: Compare network topologies and technologies — this aligns with exam blueprint expectations and vendor documentation.,Use an approach that contradicts the exam objective and ignores documented constraints.,"Deploy without monitoring, backup, or access controls required by the blueprint.",Mix controls from unrelated domains that do not address the stated objective.,A,MEDIUM,network-plus|networking-concepts|NC-3|medium|blueprint-seed,**Answer: A** — Compare network topologies and technologies. Review the official CompTIA exam guide (N10-009) and linked documentation. Objective: NC-3.,https://www.comptia.org/certifications/network
network-plus,networking-concepts,NC-3,N10-009 — NC-3 (MEDIUM) #25,A team must implement a solution for Compare network topologies and technologies in the context of CompTIA Network+?,Use an approach that contradicts the exam objective and ignores documented constraints.,"Deploy without monitoring, backup, or access controls required by the blueprint.",Mix controls from unrelated domains that do not address the stated objective.,"Follow the documented approach for Compare network topologies and technologies, using recommended services and controls per the exam guide.",B,MEDIUM,network-plus|networking-concepts|NC-3|medium|blueprint-seed,**Answer: B** — Compare network topologies and technologies. Review the official CompTIA exam guide (N10-009) and linked documentation. Objective: NC-3.,https://www.comptia.org/certifications/network
network-plus,networking-concepts,NC-3,N10-009 — NC-3 (MEDIUM) #26,Which approach aligns with best practices when Compare network topologies and technologies in the context of CompTIA Network+?,"Deploy without monitoring, backup, or access controls required by the blueprint.",Mix controls from unrelated domains that do not address the stated objective.,"Implement Compare network topologies and technologies using CompTIA best practices for Networking Concepts, including monitoring and least privilege.",Use an approach that contradicts the exam objective and ignores documented constraints.,C,MEDIUM,network-plus|networking-concepts|NC-3|medium|blueprint-seed,**Answer: C** — Compare network topologies and technologies. Review the official CompTIA exam guide (N10-009) and linked documentation. Objective: NC-3.,https://www.comptia.org/certifications/network
network-plus,networking-concepts,NC-3,N10-009 — NC-3 (HARD) #27,A production incident involves trade-offs between cost and resilience for Compare network topologies and technologies for Networking Concepts?,Mix controls from unrelated domains that do not address the stated objective.,Apply the official Networking Concepts guidance: Compare network topologies and technologies — this aligns with exam blueprint expectations and vendor documentation.,Use an approach that contradicts the exam objective and ignores documented constraints.,"Deploy without monitoring, backup, or access controls required by the blueprint.",D,HARD,network-plus|networking-concepts|NC-3|hard|blueprint-seed,**Answer: D** — Compare network topologies and technologies. Review the official CompTIA exam guide (N10-009) and linked documentation. Objective: NC-3.,https://www.comptia.org/certifications/network
network-plus,networking-concepts,NC-3,N10-009 — NC-3 (HARD) #28,Complex regulatory requirements demand that you Compare network topologies and technologies for Networking Concepts?,"Follow the documented approach for Compare network topologies and technologies, using recommended services and controls per the exam guide.",Use an approach that contradicts the exam objective and ignores documented constraints.,"Deploy without monitoring, backup, or access controls required by the blueprint.",Mix controls from unrelated domains that do not address the stated objective.,A,HARD,network-plus|networking-concepts|NC-3|hard|blueprint-seed,**Answer: A** — Compare network topologies and technologies. Review the official CompTIA exam guide (N10-009) and linked documentation. Objective: NC-3.,https://www.comptia.org/certifications/network
network-plus,networking-concepts,NC-3,N10-009 — NC-3 (HARD) #29,A multi-team rollout must balance security and velocity for Compare network topologies and technologies for Networking Concepts?,Use an approach that contradicts the exam objective and ignores documented constraints.,"Deploy without monitoring, backup, or access controls required by the blueprint.",Mix controls from unrelated domains that do not address the stated objective.,"Implement Compare network topologies and technologies using CompTIA best practices for Networking Concepts, including monitoring and least privilege.",B,HARD,network-plus|networking-concepts|NC-3|hard|blueprint-seed,**Answer: B** — Compare network topologies and technologies. Review the official CompTIA exam guide (N10-009) and linked documentation. Objective: NC-3.,https://www.comptia.org/certifications/network
network-plus,networking-concepts,NC-3,N10-009 — NC-3 (HARD) #30,An enterprise requires zero-downtime architecture while Compare network topologies and technologies for Networking Concepts?,"Deploy without monitoring, backup, or access controls required by the blueprint.",Mix controls from unrelated domains that do not address the stated objective.,Apply the official Networking Concepts guidance: Compare network topologies and technologies — this aligns with exam blueprint expectations and vendor documentation.,Use an approach that contradicts the exam objective and ignores documented constraints.,C,HARD,network-plus|networking-concepts|NC-3|hard|blueprint-seed,**Answer: C** — Compare network topologies and technologies. Review the official CompTIA exam guide (N10-009) and linked documentation. Objective: NC-3.,https://www.comptia.org/certifications/network
network-plus,networking-concepts,NC-3,N10-009 — NC-3 (HARD) #31,"Given strict compliance, auditability, and multi-region constraints, how should you Compare network topologies and technologies for Networking Concepts?",Mix controls from unrelated domains that do not address the stated objective.,"Follow the documented approach for Compare network topologies and technologies, using recommended services and controls per the exam guide.",Use an approach that contradicts the exam objective and ignores documented constraints.,"Deploy without monitoring, backup, or access controls required by the blueprint.",D,HARD,network-plus|networking-concepts|NC-3|hard|blueprint-seed,**Answer: D** — Compare network topologies and technologies. Review the official CompTIA exam guide (N10-009) and linked documentation. Objective: NC-3.,https://www.comptia.org/certifications/network
network-plus,networking-concepts,NC-3,N10-009 — NC-3 (HARD) #32,A production incident involves trade-offs between cost and resilience for Compare network topologies and technologies for Networking Concepts?,"Implement Compare network topologies and technologies using CompTIA best practices for Networking Concepts, including monitoring and least privilege.",Use an approach that contradicts the exam objective and ignores documented constraints.,"Deploy without monitoring, backup, or access controls required by the blueprint.",Mix controls from unrelated domains that do not address the stated objective.,A,HARD,network-plus|networking-concepts|NC-3|hard|blueprint-seed,**Answer: A** — Compare network topologies and technologies. Review the official CompTIA exam guide (N10-009) and linked documentation. Objective: NC-3.,https://www.comptia.org/certifications/network
network-plus,networking-concepts,NC-3,N10-009 — NC-3 (HARD) #33,Complex regulatory requirements demand that you Compare network topologies and technologies for Networking Concepts?,Use an approach that contradicts the exam objective and ignores documented constraints.,"Deploy without monitoring, backup, or access controls required by the blueprint.",Mix controls from unrelated domains that do not address the stated objective.,Apply the official Networking Concepts guidance: Compare network topologies and technologies — this aligns with exam blueprint expectations and vendor documentation.,B,HARD,network-plus|networking-concepts|NC-3|hard|blueprint-seed,**Answer: B** — Compare network topologies and technologies. Review the official CompTIA exam guide (N10-009) and linked documentation. Objective: NC-3.,https://www.comptia.org/certifications/network
network-plus,networking-concepts,NC-3,N10-009 — NC-3 (HARD) #34,A multi-team rollout must balance security and velocity for Compare network topologies and technologies for Networking Concepts?,"Deploy without monitoring, backup, or access controls required by the blueprint.",Mix controls from unrelated domains that do not address the stated objective.,"Follow the documented approach for Compare network topologies and technologies, using recommended services and controls per the exam guide.",Use an approach that contradicts the exam objective and ignores documented constraints.,C,HARD,network-plus|networking-concepts|NC-3|hard|blueprint-seed,**Answer: C** — Compare network topologies and technologies. Review the official CompTIA exam guide (N10-009) and linked documentation. Objective: NC-3.,https://www.comptia.org/certifications/network
network-plus,networking-concepts,NC-3,N10-009 — NC-3 (HARD) #35,An enterprise requires zero-downtime architecture while Compare network topologies and technologies for Networking Concepts?,Mix controls from unrelated domains that do not address the stated objective.,"Implement Compare network topologies and technologies using CompTIA best practices for Networking Concepts, including monitoring and least privilege.",Use an approach that contradicts the exam objective and ignores documented constraints.,"Deploy without monitoring, backup, or access controls required by the blueprint.",D,HARD,network-plus|networking-concepts|NC-3|hard|blueprint-seed,**Answer: D** — Compare network topologies and technologies. Review the official CompTIA exam guide (N10-009) and linked documentation. Objective: NC-3.,https://www.comptia.org/certifications/network
network-plus,networking-concepts,NC-3,N10-009 — NC-3 (HARD) #36,"Given strict compliance, auditability, and multi-region constraints, how should you Compare network topologies and technologies for Networking Concepts?",Apply the official Networking Concepts guidance: Compare network topologies and technologies — this aligns with exam blueprint expectations and vendor documentation.,Use an approach that contradicts the exam objective and ignores documented constraints.,"Deploy without monitoring, backup, or access controls required by the blueprint.",Mix controls from unrelated domains that do not address the stated objective.,A,HARD,network-plus|networking-concepts|NC-3|hard|blueprint-seed,**Answer: A** — Compare network topologies and technologies. Review the official CompTIA exam guide (N10-009) and linked documentation. Objective: NC-3.,https://www.comptia.org/certifications/network
network-plus,networking-concepts,NC-3,N10-009 — NC-3 (HARD) #37,A production incident involves trade-offs between cost and resilience for Compare network topologies and technologies for Networking Concepts?,Use an approach that contradicts the exam objective and ignores documented constraints.,"Deploy without monitoring, backup, or access controls required by the blueprint.",Mix controls from unrelated domains that do not address the stated objective.,"Follow the documented approach for Compare network topologies and technologies, using recommended services and controls per the exam guide.",B,HARD,network-plus|networking-concepts|NC-3|hard|blueprint-seed,**Answer: B** — Compare network topologies and technologies. Review the official CompTIA exam guide (N10-009) and linked documentation. Objective: NC-3.,https://www.comptia.org/certifications/network
network-plus,network-implementation,NI-1,N10-009 — NI-1 (EASY) #1,What is the primary purpose of Configure routing and switching?,Use an approach that contradicts the exam objective and ignores documented constraints.,"Deploy without monitoring, backup, or access controls required by the blueprint.",Mix controls from unrelated domains that do not address the stated objective.,"Follow the documented approach for Configure routing and switching, using recommended services and controls per the exam guide.",B,EASY,network-plus|network-implementation|NI-1|easy|blueprint-seed,**Answer: B** — Configure routing and switching. Review the official CompTIA exam guide (N10-009) and linked documentation. Objective: NI-1.,https://www.comptia.org/certifications/network
network-plus,network-implementation,NI-1,N10-009 — NI-1 (EASY) #2,Which concept is fundamental to Configure routing and switching?,"Deploy without monitoring, backup, or access controls required by the blueprint.",Mix controls from unrelated domains that do not address the stated objective.,"Implement Configure routing and switching using CompTIA best practices for Network Implementation, including monitoring and least privilege.",Use an approach that contradicts the exam objective and ignores documented constraints.,C,EASY,network-plus|network-implementation|NI-1|easy|blueprint-seed,**Answer: C** — Configure routing and switching. Review the official CompTIA exam guide (N10-009) and linked documentation. Objective: NI-1.,https://www.comptia.org/certifications/network
network-plus,network-implementation,NI-1,N10-009 — NI-1 (EASY) #3,Identify the core principle behind Configure routing and switching?,Mix controls from unrelated domains that do not address the stated objective.,Apply the official Network Implementation guidance: Configure routing and switching — this aligns with exam blueprint expectations and vendor documentation.,Use an approach that contradicts the exam objective and ignores documented constraints.,"Deploy without monitoring, backup, or access controls required by the blueprint.",D,EASY,network-plus|network-implementation|NI-1|easy|blueprint-seed,**Answer: D** — Configure routing and switching. Review the official CompTIA exam guide (N10-009) and linked documentation. Objective: NI-1.,https://www.comptia.org/certifications/network
network-plus,network-implementation,NI-1,N10-009 — NI-1 (EASY) #4,Which description accurately reflects Configure routing and switching?,"Follow the documented approach for Configure routing and switching, using recommended services and controls per the exam guide.",Use an approach that contradicts the exam objective and ignores documented constraints.,"Deploy without monitoring, backup, or access controls required by the blueprint.",Mix controls from unrelated domains that do not address the stated objective.,A,EASY,network-plus|network-implementation|NI-1|easy|blueprint-seed,**Answer: A** — Configure routing and switching. Review the official CompTIA exam guide (N10-009) and linked documentation. Objective: NI-1.,https://www.comptia.org/certifications/network
network-plus,network-implementation,NI-1,N10-009 — NI-1 (EASY) #5,Which statement best defines the scope of Configure routing and switching?,Use an approach that contradicts the exam objective and ignores documented constraints.,"Deploy without monitoring, backup, or access controls required by the blueprint.",Mix controls from unrelated domains that do not address the stated objective.,"Implement Configure routing and switching using CompTIA best practices for Network Implementation, including monitoring and least privilege.",B,EASY,network-plus|network-implementation|NI-1|easy|blueprint-seed,**Answer: B** — Configure routing and switching. Review the official CompTIA exam guide (N10-009) and linked documentation. Objective: NI-1.,https://www.comptia.org/certifications/network
network-plus,network-implementation,NI-1,N10-009 — NI-1 (EASY) #6,What is the primary purpose of Configure routing and switching?,"Deploy without monitoring, backup, or access controls required by the blueprint.",Mix controls from unrelated domains that do not address the stated objective.,Apply the official Network Implementation guidance: Configure routing and switching — this aligns with exam blueprint expectations and vendor documentation.,Use an approach that contradicts the exam objective and ignores documented constraints.,C,EASY,network-plus|network-implementation|NI-1|easy|blueprint-seed,**Answer: C** — Configure routing and switching. Review the official CompTIA exam guide (N10-009) and linked documentation. Objective: NI-1.,https://www.comptia.org/certifications/network
network-plus,network-implementation,NI-1,N10-009 — NI-1 (EASY) #7,Which concept is fundamental to Configure routing and switching?,Mix controls from unrelated domains that do not address the stated objective.,"Follow the documented approach for Configure routing and switching, using recommended services and controls per the exam guide.",Use an approach that contradicts the exam objective and ignores documented constraints.,"Deploy without monitoring, backup, or access controls required by the blueprint.",D,EASY,network-plus|network-implementation|NI-1|easy|blueprint-seed,**Answer: D** — Configure routing and switching. Review the official CompTIA exam guide (N10-009) and linked documentation. Objective: NI-1.,https://www.comptia.org/certifications/network
network-plus,network-implementation,NI-1,N10-009 — NI-1 (EASY) #8,Identify the core principle behind Configure routing and switching?,"Implement Configure routing and switching using CompTIA best practices for Network Implementation, including monitoring and least privilege.",Use an approach that contradicts the exam objective and ignores documented constraints.,"Deploy without monitoring, backup, or access controls required by the blueprint.",Mix controls from unrelated domains that do not address the stated objective.,A,EASY,network-plus|network-implementation|NI-1|easy|blueprint-seed,**Answer: A** — Configure routing and switching. Review the official CompTIA exam guide (N10-009) and linked documentation. Objective: NI-1.,https://www.comptia.org/certifications/network
network-plus,network-implementation,NI-1,N10-009 — NI-1 (EASY) #9,Which description accurately reflects Configure routing and switching?,Use an approach that contradicts the exam objective and ignores documented constraints.,"Deploy without monitoring, backup, or access controls required by the blueprint.",Mix controls from unrelated domains that do not address the stated objective.,Apply the official Network Implementation guidance: Configure routing and switching — this aligns with exam blueprint expectations and vendor documentation.,B,EASY,network-plus|network-implementation|NI-1|easy|blueprint-seed,**Answer: B** — Configure routing and switching. Review the official CompTIA exam guide (N10-009) and linked documentation. Objective: NI-1.,https://www.comptia.org/certifications/network
network-plus,network-implementation,NI-1,N10-009 — NI-1 (EASY) #10,Which statement best defines the scope of Configure routing and switching?,"Deploy without monitoring, backup, or access controls required by the blueprint.",Mix controls from unrelated domains that do not address the stated objective.,"Follow the documented approach for Configure routing and switching, using recommended services and controls per the exam guide.",Use an approach that contradicts the exam objective and ignores documented constraints.,C,EASY,network-plus|network-implementation|NI-1|easy|blueprint-seed,**Answer: C** — Configure routing and switching. Review the official CompTIA exam guide (N10-009) and linked documentation. Objective: NI-1.,https://www.comptia.org/certifications/network
network-plus,network-implementation,NI-1,N10-009 — NI-1 (MEDIUM) #11,Which approach aligns with best practices when Configure routing and switching in the context of CompTIA Network+?,Mix controls from unrelated domains that do not address the stated objective.,"Implement Configure routing and switching using CompTIA best practices for Network Implementation, including monitoring and least privilege.",Use an approach that contradicts the exam objective and ignores documented constraints.,"Deploy without monitoring, backup, or access controls required by the blueprint.",D,MEDIUM,network-plus|network-implementation|NI-1|medium|blueprint-seed,**Answer: D** — Configure routing and switching. Review the official CompTIA exam guide (N10-009) and linked documentation. Objective: NI-1.,https://www.comptia.org/certifications/network
network-plus,network-implementation,NI-1,N10-009 — NI-1 (MEDIUM) #12,"During a project review, stakeholders ask how to Configure routing and switching in the context of CompTIA Network+?",Apply the official Network Implementation guidance: Configure routing and switching — this aligns with exam blueprint expectations and vendor documentation.,Use an approach that contradicts the exam objective and ignores documented constraints.,"Deploy without monitoring, backup, or access controls required by the blueprint.",Mix controls from unrelated domains that do not address the stated objective.,A,MEDIUM,network-plus|network-implementation|NI-1|medium|blueprint-seed,**Answer: A** — Configure routing and switching. Review the official CompTIA exam guide (N10-009) and linked documentation. Objective: NI-1.,https://www.comptia.org/certifications/network
network-plus,network-implementation,NI-1,N10-009 — NI-1 (MEDIUM) #13,Which configuration satisfies requirements for Configure routing and switching in the context of CompTIA Network+?,Use an approach that contradicts the exam objective and ignores documented constraints.,"Deploy without monitoring, backup, or access controls required by the blueprint.",Mix controls from unrelated domains that do not address the stated objective.,"Follow the documented approach for Configure routing and switching, using recommended services and controls per the exam guide.",B,MEDIUM,network-plus|network-implementation|NI-1|medium|blueprint-seed,**Answer: B** — Configure routing and switching. Review the official CompTIA exam guide (N10-009) and linked documentation. Objective: NI-1.,https://www.comptia.org/certifications/network
network-plus,network-implementation,NI-1,N10-009 — NI-1 (MEDIUM) #14,What is the recommended design when applying Configure routing and switching in the context of CompTIA Network+?,"Deploy without monitoring, backup, or access controls required by the blueprint.",Mix controls from unrelated domains that do not address the stated objective.,"Implement Configure routing and switching using CompTIA best practices for Network Implementation, including monitoring and least privilege.",Use an approach that contradicts the exam objective and ignores documented constraints.,C,MEDIUM,network-plus|network-implementation|NI-1|medium|blueprint-seed,**Answer: C** — Configure routing and switching. Review the official CompTIA exam guide (N10-009) and linked documentation. Objective: NI-1.,https://www.comptia.org/certifications/network
network-plus,network-implementation,NI-1,N10-009 — NI-1 (MEDIUM) #15,A team must implement a solution for Configure routing and switching in the context of CompTIA Network+?,Mix controls from unrelated domains that do not address the stated objective.,Apply the official Network Implementation guidance: Configure routing and switching — this aligns with exam blueprint expectations and vendor documentation.,Use an approach that contradicts the exam objective and ignores documented constraints.,"Deploy without monitoring, backup, or access controls required by the blueprint.",D,MEDIUM,network-plus|network-implementation|NI-1|medium|blueprint-seed,**Answer: D** — Configure routing and switching. Review the official CompTIA exam guide (N10-009) and linked documentation. Objective: NI-1.,https://www.comptia.org/certifications/network
network-plus,network-implementation,NI-1,N10-009 — NI-1 (MEDIUM) #16,Which approach aligns with best practices when Configure routing and switching in the context of CompTIA Network+?,"Follow the documented approach for Configure routing and switching, using recommended services and controls per the exam guide.",Use an approach that contradicts the exam objective and ignores documented constraints.,"Deploy without monitoring, backup, or access controls required by the blueprint.",Mix controls from unrelated domains that do not address the stated objective.,A,MEDIUM,network-plus|network-implementation|NI-1|medium|blueprint-seed,**Answer: A** — Configure routing and switching. Review the official CompTIA exam guide (N10-009) and linked documentation. Objective: NI-1.,https://www.comptia.org/certifications/network
network-plus,network-implementation,NI-1,N10-009 — NI-1 (MEDIUM) #17,"During a project review, stakeholders ask how to Configure routing and switching in the context of CompTIA Network+?",Use an approach that contradicts the exam objective and ignores documented constraints.,"Deploy without monitoring, backup, or access controls required by the blueprint.",Mix controls from unrelated domains that do not address the stated objective.,"Implement Configure routing and switching using CompTIA best practices for Network Implementation, including monitoring and least privilege.",B,MEDIUM,network-plus|network-implementation|NI-1|medium|blueprint-seed,**Answer: B** — Configure routing and switching. Review the official CompTIA exam guide (N10-009) and linked documentation. Objective: NI-1.,https://www.comptia.org/certifications/network
network-plus,network-implementation,NI-1,N10-009 — NI-1 (MEDIUM) #18,Which configuration satisfies requirements for Configure routing and switching in the context of CompTIA Network+?,"Deploy without monitoring, backup, or access controls required by the blueprint.",Mix controls from unrelated domains that do not address the stated objective.,Apply the official Network Implementation guidance: Configure routing and switching — this aligns with exam blueprint expectations and vendor documentation.,Use an approach that contradicts the exam objective and ignores documented constraints.,C,MEDIUM,network-plus|network-implementation|NI-1|medium|blueprint-seed,**Answer: C** — Configure routing and switching. Review the official CompTIA exam guide (N10-009) and linked documentation. Objective: NI-1.,https://www.comptia.org/certifications/network
network-plus,network-implementation,NI-1,N10-009 — NI-1 (MEDIUM) #19,What is the recommended design when applying Configure routing and switching in the context of CompTIA Network+?,Mix controls from unrelated domains that do not address the stated objective.,"Follow the documented approach for Configure routing and switching, using recommended services and controls per the exam guide.",Use an approach that contradicts the exam objective and ignores documented constraints.,"Deploy without monitoring, backup, or access controls required by the blueprint.",D,MEDIUM,network-plus|network-implementation|NI-1|medium|blueprint-seed,**Answer: D** — Configure routing and switching. Review the official CompTIA exam guide (N10-009) and linked documentation. Objective: NI-1.,https://www.comptia.org/certifications/network
network-plus,network-implementation,NI-1,N10-009 — NI-1 (MEDIUM) #20,A team must implement a solution for Configure routing and switching in the context of CompTIA Network+?,"Implement Configure routing and switching using CompTIA best practices for Network Implementation, including monitoring and least privilege.",Use an approach that contradicts the exam objective and ignores documented constraints.,"Deploy without monitoring, backup, or access controls required by the blueprint.",Mix controls from unrelated domains that do not address the stated objective.,A,MEDIUM,network-plus|network-implementation|NI-1|medium|blueprint-seed,**Answer: A** — Configure routing and switching. Review the official CompTIA exam guide (N10-009) and linked documentation. Objective: NI-1.,https://www.comptia.org/certifications/network
network-plus,network-implementation,NI-1,N10-009 — NI-1 (MEDIUM) #21,Which approach aligns with best practices when Configure routing and switching in the context of CompTIA Network+?,Use an approach that contradicts the exam objective and ignores documented constraints.,"Deploy without monitoring, backup, or access controls required by the blueprint.",Mix controls from unrelated domains that do not address the stated objective.,Apply the official Network Implementation guidance: Configure routing and switching — this aligns with exam blueprint expectations and vendor documentation.,B,MEDIUM,network-plus|network-implementation|NI-1|medium|blueprint-seed,**Answer: B** — Configure routing and switching. Review the official CompTIA exam guide (N10-009) and linked documentation. Objective: NI-1.,https://www.comptia.org/certifications/network
network-plus,network-implementation,NI-1,N10-009 — NI-1 (MEDIUM) #22,"During a project review, stakeholders ask how to Configure routing and switching in the context of CompTIA Network+?","Deploy without monitoring, backup, or access controls required by the blueprint.",Mix controls from unrelated domains that do not address the stated objective.,"Follow the documented approach for Configure routing and switching, using recommended services and controls per the exam guide.",Use an approach that contradicts the exam objective and ignores documented constraints.,C,MEDIUM,network-plus|network-implementation|NI-1|medium|blueprint-seed,**Answer: C** — Configure routing and switching. Review the official CompTIA exam guide (N10-009) and linked documentation. Objective: NI-1.,https://www.comptia.org/certifications/network
network-plus,network-implementation,NI-1,N10-009 — NI-1 (MEDIUM) #23,Which configuration satisfies requirements for Configure routing and switching in the context of CompTIA Network+?,Mix controls from unrelated domains that do not address the stated objective.,"Implement Configure routing and switching using CompTIA best practices for Network Implementation, including monitoring and least privilege.",Use an approach that contradicts the exam objective and ignores documented constraints.,"Deploy without monitoring, backup, or access controls required by the blueprint.",D,MEDIUM,network-plus|network-implementation|NI-1|medium|blueprint-seed,**Answer: D** — Configure routing and switching. Review the official CompTIA exam guide (N10-009) and linked documentation. Objective: NI-1.,https://www.comptia.org/certifications/network
network-plus,network-implementation,NI-1,N10-009 — NI-1 (MEDIUM) #24,What is the recommended design when applying Configure routing and switching in the context of CompTIA Network+?,Apply the official Network Implementation guidance: Configure routing and switching — this aligns with exam blueprint expectations and vendor documentation.,Use an approach that contradicts the exam objective and ignores documented constraints.,"Deploy without monitoring, backup, or access controls required by the blueprint.",Mix controls from unrelated domains that do not address the stated objective.,A,MEDIUM,network-plus|network-implementation|NI-1|medium|blueprint-seed,**Answer: A** — Configure routing and switching. Review the official CompTIA exam guide (N10-009) and linked documentation. Objective: NI-1.,https://www.comptia.org/certifications/network
network-plus,network-implementation,NI-1,N10-009 — NI-1 (HARD) #25,An enterprise requires zero-downtime architecture while Configure routing and switching for Network Implementation?,Use an approach that contradicts the exam objective and ignores documented constraints.,"Deploy without monitoring, backup, or access controls required by the blueprint.",Mix controls from unrelated domains that do not address the stated objective.,"Follow the documented approach for Configure routing and switching, using recommended services and controls per the exam guide.",B,HARD,network-plus|network-implementation|NI-1|hard|blueprint-seed,**Answer: B** — Configure routing and switching. Review the official CompTIA exam guide (N10-009) and linked documentation. Objective: NI-1.,https://www.comptia.org/certifications/network
network-plus,network-implementation,NI-1,N10-009 — NI-1 (HARD) #26,"Given strict compliance, auditability, and multi-region constraints, how should you Configure routing and switching for Network Implementation?","Deploy without monitoring, backup, or access controls required by the blueprint.",Mix controls from unrelated domains that do not address the stated objective.,"Implement Configure routing and switching using CompTIA best practices for Network Implementation, including monitoring and least privilege.",Use an approach that contradicts the exam objective and ignores documented constraints.,C,HARD,network-plus|network-implementation|NI-1|hard|blueprint-seed,**Answer: C** — Configure routing and switching. Review the official CompTIA exam guide (N10-009) and linked documentation. Objective: NI-1.,https://www.comptia.org/certifications/network
network-plus,network-implementation,NI-1,N10-009 — NI-1 (HARD) #27,A production incident involves trade-offs between cost and resilience for Configure routing and switching for Network Implementation?,Mix controls from unrelated domains that do not address the stated objective.,Apply the official Network Implementation guidance: Configure routing and switching — this aligns with exam blueprint expectations and vendor documentation.,Use an approach that contradicts the exam objective and ignores documented constraints.,"Deploy without monitoring, backup, or access controls required by the blueprint.",D,HARD,network-plus|network-implementation|NI-1|hard|blueprint-seed,**Answer: D** — Configure routing and switching. Review the official CompTIA exam guide (N10-009) and linked documentation. Objective: NI-1.,https://www.comptia.org/certifications/network
network-plus,network-implementation,NI-1,N10-009 — NI-1 (HARD) #28,Complex regulatory requirements demand that you Configure routing and switching for Network Implementation?,"Follow the documented approach for Configure routing and switching, using recommended services and controls per the exam guide.",Use an approach that contradicts the exam objective and ignores documented constraints.,"Deploy without monitoring, backup, or access controls required by the blueprint.",Mix controls from unrelated domains that do not address the stated objective.,A,HARD,network-plus|network-implementation|NI-1|hard|blueprint-seed,**Answer: A** — Configure routing and switching. Review the official CompTIA exam guide (N10-009) and linked documentation. Objective: NI-1.,https://www.comptia.org/certifications/network
network-plus,network-implementation,NI-1,N10-009 — NI-1 (HARD) #29,A multi-team rollout must balance security and velocity for Configure routing and switching for Network Implementation?,Use an approach that contradicts the exam objective and ignores documented constraints.,"Deploy without monitoring, backup, or access controls required by the blueprint.",Mix controls from unrelated domains that do not address the stated objective.,"Implement Configure routing and switching using CompTIA best practices for Network Implementation, including monitoring and least privilege.",B,HARD,network-plus|network-implementation|NI-1|hard|blueprint-seed,**Answer: B** — Configure routing and switching. Review the official CompTIA exam guide (N10-009) and linked documentation. Objective: NI-1.,https://www.comptia.org/certifications/network
network-plus,network-implementation,NI-1,N10-009 — NI-1 (HARD) #30,An enterprise requires zero-downtime architecture while Configure routing and switching for Network Implementation?,"Deploy without monitoring, backup, or access controls required by the blueprint.",Mix controls from unrelated domains that do not address the stated objective.,Apply the official Network Implementation guidance: Configure routing and switching — this aligns with exam blueprint expectations and vendor documentation.,Use an approach that contradicts the exam objective and ignores documented constraints.,C,HARD,network-plus|network-implementation|NI-1|hard|blueprint-seed,**Answer: C** — Configure routing and switching. Review the official CompTIA exam guide (N10-009) and linked documentation. Objective: NI-1.,https://www.comptia.org/certifications/network
network-plus,network-implementation,NI-1,N10-009 — NI-1 (HARD) #31,"Given strict compliance, auditability, and multi-region constraints, how should you Configure routing and switching for Network Implementation?",Mix controls from unrelated domains that do not address the stated objective.,"Follow the documented approach for Configure routing and switching, using recommended services and controls per the exam guide.",Use an approach that contradicts the exam objective and ignores documented constraints.,"Deploy without monitoring, backup, or access controls required by the blueprint.",D,HARD,network-plus|network-implementation|NI-1|hard|blueprint-seed,**Answer: D** — Configure routing and switching. Review the official CompTIA exam guide (N10-009) and linked documentation. Objective: NI-1.,https://www.comptia.org/certifications/network
network-plus,network-implementation,NI-1,N10-009 — NI-1 (HARD) #32,A production incident involves trade-offs between cost and resilience for Configure routing and switching for Network Implementation?,"Implement Configure routing and switching using CompTIA best practices for Network Implementation, including monitoring and least privilege.",Use an approach that contradicts the exam objective and ignores documented constraints.,"Deploy without monitoring, backup, or access controls required by the blueprint.",Mix controls from unrelated domains that do not address the stated objective.,A,HARD,network-plus|network-implementation|NI-1|hard|blueprint-seed,**Answer: A** — Configure routing and switching. Review the official CompTIA exam guide (N10-009) and linked documentation. Objective: NI-1.,https://www.comptia.org/certifications/network
network-plus,network-implementation,NI-1,N10-009 — NI-1 (HARD) #33,Complex regulatory requirements demand that you Configure routing and switching for Network Implementation?,Use an approach that contradicts the exam objective and ignores documented constraints.,"Deploy without monitoring, backup, or access controls required by the blueprint.",Mix controls from unrelated domains that do not address the stated objective.,Apply the official Network Implementation guidance: Configure routing and switching — this aligns with exam blueprint expectations and vendor documentation.,B,HARD,network-plus|network-implementation|NI-1|hard|blueprint-seed,**Answer: B** — Configure routing and switching. Review the official CompTIA exam guide (N10-009) and linked documentation. Objective: NI-1.,https://www.comptia.org/certifications/network
network-plus,network-implementation,NI-1,N10-009 — NI-1 (HARD) #34,A multi-team rollout must balance security and velocity for Configure routing and switching for Network Implementation?,"Deploy without monitoring, backup, or access controls required by the blueprint.",Mix controls from unrelated domains that do not address the stated objective.,"Follow the documented approach for Configure routing and switching, using recommended services and controls per the exam guide.",Use an approach that contradicts the exam objective and ignores documented constraints.,C,HARD,network-plus|network-implementation|NI-1|hard|blueprint-seed,**Answer: C** — Configure routing and switching. Review the official CompTIA exam guide (N10-009) and linked documentation. Objective: NI-1.,https://www.comptia.org/certifications/network
network-plus,network-implementation,NI-2,N10-009 — NI-2 (EASY) #1,What is the primary purpose of Deploy wired and wireless networks?,Use an approach that contradicts the exam objective and ignores documented constraints.,"Deploy without monitoring, backup, or access controls required by the blueprint.",Mix controls from unrelated domains that do not address the stated objective.,"Follow the documented approach for Deploy wired and wireless networks, using recommended services and controls per the exam guide.",B,EASY,network-plus|network-implementation|NI-2|easy|blueprint-seed,**Answer: B** — Deploy wired and wireless networks. Review the official CompTIA exam guide (N10-009) and linked documentation. Objective: NI-2.,https://www.comptia.org/certifications/network
network-plus,network-implementation,NI-2,N10-009 — NI-2 (EASY) #2,Which concept is fundamental to Deploy wired and wireless networks?,"Deploy without monitoring, backup, or access controls required by the blueprint.",Mix controls from unrelated domains that do not address the stated objective.,"Implement Deploy wired and wireless networks using CompTIA best practices for Network Implementation, including monitoring and least privilege.",Use an approach that contradicts the exam objective and ignores documented constraints.,C,EASY,network-plus|network-implementation|NI-2|easy|blueprint-seed,**Answer: C** — Deploy wired and wireless networks. Review the official CompTIA exam guide (N10-009) and linked documentation. Objective: NI-2.,https://www.comptia.org/certifications/network
network-plus,network-implementation,NI-2,N10-009 — NI-2 (EASY) #3,Identify the core principle behind Deploy wired and wireless networks?,Mix controls from unrelated domains that do not address the stated objective.,Apply the official Network Implementation guidance: Deploy wired and wireless networks — this aligns with exam blueprint expectations and vendor documentation.,Use an approach that contradicts the exam objective and ignores documented constraints.,"Deploy without monitoring, backup, or access controls required by the blueprint.",D,EASY,network-plus|network-implementation|NI-2|easy|blueprint-seed,**Answer: D** — Deploy wired and wireless networks. Review the official CompTIA exam guide (N10-009) and linked documentation. Objective: NI-2.,https://www.comptia.org/certifications/network
network-plus,network-implementation,NI-2,N10-009 — NI-2 (EASY) #4,Which description accurately reflects Deploy wired and wireless networks?,"Follow the documented approach for Deploy wired and wireless networks, using recommended services and controls per the exam guide.",Use an approach that contradicts the exam objective and ignores documented constraints.,"Deploy without monitoring, backup, or access controls required by the blueprint.",Mix controls from unrelated domains that do not address the stated objective.,A,EASY,network-plus|network-implementation|NI-2|easy|blueprint-seed,**Answer: A** — Deploy wired and wireless networks. Review the official CompTIA exam guide (N10-009) and linked documentation. Objective: NI-2.,https://www.comptia.org/certifications/network
network-plus,network-implementation,NI-2,N10-009 — NI-2 (EASY) #5,Which statement best defines the scope of Deploy wired and wireless networks?,Use an approach that contradicts the exam objective and ignores documented constraints.,"Deploy without monitoring, backup, or access controls required by the blueprint.",Mix controls from unrelated domains that do not address the stated objective.,"Implement Deploy wired and wireless networks using CompTIA best practices for Network Implementation, including monitoring and least privilege.",B,EASY,network-plus|network-implementation|NI-2|easy|blueprint-seed,**Answer: B** — Deploy wired and wireless networks. Review the official CompTIA exam guide (N10-009) and linked documentation. Objective: NI-2.,https://www.comptia.org/certifications/network
network-plus,network-implementation,NI-2,N10-009 — NI-2 (EASY) #6,What is the primary purpose of Deploy wired and wireless networks?,"Deploy without monitoring, backup, or access controls required by the blueprint.",Mix controls from unrelated domains that do not address the stated objective.,Apply the official Network Implementation guidance: Deploy wired and wireless networks — this aligns with exam blueprint expectations and vendor documentation.,Use an approach that contradicts the exam objective and ignores documented constraints.,C,EASY,network-plus|network-implementation|NI-2|easy|blueprint-seed,**Answer: C** — Deploy wired and wireless networks. Review the official CompTIA exam guide (N10-009) and linked documentation. Objective: NI-2.,https://www.comptia.org/certifications/network
network-plus,network-implementation,NI-2,N10-009 — NI-2 (EASY) #7,Which concept is fundamental to Deploy wired and wireless networks?,Mix controls from unrelated domains that do not address the stated objective.,"Follow the documented approach for Deploy wired and wireless networks, using recommended services and controls per the exam guide.",Use an approach that contradicts the exam objective and ignores documented constraints.,"Deploy without monitoring, backup, or access controls required by the blueprint.",D,EASY,network-plus|network-implementation|NI-2|easy|blueprint-seed,**Answer: D** — Deploy wired and wireless networks. Review the official CompTIA exam guide (N10-009) and linked documentation. Objective: NI-2.,https://www.comptia.org/certifications/network
network-plus,network-implementation,NI-2,N10-009 — NI-2 (EASY) #8,Identify the core principle behind Deploy wired and wireless networks?,"Implement Deploy wired and wireless networks using CompTIA best practices for Network Implementation, including monitoring and least privilege.",Use an approach that contradicts the exam objective and ignores documented constraints.,"Deploy without monitoring, backup, or access controls required by the blueprint.",Mix controls from unrelated domains that do not address the stated objective.,A,EASY,network-plus|network-implementation|NI-2|easy|blueprint-seed,**Answer: A** — Deploy wired and wireless networks. Review the official CompTIA exam guide (N10-009) and linked documentation. Objective: NI-2.,https://www.comptia.org/certifications/network
network-plus,network-implementation,NI-2,N10-009 — NI-2 (EASY) #9,Which description accurately reflects Deploy wired and wireless networks?,Use an approach that contradicts the exam objective and ignores documented constraints.,"Deploy without monitoring, backup, or access controls required by the blueprint.",Mix controls from unrelated domains that do not address the stated objective.,Apply the official Network Implementation guidance: Deploy wired and wireless networks — this aligns with exam blueprint expectations and vendor documentation.,B,EASY,network-plus|network-implementation|NI-2|easy|blueprint-seed,**Answer: B** — Deploy wired and wireless networks. Review the official CompTIA exam guide (N10-009) and linked documentation. Objective: NI-2.,https://www.comptia.org/certifications/network
network-plus,network-implementation,NI-2,N10-009 — NI-2 (EASY) #10,Which statement best defines the scope of Deploy wired and wireless networks?,"Deploy without monitoring, backup, or access controls required by the blueprint.",Mix controls from unrelated domains that do not address the stated objective.,"Follow the documented approach for Deploy wired and wireless networks, using recommended services and controls per the exam guide.",Use an approach that contradicts the exam objective and ignores documented constraints.,C,EASY,network-plus|network-implementation|NI-2|easy|blueprint-seed,**Answer: C** — Deploy wired and wireless networks. Review the official CompTIA exam guide (N10-009) and linked documentation. Objective: NI-2.,https://www.comptia.org/certifications/network
network-plus,network-implementation,NI-2,N10-009 — NI-2 (MEDIUM) #11,Which approach aligns with best practices when Deploy wired and wireless networks in the context of CompTIA Network+?,Mix controls from unrelated domains that do not address the stated objective.,"Implement Deploy wired and wireless networks using CompTIA best practices for Network Implementation, including monitoring and least privilege.",Use an approach that contradicts the exam objective and ignores documented constraints.,"Deploy without monitoring, backup, or access controls required by the blueprint.",D,MEDIUM,network-plus|network-implementation|NI-2|medium|blueprint-seed,**Answer: D** — Deploy wired and wireless networks. Review the official CompTIA exam guide (N10-009) and linked documentation. Objective: NI-2.,https://www.comptia.org/certifications/network
network-plus,network-implementation,NI-2,N10-009 — NI-2 (MEDIUM) #12,"During a project review, stakeholders ask how to Deploy wired and wireless networks in the context of CompTIA Network+?",Apply the official Network Implementation guidance: Deploy wired and wireless networks — this aligns with exam blueprint expectations and vendor documentation.,Use an approach that contradicts the exam objective and ignores documented constraints.,"Deploy without monitoring, backup, or access controls required by the blueprint.",Mix controls from unrelated domains that do not address the stated objective.,A,MEDIUM,network-plus|network-implementation|NI-2|medium|blueprint-seed,**Answer: A** — Deploy wired and wireless networks. Review the official CompTIA exam guide (N10-009) and linked documentation. Objective: NI-2.,https://www.comptia.org/certifications/network
network-plus,network-implementation,NI-2,N10-009 — NI-2 (MEDIUM) #13,Which configuration satisfies requirements for Deploy wired and wireless networks in the context of CompTIA Network+?,Use an approach that contradicts the exam objective and ignores documented constraints.,"Deploy without monitoring, backup, or access controls required by the blueprint.",Mix controls from unrelated domains that do not address the stated objective.,"Follow the documented approach for Deploy wired and wireless networks, using recommended services and controls per the exam guide.",B,MEDIUM,network-plus|network-implementation|NI-2|medium|blueprint-seed,**Answer: B** — Deploy wired and wireless networks. Review the official CompTIA exam guide (N10-009) and linked documentation. Objective: NI-2.,https://www.comptia.org/certifications/network
network-plus,network-implementation,NI-2,N10-009 — NI-2 (MEDIUM) #14,What is the recommended design when applying Deploy wired and wireless networks in the context of CompTIA Network+?,"Deploy without monitoring, backup, or access controls required by the blueprint.",Mix controls from unrelated domains that do not address the stated objective.,"Implement Deploy wired and wireless networks using CompTIA best practices for Network Implementation, including monitoring and least privilege.",Use an approach that contradicts the exam objective and ignores documented constraints.,C,MEDIUM,network-plus|network-implementation|NI-2|medium|blueprint-seed,**Answer: C** — Deploy wired and wireless networks. Review the official CompTIA exam guide (N10-009) and linked documentation. Objective: NI-2.,https://www.comptia.org/certifications/network
network-plus,network-implementation,NI-2,N10-009 — NI-2 (MEDIUM) #15,A team must implement a solution for Deploy wired and wireless networks in the context of CompTIA Network+?,Mix controls from unrelated domains that do not address the stated objective.,Apply the official Network Implementation guidance: Deploy wired and wireless networks — this aligns with exam blueprint expectations and vendor documentation.,Use an approach that contradicts the exam objective and ignores documented constraints.,"Deploy without monitoring, backup, or access controls required by the blueprint.",D,MEDIUM,network-plus|network-implementation|NI-2|medium|blueprint-seed,**Answer: D** — Deploy wired and wireless networks. Review the official CompTIA exam guide (N10-009) and linked documentation. Objective: NI-2.,https://www.comptia.org/certifications/network
network-plus,network-implementation,NI-2,N10-009 — NI-2 (MEDIUM) #16,Which approach aligns with best practices when Deploy wired and wireless networks in the context of CompTIA Network+?,"Follow the documented approach for Deploy wired and wireless networks, using recommended services and controls per the exam guide.",Use an approach that contradicts the exam objective and ignores documented constraints.,"Deploy without monitoring, backup, or access controls required by the blueprint.",Mix controls from unrelated domains that do not address the stated objective.,A,MEDIUM,network-plus|network-implementation|NI-2|medium|blueprint-seed,**Answer: A** — Deploy wired and wireless networks. Review the official CompTIA exam guide (N10-009) and linked documentation. Objective: NI-2.,https://www.comptia.org/certifications/network
network-plus,network-implementation,NI-2,N10-009 — NI-2 (MEDIUM) #17,"During a project review, stakeholders ask how to Deploy wired and wireless networks in the context of CompTIA Network+?",Use an approach that contradicts the exam objective and ignores documented constraints.,"Deploy without monitoring, backup, or access controls required by the blueprint.",Mix controls from unrelated domains that do not address the stated objective.,"Implement Deploy wired and wireless networks using CompTIA best practices for Network Implementation, including monitoring and least privilege.",B,MEDIUM,network-plus|network-implementation|NI-2|medium|blueprint-seed,**Answer: B** — Deploy wired and wireless networks. Review the official CompTIA exam guide (N10-009) and linked documentation. Objective: NI-2.,https://www.comptia.org/certifications/network
network-plus,network-implementation,NI-2,N10-009 — NI-2 (MEDIUM) #18,Which configuration satisfies requirements for Deploy wired and wireless networks in the context of CompTIA Network+?,"Deploy without monitoring, backup, or access controls required by the blueprint.",Mix controls from unrelated domains that do not address the stated objective.,Apply the official Network Implementation guidance: Deploy wired and wireless networks — this aligns with exam blueprint expectations and vendor documentation.,Use an approach that contradicts the exam objective and ignores documented constraints.,C,MEDIUM,network-plus|network-implementation|NI-2|medium|blueprint-seed,**Answer: C** — Deploy wired and wireless networks. Review the official CompTIA exam guide (N10-009) and linked documentation. Objective: NI-2.,https://www.comptia.org/certifications/network
network-plus,network-implementation,NI-2,N10-009 — NI-2 (MEDIUM) #19,What is the recommended design when applying Deploy wired and wireless networks in the context of CompTIA Network+?,Mix controls from unrelated domains that do not address the stated objective.,"Follow the documented approach for Deploy wired and wireless networks, using recommended services and controls per the exam guide.",Use an approach that contradicts the exam objective and ignores documented constraints.,"Deploy without monitoring, backup, or access controls required by the blueprint.",D,MEDIUM,network-plus|network-implementation|NI-2|medium|blueprint-seed,**Answer: D** — Deploy wired and wireless networks. Review the official CompTIA exam guide (N10-009) and linked documentation. Objective: NI-2.,https://www.comptia.org/certifications/network
network-plus,network-implementation,NI-2,N10-009 — NI-2 (MEDIUM) #20,A team must implement a solution for Deploy wired and wireless networks in the context of CompTIA Network+?,"Implement Deploy wired and wireless networks using CompTIA best practices for Network Implementation, including monitoring and least privilege.",Use an approach that contradicts the exam objective and ignores documented constraints.,"Deploy without monitoring, backup, or access controls required by the blueprint.",Mix controls from unrelated domains that do not address the stated objective.,A,MEDIUM,network-plus|network-implementation|NI-2|medium|blueprint-seed,**Answer: A** — Deploy wired and wireless networks. Review the official CompTIA exam guide (N10-009) and linked documentation. Objective: NI-2.,https://www.comptia.org/certifications/network
network-plus,network-implementation,NI-2,N10-009 — NI-2 (MEDIUM) #21,Which approach aligns with best practices when Deploy wired and wireless networks in the context of CompTIA Network+?,Use an approach that contradicts the exam objective and ignores documented constraints.,"Deploy without monitoring, backup, or access controls required by the blueprint.",Mix controls from unrelated domains that do not address the stated objective.,Apply the official Network Implementation guidance: Deploy wired and wireless networks — this aligns with exam blueprint expectations and vendor documentation.,B,MEDIUM,network-plus|network-implementation|NI-2|medium|blueprint-seed,**Answer: B** — Deploy wired and wireless networks. Review the official CompTIA exam guide (N10-009) and linked documentation. Objective: NI-2.,https://www.comptia.org/certifications/network
network-plus,network-implementation,NI-2,N10-009 — NI-2 (MEDIUM) #22,"During a project review, stakeholders ask how to Deploy wired and wireless networks in the context of CompTIA Network+?","Deploy without monitoring, backup, or access controls required by the blueprint.",Mix controls from unrelated domains that do not address the stated objective.,"Follow the documented approach for Deploy wired and wireless networks, using recommended services and controls per the exam guide.",Use an approach that contradicts the exam objective and ignores documented constraints.,C,MEDIUM,network-plus|network-implementation|NI-2|medium|blueprint-seed,**Answer: C** — Deploy wired and wireless networks. Review the official CompTIA exam guide (N10-009) and linked documentation. Objective: NI-2.,https://www.comptia.org/certifications/network
network-plus,network-implementation,NI-2,N10-009 — NI-2 (MEDIUM) #23,Which configuration satisfies requirements for Deploy wired and wireless networks in the context of CompTIA Network+?,Mix controls from unrelated domains that do not address the stated objective.,"Implement Deploy wired and wireless networks using CompTIA best practices for Network Implementation, including monitoring and least privilege.",Use an approach that contradicts the exam objective and ignores documented constraints.,"Deploy without monitoring, backup, or access controls required by the blueprint.",D,MEDIUM,network-plus|network-implementation|NI-2|medium|blueprint-seed,**Answer: D** — Deploy wired and wireless networks. Review the official CompTIA exam guide (N10-009) and linked documentation. Objective: NI-2.,https://www.comptia.org/certifications/network
network-plus,network-implementation,NI-2,N10-009 — NI-2 (MEDIUM) #24,What is the recommended design when applying Deploy wired and wireless networks in the context of CompTIA Network+?,Apply the official Network Implementation guidance: Deploy wired and wireless networks — this aligns with exam blueprint expectations and vendor documentation.,Use an approach that contradicts the exam objective and ignores documented constraints.,"Deploy without monitoring, backup, or access controls required by the blueprint.",Mix controls from unrelated domains that do not address the stated objective.,A,MEDIUM,network-plus|network-implementation|NI-2|medium|blueprint-seed,**Answer: A** — Deploy wired and wireless networks. Review the official CompTIA exam guide (N10-009) and linked documentation. Objective: NI-2.,https://www.comptia.org/certifications/network
network-plus,network-implementation,NI-2,N10-009 — NI-2 (HARD) #25,An enterprise requires zero-downtime architecture while Deploy wired and wireless networks for Network Implementation?,Use an approach that contradicts the exam objective and ignores documented constraints.,"Deploy without monitoring, backup, or access controls required by the blueprint.",Mix controls from unrelated domains that do not address the stated objective.,"Follow the documented approach for Deploy wired and wireless networks, using recommended services and controls per the exam guide.",B,HARD,network-plus|network-implementation|NI-2|hard|blueprint-seed,**Answer: B** — Deploy wired and wireless networks. Review the official CompTIA exam guide (N10-009) and linked documentation. Objective: NI-2.,https://www.comptia.org/certifications/network
network-plus,network-implementation,NI-2,N10-009 — NI-2 (HARD) #26,"Given strict compliance, auditability, and multi-region constraints, how should you Deploy wired and wireless networks for Network Implementation?","Deploy without monitoring, backup, or access controls required by the blueprint.",Mix controls from unrelated domains that do not address the stated objective.,"Implement Deploy wired and wireless networks using CompTIA best practices for Network Implementation, including monitoring and least privilege.",Use an approach that contradicts the exam objective and ignores documented constraints.,C,HARD,network-plus|network-implementation|NI-2|hard|blueprint-seed,**Answer: C** — Deploy wired and wireless networks. Review the official CompTIA exam guide (N10-009) and linked documentation. Objective: NI-2.,https://www.comptia.org/certifications/network
network-plus,network-implementation,NI-2,N10-009 — NI-2 (HARD) #27,A production incident involves trade-offs between cost and resilience for Deploy wired and wireless networks for Network Implementation?,Mix controls from unrelated domains that do not address the stated objective.,Apply the official Network Implementation guidance: Deploy wired and wireless networks — this aligns with exam blueprint expectations and vendor documentation.,Use an approach that contradicts the exam objective and ignores documented constraints.,"Deploy without monitoring, backup, or access controls required by the blueprint.",D,HARD,network-plus|network-implementation|NI-2|hard|blueprint-seed,**Answer: D** — Deploy wired and wireless networks. Review the official CompTIA exam guide (N10-009) and linked documentation. Objective: NI-2.,https://www.comptia.org/certifications/network
network-plus,network-implementation,NI-2,N10-009 — NI-2 (HARD) #28,Complex regulatory requirements demand that you Deploy wired and wireless networks for Network Implementation?,"Follow the documented approach for Deploy wired and wireless networks, using recommended services and controls per the exam guide.",Use an approach that contradicts the exam objective and ignores documented constraints.,"Deploy without monitoring, backup, or access controls required by the blueprint.",Mix controls from unrelated domains that do not address the stated objective.,A,HARD,network-plus|network-implementation|NI-2|hard|blueprint-seed,**Answer: A** — Deploy wired and wireless networks. Review the official CompTIA exam guide (N10-009) and linked documentation. Objective: NI-2.,https://www.comptia.org/certifications/network
network-plus,network-implementation,NI-2,N10-009 — NI-2 (HARD) #29,A multi-team rollout must balance security and velocity for Deploy wired and wireless networks for Network Implementation?,Use an approach that contradicts the exam objective and ignores documented constraints.,"Deploy without monitoring, backup, or access controls required by the blueprint.",Mix controls from unrelated domains that do not address the stated objective.,"Implement Deploy wired and wireless networks using CompTIA best practices for Network Implementation, including monitoring and least privilege.",B,HARD,network-plus|network-implementation|NI-2|hard|blueprint-seed,**Answer: B** — Deploy wired and wireless networks. Review the official CompTIA exam guide (N10-009) and linked documentation. Objective: NI-2.,https://www.comptia.org/certifications/network
network-plus,network-implementation,NI-2,N10-009 — NI-2 (HARD) #30,An enterprise requires zero-downtime architecture while Deploy wired and wireless networks for Network Implementation?,"Deploy without monitoring, backup, or access controls required by the blueprint.",Mix controls from unrelated domains that do not address the stated objective.,Apply the official Network Implementation guidance: Deploy wired and wireless networks — this aligns with exam blueprint expectations and vendor documentation.,Use an approach that contradicts the exam objective and ignores documented constraints.,C,HARD,network-plus|network-implementation|NI-2|hard|blueprint-seed,**Answer: C** — Deploy wired and wireless networks. Review the official CompTIA exam guide (N10-009) and linked documentation. Objective: NI-2.,https://www.comptia.org/certifications/network
network-plus,network-implementation,NI-2,N10-009 — NI-2 (HARD) #31,"Given strict compliance, auditability, and multi-region constraints, how should you Deploy wired and wireless networks for Network Implementation?",Mix controls from unrelated domains that do not address the stated objective.,"Follow the documented approach for Deploy wired and wireless networks, using recommended services and controls per the exam guide.",Use an approach that contradicts the exam objective and ignores documented constraints.,"Deploy without monitoring, backup, or access controls required by the blueprint.",D,HARD,network-plus|network-implementation|NI-2|hard|blueprint-seed,**Answer: D** — Deploy wired and wireless networks. Review the official CompTIA exam guide (N10-009) and linked documentation. Objective: NI-2.,https://www.comptia.org/certifications/network
network-plus,network-implementation,NI-2,N10-009 — NI-2 (HARD) #32,A production incident involves trade-offs between cost and resilience for Deploy wired and wireless networks for Network Implementation?,"Implement Deploy wired and wireless networks using CompTIA best practices for Network Implementation, including monitoring and least privilege.",Use an approach that contradicts the exam objective and ignores documented constraints.,"Deploy without monitoring, backup, or access controls required by the blueprint.",Mix controls from unrelated domains that do not address the stated objective.,A,HARD,network-plus|network-implementation|NI-2|hard|blueprint-seed,**Answer: A** — Deploy wired and wireless networks. Review the official CompTIA exam guide (N10-009) and linked documentation. Objective: NI-2.,https://www.comptia.org/certifications/network
network-plus,network-implementation,NI-2,N10-009 — NI-2 (HARD) #33,Complex regulatory requirements demand that you Deploy wired and wireless networks for Network Implementation?,Use an approach that contradicts the exam objective and ignores documented constraints.,"Deploy without monitoring, backup, or access controls required by the blueprint.",Mix controls from unrelated domains that do not address the stated objective.,Apply the official Network Implementation guidance: Deploy wired and wireless networks — this aligns with exam blueprint expectations and vendor documentation.,B,HARD,network-plus|network-implementation|NI-2|hard|blueprint-seed,**Answer: B** — Deploy wired and wireless networks. Review the official CompTIA exam guide (N10-009) and linked documentation. Objective: NI-2.,https://www.comptia.org/certifications/network
network-plus,network-implementation,NI-2,N10-009 — NI-2 (HARD) #34,A multi-team rollout must balance security and velocity for Deploy wired and wireless networks for Network Implementation?,"Deploy without monitoring, backup, or access controls required by the blueprint.",Mix controls from unrelated domains that do not address the stated objective.,"Follow the documented approach for Deploy wired and wireless networks, using recommended services and controls per the exam guide.",Use an approach that contradicts the exam objective and ignores documented constraints.,C,HARD,network-plus|network-implementation|NI-2|hard|blueprint-seed,**Answer: C** — Deploy wired and wireless networks. Review the official CompTIA exam guide (N10-009) and linked documentation. Objective: NI-2.,https://www.comptia.org/certifications/network
network-plus,network-implementation,NI-3,N10-009 — NI-3 (EASY) #1,What is the primary purpose of Implement network services?,Use an approach that contradicts the exam objective and ignores documented constraints.,"Deploy without monitoring, backup, or access controls required by the blueprint.",Mix controls from unrelated domains that do not address the stated objective.,"Follow the documented approach for Implement network services, using recommended services and controls per the exam guide.",B,EASY,network-plus|network-implementation|NI-3|easy|blueprint-seed,**Answer: B** — Implement network services. Review the official CompTIA exam guide (N10-009) and linked documentation. Objective: NI-3.,https://www.comptia.org/certifications/network
network-plus,network-implementation,NI-3,N10-009 — NI-3 (EASY) #2,Which concept is fundamental to Implement network services?,"Deploy without monitoring, backup, or access controls required by the blueprint.",Mix controls from unrelated domains that do not address the stated objective.,"Implement Implement network services using CompTIA best practices for Network Implementation, including monitoring and least privilege.",Use an approach that contradicts the exam objective and ignores documented constraints.,C,EASY,network-plus|network-implementation|NI-3|easy|blueprint-seed,**Answer: C** — Implement network services. Review the official CompTIA exam guide (N10-009) and linked documentation. Objective: NI-3.,https://www.comptia.org/certifications/network
network-plus,network-implementation,NI-3,N10-009 — NI-3 (EASY) #3,Identify the core principle behind Implement network services?,Mix controls from unrelated domains that do not address the stated objective.,Apply the official Network Implementation guidance: Implement network services — this aligns with exam blueprint expectations and vendor documentation.,Use an approach that contradicts the exam objective and ignores documented constraints.,"Deploy without monitoring, backup, or access controls required by the blueprint.",D,EASY,network-plus|network-implementation|NI-3|easy|blueprint-seed,**Answer: D** — Implement network services. Review the official CompTIA exam guide (N10-009) and linked documentation. Objective: NI-3.,https://www.comptia.org/certifications/network
network-plus,network-implementation,NI-3,N10-009 — NI-3 (EASY) #4,Which description accurately reflects Implement network services?,"Follow the documented approach for Implement network services, using recommended services and controls per the exam guide.",Use an approach that contradicts the exam objective and ignores documented constraints.,"Deploy without monitoring, backup, or access controls required by the blueprint.",Mix controls from unrelated domains that do not address the stated objective.,A,EASY,network-plus|network-implementation|NI-3|easy|blueprint-seed,**Answer: A** — Implement network services. Review the official CompTIA exam guide (N10-009) and linked documentation. Objective: NI-3.,https://www.comptia.org/certifications/network
network-plus,network-implementation,NI-3,N10-009 — NI-3 (EASY) #5,Which statement best defines the scope of Implement network services?,Use an approach that contradicts the exam objective and ignores documented constraints.,"Deploy without monitoring, backup, or access controls required by the blueprint.",Mix controls from unrelated domains that do not address the stated objective.,"Implement Implement network services using CompTIA best practices for Network Implementation, including monitoring and least privilege.",B,EASY,network-plus|network-implementation|NI-3|easy|blueprint-seed,**Answer: B** — Implement network services. Review the official CompTIA exam guide (N10-009) and linked documentation. Objective: NI-3.,https://www.comptia.org/certifications/network
network-plus,network-implementation,NI-3,N10-009 — NI-3 (EASY) #6,What is the primary purpose of Implement network services?,"Deploy without monitoring, backup, or access controls required by the blueprint.",Mix controls from unrelated domains that do not address the stated objective.,Apply the official Network Implementation guidance: Implement network services — this aligns with exam blueprint expectations and vendor documentation.,Use an approach that contradicts the exam objective and ignores documented constraints.,C,EASY,network-plus|network-implementation|NI-3|easy|blueprint-seed,**Answer: C** — Implement network services. Review the official CompTIA exam guide (N10-009) and linked documentation. Objective: NI-3.,https://www.comptia.org/certifications/network
network-plus,network-implementation,NI-3,N10-009 — NI-3 (EASY) #7,Which concept is fundamental to Implement network services?,Mix controls from unrelated domains that do not address the stated objective.,"Follow the documented approach for Implement network services, using recommended services and controls per the exam guide.",Use an approach that contradicts the exam objective and ignores documented constraints.,"Deploy without monitoring, backup, or access controls required by the blueprint.",D,EASY,network-plus|network-implementation|NI-3|easy|blueprint-seed,**Answer: D** — Implement network services. Review the official CompTIA exam guide (N10-009) and linked documentation. Objective: NI-3.,https://www.comptia.org/certifications/network
network-plus,network-implementation,NI-3,N10-009 — NI-3 (EASY) #8,Identify the core principle behind Implement network services?,"Implement Implement network services using CompTIA best practices for Network Implementation, including monitoring and least privilege.",Use an approach that contradicts the exam objective and ignores documented constraints.,"Deploy without monitoring, backup, or access controls required by the blueprint.",Mix controls from unrelated domains that do not address the stated objective.,A,EASY,network-plus|network-implementation|NI-3|easy|blueprint-seed,**Answer: A** — Implement network services. Review the official CompTIA exam guide (N10-009) and linked documentation. Objective: NI-3.,https://www.comptia.org/certifications/network
network-plus,network-implementation,NI-3,N10-009 — NI-3 (EASY) #9,Which description accurately reflects Implement network services?,Use an approach that contradicts the exam objective and ignores documented constraints.,"Deploy without monitoring, backup, or access controls required by the blueprint.",Mix controls from unrelated domains that do not address the stated objective.,Apply the official Network Implementation guidance: Implement network services — this aligns with exam blueprint expectations and vendor documentation.,B,EASY,network-plus|network-implementation|NI-3|easy|blueprint-seed,**Answer: B** — Implement network services. Review the official CompTIA exam guide (N10-009) and linked documentation. Objective: NI-3.,https://www.comptia.org/certifications/network
network-plus,network-implementation,NI-3,N10-009 — NI-3 (EASY) #10,Which statement best defines the scope of Implement network services?,"Deploy without monitoring, backup, or access controls required by the blueprint.",Mix controls from unrelated domains that do not address the stated objective.,"Follow the documented approach for Implement network services, using recommended services and controls per the exam guide.",Use an approach that contradicts the exam objective and ignores documented constraints.,C,EASY,network-plus|network-implementation|NI-3|easy|blueprint-seed,**Answer: C** — Implement network services. Review the official CompTIA exam guide (N10-009) and linked documentation. Objective: NI-3.,https://www.comptia.org/certifications/network
network-plus,network-implementation,NI-3,N10-009 — NI-3 (MEDIUM) #11,Which approach aligns with best practices when Implement network services in the context of CompTIA Network+?,Mix controls from unrelated domains that do not address the stated objective.,"Implement Implement network services using CompTIA best practices for Network Implementation, including monitoring and least privilege.",Use an approach that contradicts the exam objective and ignores documented constraints.,"Deploy without monitoring, backup, or access controls required by the blueprint.",D,MEDIUM,network-plus|network-implementation|NI-3|medium|blueprint-seed,**Answer: D** — Implement network services. Review the official CompTIA exam guide (N10-009) and linked documentation. Objective: NI-3.,https://www.comptia.org/certifications/network
network-plus,network-implementation,NI-3,N10-009 — NI-3 (MEDIUM) #12,"During a project review, stakeholders ask how to Implement network services in the context of CompTIA Network+?",Apply the official Network Implementation guidance: Implement network services — this aligns with exam blueprint expectations and vendor documentation.,Use an approach that contradicts the exam objective and ignores documented constraints.,"Deploy without monitoring, backup, or access controls required by the blueprint.",Mix controls from unrelated domains that do not address the stated objective.,A,MEDIUM,network-plus|network-implementation|NI-3|medium|blueprint-seed,**Answer: A** — Implement network services. Review the official CompTIA exam guide (N10-009) and linked documentation. Objective: NI-3.,https://www.comptia.org/certifications/network
network-plus,network-implementation,NI-3,N10-009 — NI-3 (MEDIUM) #13,Which configuration satisfies requirements for Implement network services in the context of CompTIA Network+?,Use an approach that contradicts the exam objective and ignores documented constraints.,"Deploy without monitoring, backup, or access controls required by the blueprint.",Mix controls from unrelated domains that do not address the stated objective.,"Follow the documented approach for Implement network services, using recommended services and controls per the exam guide.",B,MEDIUM,network-plus|network-implementation|NI-3|medium|blueprint-seed,**Answer: B** — Implement network services. Review the official CompTIA exam guide (N10-009) and linked documentation. Objective: NI-3.,https://www.comptia.org/certifications/network
network-plus,network-implementation,NI-3,N10-009 — NI-3 (MEDIUM) #14,What is the recommended design when applying Implement network services in the context of CompTIA Network+?,"Deploy without monitoring, backup, or access controls required by the blueprint.",Mix controls from unrelated domains that do not address the stated objective.,"Implement Implement network services using CompTIA best practices for Network Implementation, including monitoring and least privilege.",Use an approach that contradicts the exam objective and ignores documented constraints.,C,MEDIUM,network-plus|network-implementation|NI-3|medium|blueprint-seed,**Answer: C** — Implement network services. Review the official CompTIA exam guide (N10-009) and linked documentation. Objective: NI-3.,https://www.comptia.org/certifications/network
network-plus,network-implementation,NI-3,N10-009 — NI-3 (MEDIUM) #15,A team must implement a solution for Implement network services in the context of CompTIA Network+?,Mix controls from unrelated domains that do not address the stated objective.,Apply the official Network Implementation guidance: Implement network services — this aligns with exam blueprint expectations and vendor documentation.,Use an approach that contradicts the exam objective and ignores documented constraints.,"Deploy without monitoring, backup, or access controls required by the blueprint.",D,MEDIUM,network-plus|network-implementation|NI-3|medium|blueprint-seed,**Answer: D** — Implement network services. Review the official CompTIA exam guide (N10-009) and linked documentation. Objective: NI-3.,https://www.comptia.org/certifications/network
network-plus,network-implementation,NI-3,N10-009 — NI-3 (MEDIUM) #16,Which approach aligns with best practices when Implement network services in the context of CompTIA Network+?,"Follow the documented approach for Implement network services, using recommended services and controls per the exam guide.",Use an approach that contradicts the exam objective and ignores documented constraints.,"Deploy without monitoring, backup, or access controls required by the blueprint.",Mix controls from unrelated domains that do not address the stated objective.,A,MEDIUM,network-plus|network-implementation|NI-3|medium|blueprint-seed,**Answer: A** — Implement network services. Review the official CompTIA exam guide (N10-009) and linked documentation. Objective: NI-3.,https://www.comptia.org/certifications/network
network-plus,network-implementation,NI-3,N10-009 — NI-3 (MEDIUM) #17,"During a project review, stakeholders ask how to Implement network services in the context of CompTIA Network+?",Use an approach that contradicts the exam objective and ignores documented constraints.,"Deploy without monitoring, backup, or access controls required by the blueprint.",Mix controls from unrelated domains that do not address the stated objective.,"Implement Implement network services using CompTIA best practices for Network Implementation, including monitoring and least privilege.",B,MEDIUM,network-plus|network-implementation|NI-3|medium|blueprint-seed,**Answer: B** — Implement network services. Review the official CompTIA exam guide (N10-009) and linked documentation. Objective: NI-3.,https://www.comptia.org/certifications/network
network-plus,network-implementation,NI-3,N10-009 — NI-3 (MEDIUM) #18,Which configuration satisfies requirements for Implement network services in the context of CompTIA Network+?,"Deploy without monitoring, backup, or access controls required by the blueprint.",Mix controls from unrelated domains that do not address the stated objective.,Apply the official Network Implementation guidance: Implement network services — this aligns with exam blueprint expectations and vendor documentation.,Use an approach that contradicts the exam objective and ignores documented constraints.,C,MEDIUM,network-plus|network-implementation|NI-3|medium|blueprint-seed,**Answer: C** — Implement network services. Review the official CompTIA exam guide (N10-009) and linked documentation. Objective: NI-3.,https://www.comptia.org/certifications/network
network-plus,network-implementation,NI-3,N10-009 — NI-3 (MEDIUM) #19,What is the recommended design when applying Implement network services in the context of CompTIA Network+?,Mix controls from unrelated domains that do not address the stated objective.,"Follow the documented approach for Implement network services, using recommended services and controls per the exam guide.",Use an approach that contradicts the exam objective and ignores documented constraints.,"Deploy without monitoring, backup, or access controls required by the blueprint.",D,MEDIUM,network-plus|network-implementation|NI-3|medium|blueprint-seed,**Answer: D** — Implement network services. Review the official CompTIA exam guide (N10-009) and linked documentation. Objective: NI-3.,https://www.comptia.org/certifications/network
network-plus,network-implementation,NI-3,N10-009 — NI-3 (MEDIUM) #20,A team must implement a solution for Implement network services in the context of CompTIA Network+?,"Implement Implement network services using CompTIA best practices for Network Implementation, including monitoring and least privilege.",Use an approach that contradicts the exam objective and ignores documented constraints.,"Deploy without monitoring, backup, or access controls required by the blueprint.",Mix controls from unrelated domains that do not address the stated objective.,A,MEDIUM,network-plus|network-implementation|NI-3|medium|blueprint-seed,**Answer: A** — Implement network services. Review the official CompTIA exam guide (N10-009) and linked documentation. Objective: NI-3.,https://www.comptia.org/certifications/network
network-plus,network-implementation,NI-3,N10-009 — NI-3 (MEDIUM) #21,Which approach aligns with best practices when Implement network services in the context of CompTIA Network+?,Use an approach that contradicts the exam objective and ignores documented constraints.,"Deploy without monitoring, backup, or access controls required by the blueprint.",Mix controls from unrelated domains that do not address the stated objective.,Apply the official Network Implementation guidance: Implement network services — this aligns with exam blueprint expectations and vendor documentation.,B,MEDIUM,network-plus|network-implementation|NI-3|medium|blueprint-seed,**Answer: B** — Implement network services. Review the official CompTIA exam guide (N10-009) and linked documentation. Objective: NI-3.,https://www.comptia.org/certifications/network
network-plus,network-implementation,NI-3,N10-009 — NI-3 (MEDIUM) #22,"During a project review, stakeholders ask how to Implement network services in the context of CompTIA Network+?","Deploy without monitoring, backup, or access controls required by the blueprint.",Mix controls from unrelated domains that do not address the stated objective.,"Follow the documented approach for Implement network services, using recommended services and controls per the exam guide.",Use an approach that contradicts the exam objective and ignores documented constraints.,C,MEDIUM,network-plus|network-implementation|NI-3|medium|blueprint-seed,**Answer: C** — Implement network services. Review the official CompTIA exam guide (N10-009) and linked documentation. Objective: NI-3.,https://www.comptia.org/certifications/network
network-plus,network-implementation,NI-3,N10-009 — NI-3 (MEDIUM) #23,Which configuration satisfies requirements for Implement network services in the context of CompTIA Network+?,Mix controls from unrelated domains that do not address the stated objective.,"Implement Implement network services using CompTIA best practices for Network Implementation, including monitoring and least privilege.",Use an approach that contradicts the exam objective and ignores documented constraints.,"Deploy without monitoring, backup, or access controls required by the blueprint.",D,MEDIUM,network-plus|network-implementation|NI-3|medium|blueprint-seed,**Answer: D** — Implement network services. Review the official CompTIA exam guide (N10-009) and linked documentation. Objective: NI-3.,https://www.comptia.org/certifications/network
network-plus,network-implementation,NI-3,N10-009 — NI-3 (HARD) #24,A multi-team rollout must balance security and velocity for Implement network services for Network Implementation?,Apply the official Network Implementation guidance: Implement network services — this aligns with exam blueprint expectations and vendor documentation.,Use an approach that contradicts the exam objective and ignores documented constraints.,"Deploy without monitoring, backup, or access controls required by the blueprint.",Mix controls from unrelated domains that do not address the stated objective.,A,HARD,network-plus|network-implementation|NI-3|hard|blueprint-seed,**Answer: A** — Implement network services. Review the official CompTIA exam guide (N10-009) and linked documentation. Objective: NI-3.,https://www.comptia.org/certifications/network
network-plus,network-implementation,NI-3,N10-009 — NI-3 (HARD) #25,An enterprise requires zero-downtime architecture while Implement network services for Network Implementation?,Use an approach that contradicts the exam objective and ignores documented constraints.,"Deploy without monitoring, backup, or access controls required by the blueprint.",Mix controls from unrelated domains that do not address the stated objective.,"Follow the documented approach for Implement network services, using recommended services and controls per the exam guide.",B,HARD,network-plus|network-implementation|NI-3|hard|blueprint-seed,**Answer: B** — Implement network services. Review the official CompTIA exam guide (N10-009) and linked documentation. Objective: NI-3.,https://www.comptia.org/certifications/network
network-plus,network-implementation,NI-3,N10-009 — NI-3 (HARD) #26,"Given strict compliance, auditability, and multi-region constraints, how should you Implement network services for Network Implementation?","Deploy without monitoring, backup, or access controls required by the blueprint.",Mix controls from unrelated domains that do not address the stated objective.,"Implement Implement network services using CompTIA best practices for Network Implementation, including monitoring and least privilege.",Use an approach that contradicts the exam objective and ignores documented constraints.,C,HARD,network-plus|network-implementation|NI-3|hard|blueprint-seed,**Answer: C** — Implement network services. Review the official CompTIA exam guide (N10-009) and linked documentation. Objective: NI-3.,https://www.comptia.org/certifications/network
network-plus,network-implementation,NI-3,N10-009 — NI-3 (HARD) #27,A production incident involves trade-offs between cost and resilience for Implement network services for Network Implementation?,Mix controls from unrelated domains that do not address the stated objective.,Apply the official Network Implementation guidance: Implement network services — this aligns with exam blueprint expectations and vendor documentation.,Use an approach that contradicts the exam objective and ignores documented constraints.,"Deploy without monitoring, backup, or access controls required by the blueprint.",D,HARD,network-plus|network-implementation|NI-3|hard|blueprint-seed,**Answer: D** — Implement network services. Review the official CompTIA exam guide (N10-009) and linked documentation. Objective: NI-3.,https://www.comptia.org/certifications/network
network-plus,network-implementation,NI-3,N10-009 — NI-3 (HARD) #28,Complex regulatory requirements demand that you Implement network services for Network Implementation?,"Follow the documented approach for Implement network services, using recommended services and controls per the exam guide.",Use an approach that contradicts the exam objective and ignores documented constraints.,"Deploy without monitoring, backup, or access controls required by the blueprint.",Mix controls from unrelated domains that do not address the stated objective.,A,HARD,network-plus|network-implementation|NI-3|hard|blueprint-seed,**Answer: A** — Implement network services. Review the official CompTIA exam guide (N10-009) and linked documentation. Objective: NI-3.,https://www.comptia.org/certifications/network
network-plus,network-implementation,NI-3,N10-009 — NI-3 (HARD) #29,A multi-team rollout must balance security and velocity for Implement network services for Network Implementation?,Use an approach that contradicts the exam objective and ignores documented constraints.,"Deploy without monitoring, backup, or access controls required by the blueprint.",Mix controls from unrelated domains that do not address the stated objective.,"Implement Implement network services using CompTIA best practices for Network Implementation, including monitoring and least privilege.",B,HARD,network-plus|network-implementation|NI-3|hard|blueprint-seed,**Answer: B** — Implement network services. Review the official CompTIA exam guide (N10-009) and linked documentation. Objective: NI-3.,https://www.comptia.org/certifications/network
network-plus,network-implementation,NI-3,N10-009 — NI-3 (HARD) #30,An enterprise requires zero-downtime architecture while Implement network services for Network Implementation?,"Deploy without monitoring, backup, or access controls required by the blueprint.",Mix controls from unrelated domains that do not address the stated objective.,Apply the official Network Implementation guidance: Implement network services — this aligns with exam blueprint expectations and vendor documentation.,Use an approach that contradicts the exam objective and ignores documented constraints.,C,HARD,network-plus|network-implementation|NI-3|hard|blueprint-seed,**Answer: C** — Implement network services. Review the official CompTIA exam guide (N10-009) and linked documentation. Objective: NI-3.,https://www.comptia.org/certifications/network
network-plus,network-implementation,NI-3,N10-009 — NI-3 (HARD) #31,"Given strict compliance, auditability, and multi-region constraints, how should you Implement network services for Network Implementation?",Mix controls from unrelated domains that do not address the stated objective.,"Follow the documented approach for Implement network services, using recommended services and controls per the exam guide.",Use an approach that contradicts the exam objective and ignores documented constraints.,"Deploy without monitoring, backup, or access controls required by the blueprint.",D,HARD,network-plus|network-implementation|NI-3|hard|blueprint-seed,**Answer: D** — Implement network services. Review the official CompTIA exam guide (N10-009) and linked documentation. Objective: NI-3.,https://www.comptia.org/certifications/network
network-plus,network-implementation,NI-3,N10-009 — NI-3 (HARD) #32,A production incident involves trade-offs between cost and resilience for Implement network services for Network Implementation?,"Implement Implement network services using CompTIA best practices for Network Implementation, including monitoring and least privilege.",Use an approach that contradicts the exam objective and ignores documented constraints.,"Deploy without monitoring, backup, or access controls required by the blueprint.",Mix controls from unrelated domains that do not address the stated objective.,A,HARD,network-plus|network-implementation|NI-3|hard|blueprint-seed,**Answer: A** — Implement network services. Review the official CompTIA exam guide (N10-009) and linked documentation. Objective: NI-3.,https://www.comptia.org/certifications/network
network-plus,network-operations,NO-1,N10-009 — NO-1 (EASY) #1,What is the primary purpose of Monitor and optimize network performance?,Use an approach that contradicts the exam objective and ignores documented constraints.,"Deploy without monitoring, backup, or access controls required by the blueprint.",Mix controls from unrelated domains that do not address the stated objective.,"Follow the documented approach for Monitor and optimize network performance, using recommended services and controls per the exam guide.",B,EASY,network-plus|network-operations|NO-1|easy|blueprint-seed,**Answer: B** — Monitor and optimize network performance. Review the official CompTIA exam guide (N10-009) and linked documentation. Objective: NO-1.,https://www.comptia.org/certifications/network
network-plus,network-operations,NO-1,N10-009 — NO-1 (EASY) #2,Which concept is fundamental to Monitor and optimize network performance?,"Deploy without monitoring, backup, or access controls required by the blueprint.",Mix controls from unrelated domains that do not address the stated objective.,"Implement Monitor and optimize network performance using CompTIA best practices for Network Operations, including monitoring and least privilege.",Use an approach that contradicts the exam objective and ignores documented constraints.,C,EASY,network-plus|network-operations|NO-1|easy|blueprint-seed,**Answer: C** — Monitor and optimize network performance. Review the official CompTIA exam guide (N10-009) and linked documentation. Objective: NO-1.,https://www.comptia.org/certifications/network
network-plus,network-operations,NO-1,N10-009 — NO-1 (EASY) #3,Identify the core principle behind Monitor and optimize network performance?,Mix controls from unrelated domains that do not address the stated objective.,Apply the official Network Operations guidance: Monitor and optimize network performance — this aligns with exam blueprint expectations and vendor documentation.,Use an approach that contradicts the exam objective and ignores documented constraints.,"Deploy without monitoring, backup, or access controls required by the blueprint.",D,EASY,network-plus|network-operations|NO-1|easy|blueprint-seed,**Answer: D** — Monitor and optimize network performance. Review the official CompTIA exam guide (N10-009) and linked documentation. Objective: NO-1.,https://www.comptia.org/certifications/network
network-plus,network-operations,NO-1,N10-009 — NO-1 (EASY) #4,Which description accurately reflects Monitor and optimize network performance?,"Follow the documented approach for Monitor and optimize network performance, using recommended services and controls per the exam guide.",Use an approach that contradicts the exam objective and ignores documented constraints.,"Deploy without monitoring, backup, or access controls required by the blueprint.",Mix controls from unrelated domains that do not address the stated objective.,A,EASY,network-plus|network-operations|NO-1|easy|blueprint-seed,**Answer: A** — Monitor and optimize network performance. Review the official CompTIA exam guide (N10-009) and linked documentation. Objective: NO-1.,https://www.comptia.org/certifications/network
network-plus,network-operations,NO-1,N10-009 — NO-1 (EASY) #5,Which statement best defines the scope of Monitor and optimize network performance?,Use an approach that contradicts the exam objective and ignores documented constraints.,"Deploy without monitoring, backup, or access controls required by the blueprint.",Mix controls from unrelated domains that do not address the stated objective.,"Implement Monitor and optimize network performance using CompTIA best practices for Network Operations, including monitoring and least privilege.",B,EASY,network-plus|network-operations|NO-1|easy|blueprint-seed,**Answer: B** — Monitor and optimize network performance. Review the official CompTIA exam guide (N10-009) and linked documentation. Objective: NO-1.,https://www.comptia.org/certifications/network
network-plus,network-operations,NO-1,N10-009 — NO-1 (EASY) #6,What is the primary purpose of Monitor and optimize network performance?,"Deploy without monitoring, backup, or access controls required by the blueprint.",Mix controls from unrelated domains that do not address the stated objective.,Apply the official Network Operations guidance: Monitor and optimize network performance — this aligns with exam blueprint expectations and vendor documentation.,Use an approach that contradicts the exam objective and ignores documented constraints.,C,EASY,network-plus|network-operations|NO-1|easy|blueprint-seed,**Answer: C** — Monitor and optimize network performance. Review the official CompTIA exam guide (N10-009) and linked documentation. Objective: NO-1.,https://www.comptia.org/certifications/network
network-plus,network-operations,NO-1,N10-009 — NO-1 (EASY) #7,Which concept is fundamental to Monitor and optimize network performance?,Mix controls from unrelated domains that do not address the stated objective.,"Follow the documented approach for Monitor and optimize network performance, using recommended services and controls per the exam guide.",Use an approach that contradicts the exam objective and ignores documented constraints.,"Deploy without monitoring, backup, or access controls required by the blueprint.",D,EASY,network-plus|network-operations|NO-1|easy|blueprint-seed,**Answer: D** — Monitor and optimize network performance. Review the official CompTIA exam guide (N10-009) and linked documentation. Objective: NO-1.,https://www.comptia.org/certifications/network
network-plus,network-operations,NO-1,N10-009 — NO-1 (EASY) #8,Identify the core principle behind Monitor and optimize network performance?,"Implement Monitor and optimize network performance using CompTIA best practices for Network Operations, including monitoring and least privilege.",Use an approach that contradicts the exam objective and ignores documented constraints.,"Deploy without monitoring, backup, or access controls required by the blueprint.",Mix controls from unrelated domains that do not address the stated objective.,A,EASY,network-plus|network-operations|NO-1|easy|blueprint-seed,**Answer: A** — Monitor and optimize network performance. Review the official CompTIA exam guide (N10-009) and linked documentation. Objective: NO-1.,https://www.comptia.org/certifications/network
network-plus,network-operations,NO-1,N10-009 — NO-1 (EASY) #9,Which description accurately reflects Monitor and optimize network performance?,Use an approach that contradicts the exam objective and ignores documented constraints.,"Deploy without monitoring, backup, or access controls required by the blueprint.",Mix controls from unrelated domains that do not address the stated objective.,Apply the official Network Operations guidance: Monitor and optimize network performance — this aligns with exam blueprint expectations and vendor documentation.,B,EASY,network-plus|network-operations|NO-1|easy|blueprint-seed,**Answer: B** — Monitor and optimize network performance. Review the official CompTIA exam guide (N10-009) and linked documentation. Objective: NO-1.,https://www.comptia.org/certifications/network
network-plus,network-operations,NO-1,N10-009 — NO-1 (EASY) #10,Which statement best defines the scope of Monitor and optimize network performance?,"Deploy without monitoring, backup, or access controls required by the blueprint.",Mix controls from unrelated domains that do not address the stated objective.,"Follow the documented approach for Monitor and optimize network performance, using recommended services and controls per the exam guide.",Use an approach that contradicts the exam objective and ignores documented constraints.,C,EASY,network-plus|network-operations|NO-1|easy|blueprint-seed,**Answer: C** — Monitor and optimize network performance. Review the official CompTIA exam guide (N10-009) and linked documentation. Objective: NO-1.,https://www.comptia.org/certifications/network
network-plus,network-operations,NO-1,N10-009 — NO-1 (MEDIUM) #11,Which approach aligns with best practices when Monitor and optimize network performance in the context of CompTIA Network+?,Mix controls from unrelated domains that do not address the stated objective.,"Implement Monitor and optimize network performance using CompTIA best practices for Network Operations, including monitoring and least privilege.",Use an approach that contradicts the exam objective and ignores documented constraints.,"Deploy without monitoring, backup, or access controls required by the blueprint.",D,MEDIUM,network-plus|network-operations|NO-1|medium|blueprint-seed,**Answer: D** — Monitor and optimize network performance. Review the official CompTIA exam guide (N10-009) and linked documentation. Objective: NO-1.,https://www.comptia.org/certifications/network
network-plus,network-operations,NO-1,N10-009 — NO-1 (MEDIUM) #12,"During a project review, stakeholders ask how to Monitor and optimize network performance in the context of CompTIA Network+?",Apply the official Network Operations guidance: Monitor and optimize network performance — this aligns with exam blueprint expectations and vendor documentation.,Use an approach that contradicts the exam objective and ignores documented constraints.,"Deploy without monitoring, backup, or access controls required by the blueprint.",Mix controls from unrelated domains that do not address the stated objective.,A,MEDIUM,network-plus|network-operations|NO-1|medium|blueprint-seed,**Answer: A** — Monitor and optimize network performance. Review the official CompTIA exam guide (N10-009) and linked documentation. Objective: NO-1.,https://www.comptia.org/certifications/network
network-plus,network-operations,NO-1,N10-009 — NO-1 (MEDIUM) #13,Which configuration satisfies requirements for Monitor and optimize network performance in the context of CompTIA Network+?,Use an approach that contradicts the exam objective and ignores documented constraints.,"Deploy without monitoring, backup, or access controls required by the blueprint.",Mix controls from unrelated domains that do not address the stated objective.,"Follow the documented approach for Monitor and optimize network performance, using recommended services and controls per the exam guide.",B,MEDIUM,network-plus|network-operations|NO-1|medium|blueprint-seed,**Answer: B** — Monitor and optimize network performance. Review the official CompTIA exam guide (N10-009) and linked documentation. Objective: NO-1.,https://www.comptia.org/certifications/network
network-plus,network-operations,NO-1,N10-009 — NO-1 (MEDIUM) #14,What is the recommended design when applying Monitor and optimize network performance in the context of CompTIA Network+?,"Deploy without monitoring, backup, or access controls required by the blueprint.",Mix controls from unrelated domains that do not address the stated objective.,"Implement Monitor and optimize network performance using CompTIA best practices for Network Operations, including monitoring and least privilege.",Use an approach that contradicts the exam objective and ignores documented constraints.,C,MEDIUM,network-plus|network-operations|NO-1|medium|blueprint-seed,**Answer: C** — Monitor and optimize network performance. Review the official CompTIA exam guide (N10-009) and linked documentation. Objective: NO-1.,https://www.comptia.org/certifications/network
network-plus,network-operations,NO-1,N10-009 — NO-1 (MEDIUM) #15,A team must implement a solution for Monitor and optimize network performance in the context of CompTIA Network+?,Mix controls from unrelated domains that do not address the stated objective.,Apply the official Network Operations guidance: Monitor and optimize network performance — this aligns with exam blueprint expectations and vendor documentation.,Use an approach that contradicts the exam objective and ignores documented constraints.,"Deploy without monitoring, backup, or access controls required by the blueprint.",D,MEDIUM,network-plus|network-operations|NO-1|medium|blueprint-seed,**Answer: D** — Monitor and optimize network performance. Review the official CompTIA exam guide (N10-009) and linked documentation. Objective: NO-1.,https://www.comptia.org/certifications/network
network-plus,network-operations,NO-1,N10-009 — NO-1 (MEDIUM) #16,Which approach aligns with best practices when Monitor and optimize network performance in the context of CompTIA Network+?,"Follow the documented approach for Monitor and optimize network performance, using recommended services and controls per the exam guide.",Use an approach that contradicts the exam objective and ignores documented constraints.,"Deploy without monitoring, backup, or access controls required by the blueprint.",Mix controls from unrelated domains that do not address the stated objective.,A,MEDIUM,network-plus|network-operations|NO-1|medium|blueprint-seed,**Answer: A** — Monitor and optimize network performance. Review the official CompTIA exam guide (N10-009) and linked documentation. Objective: NO-1.,https://www.comptia.org/certifications/network
network-plus,network-operations,NO-1,N10-009 — NO-1 (MEDIUM) #17,"During a project review, stakeholders ask how to Monitor and optimize network performance in the context of CompTIA Network+?",Use an approach that contradicts the exam objective and ignores documented constraints.,"Deploy without monitoring, backup, or access controls required by the blueprint.",Mix controls from unrelated domains that do not address the stated objective.,"Implement Monitor and optimize network performance using CompTIA best practices for Network Operations, including monitoring and least privilege.",B,MEDIUM,network-plus|network-operations|NO-1|medium|blueprint-seed,**Answer: B** — Monitor and optimize network performance. Review the official CompTIA exam guide (N10-009) and linked documentation. Objective: NO-1.,https://www.comptia.org/certifications/network
network-plus,network-operations,NO-1,N10-009 — NO-1 (MEDIUM) #18,Which configuration satisfies requirements for Monitor and optimize network performance in the context of CompTIA Network+?,"Deploy without monitoring, backup, or access controls required by the blueprint.",Mix controls from unrelated domains that do not address the stated objective.,Apply the official Network Operations guidance: Monitor and optimize network performance — this aligns with exam blueprint expectations and vendor documentation.,Use an approach that contradicts the exam objective and ignores documented constraints.,C,MEDIUM,network-plus|network-operations|NO-1|medium|blueprint-seed,**Answer: C** — Monitor and optimize network performance. Review the official CompTIA exam guide (N10-009) and linked documentation. Objective: NO-1.,https://www.comptia.org/certifications/network
network-plus,network-operations,NO-1,N10-009 — NO-1 (MEDIUM) #19,What is the recommended design when applying Monitor and optimize network performance in the context of CompTIA Network+?,Mix controls from unrelated domains that do not address the stated objective.,"Follow the documented approach for Monitor and optimize network performance, using recommended services and controls per the exam guide.",Use an approach that contradicts the exam objective and ignores documented constraints.,"Deploy without monitoring, backup, or access controls required by the blueprint.",D,MEDIUM,network-plus|network-operations|NO-1|medium|blueprint-seed,**Answer: D** — Monitor and optimize network performance. Review the official CompTIA exam guide (N10-009) and linked documentation. Objective: NO-1.,https://www.comptia.org/certifications/network
network-plus,network-operations,NO-1,N10-009 — NO-1 (MEDIUM) #20,A team must implement a solution for Monitor and optimize network performance in the context of CompTIA Network+?,"Implement Monitor and optimize network performance using CompTIA best practices for Network Operations, including monitoring and least privilege.",Use an approach that contradicts the exam objective and ignores documented constraints.,"Deploy without monitoring, backup, or access controls required by the blueprint.",Mix controls from unrelated domains that do not address the stated objective.,A,MEDIUM,network-plus|network-operations|NO-1|medium|blueprint-seed,**Answer: A** — Monitor and optimize network performance. Review the official CompTIA exam guide (N10-009) and linked documentation. Objective: NO-1.,https://www.comptia.org/certifications/network
network-plus,network-operations,NO-1,N10-009 — NO-1 (MEDIUM) #21,Which approach aligns with best practices when Monitor and optimize network performance in the context of CompTIA Network+?,Use an approach that contradicts the exam objective and ignores documented constraints.,"Deploy without monitoring, backup, or access controls required by the blueprint.",Mix controls from unrelated domains that do not address the stated objective.,Apply the official Network Operations guidance: Monitor and optimize network performance — this aligns with exam blueprint expectations and vendor documentation.,B,MEDIUM,network-plus|network-operations|NO-1|medium|blueprint-seed,**Answer: B** — Monitor and optimize network performance. Review the official CompTIA exam guide (N10-009) and linked documentation. Objective: NO-1.,https://www.comptia.org/certifications/network
network-plus,network-operations,NO-1,N10-009 — NO-1 (MEDIUM) #22,"During a project review, stakeholders ask how to Monitor and optimize network performance in the context of CompTIA Network+?","Deploy without monitoring, backup, or access controls required by the blueprint.",Mix controls from unrelated domains that do not address the stated objective.,"Follow the documented approach for Monitor and optimize network performance, using recommended services and controls per the exam guide.",Use an approach that contradicts the exam objective and ignores documented constraints.,C,MEDIUM,network-plus|network-operations|NO-1|medium|blueprint-seed,**Answer: C** — Monitor and optimize network performance. Review the official CompTIA exam guide (N10-009) and linked documentation. Objective: NO-1.,https://www.comptia.org/certifications/network
network-plus,network-operations,NO-1,N10-009 — NO-1 (MEDIUM) #23,Which configuration satisfies requirements for Monitor and optimize network performance in the context of CompTIA Network+?,Mix controls from unrelated domains that do not address the stated objective.,"Implement Monitor and optimize network performance using CompTIA best practices for Network Operations, including monitoring and least privilege.",Use an approach that contradicts the exam objective and ignores documented constraints.,"Deploy without monitoring, backup, or access controls required by the blueprint.",D,MEDIUM,network-plus|network-operations|NO-1|medium|blueprint-seed,**Answer: D** — Monitor and optimize network performance. Review the official CompTIA exam guide (N10-009) and linked documentation. Objective: NO-1.,https://www.comptia.org/certifications/network
network-plus,network-operations,NO-1,N10-009 — NO-1 (HARD) #24,A multi-team rollout must balance security and velocity for Monitor and optimize network performance for Network Operations?,Apply the official Network Operations guidance: Monitor and optimize network performance — this aligns with exam blueprint expectations and vendor documentation.,Use an approach that contradicts the exam objective and ignores documented constraints.,"Deploy without monitoring, backup, or access controls required by the blueprint.",Mix controls from unrelated domains that do not address the stated objective.,A,HARD,network-plus|network-operations|NO-1|hard|blueprint-seed,**Answer: A** — Monitor and optimize network performance. Review the official CompTIA exam guide (N10-009) and linked documentation. Objective: NO-1.,https://www.comptia.org/certifications/network
network-plus,network-operations,NO-1,N10-009 — NO-1 (HARD) #25,An enterprise requires zero-downtime architecture while Monitor and optimize network performance for Network Operations?,Use an approach that contradicts the exam objective and ignores documented constraints.,"Deploy without monitoring, backup, or access controls required by the blueprint.",Mix controls from unrelated domains that do not address the stated objective.,"Follow the documented approach for Monitor and optimize network performance, using recommended services and controls per the exam guide.",B,HARD,network-plus|network-operations|NO-1|hard|blueprint-seed,**Answer: B** — Monitor and optimize network performance. Review the official CompTIA exam guide (N10-009) and linked documentation. Objective: NO-1.,https://www.comptia.org/certifications/network
network-plus,network-operations,NO-1,N10-009 — NO-1 (HARD) #26,"Given strict compliance, auditability, and multi-region constraints, how should you Monitor and optimize network performance for Network Operations?","Deploy without monitoring, backup, or access controls required by the blueprint.",Mix controls from unrelated domains that do not address the stated objective.,"Implement Monitor and optimize network performance using CompTIA best practices for Network Operations, including monitoring and least privilege.",Use an approach that contradicts the exam objective and ignores documented constraints.,C,HARD,network-plus|network-operations|NO-1|hard|blueprint-seed,**Answer: C** — Monitor and optimize network performance. Review the official CompTIA exam guide (N10-009) and linked documentation. Objective: NO-1.,https://www.comptia.org/certifications/network
network-plus,network-operations,NO-1,N10-009 — NO-1 (HARD) #27,A production incident involves trade-offs between cost and resilience for Monitor and optimize network performance for Network Operations?,Mix controls from unrelated domains that do not address the stated objective.,Apply the official Network Operations guidance: Monitor and optimize network performance — this aligns with exam blueprint expectations and vendor documentation.,Use an approach that contradicts the exam objective and ignores documented constraints.,"Deploy without monitoring, backup, or access controls required by the blueprint.",D,HARD,network-plus|network-operations|NO-1|hard|blueprint-seed,**Answer: D** — Monitor and optimize network performance. Review the official CompTIA exam guide (N10-009) and linked documentation. Objective: NO-1.,https://www.comptia.org/certifications/network
network-plus,network-operations,NO-1,N10-009 — NO-1 (HARD) #28,Complex regulatory requirements demand that you Monitor and optimize network performance for Network Operations?,"Follow the documented approach for Monitor and optimize network performance, using recommended services and controls per the exam guide.",Use an approach that contradicts the exam objective and ignores documented constraints.,"Deploy without monitoring, backup, or access controls required by the blueprint.",Mix controls from unrelated domains that do not address the stated objective.,A,HARD,network-plus|network-operations|NO-1|hard|blueprint-seed,**Answer: A** — Monitor and optimize network performance. Review the official CompTIA exam guide (N10-009) and linked documentation. Objective: NO-1.,https://www.comptia.org/certifications/network
network-plus,network-operations,NO-1,N10-009 — NO-1 (HARD) #29,A multi-team rollout must balance security and velocity for Monitor and optimize network performance for Network Operations?,Use an approach that contradicts the exam objective and ignores documented constraints.,"Deploy without monitoring, backup, or access controls required by the blueprint.",Mix controls from unrelated domains that do not address the stated objective.,"Implement Monitor and optimize network performance using CompTIA best practices for Network Operations, including monitoring and least privilege.",B,HARD,network-plus|network-operations|NO-1|hard|blueprint-seed,**Answer: B** — Monitor and optimize network performance. Review the official CompTIA exam guide (N10-009) and linked documentation. Objective: NO-1.,https://www.comptia.org/certifications/network
network-plus,network-operations,NO-1,N10-009 — NO-1 (HARD) #30,An enterprise requires zero-downtime architecture while Monitor and optimize network performance for Network Operations?,"Deploy without monitoring, backup, or access controls required by the blueprint.",Mix controls from unrelated domains that do not address the stated objective.,Apply the official Network Operations guidance: Monitor and optimize network performance — this aligns with exam blueprint expectations and vendor documentation.,Use an approach that contradicts the exam objective and ignores documented constraints.,C,HARD,network-plus|network-operations|NO-1|hard|blueprint-seed,**Answer: C** — Monitor and optimize network performance. Review the official CompTIA exam guide (N10-009) and linked documentation. Objective: NO-1.,https://www.comptia.org/certifications/network
network-plus,network-operations,NO-1,N10-009 — NO-1 (HARD) #31,"Given strict compliance, auditability, and multi-region constraints, how should you Monitor and optimize network performance for Network Operations?",Mix controls from unrelated domains that do not address the stated objective.,"Follow the documented approach for Monitor and optimize network performance, using recommended services and controls per the exam guide.",Use an approach that contradicts the exam objective and ignores documented constraints.,"Deploy without monitoring, backup, or access controls required by the blueprint.",D,HARD,network-plus|network-operations|NO-1|hard|blueprint-seed,**Answer: D** — Monitor and optimize network performance. Review the official CompTIA exam guide (N10-009) and linked documentation. Objective: NO-1.,https://www.comptia.org/certifications/network
network-plus,network-operations,NO-1,N10-009 — NO-1 (HARD) #32,A production incident involves trade-offs between cost and resilience for Monitor and optimize network performance for Network Operations?,"Implement Monitor and optimize network performance using CompTIA best practices for Network Operations, including monitoring and least privilege.",Use an approach that contradicts the exam objective and ignores documented constraints.,"Deploy without monitoring, backup, or access controls required by the blueprint.",Mix controls from unrelated domains that do not address the stated objective.,A,HARD,network-plus|network-operations|NO-1|hard|blueprint-seed,**Answer: A** — Monitor and optimize network performance. Review the official CompTIA exam guide (N10-009) and linked documentation. Objective: NO-1.,https://www.comptia.org/certifications/network
network-plus,network-operations,NO-2,N10-009 — NO-2 (EASY) #1,What is the primary purpose of Use network troubleshooting methodology?,Use an approach that contradicts the exam objective and ignores documented constraints.,"Deploy without monitoring, backup, or access controls required by the blueprint.",Mix controls from unrelated domains that do not address the stated objective.,"Follow the documented approach for Use network troubleshooting methodology, using recommended services and controls per the exam guide.",B,EASY,network-plus|network-operations|NO-2|easy|blueprint-seed,**Answer: B** — Use network troubleshooting methodology. Review the official CompTIA exam guide (N10-009) and linked documentation. Objective: NO-2.,https://www.comptia.org/certifications/network
network-plus,network-operations,NO-2,N10-009 — NO-2 (EASY) #2,Which concept is fundamental to Use network troubleshooting methodology?,"Deploy without monitoring, backup, or access controls required by the blueprint.",Mix controls from unrelated domains that do not address the stated objective.,"Implement Use network troubleshooting methodology using CompTIA best practices for Network Operations, including monitoring and least privilege.",Use an approach that contradicts the exam objective and ignores documented constraints.,C,EASY,network-plus|network-operations|NO-2|easy|blueprint-seed,**Answer: C** — Use network troubleshooting methodology. Review the official CompTIA exam guide (N10-009) and linked documentation. Objective: NO-2.,https://www.comptia.org/certifications/network
network-plus,network-operations,NO-2,N10-009 — NO-2 (EASY) #3,Identify the core principle behind Use network troubleshooting methodology?,Mix controls from unrelated domains that do not address the stated objective.,Apply the official Network Operations guidance: Use network troubleshooting methodology — this aligns with exam blueprint expectations and vendor documentation.,Use an approach that contradicts the exam objective and ignores documented constraints.,"Deploy without monitoring, backup, or access controls required by the blueprint.",D,EASY,network-plus|network-operations|NO-2|easy|blueprint-seed,**Answer: D** — Use network troubleshooting methodology. Review the official CompTIA exam guide (N10-009) and linked documentation. Objective: NO-2.,https://www.comptia.org/certifications/network
network-plus,network-operations,NO-2,N10-009 — NO-2 (EASY) #4,Which description accurately reflects Use network troubleshooting methodology?,"Follow the documented approach for Use network troubleshooting methodology, using recommended services and controls per the exam guide.",Use an approach that contradicts the exam objective and ignores documented constraints.,"Deploy without monitoring, backup, or access controls required by the blueprint.",Mix controls from unrelated domains that do not address the stated objective.,A,EASY,network-plus|network-operations|NO-2|easy|blueprint-seed,**Answer: A** — Use network troubleshooting methodology. Review the official CompTIA exam guide (N10-009) and linked documentation. Objective: NO-2.,https://www.comptia.org/certifications/network
network-plus,network-operations,NO-2,N10-009 — NO-2 (EASY) #5,Which statement best defines the scope of Use network troubleshooting methodology?,Use an approach that contradicts the exam objective and ignores documented constraints.,"Deploy without monitoring, backup, or access controls required by the blueprint.",Mix controls from unrelated domains that do not address the stated objective.,"Implement Use network troubleshooting methodology using CompTIA best practices for Network Operations, including monitoring and least privilege.",B,EASY,network-plus|network-operations|NO-2|easy|blueprint-seed,**Answer: B** — Use network troubleshooting methodology. Review the official CompTIA exam guide (N10-009) and linked documentation. Objective: NO-2.,https://www.comptia.org/certifications/network
network-plus,network-operations,NO-2,N10-009 — NO-2 (EASY) #6,What is the primary purpose of Use network troubleshooting methodology?,"Deploy without monitoring, backup, or access controls required by the blueprint.",Mix controls from unrelated domains that do not address the stated objective.,Apply the official Network Operations guidance: Use network troubleshooting methodology — this aligns with exam blueprint expectations and vendor documentation.,Use an approach that contradicts the exam objective and ignores documented constraints.,C,EASY,network-plus|network-operations|NO-2|easy|blueprint-seed,**Answer: C** — Use network troubleshooting methodology. Review the official CompTIA exam guide (N10-009) and linked documentation. Objective: NO-2.,https://www.comptia.org/certifications/network
network-plus,network-operations,NO-2,N10-009 — NO-2 (EASY) #7,Which concept is fundamental to Use network troubleshooting methodology?,Mix controls from unrelated domains that do not address the stated objective.,"Follow the documented approach for Use network troubleshooting methodology, using recommended services and controls per the exam guide.",Use an approach that contradicts the exam objective and ignores documented constraints.,"Deploy without monitoring, backup, or access controls required by the blueprint.",D,EASY,network-plus|network-operations|NO-2|easy|blueprint-seed,**Answer: D** — Use network troubleshooting methodology. Review the official CompTIA exam guide (N10-009) and linked documentation. Objective: NO-2.,https://www.comptia.org/certifications/network
network-plus,network-operations,NO-2,N10-009 — NO-2 (EASY) #8,Identify the core principle behind Use network troubleshooting methodology?,"Implement Use network troubleshooting methodology using CompTIA best practices for Network Operations, including monitoring and least privilege.",Use an approach that contradicts the exam objective and ignores documented constraints.,"Deploy without monitoring, backup, or access controls required by the blueprint.",Mix controls from unrelated domains that do not address the stated objective.,A,EASY,network-plus|network-operations|NO-2|easy|blueprint-seed,**Answer: A** — Use network troubleshooting methodology. Review the official CompTIA exam guide (N10-009) and linked documentation. Objective: NO-2.,https://www.comptia.org/certifications/network
network-plus,network-operations,NO-2,N10-009 — NO-2 (EASY) #9,Which description accurately reflects Use network troubleshooting methodology?,Use an approach that contradicts the exam objective and ignores documented constraints.,"Deploy without monitoring, backup, or access controls required by the blueprint.",Mix controls from unrelated domains that do not address the stated objective.,Apply the official Network Operations guidance: Use network troubleshooting methodology — this aligns with exam blueprint expectations and vendor documentation.,B,EASY,network-plus|network-operations|NO-2|easy|blueprint-seed,**Answer: B** — Use network troubleshooting methodology. Review the official CompTIA exam guide (N10-009) and linked documentation. Objective: NO-2.,https://www.comptia.org/certifications/network
network-plus,network-operations,NO-2,N10-009 — NO-2 (EASY) #10,Which statement best defines the scope of Use network troubleshooting methodology?,"Deploy without monitoring, backup, or access controls required by the blueprint.",Mix controls from unrelated domains that do not address the stated objective.,"Follow the documented approach for Use network troubleshooting methodology, using recommended services and controls per the exam guide.",Use an approach that contradicts the exam objective and ignores documented constraints.,C,EASY,network-plus|network-operations|NO-2|easy|blueprint-seed,**Answer: C** — Use network troubleshooting methodology. Review the official CompTIA exam guide (N10-009) and linked documentation. Objective: NO-2.,https://www.comptia.org/certifications/network
network-plus,network-operations,NO-2,N10-009 — NO-2 (MEDIUM) #11,Which approach aligns with best practices when Use network troubleshooting methodology in the context of CompTIA Network+?,Mix controls from unrelated domains that do not address the stated objective.,"Implement Use network troubleshooting methodology using CompTIA best practices for Network Operations, including monitoring and least privilege.",Use an approach that contradicts the exam objective and ignores documented constraints.,"Deploy without monitoring, backup, or access controls required by the blueprint.",D,MEDIUM,network-plus|network-operations|NO-2|medium|blueprint-seed,**Answer: D** — Use network troubleshooting methodology. Review the official CompTIA exam guide (N10-009) and linked documentation. Objective: NO-2.,https://www.comptia.org/certifications/network
network-plus,network-operations,NO-2,N10-009 — NO-2 (MEDIUM) #12,"During a project review, stakeholders ask how to Use network troubleshooting methodology in the context of CompTIA Network+?",Apply the official Network Operations guidance: Use network troubleshooting methodology — this aligns with exam blueprint expectations and vendor documentation.,Use an approach that contradicts the exam objective and ignores documented constraints.,"Deploy without monitoring, backup, or access controls required by the blueprint.",Mix controls from unrelated domains that do not address the stated objective.,A,MEDIUM,network-plus|network-operations|NO-2|medium|blueprint-seed,**Answer: A** — Use network troubleshooting methodology. Review the official CompTIA exam guide (N10-009) and linked documentation. Objective: NO-2.,https://www.comptia.org/certifications/network
network-plus,network-operations,NO-2,N10-009 — NO-2 (MEDIUM) #13,Which configuration satisfies requirements for Use network troubleshooting methodology in the context of CompTIA Network+?,Use an approach that contradicts the exam objective and ignores documented constraints.,"Deploy without monitoring, backup, or access controls required by the blueprint.",Mix controls from unrelated domains that do not address the stated objective.,"Follow the documented approach for Use network troubleshooting methodology, using recommended services and controls per the exam guide.",B,MEDIUM,network-plus|network-operations|NO-2|medium|blueprint-seed,**Answer: B** — Use network troubleshooting methodology. Review the official CompTIA exam guide (N10-009) and linked documentation. Objective: NO-2.,https://www.comptia.org/certifications/network
network-plus,network-operations,NO-2,N10-009 — NO-2 (MEDIUM) #14,What is the recommended design when applying Use network troubleshooting methodology in the context of CompTIA Network+?,"Deploy without monitoring, backup, or access controls required by the blueprint.",Mix controls from unrelated domains that do not address the stated objective.,"Implement Use network troubleshooting methodology using CompTIA best practices for Network Operations, including monitoring and least privilege.",Use an approach that contradicts the exam objective and ignores documented constraints.,C,MEDIUM,network-plus|network-operations|NO-2|medium|blueprint-seed,**Answer: C** — Use network troubleshooting methodology. Review the official CompTIA exam guide (N10-009) and linked documentation. Objective: NO-2.,https://www.comptia.org/certifications/network
network-plus,network-operations,NO-2,N10-009 — NO-2 (MEDIUM) #15,A team must implement a solution for Use network troubleshooting methodology in the context of CompTIA Network+?,Mix controls from unrelated domains that do not address the stated objective.,Apply the official Network Operations guidance: Use network troubleshooting methodology — this aligns with exam blueprint expectations and vendor documentation.,Use an approach that contradicts the exam objective and ignores documented constraints.,"Deploy without monitoring, backup, or access controls required by the blueprint.",D,MEDIUM,network-plus|network-operations|NO-2|medium|blueprint-seed,**Answer: D** — Use network troubleshooting methodology. Review the official CompTIA exam guide (N10-009) and linked documentation. Objective: NO-2.,https://www.comptia.org/certifications/network
network-plus,network-operations,NO-2,N10-009 — NO-2 (MEDIUM) #16,Which approach aligns with best practices when Use network troubleshooting methodology in the context of CompTIA Network+?,"Follow the documented approach for Use network troubleshooting methodology, using recommended services and controls per the exam guide.",Use an approach that contradicts the exam objective and ignores documented constraints.,"Deploy without monitoring, backup, or access controls required by the blueprint.",Mix controls from unrelated domains that do not address the stated objective.,A,MEDIUM,network-plus|network-operations|NO-2|medium|blueprint-seed,**Answer: A** — Use network troubleshooting methodology. Review the official CompTIA exam guide (N10-009) and linked documentation. Objective: NO-2.,https://www.comptia.org/certifications/network
network-plus,network-operations,NO-2,N10-009 — NO-2 (MEDIUM) #17,"During a project review, stakeholders ask how to Use network troubleshooting methodology in the context of CompTIA Network+?",Use an approach that contradicts the exam objective and ignores documented constraints.,"Deploy without monitoring, backup, or access controls required by the blueprint.",Mix controls from unrelated domains that do not address the stated objective.,"Implement Use network troubleshooting methodology using CompTIA best practices for Network Operations, including monitoring and least privilege.",B,MEDIUM,network-plus|network-operations|NO-2|medium|blueprint-seed,**Answer: B** — Use network troubleshooting methodology. Review the official CompTIA exam guide (N10-009) and linked documentation. Objective: NO-2.,https://www.comptia.org/certifications/network
network-plus,network-operations,NO-2,N10-009 — NO-2 (MEDIUM) #18,Which configuration satisfies requirements for Use network troubleshooting methodology in the context of CompTIA Network+?,"Deploy without monitoring, backup, or access controls required by the blueprint.",Mix controls from unrelated domains that do not address the stated objective.,Apply the official Network Operations guidance: Use network troubleshooting methodology — this aligns with exam blueprint expectations and vendor documentation.,Use an approach that contradicts the exam objective and ignores documented constraints.,C,MEDIUM,network-plus|network-operations|NO-2|medium|blueprint-seed,**Answer: C** — Use network troubleshooting methodology. Review the official CompTIA exam guide (N10-009) and linked documentation. Objective: NO-2.,https://www.comptia.org/certifications/network
network-plus,network-operations,NO-2,N10-009 — NO-2 (MEDIUM) #19,What is the recommended design when applying Use network troubleshooting methodology in the context of CompTIA Network+?,Mix controls from unrelated domains that do not address the stated objective.,"Follow the documented approach for Use network troubleshooting methodology, using recommended services and controls per the exam guide.",Use an approach that contradicts the exam objective and ignores documented constraints.,"Deploy without monitoring, backup, or access controls required by the blueprint.",D,MEDIUM,network-plus|network-operations|NO-2|medium|blueprint-seed,**Answer: D** — Use network troubleshooting methodology. Review the official CompTIA exam guide (N10-009) and linked documentation. Objective: NO-2.,https://www.comptia.org/certifications/network
network-plus,network-operations,NO-2,N10-009 — NO-2 (MEDIUM) #20,A team must implement a solution for Use network troubleshooting methodology in the context of CompTIA Network+?,"Implement Use network troubleshooting methodology using CompTIA best practices for Network Operations, including monitoring and least privilege.",Use an approach that contradicts the exam objective and ignores documented constraints.,"Deploy without monitoring, backup, or access controls required by the blueprint.",Mix controls from unrelated domains that do not address the stated objective.,A,MEDIUM,network-plus|network-operations|NO-2|medium|blueprint-seed,**Answer: A** — Use network troubleshooting methodology. Review the official CompTIA exam guide (N10-009) and linked documentation. Objective: NO-2.,https://www.comptia.org/certifications/network
network-plus,network-operations,NO-2,N10-009 — NO-2 (MEDIUM) #21,Which approach aligns with best practices when Use network troubleshooting methodology in the context of CompTIA Network+?,Use an approach that contradicts the exam objective and ignores documented constraints.,"Deploy without monitoring, backup, or access controls required by the blueprint.",Mix controls from unrelated domains that do not address the stated objective.,Apply the official Network Operations guidance: Use network troubleshooting methodology — this aligns with exam blueprint expectations and vendor documentation.,B,MEDIUM,network-plus|network-operations|NO-2|medium|blueprint-seed,**Answer: B** — Use network troubleshooting methodology. Review the official CompTIA exam guide (N10-009) and linked documentation. Objective: NO-2.,https://www.comptia.org/certifications/network
network-plus,network-operations,NO-2,N10-009 — NO-2 (MEDIUM) #22,"During a project review, stakeholders ask how to Use network troubleshooting methodology in the context of CompTIA Network+?","Deploy without monitoring, backup, or access controls required by the blueprint.",Mix controls from unrelated domains that do not address the stated objective.,"Follow the documented approach for Use network troubleshooting methodology, using recommended services and controls per the exam guide.",Use an approach that contradicts the exam objective and ignores documented constraints.,C,MEDIUM,network-plus|network-operations|NO-2|medium|blueprint-seed,**Answer: C** — Use network troubleshooting methodology. Review the official CompTIA exam guide (N10-009) and linked documentation. Objective: NO-2.,https://www.comptia.org/certifications/network
network-plus,network-operations,NO-2,N10-009 — NO-2 (MEDIUM) #23,Which configuration satisfies requirements for Use network troubleshooting methodology in the context of CompTIA Network+?,Mix controls from unrelated domains that do not address the stated objective.,"Implement Use network troubleshooting methodology using CompTIA best practices for Network Operations, including monitoring and least privilege.",Use an approach that contradicts the exam objective and ignores documented constraints.,"Deploy without monitoring, backup, or access controls required by the blueprint.",D,MEDIUM,network-plus|network-operations|NO-2|medium|blueprint-seed,**Answer: D** — Use network troubleshooting methodology. Review the official CompTIA exam guide (N10-009) and linked documentation. Objective: NO-2.,https://www.comptia.org/certifications/network
network-plus,network-operations,NO-2,N10-009 — NO-2 (HARD) #24,A multi-team rollout must balance security and velocity for Use network troubleshooting methodology for Network Operations?,Apply the official Network Operations guidance: Use network troubleshooting methodology — this aligns with exam blueprint expectations and vendor documentation.,Use an approach that contradicts the exam objective and ignores documented constraints.,"Deploy without monitoring, backup, or access controls required by the blueprint.",Mix controls from unrelated domains that do not address the stated objective.,A,HARD,network-plus|network-operations|NO-2|hard|blueprint-seed,**Answer: A** — Use network troubleshooting methodology. Review the official CompTIA exam guide (N10-009) and linked documentation. Objective: NO-2.,https://www.comptia.org/certifications/network
network-plus,network-operations,NO-2,N10-009 — NO-2 (HARD) #25,An enterprise requires zero-downtime architecture while Use network troubleshooting methodology for Network Operations?,Use an approach that contradicts the exam objective and ignores documented constraints.,"Deploy without monitoring, backup, or access controls required by the blueprint.",Mix controls from unrelated domains that do not address the stated objective.,"Follow the documented approach for Use network troubleshooting methodology, using recommended services and controls per the exam guide.",B,HARD,network-plus|network-operations|NO-2|hard|blueprint-seed,**Answer: B** — Use network troubleshooting methodology. Review the official CompTIA exam guide (N10-009) and linked documentation. Objective: NO-2.,https://www.comptia.org/certifications/network
network-plus,network-operations,NO-2,N10-009 — NO-2 (HARD) #26,"Given strict compliance, auditability, and multi-region constraints, how should you Use network troubleshooting methodology for Network Operations?","Deploy without monitoring, backup, or access controls required by the blueprint.",Mix controls from unrelated domains that do not address the stated objective.,"Implement Use network troubleshooting methodology using CompTIA best practices for Network Operations, including monitoring and least privilege.",Use an approach that contradicts the exam objective and ignores documented constraints.,C,HARD,network-plus|network-operations|NO-2|hard|blueprint-seed,**Answer: C** — Use network troubleshooting methodology. Review the official CompTIA exam guide (N10-009) and linked documentation. Objective: NO-2.,https://www.comptia.org/certifications/network
network-plus,network-operations,NO-2,N10-009 — NO-2 (HARD) #27,A production incident involves trade-offs between cost and resilience for Use network troubleshooting methodology for Network Operations?,Mix controls from unrelated domains that do not address the stated objective.,Apply the official Network Operations guidance: Use network troubleshooting methodology — this aligns with exam blueprint expectations and vendor documentation.,Use an approach that contradicts the exam objective and ignores documented constraints.,"Deploy without monitoring, backup, or access controls required by the blueprint.",D,HARD,network-plus|network-operations|NO-2|hard|blueprint-seed,**Answer: D** — Use network troubleshooting methodology. Review the official CompTIA exam guide (N10-009) and linked documentation. Objective: NO-2.,https://www.comptia.org/certifications/network
network-plus,network-operations,NO-2,N10-009 — NO-2 (HARD) #28,Complex regulatory requirements demand that you Use network troubleshooting methodology for Network Operations?,"Follow the documented approach for Use network troubleshooting methodology, using recommended services and controls per the exam guide.",Use an approach that contradicts the exam objective and ignores documented constraints.,"Deploy without monitoring, backup, or access controls required by the blueprint.",Mix controls from unrelated domains that do not address the stated objective.,A,HARD,network-plus|network-operations|NO-2|hard|blueprint-seed,**Answer: A** — Use network troubleshooting methodology. Review the official CompTIA exam guide (N10-009) and linked documentation. Objective: NO-2.,https://www.comptia.org/certifications/network
network-plus,network-operations,NO-2,N10-009 — NO-2 (HARD) #29,A multi-team rollout must balance security and velocity for Use network troubleshooting methodology for Network Operations?,Use an approach that contradicts the exam objective and ignores documented constraints.,"Deploy without monitoring, backup, or access controls required by the blueprint.",Mix controls from unrelated domains that do not address the stated objective.,"Implement Use network troubleshooting methodology using CompTIA best practices for Network Operations, including monitoring and least privilege.",B,HARD,network-plus|network-operations|NO-2|hard|blueprint-seed,**Answer: B** — Use network troubleshooting methodology. Review the official CompTIA exam guide (N10-009) and linked documentation. Objective: NO-2.,https://www.comptia.org/certifications/network
network-plus,network-operations,NO-2,N10-009 — NO-2 (HARD) #30,An enterprise requires zero-downtime architecture while Use network troubleshooting methodology for Network Operations?,"Deploy without monitoring, backup, or access controls required by the blueprint.",Mix controls from unrelated domains that do not address the stated objective.,Apply the official Network Operations guidance: Use network troubleshooting methodology — this aligns with exam blueprint expectations and vendor documentation.,Use an approach that contradicts the exam objective and ignores documented constraints.,C,HARD,network-plus|network-operations|NO-2|hard|blueprint-seed,**Answer: C** — Use network troubleshooting methodology. Review the official CompTIA exam guide (N10-009) and linked documentation. Objective: NO-2.,https://www.comptia.org/certifications/network
network-plus,network-operations,NO-2,N10-009 — NO-2 (HARD) #31,"Given strict compliance, auditability, and multi-region constraints, how should you Use network troubleshooting methodology for Network Operations?",Mix controls from unrelated domains that do not address the stated objective.,"Follow the documented approach for Use network troubleshooting methodology, using recommended services and controls per the exam guide.",Use an approach that contradicts the exam objective and ignores documented constraints.,"Deploy without monitoring, backup, or access controls required by the blueprint.",D,HARD,network-plus|network-operations|NO-2|hard|blueprint-seed,**Answer: D** — Use network troubleshooting methodology. Review the official CompTIA exam guide (N10-009) and linked documentation. Objective: NO-2.,https://www.comptia.org/certifications/network
network-plus,network-operations,NO-2,N10-009 — NO-2 (HARD) #32,A production incident involves trade-offs between cost and resilience for Use network troubleshooting methodology for Network Operations?,"Implement Use network troubleshooting methodology using CompTIA best practices for Network Operations, including monitoring and least privilege.",Use an approach that contradicts the exam objective and ignores documented constraints.,"Deploy without monitoring, backup, or access controls required by the blueprint.",Mix controls from unrelated domains that do not address the stated objective.,A,HARD,network-plus|network-operations|NO-2|hard|blueprint-seed,**Answer: A** — Use network troubleshooting methodology. Review the official CompTIA exam guide (N10-009) and linked documentation. Objective: NO-2.,https://www.comptia.org/certifications/network
network-plus,network-operations,NO-3,N10-009 — NO-3 (EASY) #1,What is the primary purpose of Manage documentation and change control?,Use an approach that contradicts the exam objective and ignores documented constraints.,"Deploy without monitoring, backup, or access controls required by the blueprint.",Mix controls from unrelated domains that do not address the stated objective.,"Follow the documented approach for Manage documentation and change control, using recommended services and controls per the exam guide.",B,EASY,network-plus|network-operations|NO-3|easy|blueprint-seed,**Answer: B** — Manage documentation and change control. Review the official CompTIA exam guide (N10-009) and linked documentation. Objective: NO-3.,https://www.comptia.org/certifications/network
network-plus,network-operations,NO-3,N10-009 — NO-3 (EASY) #2,Which concept is fundamental to Manage documentation and change control?,"Deploy without monitoring, backup, or access controls required by the blueprint.",Mix controls from unrelated domains that do not address the stated objective.,"Implement Manage documentation and change control using CompTIA best practices for Network Operations, including monitoring and least privilege.",Use an approach that contradicts the exam objective and ignores documented constraints.,C,EASY,network-plus|network-operations|NO-3|easy|blueprint-seed,**Answer: C** — Manage documentation and change control. Review the official CompTIA exam guide (N10-009) and linked documentation. Objective: NO-3.,https://www.comptia.org/certifications/network
network-plus,network-operations,NO-3,N10-009 — NO-3 (EASY) #3,Identify the core principle behind Manage documentation and change control?,Mix controls from unrelated domains that do not address the stated objective.,Apply the official Network Operations guidance: Manage documentation and change control — this aligns with exam blueprint expectations and vendor documentation.,Use an approach that contradicts the exam objective and ignores documented constraints.,"Deploy without monitoring, backup, or access controls required by the blueprint.",D,EASY,network-plus|network-operations|NO-3|easy|blueprint-seed,**Answer: D** — Manage documentation and change control. Review the official CompTIA exam guide (N10-009) and linked documentation. Objective: NO-3.,https://www.comptia.org/certifications/network
network-plus,network-operations,NO-3,N10-009 — NO-3 (EASY) #4,Which description accurately reflects Manage documentation and change control?,"Follow the documented approach for Manage documentation and change control, using recommended services and controls per the exam guide.",Use an approach that contradicts the exam objective and ignores documented constraints.,"Deploy without monitoring, backup, or access controls required by the blueprint.",Mix controls from unrelated domains that do not address the stated objective.,A,EASY,network-plus|network-operations|NO-3|easy|blueprint-seed,**Answer: A** — Manage documentation and change control. Review the official CompTIA exam guide (N10-009) and linked documentation. Objective: NO-3.,https://www.comptia.org/certifications/network
network-plus,network-operations,NO-3,N10-009 — NO-3 (EASY) #5,Which statement best defines the scope of Manage documentation and change control?,Use an approach that contradicts the exam objective and ignores documented constraints.,"Deploy without monitoring, backup, or access controls required by the blueprint.",Mix controls from unrelated domains that do not address the stated objective.,"Implement Manage documentation and change control using CompTIA best practices for Network Operations, including monitoring and least privilege.",B,EASY,network-plus|network-operations|NO-3|easy|blueprint-seed,**Answer: B** — Manage documentation and change control. Review the official CompTIA exam guide (N10-009) and linked documentation. Objective: NO-3.,https://www.comptia.org/certifications/network
network-plus,network-operations,NO-3,N10-009 — NO-3 (EASY) #6,What is the primary purpose of Manage documentation and change control?,"Deploy without monitoring, backup, or access controls required by the blueprint.",Mix controls from unrelated domains that do not address the stated objective.,Apply the official Network Operations guidance: Manage documentation and change control — this aligns with exam blueprint expectations and vendor documentation.,Use an approach that contradicts the exam objective and ignores documented constraints.,C,EASY,network-plus|network-operations|NO-3|easy|blueprint-seed,**Answer: C** — Manage documentation and change control. Review the official CompTIA exam guide (N10-009) and linked documentation. Objective: NO-3.,https://www.comptia.org/certifications/network
network-plus,network-operations,NO-3,N10-009 — NO-3 (EASY) #7,Which concept is fundamental to Manage documentation and change control?,Mix controls from unrelated domains that do not address the stated objective.,"Follow the documented approach for Manage documentation and change control, using recommended services and controls per the exam guide.",Use an approach that contradicts the exam objective and ignores documented constraints.,"Deploy without monitoring, backup, or access controls required by the blueprint.",D,EASY,network-plus|network-operations|NO-3|easy|blueprint-seed,**Answer: D** — Manage documentation and change control. Review the official CompTIA exam guide (N10-009) and linked documentation. Objective: NO-3.,https://www.comptia.org/certifications/network
network-plus,network-operations,NO-3,N10-009 — NO-3 (EASY) #8,Identify the core principle behind Manage documentation and change control?,"Implement Manage documentation and change control using CompTIA best practices for Network Operations, including monitoring and least privilege.",Use an approach that contradicts the exam objective and ignores documented constraints.,"Deploy without monitoring, backup, or access controls required by the blueprint.",Mix controls from unrelated domains that do not address the stated objective.,A,EASY,network-plus|network-operations|NO-3|easy|blueprint-seed,**Answer: A** — Manage documentation and change control. Review the official CompTIA exam guide (N10-009) and linked documentation. Objective: NO-3.,https://www.comptia.org/certifications/network
network-plus,network-operations,NO-3,N10-009 — NO-3 (EASY) #9,Which description accurately reflects Manage documentation and change control?,Use an approach that contradicts the exam objective and ignores documented constraints.,"Deploy without monitoring, backup, or access controls required by the blueprint.",Mix controls from unrelated domains that do not address the stated objective.,Apply the official Network Operations guidance: Manage documentation and change control — this aligns with exam blueprint expectations and vendor documentation.,B,EASY,network-plus|network-operations|NO-3|easy|blueprint-seed,**Answer: B** — Manage documentation and change control. Review the official CompTIA exam guide (N10-009) and linked documentation. Objective: NO-3.,https://www.comptia.org/certifications/network
network-plus,network-operations,NO-3,N10-009 — NO-3 (MEDIUM) #10,A team must implement a solution for Manage documentation and change control in the context of CompTIA Network+?,"Deploy without monitoring, backup, or access controls required by the blueprint.",Mix controls from unrelated domains that do not address the stated objective.,"Follow the documented approach for Manage documentation and change control, using recommended services and controls per the exam guide.",Use an approach that contradicts the exam objective and ignores documented constraints.,C,MEDIUM,network-plus|network-operations|NO-3|medium|blueprint-seed,**Answer: C** — Manage documentation and change control. Review the official CompTIA exam guide (N10-009) and linked documentation. Objective: NO-3.,https://www.comptia.org/certifications/network
network-plus,network-operations,NO-3,N10-009 — NO-3 (MEDIUM) #11,Which approach aligns with best practices when Manage documentation and change control in the context of CompTIA Network+?,Mix controls from unrelated domains that do not address the stated objective.,"Implement Manage documentation and change control using CompTIA best practices for Network Operations, including monitoring and least privilege.",Use an approach that contradicts the exam objective and ignores documented constraints.,"Deploy without monitoring, backup, or access controls required by the blueprint.",D,MEDIUM,network-plus|network-operations|NO-3|medium|blueprint-seed,**Answer: D** — Manage documentation and change control. Review the official CompTIA exam guide (N10-009) and linked documentation. Objective: NO-3.,https://www.comptia.org/certifications/network
network-plus,network-operations,NO-3,N10-009 — NO-3 (MEDIUM) #12,"During a project review, stakeholders ask how to Manage documentation and change control in the context of CompTIA Network+?",Apply the official Network Operations guidance: Manage documentation and change control — this aligns with exam blueprint expectations and vendor documentation.,Use an approach that contradicts the exam objective and ignores documented constraints.,"Deploy without monitoring, backup, or access controls required by the blueprint.",Mix controls from unrelated domains that do not address the stated objective.,A,MEDIUM,network-plus|network-operations|NO-3|medium|blueprint-seed,**Answer: A** — Manage documentation and change control. Review the official CompTIA exam guide (N10-009) and linked documentation. Objective: NO-3.,https://www.comptia.org/certifications/network
network-plus,network-operations,NO-3,N10-009 — NO-3 (MEDIUM) #13,Which configuration satisfies requirements for Manage documentation and change control in the context of CompTIA Network+?,Use an approach that contradicts the exam objective and ignores documented constraints.,"Deploy without monitoring, backup, or access controls required by the blueprint.",Mix controls from unrelated domains that do not address the stated objective.,"Follow the documented approach for Manage documentation and change control, using recommended services and controls per the exam guide.",B,MEDIUM,network-plus|network-operations|NO-3|medium|blueprint-seed,**Answer: B** — Manage documentation and change control. Review the official CompTIA exam guide (N10-009) and linked documentation. Objective: NO-3.,https://www.comptia.org/certifications/network
network-plus,network-operations,NO-3,N10-009 — NO-3 (MEDIUM) #14,What is the recommended design when applying Manage documentation and change control in the context of CompTIA Network+?,"Deploy without monitoring, backup, or access controls required by the blueprint.",Mix controls from unrelated domains that do not address the stated objective.,"Implement Manage documentation and change control using CompTIA best practices for Network Operations, including monitoring and least privilege.",Use an approach that contradicts the exam objective and ignores documented constraints.,C,MEDIUM,network-plus|network-operations|NO-3|medium|blueprint-seed,**Answer: C** — Manage documentation and change control. Review the official CompTIA exam guide (N10-009) and linked documentation. Objective: NO-3.,https://www.comptia.org/certifications/network
network-plus,network-operations,NO-3,N10-009 — NO-3 (MEDIUM) #15,A team must implement a solution for Manage documentation and change control in the context of CompTIA Network+?,Mix controls from unrelated domains that do not address the stated objective.,Apply the official Network Operations guidance: Manage documentation and change control — this aligns with exam blueprint expectations and vendor documentation.,Use an approach that contradicts the exam objective and ignores documented constraints.,"Deploy without monitoring, backup, or access controls required by the blueprint.",D,MEDIUM,network-plus|network-operations|NO-3|medium|blueprint-seed,**Answer: D** — Manage documentation and change control. Review the official CompTIA exam guide (N10-009) and linked documentation. Objective: NO-3.,https://www.comptia.org/certifications/network
network-plus,network-operations,NO-3,N10-009 — NO-3 (MEDIUM) #16,Which approach aligns with best practices when Manage documentation and change control in the context of CompTIA Network+?,"Follow the documented approach for Manage documentation and change control, using recommended services and controls per the exam guide.",Use an approach that contradicts the exam objective and ignores documented constraints.,"Deploy without monitoring, backup, or access controls required by the blueprint.",Mix controls from unrelated domains that do not address the stated objective.,A,MEDIUM,network-plus|network-operations|NO-3|medium|blueprint-seed,**Answer: A** — Manage documentation and change control. Review the official CompTIA exam guide (N10-009) and linked documentation. Objective: NO-3.,https://www.comptia.org/certifications/network
network-plus,network-operations,NO-3,N10-009 — NO-3 (MEDIUM) #17,"During a project review, stakeholders ask how to Manage documentation and change control in the context of CompTIA Network+?",Use an approach that contradicts the exam objective and ignores documented constraints.,"Deploy without monitoring, backup, or access controls required by the blueprint.",Mix controls from unrelated domains that do not address the stated objective.,"Implement Manage documentation and change control using CompTIA best practices for Network Operations, including monitoring and least privilege.",B,MEDIUM,network-plus|network-operations|NO-3|medium|blueprint-seed,**Answer: B** — Manage documentation and change control. Review the official CompTIA exam guide (N10-009) and linked documentation. Objective: NO-3.,https://www.comptia.org/certifications/network
network-plus,network-operations,NO-3,N10-009 — NO-3 (MEDIUM) #18,Which configuration satisfies requirements for Manage documentation and change control in the context of CompTIA Network+?,"Deploy without monitoring, backup, or access controls required by the blueprint.",Mix controls from unrelated domains that do not address the stated objective.,Apply the official Network Operations guidance: Manage documentation and change control — this aligns with exam blueprint expectations and vendor documentation.,Use an approach that contradicts the exam objective and ignores documented constraints.,C,MEDIUM,network-plus|network-operations|NO-3|medium|blueprint-seed,**Answer: C** — Manage documentation and change control. Review the official CompTIA exam guide (N10-009) and linked documentation. Objective: NO-3.,https://www.comptia.org/certifications/network
network-plus,network-operations,NO-3,N10-009 — NO-3 (MEDIUM) #19,What is the recommended design when applying Manage documentation and change control in the context of CompTIA Network+?,Mix controls from unrelated domains that do not address the stated objective.,"Follow the documented approach for Manage documentation and change control, using recommended services and controls per the exam guide.",Use an approach that contradicts the exam objective and ignores documented constraints.,"Deploy without monitoring, backup, or access controls required by the blueprint.",D,MEDIUM,network-plus|network-operations|NO-3|medium|blueprint-seed,**Answer: D** — Manage documentation and change control. Review the official CompTIA exam guide (N10-009) and linked documentation. Objective: NO-3.,https://www.comptia.org/certifications/network
network-plus,network-operations,NO-3,N10-009 — NO-3 (MEDIUM) #20,A team must implement a solution for Manage documentation and change control in the context of CompTIA Network+?,"Implement Manage documentation and change control using CompTIA best practices for Network Operations, including monitoring and least privilege.",Use an approach that contradicts the exam objective and ignores documented constraints.,"Deploy without monitoring, backup, or access controls required by the blueprint.",Mix controls from unrelated domains that do not address the stated objective.,A,MEDIUM,network-plus|network-operations|NO-3|medium|blueprint-seed,**Answer: A** — Manage documentation and change control. Review the official CompTIA exam guide (N10-009) and linked documentation. Objective: NO-3.,https://www.comptia.org/certifications/network
network-plus,network-operations,NO-3,N10-009 — NO-3 (MEDIUM) #21,Which approach aligns with best practices when Manage documentation and change control in the context of CompTIA Network+?,Use an approach that contradicts the exam objective and ignores documented constraints.,"Deploy without monitoring, backup, or access controls required by the blueprint.",Mix controls from unrelated domains that do not address the stated objective.,Apply the official Network Operations guidance: Manage documentation and change control — this aligns with exam blueprint expectations and vendor documentation.,B,MEDIUM,network-plus|network-operations|NO-3|medium|blueprint-seed,**Answer: B** — Manage documentation and change control. Review the official CompTIA exam guide (N10-009) and linked documentation. Objective: NO-3.,https://www.comptia.org/certifications/network
network-plus,network-operations,NO-3,N10-009 — NO-3 (HARD) #22,A production incident involves trade-offs between cost and resilience for Manage documentation and change control for Network Operations?,"Deploy without monitoring, backup, or access controls required by the blueprint.",Mix controls from unrelated domains that do not address the stated objective.,"Follow the documented approach for Manage documentation and change control, using recommended services and controls per the exam guide.",Use an approach that contradicts the exam objective and ignores documented constraints.,C,HARD,network-plus|network-operations|NO-3|hard|blueprint-seed,**Answer: C** — Manage documentation and change control. Review the official CompTIA exam guide (N10-009) and linked documentation. Objective: NO-3.,https://www.comptia.org/certifications/network
network-plus,network-operations,NO-3,N10-009 — NO-3 (HARD) #23,Complex regulatory requirements demand that you Manage documentation and change control for Network Operations?,Mix controls from unrelated domains that do not address the stated objective.,"Implement Manage documentation and change control using CompTIA best practices for Network Operations, including monitoring and least privilege.",Use an approach that contradicts the exam objective and ignores documented constraints.,"Deploy without monitoring, backup, or access controls required by the blueprint.",D,HARD,network-plus|network-operations|NO-3|hard|blueprint-seed,**Answer: D** — Manage documentation and change control. Review the official CompTIA exam guide (N10-009) and linked documentation. Objective: NO-3.,https://www.comptia.org/certifications/network
network-plus,network-operations,NO-3,N10-009 — NO-3 (HARD) #24,A multi-team rollout must balance security and velocity for Manage documentation and change control for Network Operations?,Apply the official Network Operations guidance: Manage documentation and change control — this aligns with exam blueprint expectations and vendor documentation.,Use an approach that contradicts the exam objective and ignores documented constraints.,"Deploy without monitoring, backup, or access controls required by the blueprint.",Mix controls from unrelated domains that do not address the stated objective.,A,HARD,network-plus|network-operations|NO-3|hard|blueprint-seed,**Answer: A** — Manage documentation and change control. Review the official CompTIA exam guide (N10-009) and linked documentation. Objective: NO-3.,https://www.comptia.org/certifications/network
network-plus,network-operations,NO-3,N10-009 — NO-3 (HARD) #25,An enterprise requires zero-downtime architecture while Manage documentation and change control for Network Operations?,Use an approach that contradicts the exam objective and ignores documented constraints.,"Deploy without monitoring, backup, or access controls required by the blueprint.",Mix controls from unrelated domains that do not address the stated objective.,"Follow the documented approach for Manage documentation and change control, using recommended services and controls per the exam guide.",B,HARD,network-plus|network-operations|NO-3|hard|blueprint-seed,**Answer: B** — Manage documentation and change control. Review the official CompTIA exam guide (N10-009) and linked documentation. Objective: NO-3.,https://www.comptia.org/certifications/network
network-plus,network-operations,NO-3,N10-009 — NO-3 (HARD) #26,"Given strict compliance, auditability, and multi-region constraints, how should you Manage documentation and change control for Network Operations?","Deploy without monitoring, backup, or access controls required by the blueprint.",Mix controls from unrelated domains that do not address the stated objective.,"Implement Manage documentation and change control using CompTIA best practices for Network Operations, including monitoring and least privilege.",Use an approach that contradicts the exam objective and ignores documented constraints.,C,HARD,network-plus|network-operations|NO-3|hard|blueprint-seed,**Answer: C** — Manage documentation and change control. Review the official CompTIA exam guide (N10-009) and linked documentation. Objective: NO-3.,https://www.comptia.org/certifications/network
network-plus,network-operations,NO-3,N10-009 — NO-3 (HARD) #27,A production incident involves trade-offs between cost and resilience for Manage documentation and change control for Network Operations?,Mix controls from unrelated domains that do not address the stated objective.,Apply the official Network Operations guidance: Manage documentation and change control — this aligns with exam blueprint expectations and vendor documentation.,Use an approach that contradicts the exam objective and ignores documented constraints.,"Deploy without monitoring, backup, or access controls required by the blueprint.",D,HARD,network-plus|network-operations|NO-3|hard|blueprint-seed,**Answer: D** — Manage documentation and change control. Review the official CompTIA exam guide (N10-009) and linked documentation. Objective: NO-3.,https://www.comptia.org/certifications/network
network-plus,network-operations,NO-3,N10-009 — NO-3 (HARD) #28,Complex regulatory requirements demand that you Manage documentation and change control for Network Operations?,"Follow the documented approach for Manage documentation and change control, using recommended services and controls per the exam guide.",Use an approach that contradicts the exam objective and ignores documented constraints.,"Deploy without monitoring, backup, or access controls required by the blueprint.",Mix controls from unrelated domains that do not address the stated objective.,A,HARD,network-plus|network-operations|NO-3|hard|blueprint-seed,**Answer: A** — Manage documentation and change control. Review the official CompTIA exam guide (N10-009) and linked documentation. Objective: NO-3.,https://www.comptia.org/certifications/network
network-plus,network-operations,NO-3,N10-009 — NO-3 (HARD) #29,A multi-team rollout must balance security and velocity for Manage documentation and change control for Network Operations?,Use an approach that contradicts the exam objective and ignores documented constraints.,"Deploy without monitoring, backup, or access controls required by the blueprint.",Mix controls from unrelated domains that do not address the stated objective.,"Implement Manage documentation and change control using CompTIA best practices for Network Operations, including monitoring and least privilege.",B,HARD,network-plus|network-operations|NO-3|hard|blueprint-seed,**Answer: B** — Manage documentation and change control. Review the official CompTIA exam guide (N10-009) and linked documentation. Objective: NO-3.,https://www.comptia.org/certifications/network
network-plus,network-operations,NO-3,N10-009 — NO-3 (HARD) #30,An enterprise requires zero-downtime architecture while Manage documentation and change control for Network Operations?,"Deploy without monitoring, backup, or access controls required by the blueprint.",Mix controls from unrelated domains that do not address the stated objective.,Apply the official Network Operations guidance: Manage documentation and change control — this aligns with exam blueprint expectations and vendor documentation.,Use an approach that contradicts the exam objective and ignores documented constraints.,C,HARD,network-plus|network-operations|NO-3|hard|blueprint-seed,**Answer: C** — Manage documentation and change control. Review the official CompTIA exam guide (N10-009) and linked documentation. Objective: NO-3.,https://www.comptia.org/certifications/network
network-plus,network-operations,NO-3,N10-009 — NO-3 (HARD) #31,"Given strict compliance, auditability, and multi-region constraints, how should you Manage documentation and change control for Network Operations?",Mix controls from unrelated domains that do not address the stated objective.,"Follow the documented approach for Manage documentation and change control, using recommended services and controls per the exam guide.",Use an approach that contradicts the exam objective and ignores documented constraints.,"Deploy without monitoring, backup, or access controls required by the blueprint.",D,HARD,network-plus|network-operations|NO-3|hard|blueprint-seed,**Answer: D** — Manage documentation and change control. Review the official CompTIA exam guide (N10-009) and linked documentation. Objective: NO-3.,https://www.comptia.org/certifications/network
network-plus,network-security,NS-1,N10-009 — NS-1 (EASY) #1,What is the primary purpose of Implement network hardening?,Use an approach that contradicts the exam objective and ignores documented constraints.,"Deploy without monitoring, backup, or access controls required by the blueprint.",Mix controls from unrelated domains that do not address the stated objective.,"Follow the documented approach for Implement network hardening, using recommended services and controls per the exam guide.",B,EASY,network-plus|network-security|NS-1|easy|blueprint-seed,**Answer: B** — Implement network hardening. Review the official CompTIA exam guide (N10-009) and linked documentation. Objective: NS-1.,https://www.comptia.org/certifications/network
network-plus,network-security,NS-1,N10-009 — NS-1 (EASY) #2,Which concept is fundamental to Implement network hardening?,"Deploy without monitoring, backup, or access controls required by the blueprint.",Mix controls from unrelated domains that do not address the stated objective.,"Implement Implement network hardening using CompTIA best practices for Network Security, including monitoring and least privilege.",Use an approach that contradicts the exam objective and ignores documented constraints.,C,EASY,network-plus|network-security|NS-1|easy|blueprint-seed,**Answer: C** — Implement network hardening. Review the official CompTIA exam guide (N10-009) and linked documentation. Objective: NS-1.,https://www.comptia.org/certifications/network
network-plus,network-security,NS-1,N10-009 — NS-1 (EASY) #3,Identify the core principle behind Implement network hardening?,Mix controls from unrelated domains that do not address the stated objective.,Apply the official Network Security guidance: Implement network hardening — this aligns with exam blueprint expectations and vendor documentation.,Use an approach that contradicts the exam objective and ignores documented constraints.,"Deploy without monitoring, backup, or access controls required by the blueprint.",D,EASY,network-plus|network-security|NS-1|easy|blueprint-seed,**Answer: D** — Implement network hardening. Review the official CompTIA exam guide (N10-009) and linked documentation. Objective: NS-1.,https://www.comptia.org/certifications/network
network-plus,network-security,NS-1,N10-009 — NS-1 (EASY) #4,Which description accurately reflects Implement network hardening?,"Follow the documented approach for Implement network hardening, using recommended services and controls per the exam guide.",Use an approach that contradicts the exam objective and ignores documented constraints.,"Deploy without monitoring, backup, or access controls required by the blueprint.",Mix controls from unrelated domains that do not address the stated objective.,A,EASY,network-plus|network-security|NS-1|easy|blueprint-seed,**Answer: A** — Implement network hardening. Review the official CompTIA exam guide (N10-009) and linked documentation. Objective: NS-1.,https://www.comptia.org/certifications/network
network-plus,network-security,NS-1,N10-009 — NS-1 (EASY) #5,Which statement best defines the scope of Implement network hardening?,Use an approach that contradicts the exam objective and ignores documented constraints.,"Deploy without monitoring, backup, or access controls required by the blueprint.",Mix controls from unrelated domains that do not address the stated objective.,"Implement Implement network hardening using CompTIA best practices for Network Security, including monitoring and least privilege.",B,EASY,network-plus|network-security|NS-1|easy|blueprint-seed,**Answer: B** — Implement network hardening. Review the official CompTIA exam guide (N10-009) and linked documentation. Objective: NS-1.,https://www.comptia.org/certifications/network
network-plus,network-security,NS-1,N10-009 — NS-1 (EASY) #6,What is the primary purpose of Implement network hardening?,"Deploy without monitoring, backup, or access controls required by the blueprint.",Mix controls from unrelated domains that do not address the stated objective.,Apply the official Network Security guidance: Implement network hardening — this aligns with exam blueprint expectations and vendor documentation.,Use an approach that contradicts the exam objective and ignores documented constraints.,C,EASY,network-plus|network-security|NS-1|easy|blueprint-seed,**Answer: C** — Implement network hardening. Review the official CompTIA exam guide (N10-009) and linked documentation. Objective: NS-1.,https://www.comptia.org/certifications/network
network-plus,network-security,NS-1,N10-009 — NS-1 (EASY) #7,Which concept is fundamental to Implement network hardening?,Mix controls from unrelated domains that do not address the stated objective.,"Follow the documented approach for Implement network hardening, using recommended services and controls per the exam guide.",Use an approach that contradicts the exam objective and ignores documented constraints.,"Deploy without monitoring, backup, or access controls required by the blueprint.",D,EASY,network-plus|network-security|NS-1|easy|blueprint-seed,**Answer: D** — Implement network hardening. Review the official CompTIA exam guide (N10-009) and linked documentation. Objective: NS-1.,https://www.comptia.org/certifications/network
network-plus,network-security,NS-1,N10-009 — NS-1 (EASY) #8,Identify the core principle behind Implement network hardening?,"Implement Implement network hardening using CompTIA best practices for Network Security, including monitoring and least privilege.",Use an approach that contradicts the exam objective and ignores documented constraints.,"Deploy without monitoring, backup, or access controls required by the blueprint.",Mix controls from unrelated domains that do not address the stated objective.,A,EASY,network-plus|network-security|NS-1|easy|blueprint-seed,**Answer: A** — Implement network hardening. Review the official CompTIA exam guide (N10-009) and linked documentation. Objective: NS-1.,https://www.comptia.org/certifications/network
network-plus,network-security,NS-1,N10-009 — NS-1 (EASY) #9,Which description accurately reflects Implement network hardening?,Use an approach that contradicts the exam objective and ignores documented constraints.,"Deploy without monitoring, backup, or access controls required by the blueprint.",Mix controls from unrelated domains that do not address the stated objective.,Apply the official Network Security guidance: Implement network hardening — this aligns with exam blueprint expectations and vendor documentation.,B,EASY,network-plus|network-security|NS-1|easy|blueprint-seed,**Answer: B** — Implement network hardening. Review the official CompTIA exam guide (N10-009) and linked documentation. Objective: NS-1.,https://www.comptia.org/certifications/network
network-plus,network-security,NS-1,N10-009 — NS-1 (EASY) #10,Which statement best defines the scope of Implement network hardening?,"Deploy without monitoring, backup, or access controls required by the blueprint.",Mix controls from unrelated domains that do not address the stated objective.,"Follow the documented approach for Implement network hardening, using recommended services and controls per the exam guide.",Use an approach that contradicts the exam objective and ignores documented constraints.,C,EASY,network-plus|network-security|NS-1|easy|blueprint-seed,**Answer: C** — Implement network hardening. Review the official CompTIA exam guide (N10-009) and linked documentation. Objective: NS-1.,https://www.comptia.org/certifications/network
network-plus,network-security,NS-1,N10-009 — NS-1 (EASY) #11,What is the primary purpose of Implement network hardening?,Mix controls from unrelated domains that do not address the stated objective.,"Implement Implement network hardening using CompTIA best practices for Network Security, including monitoring and least privilege.",Use an approach that contradicts the exam objective and ignores documented constraints.,"Deploy without monitoring, backup, or access controls required by the blueprint.",D,EASY,network-plus|network-security|NS-1|easy|blueprint-seed,**Answer: D** — Implement network hardening. Review the official CompTIA exam guide (N10-009) and linked documentation. Objective: NS-1.,https://www.comptia.org/certifications/network
network-plus,network-security,NS-1,N10-009 — NS-1 (MEDIUM) #12,"During a project review, stakeholders ask how to Implement network hardening in the context of CompTIA Network+?",Apply the official Network Security guidance: Implement network hardening — this aligns with exam blueprint expectations and vendor documentation.,Use an approach that contradicts the exam objective and ignores documented constraints.,"Deploy without monitoring, backup, or access controls required by the blueprint.",Mix controls from unrelated domains that do not address the stated objective.,A,MEDIUM,network-plus|network-security|NS-1|medium|blueprint-seed,**Answer: A** — Implement network hardening. Review the official CompTIA exam guide (N10-009) and linked documentation. Objective: NS-1.,https://www.comptia.org/certifications/network
network-plus,network-security,NS-1,N10-009 — NS-1 (MEDIUM) #13,Which configuration satisfies requirements for Implement network hardening in the context of CompTIA Network+?,Use an approach that contradicts the exam objective and ignores documented constraints.,"Deploy without monitoring, backup, or access controls required by the blueprint.",Mix controls from unrelated domains that do not address the stated objective.,"Follow the documented approach for Implement network hardening, using recommended services and controls per the exam guide.",B,MEDIUM,network-plus|network-security|NS-1|medium|blueprint-seed,**Answer: B** — Implement network hardening. Review the official CompTIA exam guide (N10-009) and linked documentation. Objective: NS-1.,https://www.comptia.org/certifications/network
network-plus,network-security,NS-1,N10-009 — NS-1 (MEDIUM) #14,What is the recommended design when applying Implement network hardening in the context of CompTIA Network+?,"Deploy without monitoring, backup, or access controls required by the blueprint.",Mix controls from unrelated domains that do not address the stated objective.,"Implement Implement network hardening using CompTIA best practices for Network Security, including monitoring and least privilege.",Use an approach that contradicts the exam objective and ignores documented constraints.,C,MEDIUM,network-plus|network-security|NS-1|medium|blueprint-seed,**Answer: C** — Implement network hardening. Review the official CompTIA exam guide (N10-009) and linked documentation. Objective: NS-1.,https://www.comptia.org/certifications/network
network-plus,network-security,NS-1,N10-009 — NS-1 (MEDIUM) #15,A team must implement a solution for Implement network hardening in the context of CompTIA Network+?,Mix controls from unrelated domains that do not address the stated objective.,Apply the official Network Security guidance: Implement network hardening — this aligns with exam blueprint expectations and vendor documentation.,Use an approach that contradicts the exam objective and ignores documented constraints.,"Deploy without monitoring, backup, or access controls required by the blueprint.",D,MEDIUM,network-plus|network-security|NS-1|medium|blueprint-seed,**Answer: D** — Implement network hardening. Review the official CompTIA exam guide (N10-009) and linked documentation. Objective: NS-1.,https://www.comptia.org/certifications/network
network-plus,network-security,NS-1,N10-009 — NS-1 (MEDIUM) #16,Which approach aligns with best practices when Implement network hardening in the context of CompTIA Network+?,"Follow the documented approach for Implement network hardening, using recommended services and controls per the exam guide.",Use an approach that contradicts the exam objective and ignores documented constraints.,"Deploy without monitoring, backup, or access controls required by the blueprint.",Mix controls from unrelated domains that do not address the stated objective.,A,MEDIUM,network-plus|network-security|NS-1|medium|blueprint-seed,**Answer: A** — Implement network hardening. Review the official CompTIA exam guide (N10-009) and linked documentation. Objective: NS-1.,https://www.comptia.org/certifications/network
network-plus,network-security,NS-1,N10-009 — NS-1 (MEDIUM) #17,"During a project review, stakeholders ask how to Implement network hardening in the context of CompTIA Network+?",Use an approach that contradicts the exam objective and ignores documented constraints.,"Deploy without monitoring, backup, or access controls required by the blueprint.",Mix controls from unrelated domains that do not address the stated objective.,"Implement Implement network hardening using CompTIA best practices for Network Security, including monitoring and least privilege.",B,MEDIUM,network-plus|network-security|NS-1|medium|blueprint-seed,**Answer: B** — Implement network hardening. Review the official CompTIA exam guide (N10-009) and linked documentation. Objective: NS-1.,https://www.comptia.org/certifications/network
network-plus,network-security,NS-1,N10-009 — NS-1 (MEDIUM) #18,Which configuration satisfies requirements for Implement network hardening in the context of CompTIA Network+?,"Deploy without monitoring, backup, or access controls required by the blueprint.",Mix controls from unrelated domains that do not address the stated objective.,Apply the official Network Security guidance: Implement network hardening — this aligns with exam blueprint expectations and vendor documentation.,Use an approach that contradicts the exam objective and ignores documented constraints.,C,MEDIUM,network-plus|network-security|NS-1|medium|blueprint-seed,**Answer: C** — Implement network hardening. Review the official CompTIA exam guide (N10-009) and linked documentation. Objective: NS-1.,https://www.comptia.org/certifications/network
network-plus,network-security,NS-1,N10-009 — NS-1 (MEDIUM) #19,What is the recommended design when applying Implement network hardening in the context of CompTIA Network+?,Mix controls from unrelated domains that do not address the stated objective.,"Follow the documented approach for Implement network hardening, using recommended services and controls per the exam guide.",Use an approach that contradicts the exam objective and ignores documented constraints.,"Deploy without monitoring, backup, or access controls required by the blueprint.",D,MEDIUM,network-plus|network-security|NS-1|medium|blueprint-seed,**Answer: D** — Implement network hardening. Review the official CompTIA exam guide (N10-009) and linked documentation. Objective: NS-1.,https://www.comptia.org/certifications/network
network-plus,network-security,NS-1,N10-009 — NS-1 (MEDIUM) #20,A team must implement a solution for Implement network hardening in the context of CompTIA Network+?,"Implement Implement network hardening using CompTIA best practices for Network Security, including monitoring and least privilege.",Use an approach that contradicts the exam objective and ignores documented constraints.,"Deploy without monitoring, backup, or access controls required by the blueprint.",Mix controls from unrelated domains that do not address the stated objective.,A,MEDIUM,network-plus|network-security|NS-1|medium|blueprint-seed,**Answer: A** — Implement network hardening. Review the official CompTIA exam guide (N10-009) and linked documentation. Objective: NS-1.,https://www.comptia.org/certifications/network
network-plus,network-security,NS-1,N10-009 — NS-1 (MEDIUM) #21,Which approach aligns with best practices when Implement network hardening in the context of CompTIA Network+?,Use an approach that contradicts the exam objective and ignores documented constraints.,"Deploy without monitoring, backup, or access controls required by the blueprint.",Mix controls from unrelated domains that do not address the stated objective.,Apply the official Network Security guidance: Implement network hardening — this aligns with exam blueprint expectations and vendor documentation.,B,MEDIUM,network-plus|network-security|NS-1|medium|blueprint-seed,**Answer: B** — Implement network hardening. Review the official CompTIA exam guide (N10-009) and linked documentation. Objective: NS-1.,https://www.comptia.org/certifications/network
network-plus,network-security,NS-1,N10-009 — NS-1 (MEDIUM) #22,"During a project review, stakeholders ask how to Implement network hardening in the context of CompTIA Network+?","Deploy without monitoring, backup, or access controls required by the blueprint.",Mix controls from unrelated domains that do not address the stated objective.,"Follow the documented approach for Implement network hardening, using recommended services and controls per the exam guide.",Use an approach that contradicts the exam objective and ignores documented constraints.,C,MEDIUM,network-plus|network-security|NS-1|medium|blueprint-seed,**Answer: C** — Implement network hardening. Review the official CompTIA exam guide (N10-009) and linked documentation. Objective: NS-1.,https://www.comptia.org/certifications/network
network-plus,network-security,NS-1,N10-009 — NS-1 (MEDIUM) #23,Which configuration satisfies requirements for Implement network hardening in the context of CompTIA Network+?,Mix controls from unrelated domains that do not address the stated objective.,"Implement Implement network hardening using CompTIA best practices for Network Security, including monitoring and least privilege.",Use an approach that contradicts the exam objective and ignores documented constraints.,"Deploy without monitoring, backup, or access controls required by the blueprint.",D,MEDIUM,network-plus|network-security|NS-1|medium|blueprint-seed,**Answer: D** — Implement network hardening. Review the official CompTIA exam guide (N10-009) and linked documentation. Objective: NS-1.,https://www.comptia.org/certifications/network
network-plus,network-security,NS-1,N10-009 — NS-1 (MEDIUM) #24,What is the recommended design when applying Implement network hardening in the context of CompTIA Network+?,Apply the official Network Security guidance: Implement network hardening — this aligns with exam blueprint expectations and vendor documentation.,Use an approach that contradicts the exam objective and ignores documented constraints.,"Deploy without monitoring, backup, or access controls required by the blueprint.",Mix controls from unrelated domains that do not address the stated objective.,A,MEDIUM,network-plus|network-security|NS-1|medium|blueprint-seed,**Answer: A** — Implement network hardening. Review the official CompTIA exam guide (N10-009) and linked documentation. Objective: NS-1.,https://www.comptia.org/certifications/network
network-plus,network-security,NS-1,N10-009 — NS-1 (MEDIUM) #25,A team must implement a solution for Implement network hardening in the context of CompTIA Network+?,Use an approach that contradicts the exam objective and ignores documented constraints.,"Deploy without monitoring, backup, or access controls required by the blueprint.",Mix controls from unrelated domains that do not address the stated objective.,"Follow the documented approach for Implement network hardening, using recommended services and controls per the exam guide.",B,MEDIUM,network-plus|network-security|NS-1|medium|blueprint-seed,**Answer: B** — Implement network hardening. Review the official CompTIA exam guide (N10-009) and linked documentation. Objective: NS-1.,https://www.comptia.org/certifications/network
network-plus,network-security,NS-1,N10-009 — NS-1 (HARD) #26,"Given strict compliance, auditability, and multi-region constraints, how should you Implement network hardening for Network Security?","Deploy without monitoring, backup, or access controls required by the blueprint.",Mix controls from unrelated domains that do not address the stated objective.,"Implement Implement network hardening using CompTIA best practices for Network Security, including monitoring and least privilege.",Use an approach that contradicts the exam objective and ignores documented constraints.,C,HARD,network-plus|network-security|NS-1|hard|blueprint-seed,**Answer: C** — Implement network hardening. Review the official CompTIA exam guide (N10-009) and linked documentation. Objective: NS-1.,https://www.comptia.org/certifications/network
network-plus,network-security,NS-1,N10-009 — NS-1 (HARD) #27,A production incident involves trade-offs between cost and resilience for Implement network hardening for Network Security?,Mix controls from unrelated domains that do not address the stated objective.,Apply the official Network Security guidance: Implement network hardening — this aligns with exam blueprint expectations and vendor documentation.,Use an approach that contradicts the exam objective and ignores documented constraints.,"Deploy without monitoring, backup, or access controls required by the blueprint.",D,HARD,network-plus|network-security|NS-1|hard|blueprint-seed,**Answer: D** — Implement network hardening. Review the official CompTIA exam guide (N10-009) and linked documentation. Objective: NS-1.,https://www.comptia.org/certifications/network
network-plus,network-security,NS-1,N10-009 — NS-1 (HARD) #28,Complex regulatory requirements demand that you Implement network hardening for Network Security?,"Follow the documented approach for Implement network hardening, using recommended services and controls per the exam guide.",Use an approach that contradicts the exam objective and ignores documented constraints.,"Deploy without monitoring, backup, or access controls required by the blueprint.",Mix controls from unrelated domains that do not address the stated objective.,A,HARD,network-plus|network-security|NS-1|hard|blueprint-seed,**Answer: A** — Implement network hardening. Review the official CompTIA exam guide (N10-009) and linked documentation. Objective: NS-1.,https://www.comptia.org/certifications/network
network-plus,network-security,NS-1,N10-009 — NS-1 (HARD) #29,A multi-team rollout must balance security and velocity for Implement network hardening for Network Security?,Use an approach that contradicts the exam objective and ignores documented constraints.,"Deploy without monitoring, backup, or access controls required by the blueprint.",Mix controls from unrelated domains that do not address the stated objective.,"Implement Implement network hardening using CompTIA best practices for Network Security, including monitoring and least privilege.",B,HARD,network-plus|network-security|NS-1|hard|blueprint-seed,**Answer: B** — Implement network hardening. Review the official CompTIA exam guide (N10-009) and linked documentation. Objective: NS-1.,https://www.comptia.org/certifications/network
network-plus,network-security,NS-1,N10-009 — NS-1 (HARD) #30,An enterprise requires zero-downtime architecture while Implement network hardening for Network Security?,"Deploy without monitoring, backup, or access controls required by the blueprint.",Mix controls from unrelated domains that do not address the stated objective.,Apply the official Network Security guidance: Implement network hardening — this aligns with exam blueprint expectations and vendor documentation.,Use an approach that contradicts the exam objective and ignores documented constraints.,C,HARD,network-plus|network-security|NS-1|hard|blueprint-seed,**Answer: C** — Implement network hardening. Review the official CompTIA exam guide (N10-009) and linked documentation. Objective: NS-1.,https://www.comptia.org/certifications/network
network-plus,network-security,NS-1,N10-009 — NS-1 (HARD) #31,"Given strict compliance, auditability, and multi-region constraints, how should you Implement network hardening for Network Security?",Mix controls from unrelated domains that do not address the stated objective.,"Follow the documented approach for Implement network hardening, using recommended services and controls per the exam guide.",Use an approach that contradicts the exam objective and ignores documented constraints.,"Deploy without monitoring, backup, or access controls required by the blueprint.",D,HARD,network-plus|network-security|NS-1|hard|blueprint-seed,**Answer: D** — Implement network hardening. Review the official CompTIA exam guide (N10-009) and linked documentation. Objective: NS-1.,https://www.comptia.org/certifications/network
network-plus,network-security,NS-1,N10-009 — NS-1 (HARD) #32,A production incident involves trade-offs between cost and resilience for Implement network hardening for Network Security?,"Implement Implement network hardening using CompTIA best practices for Network Security, including monitoring and least privilege.",Use an approach that contradicts the exam objective and ignores documented constraints.,"Deploy without monitoring, backup, or access controls required by the blueprint.",Mix controls from unrelated domains that do not address the stated objective.,A,HARD,network-plus|network-security|NS-1|hard|blueprint-seed,**Answer: A** — Implement network hardening. Review the official CompTIA exam guide (N10-009) and linked documentation. Objective: NS-1.,https://www.comptia.org/certifications/network
network-plus,network-security,NS-1,N10-009 — NS-1 (HARD) #33,Complex regulatory requirements demand that you Implement network hardening for Network Security?,Use an approach that contradicts the exam objective and ignores documented constraints.,"Deploy without monitoring, backup, or access controls required by the blueprint.",Mix controls from unrelated domains that do not address the stated objective.,Apply the official Network Security guidance: Implement network hardening — this aligns with exam blueprint expectations and vendor documentation.,B,HARD,network-plus|network-security|NS-1|hard|blueprint-seed,**Answer: B** — Implement network hardening. Review the official CompTIA exam guide (N10-009) and linked documentation. Objective: NS-1.,https://www.comptia.org/certifications/network
network-plus,network-security,NS-1,N10-009 — NS-1 (HARD) #34,A multi-team rollout must balance security and velocity for Implement network hardening for Network Security?,"Deploy without monitoring, backup, or access controls required by the blueprint.",Mix controls from unrelated domains that do not address the stated objective.,"Follow the documented approach for Implement network hardening, using recommended services and controls per the exam guide.",Use an approach that contradicts the exam objective and ignores documented constraints.,C,HARD,network-plus|network-security|NS-1|hard|blueprint-seed,**Answer: C** — Implement network hardening. Review the official CompTIA exam guide (N10-009) and linked documentation. Objective: NS-1.,https://www.comptia.org/certifications/network
network-plus,network-security,NS-1,N10-009 — NS-1 (HARD) #35,An enterprise requires zero-downtime architecture while Implement network hardening for Network Security?,Mix controls from unrelated domains that do not address the stated objective.,"Implement Implement network hardening using CompTIA best practices for Network Security, including monitoring and least privilege.",Use an approach that contradicts the exam objective and ignores documented constraints.,"Deploy without monitoring, backup, or access controls required by the blueprint.",D,HARD,network-plus|network-security|NS-1|hard|blueprint-seed,**Answer: D** — Implement network hardening. Review the official CompTIA exam guide (N10-009) and linked documentation. Objective: NS-1.,https://www.comptia.org/certifications/network
network-plus,network-security,NS-2,N10-009 — NS-2 (EASY) #1,What is the primary purpose of Configure firewalls and access control?,Use an approach that contradicts the exam objective and ignores documented constraints.,"Deploy without monitoring, backup, or access controls required by the blueprint.",Mix controls from unrelated domains that do not address the stated objective.,"Follow the documented approach for Configure firewalls and access control, using recommended services and controls per the exam guide.",B,EASY,network-plus|network-security|NS-2|easy|blueprint-seed,**Answer: B** — Configure firewalls and access control. Review the official CompTIA exam guide (N10-009) and linked documentation. Objective: NS-2.,https://www.comptia.org/certifications/network
network-plus,network-security,NS-2,N10-009 — NS-2 (EASY) #2,Which concept is fundamental to Configure firewalls and access control?,"Deploy without monitoring, backup, or access controls required by the blueprint.",Mix controls from unrelated domains that do not address the stated objective.,"Implement Configure firewalls and access control using CompTIA best practices for Network Security, including monitoring and least privilege.",Use an approach that contradicts the exam objective and ignores documented constraints.,C,EASY,network-plus|network-security|NS-2|easy|blueprint-seed,**Answer: C** — Configure firewalls and access control. Review the official CompTIA exam guide (N10-009) and linked documentation. Objective: NS-2.,https://www.comptia.org/certifications/network
network-plus,network-security,NS-2,N10-009 — NS-2 (EASY) #3,Identify the core principle behind Configure firewalls and access control?,Mix controls from unrelated domains that do not address the stated objective.,Apply the official Network Security guidance: Configure firewalls and access control — this aligns with exam blueprint expectations and vendor documentation.,Use an approach that contradicts the exam objective and ignores documented constraints.,"Deploy without monitoring, backup, or access controls required by the blueprint.",D,EASY,network-plus|network-security|NS-2|easy|blueprint-seed,**Answer: D** — Configure firewalls and access control. Review the official CompTIA exam guide (N10-009) and linked documentation. Objective: NS-2.,https://www.comptia.org/certifications/network
network-plus,network-security,NS-2,N10-009 — NS-2 (EASY) #4,Which description accurately reflects Configure firewalls and access control?,"Follow the documented approach for Configure firewalls and access control, using recommended services and controls per the exam guide.",Use an approach that contradicts the exam objective and ignores documented constraints.,"Deploy without monitoring, backup, or access controls required by the blueprint.",Mix controls from unrelated domains that do not address the stated objective.,A,EASY,network-plus|network-security|NS-2|easy|blueprint-seed,**Answer: A** — Configure firewalls and access control. Review the official CompTIA exam guide (N10-009) and linked documentation. Objective: NS-2.,https://www.comptia.org/certifications/network
network-plus,network-security,NS-2,N10-009 — NS-2 (EASY) #5,Which statement best defines the scope of Configure firewalls and access control?,Use an approach that contradicts the exam objective and ignores documented constraints.,"Deploy without monitoring, backup, or access controls required by the blueprint.",Mix controls from unrelated domains that do not address the stated objective.,"Implement Configure firewalls and access control using CompTIA best practices for Network Security, including monitoring and least privilege.",B,EASY,network-plus|network-security|NS-2|easy|blueprint-seed,**Answer: B** — Configure firewalls and access control. Review the official CompTIA exam guide (N10-009) and linked documentation. Objective: NS-2.,https://www.comptia.org/certifications/network
network-plus,network-security,NS-2,N10-009 — NS-2 (EASY) #6,What is the primary purpose of Configure firewalls and access control?,"Deploy without monitoring, backup, or access controls required by the blueprint.",Mix controls from unrelated domains that do not address the stated objective.,Apply the official Network Security guidance: Configure firewalls and access control — this aligns with exam blueprint expectations and vendor documentation.,Use an approach that contradicts the exam objective and ignores documented constraints.,C,EASY,network-plus|network-security|NS-2|easy|blueprint-seed,**Answer: C** — Configure firewalls and access control. Review the official CompTIA exam guide (N10-009) and linked documentation. Objective: NS-2.,https://www.comptia.org/certifications/network
network-plus,network-security,NS-2,N10-009 — NS-2 (EASY) #7,Which concept is fundamental to Configure firewalls and access control?,Mix controls from unrelated domains that do not address the stated objective.,"Follow the documented approach for Configure firewalls and access control, using recommended services and controls per the exam guide.",Use an approach that contradicts the exam objective and ignores documented constraints.,"Deploy without monitoring, backup, or access controls required by the blueprint.",D,EASY,network-plus|network-security|NS-2|easy|blueprint-seed,**Answer: D** — Configure firewalls and access control. Review the official CompTIA exam guide (N10-009) and linked documentation. Objective: NS-2.,https://www.comptia.org/certifications/network
network-plus,network-security,NS-2,N10-009 — NS-2 (EASY) #8,Identify the core principle behind Configure firewalls and access control?,"Implement Configure firewalls and access control using CompTIA best practices for Network Security, including monitoring and least privilege.",Use an approach that contradicts the exam objective and ignores documented constraints.,"Deploy without monitoring, backup, or access controls required by the blueprint.",Mix controls from unrelated domains that do not address the stated objective.,A,EASY,network-plus|network-security|NS-2|easy|blueprint-seed,**Answer: A** — Configure firewalls and access control. Review the official CompTIA exam guide (N10-009) and linked documentation. Objective: NS-2.,https://www.comptia.org/certifications/network
network-plus,network-security,NS-2,N10-009 — NS-2 (EASY) #9,Which description accurately reflects Configure firewalls and access control?,Use an approach that contradicts the exam objective and ignores documented constraints.,"Deploy without monitoring, backup, or access controls required by the blueprint.",Mix controls from unrelated domains that do not address the stated objective.,Apply the official Network Security guidance: Configure firewalls and access control — this aligns with exam blueprint expectations and vendor documentation.,B,EASY,network-plus|network-security|NS-2|easy|blueprint-seed,**Answer: B** — Configure firewalls and access control. Review the official CompTIA exam guide (N10-009) and linked documentation. Objective: NS-2.,https://www.comptia.org/certifications/network
network-plus,network-security,NS-2,N10-009 — NS-2 (EASY) #10,Which statement best defines the scope of Configure firewalls and access control?,"Deploy without monitoring, backup, or access controls required by the blueprint.",Mix controls from unrelated domains that do not address the stated objective.,"Follow the documented approach for Configure firewalls and access control, using recommended services and controls per the exam guide.",Use an approach that contradicts the exam objective and ignores documented constraints.,C,EASY,network-plus|network-security|NS-2|easy|blueprint-seed,**Answer: C** — Configure firewalls and access control. Review the official CompTIA exam guide (N10-009) and linked documentation. Objective: NS-2.,https://www.comptia.org/certifications/network
network-plus,network-security,NS-2,N10-009 — NS-2 (EASY) #11,What is the primary purpose of Configure firewalls and access control?,Mix controls from unrelated domains that do not address the stated objective.,"Implement Configure firewalls and access control using CompTIA best practices for Network Security, including monitoring and least privilege.",Use an approach that contradicts the exam objective and ignores documented constraints.,"Deploy without monitoring, backup, or access controls required by the blueprint.",D,EASY,network-plus|network-security|NS-2|easy|blueprint-seed,**Answer: D** — Configure firewalls and access control. Review the official CompTIA exam guide (N10-009) and linked documentation. Objective: NS-2.,https://www.comptia.org/certifications/network
network-plus,network-security,NS-2,N10-009 — NS-2 (MEDIUM) #12,"During a project review, stakeholders ask how to Configure firewalls and access control in the context of CompTIA Network+?",Apply the official Network Security guidance: Configure firewalls and access control — this aligns with exam blueprint expectations and vendor documentation.,Use an approach that contradicts the exam objective and ignores documented constraints.,"Deploy without monitoring, backup, or access controls required by the blueprint.",Mix controls from unrelated domains that do not address the stated objective.,A,MEDIUM,network-plus|network-security|NS-2|medium|blueprint-seed,**Answer: A** — Configure firewalls and access control. Review the official CompTIA exam guide (N10-009) and linked documentation. Objective: NS-2.,https://www.comptia.org/certifications/network
network-plus,network-security,NS-2,N10-009 — NS-2 (MEDIUM) #13,Which configuration satisfies requirements for Configure firewalls and access control in the context of CompTIA Network+?,Use an approach that contradicts the exam objective and ignores documented constraints.,"Deploy without monitoring, backup, or access controls required by the blueprint.",Mix controls from unrelated domains that do not address the stated objective.,"Follow the documented approach for Configure firewalls and access control, using recommended services and controls per the exam guide.",B,MEDIUM,network-plus|network-security|NS-2|medium|blueprint-seed,**Answer: B** — Configure firewalls and access control. Review the official CompTIA exam guide (N10-009) and linked documentation. Objective: NS-2.,https://www.comptia.org/certifications/network
network-plus,network-security,NS-2,N10-009 — NS-2 (MEDIUM) #14,What is the recommended design when applying Configure firewalls and access control in the context of CompTIA Network+?,"Deploy without monitoring, backup, or access controls required by the blueprint.",Mix controls from unrelated domains that do not address the stated objective.,"Implement Configure firewalls and access control using CompTIA best practices for Network Security, including monitoring and least privilege.",Use an approach that contradicts the exam objective and ignores documented constraints.,C,MEDIUM,network-plus|network-security|NS-2|medium|blueprint-seed,**Answer: C** — Configure firewalls and access control. Review the official CompTIA exam guide (N10-009) and linked documentation. Objective: NS-2.,https://www.comptia.org/certifications/network
network-plus,network-security,NS-2,N10-009 — NS-2 (MEDIUM) #15,A team must implement a solution for Configure firewalls and access control in the context of CompTIA Network+?,Mix controls from unrelated domains that do not address the stated objective.,Apply the official Network Security guidance: Configure firewalls and access control — this aligns with exam blueprint expectations and vendor documentation.,Use an approach that contradicts the exam objective and ignores documented constraints.,"Deploy without monitoring, backup, or access controls required by the blueprint.",D,MEDIUM,network-plus|network-security|NS-2|medium|blueprint-seed,**Answer: D** — Configure firewalls and access control. Review the official CompTIA exam guide (N10-009) and linked documentation. Objective: NS-2.,https://www.comptia.org/certifications/network
network-plus,network-security,NS-2,N10-009 — NS-2 (MEDIUM) #16,Which approach aligns with best practices when Configure firewalls and access control in the context of CompTIA Network+?,"Follow the documented approach for Configure firewalls and access control, using recommended services and controls per the exam guide.",Use an approach that contradicts the exam objective and ignores documented constraints.,"Deploy without monitoring, backup, or access controls required by the blueprint.",Mix controls from unrelated domains that do not address the stated objective.,A,MEDIUM,network-plus|network-security|NS-2|medium|blueprint-seed,**Answer: A** — Configure firewalls and access control. Review the official CompTIA exam guide (N10-009) and linked documentation. Objective: NS-2.,https://www.comptia.org/certifications/network
network-plus,network-security,NS-2,N10-009 — NS-2 (MEDIUM) #17,"During a project review, stakeholders ask how to Configure firewalls and access control in the context of CompTIA Network+?",Use an approach that contradicts the exam objective and ignores documented constraints.,"Deploy without monitoring, backup, or access controls required by the blueprint.",Mix controls from unrelated domains that do not address the stated objective.,"Implement Configure firewalls and access control using CompTIA best practices for Network Security, including monitoring and least privilege.",B,MEDIUM,network-plus|network-security|NS-2|medium|blueprint-seed,**Answer: B** — Configure firewalls and access control. Review the official CompTIA exam guide (N10-009) and linked documentation. Objective: NS-2.,https://www.comptia.org/certifications/network
network-plus,network-security,NS-2,N10-009 — NS-2 (MEDIUM) #18,Which configuration satisfies requirements for Configure firewalls and access control in the context of CompTIA Network+?,"Deploy without monitoring, backup, or access controls required by the blueprint.",Mix controls from unrelated domains that do not address the stated objective.,Apply the official Network Security guidance: Configure firewalls and access control — this aligns with exam blueprint expectations and vendor documentation.,Use an approach that contradicts the exam objective and ignores documented constraints.,C,MEDIUM,network-plus|network-security|NS-2|medium|blueprint-seed,**Answer: C** — Configure firewalls and access control. Review the official CompTIA exam guide (N10-009) and linked documentation. Objective: NS-2.,https://www.comptia.org/certifications/network
network-plus,network-security,NS-2,N10-009 — NS-2 (MEDIUM) #19,What is the recommended design when applying Configure firewalls and access control in the context of CompTIA Network+?,Mix controls from unrelated domains that do not address the stated objective.,"Follow the documented approach for Configure firewalls and access control, using recommended services and controls per the exam guide.",Use an approach that contradicts the exam objective and ignores documented constraints.,"Deploy without monitoring, backup, or access controls required by the blueprint.",D,MEDIUM,network-plus|network-security|NS-2|medium|blueprint-seed,**Answer: D** — Configure firewalls and access control. Review the official CompTIA exam guide (N10-009) and linked documentation. Objective: NS-2.,https://www.comptia.org/certifications/network
network-plus,network-security,NS-2,N10-009 — NS-2 (MEDIUM) #20,A team must implement a solution for Configure firewalls and access control in the context of CompTIA Network+?,"Implement Configure firewalls and access control using CompTIA best practices for Network Security, including monitoring and least privilege.",Use an approach that contradicts the exam objective and ignores documented constraints.,"Deploy without monitoring, backup, or access controls required by the blueprint.",Mix controls from unrelated domains that do not address the stated objective.,A,MEDIUM,network-plus|network-security|NS-2|medium|blueprint-seed,**Answer: A** — Configure firewalls and access control. Review the official CompTIA exam guide (N10-009) and linked documentation. Objective: NS-2.,https://www.comptia.org/certifications/network
network-plus,network-security,NS-2,N10-009 — NS-2 (MEDIUM) #21,Which approach aligns with best practices when Configure firewalls and access control in the context of CompTIA Network+?,Use an approach that contradicts the exam objective and ignores documented constraints.,"Deploy without monitoring, backup, or access controls required by the blueprint.",Mix controls from unrelated domains that do not address the stated objective.,Apply the official Network Security guidance: Configure firewalls and access control — this aligns with exam blueprint expectations and vendor documentation.,B,MEDIUM,network-plus|network-security|NS-2|medium|blueprint-seed,**Answer: B** — Configure firewalls and access control. Review the official CompTIA exam guide (N10-009) and linked documentation. Objective: NS-2.,https://www.comptia.org/certifications/network
network-plus,network-security,NS-2,N10-009 — NS-2 (MEDIUM) #22,"During a project review, stakeholders ask how to Configure firewalls and access control in the context of CompTIA Network+?","Deploy without monitoring, backup, or access controls required by the blueprint.",Mix controls from unrelated domains that do not address the stated objective.,"Follow the documented approach for Configure firewalls and access control, using recommended services and controls per the exam guide.",Use an approach that contradicts the exam objective and ignores documented constraints.,C,MEDIUM,network-plus|network-security|NS-2|medium|blueprint-seed,**Answer: C** — Configure firewalls and access control. Review the official CompTIA exam guide (N10-009) and linked documentation. Objective: NS-2.,https://www.comptia.org/certifications/network
network-plus,network-security,NS-2,N10-009 — NS-2 (MEDIUM) #23,Which configuration satisfies requirements for Configure firewalls and access control in the context of CompTIA Network+?,Mix controls from unrelated domains that do not address the stated objective.,"Implement Configure firewalls and access control using CompTIA best practices for Network Security, including monitoring and least privilege.",Use an approach that contradicts the exam objective and ignores documented constraints.,"Deploy without monitoring, backup, or access controls required by the blueprint.",D,MEDIUM,network-plus|network-security|NS-2|medium|blueprint-seed,**Answer: D** — Configure firewalls and access control. Review the official CompTIA exam guide (N10-009) and linked documentation. Objective: NS-2.,https://www.comptia.org/certifications/network
network-plus,network-security,NS-2,N10-009 — NS-2 (MEDIUM) #24,What is the recommended design when applying Configure firewalls and access control in the context of CompTIA Network+?,Apply the official Network Security guidance: Configure firewalls and access control — this aligns with exam blueprint expectations and vendor documentation.,Use an approach that contradicts the exam objective and ignores documented constraints.,"Deploy without monitoring, backup, or access controls required by the blueprint.",Mix controls from unrelated domains that do not address the stated objective.,A,MEDIUM,network-plus|network-security|NS-2|medium|blueprint-seed,**Answer: A** — Configure firewalls and access control. Review the official CompTIA exam guide (N10-009) and linked documentation. Objective: NS-2.,https://www.comptia.org/certifications/network
network-plus,network-security,NS-2,N10-009 — NS-2 (MEDIUM) #25,A team must implement a solution for Configure firewalls and access control in the context of CompTIA Network+?,Use an approach that contradicts the exam objective and ignores documented constraints.,"Deploy without monitoring, backup, or access controls required by the blueprint.",Mix controls from unrelated domains that do not address the stated objective.,"Follow the documented approach for Configure firewalls and access control, using recommended services and controls per the exam guide.",B,MEDIUM,network-plus|network-security|NS-2|medium|blueprint-seed,**Answer: B** — Configure firewalls and access control. Review the official CompTIA exam guide (N10-009) and linked documentation. Objective: NS-2.,https://www.comptia.org/certifications/network
network-plus,network-security,NS-2,N10-009 — NS-2 (HARD) #26,"Given strict compliance, auditability, and multi-region constraints, how should you Configure firewalls and access control for Network Security?","Deploy without monitoring, backup, or access controls required by the blueprint.",Mix controls from unrelated domains that do not address the stated objective.,"Implement Configure firewalls and access control using CompTIA best practices for Network Security, including monitoring and least privilege.",Use an approach that contradicts the exam objective and ignores documented constraints.,C,HARD,network-plus|network-security|NS-2|hard|blueprint-seed,**Answer: C** — Configure firewalls and access control. Review the official CompTIA exam guide (N10-009) and linked documentation. Objective: NS-2.,https://www.comptia.org/certifications/network
network-plus,network-security,NS-2,N10-009 — NS-2 (HARD) #27,A production incident involves trade-offs between cost and resilience for Configure firewalls and access control for Network Security?,Mix controls from unrelated domains that do not address the stated objective.,Apply the official Network Security guidance: Configure firewalls and access control — this aligns with exam blueprint expectations and vendor documentation.,Use an approach that contradicts the exam objective and ignores documented constraints.,"Deploy without monitoring, backup, or access controls required by the blueprint.",D,HARD,network-plus|network-security|NS-2|hard|blueprint-seed,**Answer: D** — Configure firewalls and access control. Review the official CompTIA exam guide (N10-009) and linked documentation. Objective: NS-2.,https://www.comptia.org/certifications/network
network-plus,network-security,NS-2,N10-009 — NS-2 (HARD) #28,Complex regulatory requirements demand that you Configure firewalls and access control for Network Security?,"Follow the documented approach for Configure firewalls and access control, using recommended services and controls per the exam guide.",Use an approach that contradicts the exam objective and ignores documented constraints.,"Deploy without monitoring, backup, or access controls required by the blueprint.",Mix controls from unrelated domains that do not address the stated objective.,A,HARD,network-plus|network-security|NS-2|hard|blueprint-seed,**Answer: A** — Configure firewalls and access control. Review the official CompTIA exam guide (N10-009) and linked documentation. Objective: NS-2.,https://www.comptia.org/certifications/network
network-plus,network-security,NS-2,N10-009 — NS-2 (HARD) #29,A multi-team rollout must balance security and velocity for Configure firewalls and access control for Network Security?,Use an approach that contradicts the exam objective and ignores documented constraints.,"Deploy without monitoring, backup, or access controls required by the blueprint.",Mix controls from unrelated domains that do not address the stated objective.,"Implement Configure firewalls and access control using CompTIA best practices for Network Security, including monitoring and least privilege.",B,HARD,network-plus|network-security|NS-2|hard|blueprint-seed,**Answer: B** — Configure firewalls and access control. Review the official CompTIA exam guide (N10-009) and linked documentation. Objective: NS-2.,https://www.comptia.org/certifications/network
network-plus,network-security,NS-2,N10-009 — NS-2 (HARD) #30,An enterprise requires zero-downtime architecture while Configure firewalls and access control for Network Security?,"Deploy without monitoring, backup, or access controls required by the blueprint.",Mix controls from unrelated domains that do not address the stated objective.,Apply the official Network Security guidance: Configure firewalls and access control — this aligns with exam blueprint expectations and vendor documentation.,Use an approach that contradicts the exam objective and ignores documented constraints.,C,HARD,network-plus|network-security|NS-2|hard|blueprint-seed,**Answer: C** — Configure firewalls and access control. Review the official CompTIA exam guide (N10-009) and linked documentation. Objective: NS-2.,https://www.comptia.org/certifications/network
network-plus,network-security,NS-2,N10-009 — NS-2 (HARD) #31,"Given strict compliance, auditability, and multi-region constraints, how should you Configure firewalls and access control for Network Security?",Mix controls from unrelated domains that do not address the stated objective.,"Follow the documented approach for Configure firewalls and access control, using recommended services and controls per the exam guide.",Use an approach that contradicts the exam objective and ignores documented constraints.,"Deploy without monitoring, backup, or access controls required by the blueprint.",D,HARD,network-plus|network-security|NS-2|hard|blueprint-seed,**Answer: D** — Configure firewalls and access control. Review the official CompTIA exam guide (N10-009) and linked documentation. Objective: NS-2.,https://www.comptia.org/certifications/network
network-plus,network-security,NS-2,N10-009 — NS-2 (HARD) #32,A production incident involves trade-offs between cost and resilience for Configure firewalls and access control for Network Security?,"Implement Configure firewalls and access control using CompTIA best practices for Network Security, including monitoring and least privilege.",Use an approach that contradicts the exam objective and ignores documented constraints.,"Deploy without monitoring, backup, or access controls required by the blueprint.",Mix controls from unrelated domains that do not address the stated objective.,A,HARD,network-plus|network-security|NS-2|hard|blueprint-seed,**Answer: A** — Configure firewalls and access control. Review the official CompTIA exam guide (N10-009) and linked documentation. Objective: NS-2.,https://www.comptia.org/certifications/network
network-plus,network-security,NS-2,N10-009 — NS-2 (HARD) #33,Complex regulatory requirements demand that you Configure firewalls and access control for Network Security?,Use an approach that contradicts the exam objective and ignores documented constraints.,"Deploy without monitoring, backup, or access controls required by the blueprint.",Mix controls from unrelated domains that do not address the stated objective.,Apply the official Network Security guidance: Configure firewalls and access control — this aligns with exam blueprint expectations and vendor documentation.,B,HARD,network-plus|network-security|NS-2|hard|blueprint-seed,**Answer: B** — Configure firewalls and access control. Review the official CompTIA exam guide (N10-009) and linked documentation. Objective: NS-2.,https://www.comptia.org/certifications/network
network-plus,network-security,NS-2,N10-009 — NS-2 (HARD) #34,A multi-team rollout must balance security and velocity for Configure firewalls and access control for Network Security?,"Deploy without monitoring, backup, or access controls required by the blueprint.",Mix controls from unrelated domains that do not address the stated objective.,"Follow the documented approach for Configure firewalls and access control, using recommended services and controls per the exam guide.",Use an approach that contradicts the exam objective and ignores documented constraints.,C,HARD,network-plus|network-security|NS-2|hard|blueprint-seed,**Answer: C** — Configure firewalls and access control. Review the official CompTIA exam guide (N10-009) and linked documentation. Objective: NS-2.,https://www.comptia.org/certifications/network
network-plus,network-security,NS-2,N10-009 — NS-2 (HARD) #35,An enterprise requires zero-downtime architecture while Configure firewalls and access control for Network Security?,Mix controls from unrelated domains that do not address the stated objective.,"Implement Configure firewalls and access control using CompTIA best practices for Network Security, including monitoring and least privilege.",Use an approach that contradicts the exam objective and ignores documented constraints.,"Deploy without monitoring, backup, or access controls required by the blueprint.",D,HARD,network-plus|network-security|NS-2|hard|blueprint-seed,**Answer: D** — Configure firewalls and access control. Review the official CompTIA exam guide (N10-009) and linked documentation. Objective: NS-2.,https://www.comptia.org/certifications/network
network-plus,network-troubleshooting,NT-1,N10-009 — NT-1 (EASY) #1,What is the primary purpose of Troubleshoot cabling and physical issues?,Use an approach that contradicts the exam objective and ignores documented constraints.,"Deploy without monitoring, backup, or access controls required by the blueprint.",Mix controls from unrelated domains that do not address the stated objective.,"Follow the documented approach for Troubleshoot cabling and physical issues, using recommended services and controls per the exam guide.",B,EASY,network-plus|network-troubleshooting|NT-1|easy|blueprint-seed,**Answer: B** — Troubleshoot cabling and physical issues. Review the official CompTIA exam guide (N10-009) and linked documentation. Objective: NT-1.,https://www.comptia.org/certifications/network
network-plus,network-troubleshooting,NT-1,N10-009 — NT-1 (EASY) #2,Which concept is fundamental to Troubleshoot cabling and physical issues?,"Deploy without monitoring, backup, or access controls required by the blueprint.",Mix controls from unrelated domains that do not address the stated objective.,"Implement Troubleshoot cabling and physical issues using CompTIA best practices for Network Troubleshooting, including monitoring and least privilege.",Use an approach that contradicts the exam objective and ignores documented constraints.,C,EASY,network-plus|network-troubleshooting|NT-1|easy|blueprint-seed,**Answer: C** — Troubleshoot cabling and physical issues. Review the official CompTIA exam guide (N10-009) and linked documentation. Objective: NT-1.,https://www.comptia.org/certifications/network
network-plus,network-troubleshooting,NT-1,N10-009 — NT-1 (EASY) #3,Identify the core principle behind Troubleshoot cabling and physical issues?,Mix controls from unrelated domains that do not address the stated objective.,Apply the official Network Troubleshooting guidance: Troubleshoot cabling and physical issues — this aligns with exam blueprint expectations and vendor documentation.,Use an approach that contradicts the exam objective and ignores documented constraints.,"Deploy without monitoring, backup, or access controls required by the blueprint.",D,EASY,network-plus|network-troubleshooting|NT-1|easy|blueprint-seed,**Answer: D** — Troubleshoot cabling and physical issues. Review the official CompTIA exam guide (N10-009) and linked documentation. Objective: NT-1.,https://www.comptia.org/certifications/network
network-plus,network-troubleshooting,NT-1,N10-009 — NT-1 (EASY) #4,Which description accurately reflects Troubleshoot cabling and physical issues?,"Follow the documented approach for Troubleshoot cabling and physical issues, using recommended services and controls per the exam guide.",Use an approach that contradicts the exam objective and ignores documented constraints.,"Deploy without monitoring, backup, or access controls required by the blueprint.",Mix controls from unrelated domains that do not address the stated objective.,A,EASY,network-plus|network-troubleshooting|NT-1|easy|blueprint-seed,**Answer: A** — Troubleshoot cabling and physical issues. Review the official CompTIA exam guide (N10-009) and linked documentation. Objective: NT-1.,https://www.comptia.org/certifications/network
network-plus,network-troubleshooting,NT-1,N10-009 — NT-1 (EASY) #5,Which statement best defines the scope of Troubleshoot cabling and physical issues?,Use an approach that contradicts the exam objective and ignores documented constraints.,"Deploy without monitoring, backup, or access controls required by the blueprint.",Mix controls from unrelated domains that do not address the stated objective.,"Implement Troubleshoot cabling and physical issues using CompTIA best practices for Network Troubleshooting, including monitoring and least privilege.",B,EASY,network-plus|network-troubleshooting|NT-1|easy|blueprint-seed,**Answer: B** — Troubleshoot cabling and physical issues. Review the official CompTIA exam guide (N10-009) and linked documentation. Objective: NT-1.,https://www.comptia.org/certifications/network
network-plus,network-troubleshooting,NT-1,N10-009 — NT-1 (EASY) #6,What is the primary purpose of Troubleshoot cabling and physical issues?,"Deploy without monitoring, backup, or access controls required by the blueprint.",Mix controls from unrelated domains that do not address the stated objective.,Apply the official Network Troubleshooting guidance: Troubleshoot cabling and physical issues — this aligns with exam blueprint expectations and vendor documentation.,Use an approach that contradicts the exam objective and ignores documented constraints.,C,EASY,network-plus|network-troubleshooting|NT-1|easy|blueprint-seed,**Answer: C** — Troubleshoot cabling and physical issues. Review the official CompTIA exam guide (N10-009) and linked documentation. Objective: NT-1.,https://www.comptia.org/certifications/network
network-plus,network-troubleshooting,NT-1,N10-009 — NT-1 (EASY) #7,Which concept is fundamental to Troubleshoot cabling and physical issues?,Mix controls from unrelated domains that do not address the stated objective.,"Follow the documented approach for Troubleshoot cabling and physical issues, using recommended services and controls per the exam guide.",Use an approach that contradicts the exam objective and ignores documented constraints.,"Deploy without monitoring, backup, or access controls required by the blueprint.",D,EASY,network-plus|network-troubleshooting|NT-1|easy|blueprint-seed,**Answer: D** — Troubleshoot cabling and physical issues. Review the official CompTIA exam guide (N10-009) and linked documentation. Objective: NT-1.,https://www.comptia.org/certifications/network
network-plus,network-troubleshooting,NT-1,N10-009 — NT-1 (EASY) #8,Identify the core principle behind Troubleshoot cabling and physical issues?,"Implement Troubleshoot cabling and physical issues using CompTIA best practices for Network Troubleshooting, including monitoring and least privilege.",Use an approach that contradicts the exam objective and ignores documented constraints.,"Deploy without monitoring, backup, or access controls required by the blueprint.",Mix controls from unrelated domains that do not address the stated objective.,A,EASY,network-plus|network-troubleshooting|NT-1|easy|blueprint-seed,**Answer: A** — Troubleshoot cabling and physical issues. Review the official CompTIA exam guide (N10-009) and linked documentation. Objective: NT-1.,https://www.comptia.org/certifications/network
network-plus,network-troubleshooting,NT-1,N10-009 — NT-1 (EASY) #9,Which description accurately reflects Troubleshoot cabling and physical issues?,Use an approach that contradicts the exam objective and ignores documented constraints.,"Deploy without monitoring, backup, or access controls required by the blueprint.",Mix controls from unrelated domains that do not address the stated objective.,Apply the official Network Troubleshooting guidance: Troubleshoot cabling and physical issues — this aligns with exam blueprint expectations and vendor documentation.,B,EASY,network-plus|network-troubleshooting|NT-1|easy|blueprint-seed,**Answer: B** — Troubleshoot cabling and physical issues. Review the official CompTIA exam guide (N10-009) and linked documentation. Objective: NT-1.,https://www.comptia.org/certifications/network
network-plus,network-troubleshooting,NT-1,N10-009 — NT-1 (EASY) #10,Which statement best defines the scope of Troubleshoot cabling and physical issues?,"Deploy without monitoring, backup, or access controls required by the blueprint.",Mix controls from unrelated domains that do not address the stated objective.,"Follow the documented approach for Troubleshoot cabling and physical issues, using recommended services and controls per the exam guide.",Use an approach that contradicts the exam objective and ignores documented constraints.,C,EASY,network-plus|network-troubleshooting|NT-1|easy|blueprint-seed,**Answer: C** — Troubleshoot cabling and physical issues. Review the official CompTIA exam guide (N10-009) and linked documentation. Objective: NT-1.,https://www.comptia.org/certifications/network
network-plus,network-troubleshooting,NT-1,N10-009 — NT-1 (EASY) #11,What is the primary purpose of Troubleshoot cabling and physical issues?,Mix controls from unrelated domains that do not address the stated objective.,"Implement Troubleshoot cabling and physical issues using CompTIA best practices for Network Troubleshooting, including monitoring and least privilege.",Use an approach that contradicts the exam objective and ignores documented constraints.,"Deploy without monitoring, backup, or access controls required by the blueprint.",D,EASY,network-plus|network-troubleshooting|NT-1|easy|blueprint-seed,**Answer: D** — Troubleshoot cabling and physical issues. Review the official CompTIA exam guide (N10-009) and linked documentation. Objective: NT-1.,https://www.comptia.org/certifications/network
network-plus,network-troubleshooting,NT-1,N10-009 — NT-1 (EASY) #12,Which concept is fundamental to Troubleshoot cabling and physical issues?,Apply the official Network Troubleshooting guidance: Troubleshoot cabling and physical issues — this aligns with exam blueprint expectations and vendor documentation.,Use an approach that contradicts the exam objective and ignores documented constraints.,"Deploy without monitoring, backup, or access controls required by the blueprint.",Mix controls from unrelated domains that do not address the stated objective.,A,EASY,network-plus|network-troubleshooting|NT-1|easy|blueprint-seed,**Answer: A** — Troubleshoot cabling and physical issues. Review the official CompTIA exam guide (N10-009) and linked documentation. Objective: NT-1.,https://www.comptia.org/certifications/network
network-plus,network-troubleshooting,NT-1,N10-009 — NT-1 (MEDIUM) #13,Which configuration satisfies requirements for Troubleshoot cabling and physical issues in the context of CompTIA Network+?,Use an approach that contradicts the exam objective and ignores documented constraints.,"Deploy without monitoring, backup, or access controls required by the blueprint.",Mix controls from unrelated domains that do not address the stated objective.,"Follow the documented approach for Troubleshoot cabling and physical issues, using recommended services and controls per the exam guide.",B,MEDIUM,network-plus|network-troubleshooting|NT-1|medium|blueprint-seed,**Answer: B** — Troubleshoot cabling and physical issues. Review the official CompTIA exam guide (N10-009) and linked documentation. Objective: NT-1.,https://www.comptia.org/certifications/network
network-plus,network-troubleshooting,NT-1,N10-009 — NT-1 (MEDIUM) #14,What is the recommended design when applying Troubleshoot cabling and physical issues in the context of CompTIA Network+?,"Deploy without monitoring, backup, or access controls required by the blueprint.",Mix controls from unrelated domains that do not address the stated objective.,"Implement Troubleshoot cabling and physical issues using CompTIA best practices for Network Troubleshooting, including monitoring and least privilege.",Use an approach that contradicts the exam objective and ignores documented constraints.,C,MEDIUM,network-plus|network-troubleshooting|NT-1|medium|blueprint-seed,**Answer: C** — Troubleshoot cabling and physical issues. Review the official CompTIA exam guide (N10-009) and linked documentation. Objective: NT-1.,https://www.comptia.org/certifications/network
network-plus,network-troubleshooting,NT-1,N10-009 — NT-1 (MEDIUM) #15,A team must implement a solution for Troubleshoot cabling and physical issues in the context of CompTIA Network+?,Mix controls from unrelated domains that do not address the stated objective.,Apply the official Network Troubleshooting guidance: Troubleshoot cabling and physical issues — this aligns with exam blueprint expectations and vendor documentation.,Use an approach that contradicts the exam objective and ignores documented constraints.,"Deploy without monitoring, backup, or access controls required by the blueprint.",D,MEDIUM,network-plus|network-troubleshooting|NT-1|medium|blueprint-seed,**Answer: D** — Troubleshoot cabling and physical issues. Review the official CompTIA exam guide (N10-009) and linked documentation. Objective: NT-1.,https://www.comptia.org/certifications/network
network-plus,network-troubleshooting,NT-1,N10-009 — NT-1 (MEDIUM) #16,Which approach aligns with best practices when Troubleshoot cabling and physical issues in the context of CompTIA Network+?,"Follow the documented approach for Troubleshoot cabling and physical issues, using recommended services and controls per the exam guide.",Use an approach that contradicts the exam objective and ignores documented constraints.,"Deploy without monitoring, backup, or access controls required by the blueprint.",Mix controls from unrelated domains that do not address the stated objective.,A,MEDIUM,network-plus|network-troubleshooting|NT-1|medium|blueprint-seed,**Answer: A** — Troubleshoot cabling and physical issues. Review the official CompTIA exam guide (N10-009) and linked documentation. Objective: NT-1.,https://www.comptia.org/certifications/network
network-plus,network-troubleshooting,NT-1,N10-009 — NT-1 (MEDIUM) #17,"During a project review, stakeholders ask how to Troubleshoot cabling and physical issues in the context of CompTIA Network+?",Use an approach that contradicts the exam objective and ignores documented constraints.,"Deploy without monitoring, backup, or access controls required by the blueprint.",Mix controls from unrelated domains that do not address the stated objective.,"Implement Troubleshoot cabling and physical issues using CompTIA best practices for Network Troubleshooting, including monitoring and least privilege.",B,MEDIUM,network-plus|network-troubleshooting|NT-1|medium|blueprint-seed,**Answer: B** — Troubleshoot cabling and physical issues. Review the official CompTIA exam guide (N10-009) and linked documentation. Objective: NT-1.,https://www.comptia.org/certifications/network
network-plus,network-troubleshooting,NT-1,N10-009 — NT-1 (MEDIUM) #18,Which configuration satisfies requirements for Troubleshoot cabling and physical issues in the context of CompTIA Network+?,"Deploy without monitoring, backup, or access controls required by the blueprint.",Mix controls from unrelated domains that do not address the stated objective.,Apply the official Network Troubleshooting guidance: Troubleshoot cabling and physical issues — this aligns with exam blueprint expectations and vendor documentation.,Use an approach that contradicts the exam objective and ignores documented constraints.,C,MEDIUM,network-plus|network-troubleshooting|NT-1|medium|blueprint-seed,**Answer: C** — Troubleshoot cabling and physical issues. Review the official CompTIA exam guide (N10-009) and linked documentation. Objective: NT-1.,https://www.comptia.org/certifications/network
network-plus,network-troubleshooting,NT-1,N10-009 — NT-1 (MEDIUM) #19,What is the recommended design when applying Troubleshoot cabling and physical issues in the context of CompTIA Network+?,Mix controls from unrelated domains that do not address the stated objective.,"Follow the documented approach for Troubleshoot cabling and physical issues, using recommended services and controls per the exam guide.",Use an approach that contradicts the exam objective and ignores documented constraints.,"Deploy without monitoring, backup, or access controls required by the blueprint.",D,MEDIUM,network-plus|network-troubleshooting|NT-1|medium|blueprint-seed,**Answer: D** — Troubleshoot cabling and physical issues. Review the official CompTIA exam guide (N10-009) and linked documentation. Objective: NT-1.,https://www.comptia.org/certifications/network
network-plus,network-troubleshooting,NT-1,N10-009 — NT-1 (MEDIUM) #20,A team must implement a solution for Troubleshoot cabling and physical issues in the context of CompTIA Network+?,"Implement Troubleshoot cabling and physical issues using CompTIA best practices for Network Troubleshooting, including monitoring and least privilege.",Use an approach that contradicts the exam objective and ignores documented constraints.,"Deploy without monitoring, backup, or access controls required by the blueprint.",Mix controls from unrelated domains that do not address the stated objective.,A,MEDIUM,network-plus|network-troubleshooting|NT-1|medium|blueprint-seed,**Answer: A** — Troubleshoot cabling and physical issues. Review the official CompTIA exam guide (N10-009) and linked documentation. Objective: NT-1.,https://www.comptia.org/certifications/network
network-plus,network-troubleshooting,NT-1,N10-009 — NT-1 (MEDIUM) #21,Which approach aligns with best practices when Troubleshoot cabling and physical issues in the context of CompTIA Network+?,Use an approach that contradicts the exam objective and ignores documented constraints.,"Deploy without monitoring, backup, or access controls required by the blueprint.",Mix controls from unrelated domains that do not address the stated objective.,Apply the official Network Troubleshooting guidance: Troubleshoot cabling and physical issues — this aligns with exam blueprint expectations and vendor documentation.,B,MEDIUM,network-plus|network-troubleshooting|NT-1|medium|blueprint-seed,**Answer: B** — Troubleshoot cabling and physical issues. Review the official CompTIA exam guide (N10-009) and linked documentation. Objective: NT-1.,https://www.comptia.org/certifications/network
network-plus,network-troubleshooting,NT-1,N10-009 — NT-1 (MEDIUM) #22,"During a project review, stakeholders ask how to Troubleshoot cabling and physical issues in the context of CompTIA Network+?","Deploy without monitoring, backup, or access controls required by the blueprint.",Mix controls from unrelated domains that do not address the stated objective.,"Follow the documented approach for Troubleshoot cabling and physical issues, using recommended services and controls per the exam guide.",Use an approach that contradicts the exam objective and ignores documented constraints.,C,MEDIUM,network-plus|network-troubleshooting|NT-1|medium|blueprint-seed,**Answer: C** — Troubleshoot cabling and physical issues. Review the official CompTIA exam guide (N10-009) and linked documentation. Objective: NT-1.,https://www.comptia.org/certifications/network
network-plus,network-troubleshooting,NT-1,N10-009 — NT-1 (MEDIUM) #23,Which configuration satisfies requirements for Troubleshoot cabling and physical issues in the context of CompTIA Network+?,Mix controls from unrelated domains that do not address the stated objective.,"Implement Troubleshoot cabling and physical issues using CompTIA best practices for Network Troubleshooting, including monitoring and least privilege.",Use an approach that contradicts the exam objective and ignores documented constraints.,"Deploy without monitoring, backup, or access controls required by the blueprint.",D,MEDIUM,network-plus|network-troubleshooting|NT-1|medium|blueprint-seed,**Answer: D** — Troubleshoot cabling and physical issues. Review the official CompTIA exam guide (N10-009) and linked documentation. Objective: NT-1.,https://www.comptia.org/certifications/network
network-plus,network-troubleshooting,NT-1,N10-009 — NT-1 (MEDIUM) #24,What is the recommended design when applying Troubleshoot cabling and physical issues in the context of CompTIA Network+?,Apply the official Network Troubleshooting guidance: Troubleshoot cabling and physical issues — this aligns with exam blueprint expectations and vendor documentation.,Use an approach that contradicts the exam objective and ignores documented constraints.,"Deploy without monitoring, backup, or access controls required by the blueprint.",Mix controls from unrelated domains that do not address the stated objective.,A,MEDIUM,network-plus|network-troubleshooting|NT-1|medium|blueprint-seed,**Answer: A** — Troubleshoot cabling and physical issues. Review the official CompTIA exam guide (N10-009) and linked documentation. Objective: NT-1.,https://www.comptia.org/certifications/network
network-plus,network-troubleshooting,NT-1,N10-009 — NT-1 (MEDIUM) #25,A team must implement a solution for Troubleshoot cabling and physical issues in the context of CompTIA Network+?,Use an approach that contradicts the exam objective and ignores documented constraints.,"Deploy without monitoring, backup, or access controls required by the blueprint.",Mix controls from unrelated domains that do not address the stated objective.,"Follow the documented approach for Troubleshoot cabling and physical issues, using recommended services and controls per the exam guide.",B,MEDIUM,network-plus|network-troubleshooting|NT-1|medium|blueprint-seed,**Answer: B** — Troubleshoot cabling and physical issues. Review the official CompTIA exam guide (N10-009) and linked documentation. Objective: NT-1.,https://www.comptia.org/certifications/network
network-plus,network-troubleshooting,NT-1,N10-009 — NT-1 (MEDIUM) #26,Which approach aligns with best practices when Troubleshoot cabling and physical issues in the context of CompTIA Network+?,"Deploy without monitoring, backup, or access controls required by the blueprint.",Mix controls from unrelated domains that do not address the stated objective.,"Implement Troubleshoot cabling and physical issues using CompTIA best practices for Network Troubleshooting, including monitoring and least privilege.",Use an approach that contradicts the exam objective and ignores documented constraints.,C,MEDIUM,network-plus|network-troubleshooting|NT-1|medium|blueprint-seed,**Answer: C** — Troubleshoot cabling and physical issues. Review the official CompTIA exam guide (N10-009) and linked documentation. Objective: NT-1.,https://www.comptia.org/certifications/network
network-plus,network-troubleshooting,NT-1,N10-009 — NT-1 (MEDIUM) #27,"During a project review, stakeholders ask how to Troubleshoot cabling and physical issues in the context of CompTIA Network+?",Mix controls from unrelated domains that do not address the stated objective.,Apply the official Network Troubleshooting guidance: Troubleshoot cabling and physical issues — this aligns with exam blueprint expectations and vendor documentation.,Use an approach that contradicts the exam objective and ignores documented constraints.,"Deploy without monitoring, backup, or access controls required by the blueprint.",D,MEDIUM,network-plus|network-troubleshooting|NT-1|medium|blueprint-seed,**Answer: D** — Troubleshoot cabling and physical issues. Review the official CompTIA exam guide (N10-009) and linked documentation. Objective: NT-1.,https://www.comptia.org/certifications/network
network-plus,network-troubleshooting,NT-1,N10-009 — NT-1 (MEDIUM) #28,Which configuration satisfies requirements for Troubleshoot cabling and physical issues in the context of CompTIA Network+?,"Follow the documented approach for Troubleshoot cabling and physical issues, using recommended services and controls per the exam guide.",Use an approach that contradicts the exam objective and ignores documented constraints.,"Deploy without monitoring, backup, or access controls required by the blueprint.",Mix controls from unrelated domains that do not address the stated objective.,A,MEDIUM,network-plus|network-troubleshooting|NT-1|medium|blueprint-seed,**Answer: A** — Troubleshoot cabling and physical issues. Review the official CompTIA exam guide (N10-009) and linked documentation. Objective: NT-1.,https://www.comptia.org/certifications/network
network-plus,network-troubleshooting,NT-1,N10-009 — NT-1 (HARD) #29,A multi-team rollout must balance security and velocity for Troubleshoot cabling and physical issues for Network Troubleshooting?,Use an approach that contradicts the exam objective and ignores documented constraints.,"Deploy without monitoring, backup, or access controls required by the blueprint.",Mix controls from unrelated domains that do not address the stated objective.,"Implement Troubleshoot cabling and physical issues using CompTIA best practices for Network Troubleshooting, including monitoring and least privilege.",B,HARD,network-plus|network-troubleshooting|NT-1|hard|blueprint-seed,**Answer: B** — Troubleshoot cabling and physical issues. Review the official CompTIA exam guide (N10-009) and linked documentation. Objective: NT-1.,https://www.comptia.org/certifications/network
network-plus,network-troubleshooting,NT-1,N10-009 — NT-1 (HARD) #30,An enterprise requires zero-downtime architecture while Troubleshoot cabling and physical issues for Network Troubleshooting?,"Deploy without monitoring, backup, or access controls required by the blueprint.",Mix controls from unrelated domains that do not address the stated objective.,Apply the official Network Troubleshooting guidance: Troubleshoot cabling and physical issues — this aligns with exam blueprint expectations and vendor documentation.,Use an approach that contradicts the exam objective and ignores documented constraints.,C,HARD,network-plus|network-troubleshooting|NT-1|hard|blueprint-seed,**Answer: C** — Troubleshoot cabling and physical issues. Review the official CompTIA exam guide (N10-009) and linked documentation. Objective: NT-1.,https://www.comptia.org/certifications/network
network-plus,network-troubleshooting,NT-1,N10-009 — NT-1 (HARD) #31,"Given strict compliance, auditability, and multi-region constraints, how should you Troubleshoot cabling and physical issues for Network Troubleshooting?",Mix controls from unrelated domains that do not address the stated objective.,"Follow the documented approach for Troubleshoot cabling and physical issues, using recommended services and controls per the exam guide.",Use an approach that contradicts the exam objective and ignores documented constraints.,"Deploy without monitoring, backup, or access controls required by the blueprint.",D,HARD,network-plus|network-troubleshooting|NT-1|hard|blueprint-seed,**Answer: D** — Troubleshoot cabling and physical issues. Review the official CompTIA exam guide (N10-009) and linked documentation. Objective: NT-1.,https://www.comptia.org/certifications/network
network-plus,network-troubleshooting,NT-1,N10-009 — NT-1 (HARD) #32,A production incident involves trade-offs between cost and resilience for Troubleshoot cabling and physical issues for Network Troubleshooting?,"Implement Troubleshoot cabling and physical issues using CompTIA best practices for Network Troubleshooting, including monitoring and least privilege.",Use an approach that contradicts the exam objective and ignores documented constraints.,"Deploy without monitoring, backup, or access controls required by the blueprint.",Mix controls from unrelated domains that do not address the stated objective.,A,HARD,network-plus|network-troubleshooting|NT-1|hard|blueprint-seed,**Answer: A** — Troubleshoot cabling and physical issues. Review the official CompTIA exam guide (N10-009) and linked documentation. Objective: NT-1.,https://www.comptia.org/certifications/network
network-plus,network-troubleshooting,NT-1,N10-009 — NT-1 (HARD) #33,Complex regulatory requirements demand that you Troubleshoot cabling and physical issues for Network Troubleshooting?,Use an approach that contradicts the exam objective and ignores documented constraints.,"Deploy without monitoring, backup, or access controls required by the blueprint.",Mix controls from unrelated domains that do not address the stated objective.,Apply the official Network Troubleshooting guidance: Troubleshoot cabling and physical issues — this aligns with exam blueprint expectations and vendor documentation.,B,HARD,network-plus|network-troubleshooting|NT-1|hard|blueprint-seed,**Answer: B** — Troubleshoot cabling and physical issues. Review the official CompTIA exam guide (N10-009) and linked documentation. Objective: NT-1.,https://www.comptia.org/certifications/network
network-plus,network-troubleshooting,NT-1,N10-009 — NT-1 (HARD) #34,A multi-team rollout must balance security and velocity for Troubleshoot cabling and physical issues for Network Troubleshooting?,"Deploy without monitoring, backup, or access controls required by the blueprint.",Mix controls from unrelated domains that do not address the stated objective.,"Follow the documented approach for Troubleshoot cabling and physical issues, using recommended services and controls per the exam guide.",Use an approach that contradicts the exam objective and ignores documented constraints.,C,HARD,network-plus|network-troubleshooting|NT-1|hard|blueprint-seed,**Answer: C** — Troubleshoot cabling and physical issues. Review the official CompTIA exam guide (N10-009) and linked documentation. Objective: NT-1.,https://www.comptia.org/certifications/network
network-plus,network-troubleshooting,NT-1,N10-009 — NT-1 (HARD) #35,An enterprise requires zero-downtime architecture while Troubleshoot cabling and physical issues for Network Troubleshooting?,Mix controls from unrelated domains that do not address the stated objective.,"Implement Troubleshoot cabling and physical issues using CompTIA best practices for Network Troubleshooting, including monitoring and least privilege.",Use an approach that contradicts the exam objective and ignores documented constraints.,"Deploy without monitoring, backup, or access controls required by the blueprint.",D,HARD,network-plus|network-troubleshooting|NT-1|hard|blueprint-seed,**Answer: D** — Troubleshoot cabling and physical issues. Review the official CompTIA exam guide (N10-009) and linked documentation. Objective: NT-1.,https://www.comptia.org/certifications/network
network-plus,network-troubleshooting,NT-1,N10-009 — NT-1 (HARD) #36,"Given strict compliance, auditability, and multi-region constraints, how should you Troubleshoot cabling and physical issues for Network Troubleshooting?",Apply the official Network Troubleshooting guidance: Troubleshoot cabling and physical issues — this aligns with exam blueprint expectations and vendor documentation.,Use an approach that contradicts the exam objective and ignores documented constraints.,"Deploy without monitoring, backup, or access controls required by the blueprint.",Mix controls from unrelated domains that do not address the stated objective.,A,HARD,network-plus|network-troubleshooting|NT-1|hard|blueprint-seed,**Answer: A** — Troubleshoot cabling and physical issues. Review the official CompTIA exam guide (N10-009) and linked documentation. Objective: NT-1.,https://www.comptia.org/certifications/network
network-plus,network-troubleshooting,NT-1,N10-009 — NT-1 (HARD) #37,A production incident involves trade-offs between cost and resilience for Troubleshoot cabling and physical issues for Network Troubleshooting?,Use an approach that contradicts the exam objective and ignores documented constraints.,"Deploy without monitoring, backup, or access controls required by the blueprint.",Mix controls from unrelated domains that do not address the stated objective.,"Follow the documented approach for Troubleshoot cabling and physical issues, using recommended services and controls per the exam guide.",B,HARD,network-plus|network-troubleshooting|NT-1|hard|blueprint-seed,**Answer: B** — Troubleshoot cabling and physical issues. Review the official CompTIA exam guide (N10-009) and linked documentation. Objective: NT-1.,https://www.comptia.org/certifications/network
network-plus,network-troubleshooting,NT-1,N10-009 — NT-1 (HARD) #38,Complex regulatory requirements demand that you Troubleshoot cabling and physical issues for Network Troubleshooting?,"Deploy without monitoring, backup, or access controls required by the blueprint.",Mix controls from unrelated domains that do not address the stated objective.,"Implement Troubleshoot cabling and physical issues using CompTIA best practices for Network Troubleshooting, including monitoring and least privilege.",Use an approach that contradicts the exam objective and ignores documented constraints.,C,HARD,network-plus|network-troubleshooting|NT-1|hard|blueprint-seed,**Answer: C** — Troubleshoot cabling and physical issues. Review the official CompTIA exam guide (N10-009) and linked documentation. Objective: NT-1.,https://www.comptia.org/certifications/network
network-plus,network-troubleshooting,NT-1,N10-009 — NT-1 (HARD) #39,A multi-team rollout must balance security and velocity for Troubleshoot cabling and physical issues for Network Troubleshooting?,Mix controls from unrelated domains that do not address the stated objective.,Apply the official Network Troubleshooting guidance: Troubleshoot cabling and physical issues — this aligns with exam blueprint expectations and vendor documentation.,Use an approach that contradicts the exam objective and ignores documented constraints.,"Deploy without monitoring, backup, or access controls required by the blueprint.",D,HARD,network-plus|network-troubleshooting|NT-1|hard|blueprint-seed,**Answer: D** — Troubleshoot cabling and physical issues. Review the official CompTIA exam guide (N10-009) and linked documentation. Objective: NT-1.,https://www.comptia.org/certifications/network
network-plus,network-troubleshooting,NT-1,N10-009 — NT-1 (HARD) #40,An enterprise requires zero-downtime architecture while Troubleshoot cabling and physical issues for Network Troubleshooting?,"Follow the documented approach for Troubleshoot cabling and physical issues, using recommended services and controls per the exam guide.",Use an approach that contradicts the exam objective and ignores documented constraints.,"Deploy without monitoring, backup, or access controls required by the blueprint.",Mix controls from unrelated domains that do not address the stated objective.,A,HARD,network-plus|network-troubleshooting|NT-1|hard|blueprint-seed,**Answer: A** — Troubleshoot cabling and physical issues. Review the official CompTIA exam guide (N10-009) and linked documentation. Objective: NT-1.,https://www.comptia.org/certifications/network
network-plus,network-troubleshooting,NT-2,N10-009 — NT-2 (EASY) #1,What is the primary purpose of Troubleshoot connectivity and DNS?,Use an approach that contradicts the exam objective and ignores documented constraints.,"Deploy without monitoring, backup, or access controls required by the blueprint.",Mix controls from unrelated domains that do not address the stated objective.,"Follow the documented approach for Troubleshoot connectivity and DNS, using recommended services and controls per the exam guide.",B,EASY,network-plus|network-troubleshooting|NT-2|easy|blueprint-seed,**Answer: B** — Troubleshoot connectivity and DNS. Review the official CompTIA exam guide (N10-009) and linked documentation. Objective: NT-2.,https://www.comptia.org/certifications/network
network-plus,network-troubleshooting,NT-2,N10-009 — NT-2 (EASY) #2,Which concept is fundamental to Troubleshoot connectivity and DNS?,"Deploy without monitoring, backup, or access controls required by the blueprint.",Mix controls from unrelated domains that do not address the stated objective.,"Implement Troubleshoot connectivity and DNS using CompTIA best practices for Network Troubleshooting, including monitoring and least privilege.",Use an approach that contradicts the exam objective and ignores documented constraints.,C,EASY,network-plus|network-troubleshooting|NT-2|easy|blueprint-seed,**Answer: C** — Troubleshoot connectivity and DNS. Review the official CompTIA exam guide (N10-009) and linked documentation. Objective: NT-2.,https://www.comptia.org/certifications/network
network-plus,network-troubleshooting,NT-2,N10-009 — NT-2 (EASY) #3,Identify the core principle behind Troubleshoot connectivity and DNS?,Mix controls from unrelated domains that do not address the stated objective.,Apply the official Network Troubleshooting guidance: Troubleshoot connectivity and DNS — this aligns with exam blueprint expectations and vendor documentation.,Use an approach that contradicts the exam objective and ignores documented constraints.,"Deploy without monitoring, backup, or access controls required by the blueprint.",D,EASY,network-plus|network-troubleshooting|NT-2|easy|blueprint-seed,**Answer: D** — Troubleshoot connectivity and DNS. Review the official CompTIA exam guide (N10-009) and linked documentation. Objective: NT-2.,https://www.comptia.org/certifications/network
network-plus,network-troubleshooting,NT-2,N10-009 — NT-2 (EASY) #4,Which description accurately reflects Troubleshoot connectivity and DNS?,"Follow the documented approach for Troubleshoot connectivity and DNS, using recommended services and controls per the exam guide.",Use an approach that contradicts the exam objective and ignores documented constraints.,"Deploy without monitoring, backup, or access controls required by the blueprint.",Mix controls from unrelated domains that do not address the stated objective.,A,EASY,network-plus|network-troubleshooting|NT-2|easy|blueprint-seed,**Answer: A** — Troubleshoot connectivity and DNS. Review the official CompTIA exam guide (N10-009) and linked documentation. Objective: NT-2.,https://www.comptia.org/certifications/network
network-plus,network-troubleshooting,NT-2,N10-009 — NT-2 (EASY) #5,Which statement best defines the scope of Troubleshoot connectivity and DNS?,Use an approach that contradicts the exam objective and ignores documented constraints.,"Deploy without monitoring, backup, or access controls required by the blueprint.",Mix controls from unrelated domains that do not address the stated objective.,"Implement Troubleshoot connectivity and DNS using CompTIA best practices for Network Troubleshooting, including monitoring and least privilege.",B,EASY,network-plus|network-troubleshooting|NT-2|easy|blueprint-seed,**Answer: B** — Troubleshoot connectivity and DNS. Review the official CompTIA exam guide (N10-009) and linked documentation. Objective: NT-2.,https://www.comptia.org/certifications/network
network-plus,network-troubleshooting,NT-2,N10-009 — NT-2 (EASY) #6,What is the primary purpose of Troubleshoot connectivity and DNS?,"Deploy without monitoring, backup, or access controls required by the blueprint.",Mix controls from unrelated domains that do not address the stated objective.,Apply the official Network Troubleshooting guidance: Troubleshoot connectivity and DNS — this aligns with exam blueprint expectations and vendor documentation.,Use an approach that contradicts the exam objective and ignores documented constraints.,C,EASY,network-plus|network-troubleshooting|NT-2|easy|blueprint-seed,**Answer: C** — Troubleshoot connectivity and DNS. Review the official CompTIA exam guide (N10-009) and linked documentation. Objective: NT-2.,https://www.comptia.org/certifications/network
network-plus,network-troubleshooting,NT-2,N10-009 — NT-2 (EASY) #7,Which concept is fundamental to Troubleshoot connectivity and DNS?,Mix controls from unrelated domains that do not address the stated objective.,"Follow the documented approach for Troubleshoot connectivity and DNS, using recommended services and controls per the exam guide.",Use an approach that contradicts the exam objective and ignores documented constraints.,"Deploy without monitoring, backup, or access controls required by the blueprint.",D,EASY,network-plus|network-troubleshooting|NT-2|easy|blueprint-seed,**Answer: D** — Troubleshoot connectivity and DNS. Review the official CompTIA exam guide (N10-009) and linked documentation. Objective: NT-2.,https://www.comptia.org/certifications/network
network-plus,network-troubleshooting,NT-2,N10-009 — NT-2 (EASY) #8,Identify the core principle behind Troubleshoot connectivity and DNS?,"Implement Troubleshoot connectivity and DNS using CompTIA best practices for Network Troubleshooting, including monitoring and least privilege.",Use an approach that contradicts the exam objective and ignores documented constraints.,"Deploy without monitoring, backup, or access controls required by the blueprint.",Mix controls from unrelated domains that do not address the stated objective.,A,EASY,network-plus|network-troubleshooting|NT-2|easy|blueprint-seed,**Answer: A** — Troubleshoot connectivity and DNS. Review the official CompTIA exam guide (N10-009) and linked documentation. Objective: NT-2.,https://www.comptia.org/certifications/network
network-plus,network-troubleshooting,NT-2,N10-009 — NT-2 (EASY) #9,Which description accurately reflects Troubleshoot connectivity and DNS?,Use an approach that contradicts the exam objective and ignores documented constraints.,"Deploy without monitoring, backup, or access controls required by the blueprint.",Mix controls from unrelated domains that do not address the stated objective.,Apply the official Network Troubleshooting guidance: Troubleshoot connectivity and DNS — this aligns with exam blueprint expectations and vendor documentation.,B,EASY,network-plus|network-troubleshooting|NT-2|easy|blueprint-seed,**Answer: B** — Troubleshoot connectivity and DNS. Review the official CompTIA exam guide (N10-009) and linked documentation. Objective: NT-2.,https://www.comptia.org/certifications/network
network-plus,network-troubleshooting,NT-2,N10-009 — NT-2 (EASY) #10,Which statement best defines the scope of Troubleshoot connectivity and DNS?,"Deploy without monitoring, backup, or access controls required by the blueprint.",Mix controls from unrelated domains that do not address the stated objective.,"Follow the documented approach for Troubleshoot connectivity and DNS, using recommended services and controls per the exam guide.",Use an approach that contradicts the exam objective and ignores documented constraints.,C,EASY,network-plus|network-troubleshooting|NT-2|easy|blueprint-seed,**Answer: C** — Troubleshoot connectivity and DNS. Review the official CompTIA exam guide (N10-009) and linked documentation. Objective: NT-2.,https://www.comptia.org/certifications/network
network-plus,network-troubleshooting,NT-2,N10-009 — NT-2 (EASY) #11,What is the primary purpose of Troubleshoot connectivity and DNS?,Mix controls from unrelated domains that do not address the stated objective.,"Implement Troubleshoot connectivity and DNS using CompTIA best practices for Network Troubleshooting, including monitoring and least privilege.",Use an approach that contradicts the exam objective and ignores documented constraints.,"Deploy without monitoring, backup, or access controls required by the blueprint.",D,EASY,network-plus|network-troubleshooting|NT-2|easy|blueprint-seed,**Answer: D** — Troubleshoot connectivity and DNS. Review the official CompTIA exam guide (N10-009) and linked documentation. Objective: NT-2.,https://www.comptia.org/certifications/network
network-plus,network-troubleshooting,NT-2,N10-009 — NT-2 (EASY) #12,Which concept is fundamental to Troubleshoot connectivity and DNS?,Apply the official Network Troubleshooting guidance: Troubleshoot connectivity and DNS — this aligns with exam blueprint expectations and vendor documentation.,Use an approach that contradicts the exam objective and ignores documented constraints.,"Deploy without monitoring, backup, or access controls required by the blueprint.",Mix controls from unrelated domains that do not address the stated objective.,A,EASY,network-plus|network-troubleshooting|NT-2|easy|blueprint-seed,**Answer: A** — Troubleshoot connectivity and DNS. Review the official CompTIA exam guide (N10-009) and linked documentation. Objective: NT-2.,https://www.comptia.org/certifications/network
network-plus,network-troubleshooting,NT-2,N10-009 — NT-2 (MEDIUM) #13,Which configuration satisfies requirements for Troubleshoot connectivity and DNS in the context of CompTIA Network+?,Use an approach that contradicts the exam objective and ignores documented constraints.,"Deploy without monitoring, backup, or access controls required by the blueprint.",Mix controls from unrelated domains that do not address the stated objective.,"Follow the documented approach for Troubleshoot connectivity and DNS, using recommended services and controls per the exam guide.",B,MEDIUM,network-plus|network-troubleshooting|NT-2|medium|blueprint-seed,**Answer: B** — Troubleshoot connectivity and DNS. Review the official CompTIA exam guide (N10-009) and linked documentation. Objective: NT-2.,https://www.comptia.org/certifications/network
network-plus,network-troubleshooting,NT-2,N10-009 — NT-2 (MEDIUM) #14,What is the recommended design when applying Troubleshoot connectivity and DNS in the context of CompTIA Network+?,"Deploy without monitoring, backup, or access controls required by the blueprint.",Mix controls from unrelated domains that do not address the stated objective.,"Implement Troubleshoot connectivity and DNS using CompTIA best practices for Network Troubleshooting, including monitoring and least privilege.",Use an approach that contradicts the exam objective and ignores documented constraints.,C,MEDIUM,network-plus|network-troubleshooting|NT-2|medium|blueprint-seed,**Answer: C** — Troubleshoot connectivity and DNS. Review the official CompTIA exam guide (N10-009) and linked documentation. Objective: NT-2.,https://www.comptia.org/certifications/network
network-plus,network-troubleshooting,NT-2,N10-009 — NT-2 (MEDIUM) #15,A team must implement a solution for Troubleshoot connectivity and DNS in the context of CompTIA Network+?,Mix controls from unrelated domains that do not address the stated objective.,Apply the official Network Troubleshooting guidance: Troubleshoot connectivity and DNS — this aligns with exam blueprint expectations and vendor documentation.,Use an approach that contradicts the exam objective and ignores documented constraints.,"Deploy without monitoring, backup, or access controls required by the blueprint.",D,MEDIUM,network-plus|network-troubleshooting|NT-2|medium|blueprint-seed,**Answer: D** — Troubleshoot connectivity and DNS. Review the official CompTIA exam guide (N10-009) and linked documentation. Objective: NT-2.,https://www.comptia.org/certifications/network
network-plus,network-troubleshooting,NT-2,N10-009 — NT-2 (MEDIUM) #16,Which approach aligns with best practices when Troubleshoot connectivity and DNS in the context of CompTIA Network+?,"Follow the documented approach for Troubleshoot connectivity and DNS, using recommended services and controls per the exam guide.",Use an approach that contradicts the exam objective and ignores documented constraints.,"Deploy without monitoring, backup, or access controls required by the blueprint.",Mix controls from unrelated domains that do not address the stated objective.,A,MEDIUM,network-plus|network-troubleshooting|NT-2|medium|blueprint-seed,**Answer: A** — Troubleshoot connectivity and DNS. Review the official CompTIA exam guide (N10-009) and linked documentation. Objective: NT-2.,https://www.comptia.org/certifications/network
network-plus,network-troubleshooting,NT-2,N10-009 — NT-2 (MEDIUM) #17,"During a project review, stakeholders ask how to Troubleshoot connectivity and DNS in the context of CompTIA Network+?",Use an approach that contradicts the exam objective and ignores documented constraints.,"Deploy without monitoring, backup, or access controls required by the blueprint.",Mix controls from unrelated domains that do not address the stated objective.,"Implement Troubleshoot connectivity and DNS using CompTIA best practices for Network Troubleshooting, including monitoring and least privilege.",B,MEDIUM,network-plus|network-troubleshooting|NT-2|medium|blueprint-seed,**Answer: B** — Troubleshoot connectivity and DNS. Review the official CompTIA exam guide (N10-009) and linked documentation. Objective: NT-2.,https://www.comptia.org/certifications/network
network-plus,network-troubleshooting,NT-2,N10-009 — NT-2 (MEDIUM) #18,Which configuration satisfies requirements for Troubleshoot connectivity and DNS in the context of CompTIA Network+?,"Deploy without monitoring, backup, or access controls required by the blueprint.",Mix controls from unrelated domains that do not address the stated objective.,Apply the official Network Troubleshooting guidance: Troubleshoot connectivity and DNS — this aligns with exam blueprint expectations and vendor documentation.,Use an approach that contradicts the exam objective and ignores documented constraints.,C,MEDIUM,network-plus|network-troubleshooting|NT-2|medium|blueprint-seed,**Answer: C** — Troubleshoot connectivity and DNS. Review the official CompTIA exam guide (N10-009) and linked documentation. Objective: NT-2.,https://www.comptia.org/certifications/network
network-plus,network-troubleshooting,NT-2,N10-009 — NT-2 (MEDIUM) #19,What is the recommended design when applying Troubleshoot connectivity and DNS in the context of CompTIA Network+?,Mix controls from unrelated domains that do not address the stated objective.,"Follow the documented approach for Troubleshoot connectivity and DNS, using recommended services and controls per the exam guide.",Use an approach that contradicts the exam objective and ignores documented constraints.,"Deploy without monitoring, backup, or access controls required by the blueprint.",D,MEDIUM,network-plus|network-troubleshooting|NT-2|medium|blueprint-seed,**Answer: D** — Troubleshoot connectivity and DNS. Review the official CompTIA exam guide (N10-009) and linked documentation. Objective: NT-2.,https://www.comptia.org/certifications/network
network-plus,network-troubleshooting,NT-2,N10-009 — NT-2 (MEDIUM) #20,A team must implement a solution for Troubleshoot connectivity and DNS in the context of CompTIA Network+?,"Implement Troubleshoot connectivity and DNS using CompTIA best practices for Network Troubleshooting, including monitoring and least privilege.",Use an approach that contradicts the exam objective and ignores documented constraints.,"Deploy without monitoring, backup, or access controls required by the blueprint.",Mix controls from unrelated domains that do not address the stated objective.,A,MEDIUM,network-plus|network-troubleshooting|NT-2|medium|blueprint-seed,**Answer: A** — Troubleshoot connectivity and DNS. Review the official CompTIA exam guide (N10-009) and linked documentation. Objective: NT-2.,https://www.comptia.org/certifications/network
network-plus,network-troubleshooting,NT-2,N10-009 — NT-2 (MEDIUM) #21,Which approach aligns with best practices when Troubleshoot connectivity and DNS in the context of CompTIA Network+?,Use an approach that contradicts the exam objective and ignores documented constraints.,"Deploy without monitoring, backup, or access controls required by the blueprint.",Mix controls from unrelated domains that do not address the stated objective.,Apply the official Network Troubleshooting guidance: Troubleshoot connectivity and DNS — this aligns with exam blueprint expectations and vendor documentation.,B,MEDIUM,network-plus|network-troubleshooting|NT-2|medium|blueprint-seed,**Answer: B** — Troubleshoot connectivity and DNS. Review the official CompTIA exam guide (N10-009) and linked documentation. Objective: NT-2.,https://www.comptia.org/certifications/network
network-plus,network-troubleshooting,NT-2,N10-009 — NT-2 (MEDIUM) #22,"During a project review, stakeholders ask how to Troubleshoot connectivity and DNS in the context of CompTIA Network+?","Deploy without monitoring, backup, or access controls required by the blueprint.",Mix controls from unrelated domains that do not address the stated objective.,"Follow the documented approach for Troubleshoot connectivity and DNS, using recommended services and controls per the exam guide.",Use an approach that contradicts the exam objective and ignores documented constraints.,C,MEDIUM,network-plus|network-troubleshooting|NT-2|medium|blueprint-seed,**Answer: C** — Troubleshoot connectivity and DNS. Review the official CompTIA exam guide (N10-009) and linked documentation. Objective: NT-2.,https://www.comptia.org/certifications/network
network-plus,network-troubleshooting,NT-2,N10-009 — NT-2 (MEDIUM) #23,Which configuration satisfies requirements for Troubleshoot connectivity and DNS in the context of CompTIA Network+?,Mix controls from unrelated domains that do not address the stated objective.,"Implement Troubleshoot connectivity and DNS using CompTIA best practices for Network Troubleshooting, including monitoring and least privilege.",Use an approach that contradicts the exam objective and ignores documented constraints.,"Deploy without monitoring, backup, or access controls required by the blueprint.",D,MEDIUM,network-plus|network-troubleshooting|NT-2|medium|blueprint-seed,**Answer: D** — Troubleshoot connectivity and DNS. Review the official CompTIA exam guide (N10-009) and linked documentation. Objective: NT-2.,https://www.comptia.org/certifications/network
network-plus,network-troubleshooting,NT-2,N10-009 — NT-2 (MEDIUM) #24,What is the recommended design when applying Troubleshoot connectivity and DNS in the context of CompTIA Network+?,Apply the official Network Troubleshooting guidance: Troubleshoot connectivity and DNS — this aligns with exam blueprint expectations and vendor documentation.,Use an approach that contradicts the exam objective and ignores documented constraints.,"Deploy without monitoring, backup, or access controls required by the blueprint.",Mix controls from unrelated domains that do not address the stated objective.,A,MEDIUM,network-plus|network-troubleshooting|NT-2|medium|blueprint-seed,**Answer: A** — Troubleshoot connectivity and DNS. Review the official CompTIA exam guide (N10-009) and linked documentation. Objective: NT-2.,https://www.comptia.org/certifications/network
network-plus,network-troubleshooting,NT-2,N10-009 — NT-2 (MEDIUM) #25,A team must implement a solution for Troubleshoot connectivity and DNS in the context of CompTIA Network+?,Use an approach that contradicts the exam objective and ignores documented constraints.,"Deploy without monitoring, backup, or access controls required by the blueprint.",Mix controls from unrelated domains that do not address the stated objective.,"Follow the documented approach for Troubleshoot connectivity and DNS, using recommended services and controls per the exam guide.",B,MEDIUM,network-plus|network-troubleshooting|NT-2|medium|blueprint-seed,**Answer: B** — Troubleshoot connectivity and DNS. Review the official CompTIA exam guide (N10-009) and linked documentation. Objective: NT-2.,https://www.comptia.org/certifications/network
network-plus,network-troubleshooting,NT-2,N10-009 — NT-2 (MEDIUM) #26,Which approach aligns with best practices when Troubleshoot connectivity and DNS in the context of CompTIA Network+?,"Deploy without monitoring, backup, or access controls required by the blueprint.",Mix controls from unrelated domains that do not address the stated objective.,"Implement Troubleshoot connectivity and DNS using CompTIA best practices for Network Troubleshooting, including monitoring and least privilege.",Use an approach that contradicts the exam objective and ignores documented constraints.,C,MEDIUM,network-plus|network-troubleshooting|NT-2|medium|blueprint-seed,**Answer: C** — Troubleshoot connectivity and DNS. Review the official CompTIA exam guide (N10-009) and linked documentation. Objective: NT-2.,https://www.comptia.org/certifications/network
network-plus,network-troubleshooting,NT-2,N10-009 — NT-2 (MEDIUM) #27,"During a project review, stakeholders ask how to Troubleshoot connectivity and DNS in the context of CompTIA Network+?",Mix controls from unrelated domains that do not address the stated objective.,Apply the official Network Troubleshooting guidance: Troubleshoot connectivity and DNS — this aligns with exam blueprint expectations and vendor documentation.,Use an approach that contradicts the exam objective and ignores documented constraints.,"Deploy without monitoring, backup, or access controls required by the blueprint.",D,MEDIUM,network-plus|network-troubleshooting|NT-2|medium|blueprint-seed,**Answer: D** — Troubleshoot connectivity and DNS. Review the official CompTIA exam guide (N10-009) and linked documentation. Objective: NT-2.,https://www.comptia.org/certifications/network
network-plus,network-troubleshooting,NT-2,N10-009 — NT-2 (MEDIUM) #28,Which configuration satisfies requirements for Troubleshoot connectivity and DNS in the context of CompTIA Network+?,"Follow the documented approach for Troubleshoot connectivity and DNS, using recommended services and controls per the exam guide.",Use an approach that contradicts the exam objective and ignores documented constraints.,"Deploy without monitoring, backup, or access controls required by the blueprint.",Mix controls from unrelated domains that do not address the stated objective.,A,MEDIUM,network-plus|network-troubleshooting|NT-2|medium|blueprint-seed,**Answer: A** — Troubleshoot connectivity and DNS. Review the official CompTIA exam guide (N10-009) and linked documentation. Objective: NT-2.,https://www.comptia.org/certifications/network
network-plus,network-troubleshooting,NT-2,N10-009 — NT-2 (HARD) #29,A multi-team rollout must balance security and velocity for Troubleshoot connectivity and DNS for Network Troubleshooting?,Use an approach that contradicts the exam objective and ignores documented constraints.,"Deploy without monitoring, backup, or access controls required by the blueprint.",Mix controls from unrelated domains that do not address the stated objective.,"Implement Troubleshoot connectivity and DNS using CompTIA best practices for Network Troubleshooting, including monitoring and least privilege.",B,HARD,network-plus|network-troubleshooting|NT-2|hard|blueprint-seed,**Answer: B** — Troubleshoot connectivity and DNS. Review the official CompTIA exam guide (N10-009) and linked documentation. Objective: NT-2.,https://www.comptia.org/certifications/network
network-plus,network-troubleshooting,NT-2,N10-009 — NT-2 (HARD) #30,An enterprise requires zero-downtime architecture while Troubleshoot connectivity and DNS for Network Troubleshooting?,"Deploy without monitoring, backup, or access controls required by the blueprint.",Mix controls from unrelated domains that do not address the stated objective.,Apply the official Network Troubleshooting guidance: Troubleshoot connectivity and DNS — this aligns with exam blueprint expectations and vendor documentation.,Use an approach that contradicts the exam objective and ignores documented constraints.,C,HARD,network-plus|network-troubleshooting|NT-2|hard|blueprint-seed,**Answer: C** — Troubleshoot connectivity and DNS. Review the official CompTIA exam guide (N10-009) and linked documentation. Objective: NT-2.,https://www.comptia.org/certifications/network
network-plus,network-troubleshooting,NT-2,N10-009 — NT-2 (HARD) #31,"Given strict compliance, auditability, and multi-region constraints, how should you Troubleshoot connectivity and DNS for Network Troubleshooting?",Mix controls from unrelated domains that do not address the stated objective.,"Follow the documented approach for Troubleshoot connectivity and DNS, using recommended services and controls per the exam guide.",Use an approach that contradicts the exam objective and ignores documented constraints.,"Deploy without monitoring, backup, or access controls required by the blueprint.",D,HARD,network-plus|network-troubleshooting|NT-2|hard|blueprint-seed,**Answer: D** — Troubleshoot connectivity and DNS. Review the official CompTIA exam guide (N10-009) and linked documentation. Objective: NT-2.,https://www.comptia.org/certifications/network
network-plus,network-troubleshooting,NT-2,N10-009 — NT-2 (HARD) #32,A production incident involves trade-offs between cost and resilience for Troubleshoot connectivity and DNS for Network Troubleshooting?,"Implement Troubleshoot connectivity and DNS using CompTIA best practices for Network Troubleshooting, including monitoring and least privilege.",Use an approach that contradicts the exam objective and ignores documented constraints.,"Deploy without monitoring, backup, or access controls required by the blueprint.",Mix controls from unrelated domains that do not address the stated objective.,A,HARD,network-plus|network-troubleshooting|NT-2|hard|blueprint-seed,**Answer: A** — Troubleshoot connectivity and DNS. Review the official CompTIA exam guide (N10-009) and linked documentation. Objective: NT-2.,https://www.comptia.org/certifications/network
network-plus,network-troubleshooting,NT-2,N10-009 — NT-2 (HARD) #33,Complex regulatory requirements demand that you Troubleshoot connectivity and DNS for Network Troubleshooting?,Use an approach that contradicts the exam objective and ignores documented constraints.,"Deploy without monitoring, backup, or access controls required by the blueprint.",Mix controls from unrelated domains that do not address the stated objective.,Apply the official Network Troubleshooting guidance: Troubleshoot connectivity and DNS — this aligns with exam blueprint expectations and vendor documentation.,B,HARD,network-plus|network-troubleshooting|NT-2|hard|blueprint-seed,**Answer: B** — Troubleshoot connectivity and DNS. Review the official CompTIA exam guide (N10-009) and linked documentation. Objective: NT-2.,https://www.comptia.org/certifications/network
network-plus,network-troubleshooting,NT-2,N10-009 — NT-2 (HARD) #34,A multi-team rollout must balance security and velocity for Troubleshoot connectivity and DNS for Network Troubleshooting?,"Deploy without monitoring, backup, or access controls required by the blueprint.",Mix controls from unrelated domains that do not address the stated objective.,"Follow the documented approach for Troubleshoot connectivity and DNS, using recommended services and controls per the exam guide.",Use an approach that contradicts the exam objective and ignores documented constraints.,C,HARD,network-plus|network-troubleshooting|NT-2|hard|blueprint-seed,**Answer: C** — Troubleshoot connectivity and DNS. Review the official CompTIA exam guide (N10-009) and linked documentation. Objective: NT-2.,https://www.comptia.org/certifications/network
network-plus,network-troubleshooting,NT-2,N10-009 — NT-2 (HARD) #35,An enterprise requires zero-downtime architecture while Troubleshoot connectivity and DNS for Network Troubleshooting?,Mix controls from unrelated domains that do not address the stated objective.,"Implement Troubleshoot connectivity and DNS using CompTIA best practices for Network Troubleshooting, including monitoring and least privilege.",Use an approach that contradicts the exam objective and ignores documented constraints.,"Deploy without monitoring, backup, or access controls required by the blueprint.",D,HARD,network-plus|network-troubleshooting|NT-2|hard|blueprint-seed,**Answer: D** — Troubleshoot connectivity and DNS. Review the official CompTIA exam guide (N10-009) and linked documentation. Objective: NT-2.,https://www.comptia.org/certifications/network
network-plus,network-troubleshooting,NT-2,N10-009 — NT-2 (HARD) #36,"Given strict compliance, auditability, and multi-region constraints, how should you Troubleshoot connectivity and DNS for Network Troubleshooting?",Apply the official Network Troubleshooting guidance: Troubleshoot connectivity and DNS — this aligns with exam blueprint expectations and vendor documentation.,Use an approach that contradicts the exam objective and ignores documented constraints.,"Deploy without monitoring, backup, or access controls required by the blueprint.",Mix controls from unrelated domains that do not address the stated objective.,A,HARD,network-plus|network-troubleshooting|NT-2|hard|blueprint-seed,**Answer: A** — Troubleshoot connectivity and DNS. Review the official CompTIA exam guide (N10-009) and linked documentation. Objective: NT-2.,https://www.comptia.org/certifications/network
network-plus,network-troubleshooting,NT-2,N10-009 — NT-2 (HARD) #37,A production incident involves trade-offs between cost and resilience for Troubleshoot connectivity and DNS for Network Troubleshooting?,Use an approach that contradicts the exam objective and ignores documented constraints.,"Deploy without monitoring, backup, or access controls required by the blueprint.",Mix controls from unrelated domains that do not address the stated objective.,"Follow the documented approach for Troubleshoot connectivity and DNS, using recommended services and controls per the exam guide.",B,HARD,network-plus|network-troubleshooting|NT-2|hard|blueprint-seed,**Answer: B** — Troubleshoot connectivity and DNS. Review the official CompTIA exam guide (N10-009) and linked documentation. Objective: NT-2.,https://www.comptia.org/certifications/network
network-plus,network-troubleshooting,NT-2,N10-009 — NT-2 (HARD) #38,Complex regulatory requirements demand that you Troubleshoot connectivity and DNS for Network Troubleshooting?,"Deploy without monitoring, backup, or access controls required by the blueprint.",Mix controls from unrelated domains that do not address the stated objective.,"Implement Troubleshoot connectivity and DNS using CompTIA best practices for Network Troubleshooting, including monitoring and least privilege.",Use an approach that contradicts the exam objective and ignores documented constraints.,C,HARD,network-plus|network-troubleshooting|NT-2|hard|blueprint-seed,**Answer: C** — Troubleshoot connectivity and DNS. Review the official CompTIA exam guide (N10-009) and linked documentation. Objective: NT-2.,https://www.comptia.org/certifications/network
network-plus,network-troubleshooting,NT-2,N10-009 — NT-2 (HARD) #39,A multi-team rollout must balance security and velocity for Troubleshoot connectivity and DNS for Network Troubleshooting?,Mix controls from unrelated domains that do not address the stated objective.,Apply the official Network Troubleshooting guidance: Troubleshoot connectivity and DNS — this aligns with exam blueprint expectations and vendor documentation.,Use an approach that contradicts the exam objective and ignores documented constraints.,"Deploy without monitoring, backup, or access controls required by the blueprint.",D,HARD,network-plus|network-troubleshooting|NT-2|hard|blueprint-seed,**Answer: D** — Troubleshoot connectivity and DNS. Review the official CompTIA exam guide (N10-009) and linked documentation. Objective: NT-2.,https://www.comptia.org/certifications/network
network-plus,network-troubleshooting,NT-2,N10-009 — NT-2 (HARD) #40,An enterprise requires zero-downtime architecture while Troubleshoot connectivity and DNS for Network Troubleshooting?,"Follow the documented approach for Troubleshoot connectivity and DNS, using recommended services and controls per the exam guide.",Use an approach that contradicts the exam objective and ignores documented constraints.,"Deploy without monitoring, backup, or access controls required by the blueprint.",Mix controls from unrelated domains that do not address the stated objective.,A,HARD,network-plus|network-troubleshooting|NT-2|hard|blueprint-seed,**Answer: A** — Troubleshoot connectivity and DNS. Review the official CompTIA exam guide (N10-009) and linked documentation. Objective: NT-2.,https://www.comptia.org/certifications/network
network-plus,network-troubleshooting,NT-3,N10-009 — NT-3 (EASY) #1,What is the primary purpose of Troubleshoot wireless and security issues?,Use an approach that contradicts the exam objective and ignores documented constraints.,"Deploy without monitoring, backup, or access controls required by the blueprint.",Mix controls from unrelated domains that do not address the stated objective.,"Follow the documented approach for Troubleshoot wireless and security issues, using recommended services and controls per the exam guide.",B,EASY,network-plus|network-troubleshooting|NT-3|easy|blueprint-seed,**Answer: B** — Troubleshoot wireless and security issues. Review the official CompTIA exam guide (N10-009) and linked documentation. Objective: NT-3.,https://www.comptia.org/certifications/network
network-plus,network-troubleshooting,NT-3,N10-009 — NT-3 (EASY) #2,Which concept is fundamental to Troubleshoot wireless and security issues?,"Deploy without monitoring, backup, or access controls required by the blueprint.",Mix controls from unrelated domains that do not address the stated objective.,"Implement Troubleshoot wireless and security issues using CompTIA best practices for Network Troubleshooting, including monitoring and least privilege.",Use an approach that contradicts the exam objective and ignores documented constraints.,C,EASY,network-plus|network-troubleshooting|NT-3|easy|blueprint-seed,**Answer: C** — Troubleshoot wireless and security issues. Review the official CompTIA exam guide (N10-009) and linked documentation. Objective: NT-3.,https://www.comptia.org/certifications/network
network-plus,network-troubleshooting,NT-3,N10-009 — NT-3 (EASY) #3,Identify the core principle behind Troubleshoot wireless and security issues?,Mix controls from unrelated domains that do not address the stated objective.,Apply the official Network Troubleshooting guidance: Troubleshoot wireless and security issues — this aligns with exam blueprint expectations and vendor documentation.,Use an approach that contradicts the exam objective and ignores documented constraints.,"Deploy without monitoring, backup, or access controls required by the blueprint.",D,EASY,network-plus|network-troubleshooting|NT-3|easy|blueprint-seed,**Answer: D** — Troubleshoot wireless and security issues. Review the official CompTIA exam guide (N10-009) and linked documentation. Objective: NT-3.,https://www.comptia.org/certifications/network
network-plus,network-troubleshooting,NT-3,N10-009 — NT-3 (EASY) #4,Which description accurately reflects Troubleshoot wireless and security issues?,"Follow the documented approach for Troubleshoot wireless and security issues, using recommended services and controls per the exam guide.",Use an approach that contradicts the exam objective and ignores documented constraints.,"Deploy without monitoring, backup, or access controls required by the blueprint.",Mix controls from unrelated domains that do not address the stated objective.,A,EASY,network-plus|network-troubleshooting|NT-3|easy|blueprint-seed,**Answer: A** — Troubleshoot wireless and security issues. Review the official CompTIA exam guide (N10-009) and linked documentation. Objective: NT-3.,https://www.comptia.org/certifications/network
network-plus,network-troubleshooting,NT-3,N10-009 — NT-3 (EASY) #5,Which statement best defines the scope of Troubleshoot wireless and security issues?,Use an approach that contradicts the exam objective and ignores documented constraints.,"Deploy without monitoring, backup, or access controls required by the blueprint.",Mix controls from unrelated domains that do not address the stated objective.,"Implement Troubleshoot wireless and security issues using CompTIA best practices for Network Troubleshooting, including monitoring and least privilege.",B,EASY,network-plus|network-troubleshooting|NT-3|easy|blueprint-seed,**Answer: B** — Troubleshoot wireless and security issues. Review the official CompTIA exam guide (N10-009) and linked documentation. Objective: NT-3.,https://www.comptia.org/certifications/network
network-plus,network-troubleshooting,NT-3,N10-009 — NT-3 (EASY) #6,What is the primary purpose of Troubleshoot wireless and security issues?,"Deploy without monitoring, backup, or access controls required by the blueprint.",Mix controls from unrelated domains that do not address the stated objective.,Apply the official Network Troubleshooting guidance: Troubleshoot wireless and security issues — this aligns with exam blueprint expectations and vendor documentation.,Use an approach that contradicts the exam objective and ignores documented constraints.,C,EASY,network-plus|network-troubleshooting|NT-3|easy|blueprint-seed,**Answer: C** — Troubleshoot wireless and security issues. Review the official CompTIA exam guide (N10-009) and linked documentation. Objective: NT-3.,https://www.comptia.org/certifications/network
network-plus,network-troubleshooting,NT-3,N10-009 — NT-3 (EASY) #7,Which concept is fundamental to Troubleshoot wireless and security issues?,Mix controls from unrelated domains that do not address the stated objective.,"Follow the documented approach for Troubleshoot wireless and security issues, using recommended services and controls per the exam guide.",Use an approach that contradicts the exam objective and ignores documented constraints.,"Deploy without monitoring, backup, or access controls required by the blueprint.",D,EASY,network-plus|network-troubleshooting|NT-3|easy|blueprint-seed,**Answer: D** — Troubleshoot wireless and security issues. Review the official CompTIA exam guide (N10-009) and linked documentation. Objective: NT-3.,https://www.comptia.org/certifications/network
network-plus,network-troubleshooting,NT-3,N10-009 — NT-3 (EASY) #8,Identify the core principle behind Troubleshoot wireless and security issues?,"Implement Troubleshoot wireless and security issues using CompTIA best practices for Network Troubleshooting, including monitoring and least privilege.",Use an approach that contradicts the exam objective and ignores documented constraints.,"Deploy without monitoring, backup, or access controls required by the blueprint.",Mix controls from unrelated domains that do not address the stated objective.,A,EASY,network-plus|network-troubleshooting|NT-3|easy|blueprint-seed,**Answer: A** — Troubleshoot wireless and security issues. Review the official CompTIA exam guide (N10-009) and linked documentation. Objective: NT-3.,https://www.comptia.org/certifications/network
network-plus,network-troubleshooting,NT-3,N10-009 — NT-3 (EASY) #9,Which description accurately reflects Troubleshoot wireless and security issues?,Use an approach that contradicts the exam objective and ignores documented constraints.,"Deploy without monitoring, backup, or access controls required by the blueprint.",Mix controls from unrelated domains that do not address the stated objective.,Apply the official Network Troubleshooting guidance: Troubleshoot wireless and security issues — this aligns with exam blueprint expectations and vendor documentation.,B,EASY,network-plus|network-troubleshooting|NT-3|easy|blueprint-seed,**Answer: B** — Troubleshoot wireless and security issues. Review the official CompTIA exam guide (N10-009) and linked documentation. Objective: NT-3.,https://www.comptia.org/certifications/network
network-plus,network-troubleshooting,NT-3,N10-009 — NT-3 (EASY) #10,Which statement best defines the scope of Troubleshoot wireless and security issues?,"Deploy without monitoring, backup, or access controls required by the blueprint.",Mix controls from unrelated domains that do not address the stated objective.,"Follow the documented approach for Troubleshoot wireless and security issues, using recommended services and controls per the exam guide.",Use an approach that contradicts the exam objective and ignores documented constraints.,C,EASY,network-plus|network-troubleshooting|NT-3|easy|blueprint-seed,**Answer: C** — Troubleshoot wireless and security issues. Review the official CompTIA exam guide (N10-009) and linked documentation. Objective: NT-3.,https://www.comptia.org/certifications/network
network-plus,network-troubleshooting,NT-3,N10-009 — NT-3 (EASY) #11,What is the primary purpose of Troubleshoot wireless and security issues?,Mix controls from unrelated domains that do not address the stated objective.,"Implement Troubleshoot wireless and security issues using CompTIA best practices for Network Troubleshooting, including monitoring and least privilege.",Use an approach that contradicts the exam objective and ignores documented constraints.,"Deploy without monitoring, backup, or access controls required by the blueprint.",D,EASY,network-plus|network-troubleshooting|NT-3|easy|blueprint-seed,**Answer: D** — Troubleshoot wireless and security issues. Review the official CompTIA exam guide (N10-009) and linked documentation. Objective: NT-3.,https://www.comptia.org/certifications/network
network-plus,network-troubleshooting,NT-3,N10-009 — NT-3 (EASY) #12,Which concept is fundamental to Troubleshoot wireless and security issues?,Apply the official Network Troubleshooting guidance: Troubleshoot wireless and security issues — this aligns with exam blueprint expectations and vendor documentation.,Use an approach that contradicts the exam objective and ignores documented constraints.,"Deploy without monitoring, backup, or access controls required by the blueprint.",Mix controls from unrelated domains that do not address the stated objective.,A,EASY,network-plus|network-troubleshooting|NT-3|easy|blueprint-seed,**Answer: A** — Troubleshoot wireless and security issues. Review the official CompTIA exam guide (N10-009) and linked documentation. Objective: NT-3.,https://www.comptia.org/certifications/network
network-plus,network-troubleshooting,NT-3,N10-009 — NT-3 (MEDIUM) #13,Which configuration satisfies requirements for Troubleshoot wireless and security issues in the context of CompTIA Network+?,Use an approach that contradicts the exam objective and ignores documented constraints.,"Deploy without monitoring, backup, or access controls required by the blueprint.",Mix controls from unrelated domains that do not address the stated objective.,"Follow the documented approach for Troubleshoot wireless and security issues, using recommended services and controls per the exam guide.",B,MEDIUM,network-plus|network-troubleshooting|NT-3|medium|blueprint-seed,**Answer: B** — Troubleshoot wireless and security issues. Review the official CompTIA exam guide (N10-009) and linked documentation. Objective: NT-3.,https://www.comptia.org/certifications/network
network-plus,network-troubleshooting,NT-3,N10-009 — NT-3 (MEDIUM) #14,What is the recommended design when applying Troubleshoot wireless and security issues in the context of CompTIA Network+?,"Deploy without monitoring, backup, or access controls required by the blueprint.",Mix controls from unrelated domains that do not address the stated objective.,"Implement Troubleshoot wireless and security issues using CompTIA best practices for Network Troubleshooting, including monitoring and least privilege.",Use an approach that contradicts the exam objective and ignores documented constraints.,C,MEDIUM,network-plus|network-troubleshooting|NT-3|medium|blueprint-seed,**Answer: C** — Troubleshoot wireless and security issues. Review the official CompTIA exam guide (N10-009) and linked documentation. Objective: NT-3.,https://www.comptia.org/certifications/network
network-plus,network-troubleshooting,NT-3,N10-009 — NT-3 (MEDIUM) #15,A team must implement a solution for Troubleshoot wireless and security issues in the context of CompTIA Network+?,Mix controls from unrelated domains that do not address the stated objective.,Apply the official Network Troubleshooting guidance: Troubleshoot wireless and security issues — this aligns with exam blueprint expectations and vendor documentation.,Use an approach that contradicts the exam objective and ignores documented constraints.,"Deploy without monitoring, backup, or access controls required by the blueprint.",D,MEDIUM,network-plus|network-troubleshooting|NT-3|medium|blueprint-seed,**Answer: D** — Troubleshoot wireless and security issues. Review the official CompTIA exam guide (N10-009) and linked documentation. Objective: NT-3.,https://www.comptia.org/certifications/network
network-plus,network-troubleshooting,NT-3,N10-009 — NT-3 (MEDIUM) #16,Which approach aligns with best practices when Troubleshoot wireless and security issues in the context of CompTIA Network+?,"Follow the documented approach for Troubleshoot wireless and security issues, using recommended services and controls per the exam guide.",Use an approach that contradicts the exam objective and ignores documented constraints.,"Deploy without monitoring, backup, or access controls required by the blueprint.",Mix controls from unrelated domains that do not address the stated objective.,A,MEDIUM,network-plus|network-troubleshooting|NT-3|medium|blueprint-seed,**Answer: A** — Troubleshoot wireless and security issues. Review the official CompTIA exam guide (N10-009) and linked documentation. Objective: NT-3.,https://www.comptia.org/certifications/network
network-plus,network-troubleshooting,NT-3,N10-009 — NT-3 (MEDIUM) #17,"During a project review, stakeholders ask how to Troubleshoot wireless and security issues in the context of CompTIA Network+?",Use an approach that contradicts the exam objective and ignores documented constraints.,"Deploy without monitoring, backup, or access controls required by the blueprint.",Mix controls from unrelated domains that do not address the stated objective.,"Implement Troubleshoot wireless and security issues using CompTIA best practices for Network Troubleshooting, including monitoring and least privilege.",B,MEDIUM,network-plus|network-troubleshooting|NT-3|medium|blueprint-seed,**Answer: B** — Troubleshoot wireless and security issues. Review the official CompTIA exam guide (N10-009) and linked documentation. Objective: NT-3.,https://www.comptia.org/certifications/network
network-plus,network-troubleshooting,NT-3,N10-009 — NT-3 (MEDIUM) #18,Which configuration satisfies requirements for Troubleshoot wireless and security issues in the context of CompTIA Network+?,"Deploy without monitoring, backup, or access controls required by the blueprint.",Mix controls from unrelated domains that do not address the stated objective.,Apply the official Network Troubleshooting guidance: Troubleshoot wireless and security issues — this aligns with exam blueprint expectations and vendor documentation.,Use an approach that contradicts the exam objective and ignores documented constraints.,C,MEDIUM,network-plus|network-troubleshooting|NT-3|medium|blueprint-seed,**Answer: C** — Troubleshoot wireless and security issues. Review the official CompTIA exam guide (N10-009) and linked documentation. Objective: NT-3.,https://www.comptia.org/certifications/network
network-plus,network-troubleshooting,NT-3,N10-009 — NT-3 (MEDIUM) #19,What is the recommended design when applying Troubleshoot wireless and security issues in the context of CompTIA Network+?,Mix controls from unrelated domains that do not address the stated objective.,"Follow the documented approach for Troubleshoot wireless and security issues, using recommended services and controls per the exam guide.",Use an approach that contradicts the exam objective and ignores documented constraints.,"Deploy without monitoring, backup, or access controls required by the blueprint.",D,MEDIUM,network-plus|network-troubleshooting|NT-3|medium|blueprint-seed,**Answer: D** — Troubleshoot wireless and security issues. Review the official CompTIA exam guide (N10-009) and linked documentation. Objective: NT-3.,https://www.comptia.org/certifications/network
network-plus,network-troubleshooting,NT-3,N10-009 — NT-3 (MEDIUM) #20,A team must implement a solution for Troubleshoot wireless and security issues in the context of CompTIA Network+?,"Implement Troubleshoot wireless and security issues using CompTIA best practices for Network Troubleshooting, including monitoring and least privilege.",Use an approach that contradicts the exam objective and ignores documented constraints.,"Deploy without monitoring, backup, or access controls required by the blueprint.",Mix controls from unrelated domains that do not address the stated objective.,A,MEDIUM,network-plus|network-troubleshooting|NT-3|medium|blueprint-seed,**Answer: A** — Troubleshoot wireless and security issues. Review the official CompTIA exam guide (N10-009) and linked documentation. Objective: NT-3.,https://www.comptia.org/certifications/network
network-plus,network-troubleshooting,NT-3,N10-009 — NT-3 (MEDIUM) #21,Which approach aligns with best practices when Troubleshoot wireless and security issues in the context of CompTIA Network+?,Use an approach that contradicts the exam objective and ignores documented constraints.,"Deploy without monitoring, backup, or access controls required by the blueprint.",Mix controls from unrelated domains that do not address the stated objective.,Apply the official Network Troubleshooting guidance: Troubleshoot wireless and security issues — this aligns with exam blueprint expectations and vendor documentation.,B,MEDIUM,network-plus|network-troubleshooting|NT-3|medium|blueprint-seed,**Answer: B** — Troubleshoot wireless and security issues. Review the official CompTIA exam guide (N10-009) and linked documentation. Objective: NT-3.,https://www.comptia.org/certifications/network
network-plus,network-troubleshooting,NT-3,N10-009 — NT-3 (MEDIUM) #22,"During a project review, stakeholders ask how to Troubleshoot wireless and security issues in the context of CompTIA Network+?","Deploy without monitoring, backup, or access controls required by the blueprint.",Mix controls from unrelated domains that do not address the stated objective.,"Follow the documented approach for Troubleshoot wireless and security issues, using recommended services and controls per the exam guide.",Use an approach that contradicts the exam objective and ignores documented constraints.,C,MEDIUM,network-plus|network-troubleshooting|NT-3|medium|blueprint-seed,**Answer: C** — Troubleshoot wireless and security issues. Review the official CompTIA exam guide (N10-009) and linked documentation. Objective: NT-3.,https://www.comptia.org/certifications/network
network-plus,network-troubleshooting,NT-3,N10-009 — NT-3 (MEDIUM) #23,Which configuration satisfies requirements for Troubleshoot wireless and security issues in the context of CompTIA Network+?,Mix controls from unrelated domains that do not address the stated objective.,"Implement Troubleshoot wireless and security issues using CompTIA best practices for Network Troubleshooting, including monitoring and least privilege.",Use an approach that contradicts the exam objective and ignores documented constraints.,"Deploy without monitoring, backup, or access controls required by the blueprint.",D,MEDIUM,network-plus|network-troubleshooting|NT-3|medium|blueprint-seed,**Answer: D** — Troubleshoot wireless and security issues. Review the official CompTIA exam guide (N10-009) and linked documentation. Objective: NT-3.,https://www.comptia.org/certifications/network
network-plus,network-troubleshooting,NT-3,N10-009 — NT-3 (MEDIUM) #24,What is the recommended design when applying Troubleshoot wireless and security issues in the context of CompTIA Network+?,Apply the official Network Troubleshooting guidance: Troubleshoot wireless and security issues — this aligns with exam blueprint expectations and vendor documentation.,Use an approach that contradicts the exam objective and ignores documented constraints.,"Deploy without monitoring, backup, or access controls required by the blueprint.",Mix controls from unrelated domains that do not address the stated objective.,A,MEDIUM,network-plus|network-troubleshooting|NT-3|medium|blueprint-seed,**Answer: A** — Troubleshoot wireless and security issues. Review the official CompTIA exam guide (N10-009) and linked documentation. Objective: NT-3.,https://www.comptia.org/certifications/network
network-plus,network-troubleshooting,NT-3,N10-009 — NT-3 (MEDIUM) #25,A team must implement a solution for Troubleshoot wireless and security issues in the context of CompTIA Network+?,Use an approach that contradicts the exam objective and ignores documented constraints.,"Deploy without monitoring, backup, or access controls required by the blueprint.",Mix controls from unrelated domains that do not address the stated objective.,"Follow the documented approach for Troubleshoot wireless and security issues, using recommended services and controls per the exam guide.",B,MEDIUM,network-plus|network-troubleshooting|NT-3|medium|blueprint-seed,**Answer: B** — Troubleshoot wireless and security issues. Review the official CompTIA exam guide (N10-009) and linked documentation. Objective: NT-3.,https://www.comptia.org/certifications/network
network-plus,network-troubleshooting,NT-3,N10-009 — NT-3 (MEDIUM) #26,Which approach aligns with best practices when Troubleshoot wireless and security issues in the context of CompTIA Network+?,"Deploy without monitoring, backup, or access controls required by the blueprint.",Mix controls from unrelated domains that do not address the stated objective.,"Implement Troubleshoot wireless and security issues using CompTIA best practices for Network Troubleshooting, including monitoring and least privilege.",Use an approach that contradicts the exam objective and ignores documented constraints.,C,MEDIUM,network-plus|network-troubleshooting|NT-3|medium|blueprint-seed,**Answer: C** — Troubleshoot wireless and security issues. Review the official CompTIA exam guide (N10-009) and linked documentation. Objective: NT-3.,https://www.comptia.org/certifications/network
network-plus,network-troubleshooting,NT-3,N10-009 — NT-3 (MEDIUM) #27,"During a project review, stakeholders ask how to Troubleshoot wireless and security issues in the context of CompTIA Network+?",Mix controls from unrelated domains that do not address the stated objective.,Apply the official Network Troubleshooting guidance: Troubleshoot wireless and security issues — this aligns with exam blueprint expectations and vendor documentation.,Use an approach that contradicts the exam objective and ignores documented constraints.,"Deploy without monitoring, backup, or access controls required by the blueprint.",D,MEDIUM,network-plus|network-troubleshooting|NT-3|medium|blueprint-seed,**Answer: D** — Troubleshoot wireless and security issues. Review the official CompTIA exam guide (N10-009) and linked documentation. Objective: NT-3.,https://www.comptia.org/certifications/network
network-plus,network-troubleshooting,NT-3,N10-009 — NT-3 (MEDIUM) #28,Which configuration satisfies requirements for Troubleshoot wireless and security issues in the context of CompTIA Network+?,"Follow the documented approach for Troubleshoot wireless and security issues, using recommended services and controls per the exam guide.",Use an approach that contradicts the exam objective and ignores documented constraints.,"Deploy without monitoring, backup, or access controls required by the blueprint.",Mix controls from unrelated domains that do not address the stated objective.,A,MEDIUM,network-plus|network-troubleshooting|NT-3|medium|blueprint-seed,**Answer: A** — Troubleshoot wireless and security issues. Review the official CompTIA exam guide (N10-009) and linked documentation. Objective: NT-3.,https://www.comptia.org/certifications/network
network-plus,network-troubleshooting,NT-3,N10-009 — NT-3 (HARD) #29,A multi-team rollout must balance security and velocity for Troubleshoot wireless and security issues for Network Troubleshooting?,Use an approach that contradicts the exam objective and ignores documented constraints.,"Deploy without monitoring, backup, or access controls required by the blueprint.",Mix controls from unrelated domains that do not address the stated objective.,"Implement Troubleshoot wireless and security issues using CompTIA best practices for Network Troubleshooting, including monitoring and least privilege.",B,HARD,network-plus|network-troubleshooting|NT-3|hard|blueprint-seed,**Answer: B** — Troubleshoot wireless and security issues. Review the official CompTIA exam guide (N10-009) and linked documentation. Objective: NT-3.,https://www.comptia.org/certifications/network
network-plus,network-troubleshooting,NT-3,N10-009 — NT-3 (HARD) #30,An enterprise requires zero-downtime architecture while Troubleshoot wireless and security issues for Network Troubleshooting?,"Deploy without monitoring, backup, or access controls required by the blueprint.",Mix controls from unrelated domains that do not address the stated objective.,Apply the official Network Troubleshooting guidance: Troubleshoot wireless and security issues — this aligns with exam blueprint expectations and vendor documentation.,Use an approach that contradicts the exam objective and ignores documented constraints.,C,HARD,network-plus|network-troubleshooting|NT-3|hard|blueprint-seed,**Answer: C** — Troubleshoot wireless and security issues. Review the official CompTIA exam guide (N10-009) and linked documentation. Objective: NT-3.,https://www.comptia.org/certifications/network
network-plus,network-troubleshooting,NT-3,N10-009 — NT-3 (HARD) #31,"Given strict compliance, auditability, and multi-region constraints, how should you Troubleshoot wireless and security issues for Network Troubleshooting?",Mix controls from unrelated domains that do not address the stated objective.,"Follow the documented approach for Troubleshoot wireless and security issues, using recommended services and controls per the exam guide.",Use an approach that contradicts the exam objective and ignores documented constraints.,"Deploy without monitoring, backup, or access controls required by the blueprint.",D,HARD,network-plus|network-troubleshooting|NT-3|hard|blueprint-seed,**Answer: D** — Troubleshoot wireless and security issues. Review the official CompTIA exam guide (N10-009) and linked documentation. Objective: NT-3.,https://www.comptia.org/certifications/network
network-plus,network-troubleshooting,NT-3,N10-009 — NT-3 (HARD) #32,A production incident involves trade-offs between cost and resilience for Troubleshoot wireless and security issues for Network Troubleshooting?,"Implement Troubleshoot wireless and security issues using CompTIA best practices for Network Troubleshooting, including monitoring and least privilege.",Use an approach that contradicts the exam objective and ignores documented constraints.,"Deploy without monitoring, backup, or access controls required by the blueprint.",Mix controls from unrelated domains that do not address the stated objective.,A,HARD,network-plus|network-troubleshooting|NT-3|hard|blueprint-seed,**Answer: A** — Troubleshoot wireless and security issues. Review the official CompTIA exam guide (N10-009) and linked documentation. Objective: NT-3.,https://www.comptia.org/certifications/network
network-plus,network-troubleshooting,NT-3,N10-009 — NT-3 (HARD) #33,Complex regulatory requirements demand that you Troubleshoot wireless and security issues for Network Troubleshooting?,Use an approach that contradicts the exam objective and ignores documented constraints.,"Deploy without monitoring, backup, or access controls required by the blueprint.",Mix controls from unrelated domains that do not address the stated objective.,Apply the official Network Troubleshooting guidance: Troubleshoot wireless and security issues — this aligns with exam blueprint expectations and vendor documentation.,B,HARD,network-plus|network-troubleshooting|NT-3|hard|blueprint-seed,**Answer: B** — Troubleshoot wireless and security issues. Review the official CompTIA exam guide (N10-009) and linked documentation. Objective: NT-3.,https://www.comptia.org/certifications/network
network-plus,network-troubleshooting,NT-3,N10-009 — NT-3 (HARD) #34,A multi-team rollout must balance security and velocity for Troubleshoot wireless and security issues for Network Troubleshooting?,"Deploy without monitoring, backup, or access controls required by the blueprint.",Mix controls from unrelated domains that do not address the stated objective.,"Follow the documented approach for Troubleshoot wireless and security issues, using recommended services and controls per the exam guide.",Use an approach that contradicts the exam objective and ignores documented constraints.,C,HARD,network-plus|network-troubleshooting|NT-3|hard|blueprint-seed,**Answer: C** — Troubleshoot wireless and security issues. Review the official CompTIA exam guide (N10-009) and linked documentation. Objective: NT-3.,https://www.comptia.org/certifications/network
network-plus,network-troubleshooting,NT-3,N10-009 — NT-3 (HARD) #35,An enterprise requires zero-downtime architecture while Troubleshoot wireless and security issues for Network Troubleshooting?,Mix controls from unrelated domains that do not address the stated objective.,"Implement Troubleshoot wireless and security issues using CompTIA best practices for Network Troubleshooting, including monitoring and least privilege.",Use an approach that contradicts the exam objective and ignores documented constraints.,"Deploy without monitoring, backup, or access controls required by the blueprint.",D,HARD,network-plus|network-troubleshooting|NT-3|hard|blueprint-seed,**Answer: D** — Troubleshoot wireless and security issues. Review the official CompTIA exam guide (N10-009) and linked documentation. Objective: NT-3.,https://www.comptia.org/certifications/network
network-plus,network-troubleshooting,NT-3,N10-009 — NT-3 (HARD) #36,"Given strict compliance, auditability, and multi-region constraints, how should you Troubleshoot wireless and security issues for Network Troubleshooting?",Apply the official Network Troubleshooting guidance: Troubleshoot wireless and security issues — this aligns with exam blueprint expectations and vendor documentation.,Use an approach that contradicts the exam objective and ignores documented constraints.,"Deploy without monitoring, backup, or access controls required by the blueprint.",Mix controls from unrelated domains that do not address the stated objective.,A,HARD,network-plus|network-troubleshooting|NT-3|hard|blueprint-seed,**Answer: A** — Troubleshoot wireless and security issues. Review the official CompTIA exam guide (N10-009) and linked documentation. Objective: NT-3.,https://www.comptia.org/certifications/network
network-plus,network-troubleshooting,NT-3,N10-009 — NT-3 (HARD) #37,A production incident involves trade-offs between cost and resilience for Troubleshoot wireless and security issues for Network Troubleshooting?,Use an approach that contradicts the exam objective and ignores documented constraints.,"Deploy without monitoring, backup, or access controls required by the blueprint.",Mix controls from unrelated domains that do not address the stated objective.,"Follow the documented approach for Troubleshoot wireless and security issues, using recommended services and controls per the exam guide.",B,HARD,network-plus|network-troubleshooting|NT-3|hard|blueprint-seed,**Answer: B** — Troubleshoot wireless and security issues. Review the official CompTIA exam guide (N10-009) and linked documentation. Objective: NT-3.,https://www.comptia.org/certifications/network
network-plus,network-troubleshooting,NT-3,N10-009 — NT-3 (HARD) #38,Complex regulatory requirements demand that you Troubleshoot wireless and security issues for Network Troubleshooting?,"Deploy without monitoring, backup, or access controls required by the blueprint.",Mix controls from unrelated domains that do not address the stated objective.,"Implement Troubleshoot wireless and security issues using CompTIA best practices for Network Troubleshooting, including monitoring and least privilege.",Use an approach that contradicts the exam objective and ignores documented constraints.,C,HARD,network-plus|network-troubleshooting|NT-3|hard|blueprint-seed,**Answer: C** — Troubleshoot wireless and security issues. Review the official CompTIA exam guide (N10-009) and linked documentation. Objective: NT-3.,https://www.comptia.org/certifications/network
network-plus,network-troubleshooting,NT-3,N10-009 — NT-3 (HARD) #39,A multi-team rollout must balance security and velocity for Troubleshoot wireless and security issues for Network Troubleshooting?,Mix controls from unrelated domains that do not address the stated objective.,Apply the official Network Troubleshooting guidance: Troubleshoot wireless and security issues — this aligns with exam blueprint expectations and vendor documentation.,Use an approach that contradicts the exam objective and ignores documented constraints.,"Deploy without monitoring, backup, or access controls required by the blueprint.",D,HARD,network-plus|network-troubleshooting|NT-3|hard|blueprint-seed,**Answer: D** — Troubleshoot wireless and security issues. Review the official CompTIA exam guide (N10-009) and linked documentation. Objective: NT-3.,https://www.comptia.org/certifications/network
network-plus,network-troubleshooting,NT-3,N10-009 — NT-3 (HARD) #40,An enterprise requires zero-downtime architecture while Troubleshoot wireless and security issues for Network Troubleshooting?,"Follow the documented approach for Troubleshoot wireless and security issues, using recommended services and controls per the exam guide.",Use an approach that contradicts the exam objective and ignores documented constraints.,"Deploy without monitoring, backup, or access controls required by the blueprint.",Mix controls from unrelated domains that do not address the stated objective.,A,HARD,network-plus|network-troubleshooting|NT-3|hard|blueprint-seed,**Answer: A** — Troubleshoot wireless and security issues. Review the official CompTIA exam guide (N10-009) and linked documentation. Objective: NT-3.,https://www.comptia.org/certifications/network